Date,Open,High,Low,Close,Adj Close,Volume
2010-01-04,32.5,32.75,31.8700008392334,32.06999969482422,27.593046188354492,13700400
2010-01-05,32.06999969482422,32.15999984741211,31.700000762939453,31.989999771118164,27.524208068847656,10307700
2010-01-06,31.899999618530273,32.0,31.68000030517578,31.81999969482422,27.377941131591797,10709500
2010-01-07,31.770000457763672,31.860000610351562,31.540000915527344,31.829999923706055,27.386550903320312,8202100
2010-01-08,31.65999984741211,31.940000534057617,31.530000686645508,31.8799991607666,27.429567337036133,7657500
2010-01-11,31.530000686645508,31.739999771118164,31.09000015258789,31.360000610351562,26.982162475585938,11250500
2010-01-12,31.020000457763672,31.1200008392334,30.68000030517578,30.81999969482422,26.517545700073242,14618300
2010-01-13,30.889999389648438,31.3700008392334,30.8700008392334,31.290000915527344,26.92193603515625,9620600
2010-01-14,31.1299991607666,31.18000030517578,30.959999084472656,31.020000457763672,26.68962287902832,9235600
2010-01-15,31.010000228881836,31.149999618530273,30.40999984741211,30.600000381469727,26.328258514404297,13936400
2010-01-19,30.59000015258789,31.190000534057617,30.5,31.010000228881836,26.681020736694336,9662100
2010-01-20,31.0,31.239999771118164,30.719999313354492,31.190000534057617,26.835891723632812,13302800
2010-01-21,31.139999389648438,31.420000076293945,30.56999969482422,30.610000610351562,26.33685874938965,15403600
2010-01-22,30.5,30.709999084472656,29.950000762939453,29.979999542236328,25.79480743408203,14459400
2010-01-25,30.219999313354492,30.229999542236328,29.549999237060547,29.920000076293945,25.74318504333496,11155800
2010-01-26,29.799999237060547,29.940000534057617,29.31999969482422,29.65999984741211,25.519479751586914,11197300
2010-01-27,29.559999465942383,29.809999465942383,29.010000228881836,29.31999969482422,25.226947784423828,16121200
2010-01-28,29.43000030517578,29.479999542236328,28.709999084472656,29.350000381469727,25.25275421142578,17126000
2010-01-29,29.3700008392334,29.81999969482422,29.25,29.549999237060547,25.424837112426758,14507900
2010-02-01,29.600000381469727,29.770000457763672,29.34000015258789,29.520000457763672,25.399024963378906,10894200
2010-02-02,29.530000686645508,30.010000228881836,29.219999313354492,29.979999542236328,25.79480743408203,10100900
2010-02-03,29.920000076293945,30.8700008392334,29.790000915527344,30.75,26.457317352294922,15976200
2010-02-04,30.280000686645508,30.489999771118164,29.65999984741211,29.670000076293945,25.52808952331543,13407100
2010-02-05,29.6299991607666,29.84000015258789,28.989999771118164,29.540000915527344,25.41623878479004,11956100
2010-02-08,29.760000228881836,29.950000762939453,29.459999084472656,29.479999542236328,25.364608764648438,10656800
2010-02-09,29.889999389648438,30.040000915527344,29.479999542236328,29.84000015258789,25.67435073852539,14376800
2010-02-10,29.15999984741211,30.09000015258789,29.030000686645508,30.030000686645508,25.837827682495117,24191900
2010-02-11,29.81999969482422,30.43000030517578,29.760000228881836,30.15999984741211,25.949682235717773,12389400
2010-02-12,29.860000610351562,30.200000762939453,29.860000610351562,30.06999969482422,25.872243881225586,12802700
2010-02-16,30.280000686645508,30.5,30.170000076293945,30.469999313354492,26.216405868530273,9061600
2010-02-17,30.540000915527344,30.93000030517578,30.3799991607666,30.860000610351562,26.55196189880371,9768600
2010-02-18,30.860000610351562,31.06999969482422,30.68000030517578,31.020000457763672,26.68962287902832,8212300
2010-02-19,30.940000534057617,31.520000457763672,30.850000381469727,31.229999542236328,26.870309829711914,12595600
2010-02-22,31.350000381469727,31.469999313354492,31.059999465942383,31.1200008392334,26.77566909790039,7868200
2010-02-23,31.030000686645508,31.270000457763672,30.860000610351562,30.920000076293945,26.60358428955078,10228300
2010-02-24,31.049999237060547,31.5,31.010000228881836,31.389999389648438,27.007972717285156,12062100
2010-02-25,30.8799991607666,31.40999984741211,30.850000381469727,31.360000610351562,26.982162475585938,10553800
2010-02-26,31.389999389648438,31.40999984741211,30.979999542236328,31.239999771118164,26.87891387939453,13449800
2010-03-01,31.399999618530273,31.600000381469727,31.34000015258789,31.540000915527344,27.13703727722168,8681000
2010-03-02,31.40999984741211,31.920000076293945,31.389999389648438,31.8799991607666,27.429567337036133,14070600
2010-03-03,31.950000762939453,31.959999084472656,31.549999237060547,31.639999389648438,27.223072052001953,10345500
2010-03-04,32.02000045776367,32.86000061035156,31.920000076293945,32.56999969482422,28.023244857788086,23075400
2010-03-05,32.790000915527344,33.220001220703125,32.75,33.220001220703125,28.58251190185547,19204800
2010-03-08,32.959999084472656,33.5,32.95000076293945,33.189998626708984,28.55668830871582,13176600
2010-03-09,33.0,33.34000015258789,32.779998779296875,33.310001373291016,28.659948348999023,11072700
2010-03-10,33.18000030517578,33.599998474121094,33.099998474121094,33.33000183105469,28.677148818969727,9652900
2010-03-11,33.31999969482422,33.810001373291016,33.119998931884766,33.810001373291016,29.090139389038086,11392500
2010-03-12,33.810001373291016,33.810001373291016,33.470001220703125,33.689998626708984,28.98689079284668,9610400
2010-03-15,33.52000045776367,33.75,33.36000061035156,33.720001220703125,29.012712478637695,8235900
2010-03-16,33.7400016784668,33.83000183105469,33.4900016784668,33.75,29.038522720336914,8472600
2010-03-17,33.790000915527344,33.84000015258789,33.529998779296875,33.75,29.038522720336914,7858400
2010-03-18,33.689998626708984,33.849998474121094,33.52000045776367,33.779998779296875,29.064332962036133,8044200
2010-03-19,33.63999938964844,33.97999954223633,33.47999954223633,33.63999938964844,28.943872451782227,16729000
2010-03-22,33.470001220703125,34.189998626708984,33.41999816894531,33.95000076293945,29.210601806640625,11717600
2010-03-23,34.0,34.099998474121094,33.72999954223633,34.0099983215332,29.262224197387695,7038000
2010-03-24,33.90999984741211,34.43000030517578,33.869998931884766,34.38999938964844,29.589181900024414,12195200
2010-03-25,34.4900016784668,35.5,34.41999816894531,35.09000015258789,30.19146156311035,32705900
2010-03-26,34.88999938964844,35.599998474121094,34.849998474121094,35.310001373291016,30.380741119384766,22909800
2010-03-29,35.279998779296875,35.41999816894531,34.970001220703125,35.15999984741211,30.251689910888672,12560500
2010-03-30,35.130001068115234,35.20000076293945,34.7599983215332,35.099998474121094,30.200054168701172,17201800
2010-03-31,35.06999969482422,35.20000076293945,34.810001373291016,34.90999984741211,30.036588668823242,10789500
2010-04-01,35.06999969482422,35.59000015258789,35.0099983215332,35.54999923706055,30.587236404418945,14603000
2010-04-05,35.279998779296875,35.540000915527344,35.06999969482422,35.220001220703125,30.303312301635742,10607900
2010-04-06,35.2400016784668,35.61000061035156,35.099998474121094,35.470001220703125,30.518413543701172,12637700
2010-04-07,35.38999938964844,35.4900016784668,35.060001373291016,35.31999969482422,30.38933753967285,9242200
2010-04-08,35.279998779296875,35.75,35.13999938964844,35.66999816894531,30.690479278564453,9915900
2010-04-09,35.81999969482422,36.880001068115234,35.63999938964844,36.220001220703125,31.163705825805664,21346000
2010-04-12,36.13999938964844,36.33000183105469,35.79999923706055,35.88999938964844,30.879777908325195,10410800
2010-04-13,35.869998931884766,36.060001373291016,35.709999084472656,35.84000015258789,30.836753845214844,10922200
2010-04-14,35.88999938964844,36.209999084472656,35.77000045776367,36.20000076293945,31.146499633789062,9267400
2010-04-15,36.08000183105469,36.5099983215332,35.86000061035156,36.400001525878906,31.318586349487305,9185900
2010-04-16,36.220001220703125,36.5099983215332,35.68000030517578,35.83000183105469,30.828149795532227,12327500
2010-04-19,35.79999923706055,36.16999816894531,35.58000183105469,36.16999816894531,31.12068748474121,9840500
2010-04-20,36.279998779296875,36.650001525878906,36.279998779296875,36.540000915527344,31.43903350830078,16515000
2010-04-21,36.38999938964844,36.75,36.349998474121094,36.560001373291016,31.456249237060547,9039700
2010-04-22,36.29999923706055,36.869998931884766,36.119998931884766,36.779998779296875,31.645532608032227,10494600
2010-04-23,36.79999923706055,36.849998474121094,36.4900016784668,36.790000915527344,31.65414047241211,7677100
2010-04-26,36.7599983215332,37.13999938964844,36.66999816894531,37.040000915527344,31.86924934387207,9983200
2010-04-27,36.779998779296875,36.81999969482422,36.15999984741211,36.31999969482422,31.249752044677734,10931300
2010-04-28,36.52000045776367,36.54999923706055,35.959999084472656,36.290000915527344,31.223934173583984,10930900
2010-04-29,36.5,37.38999938964844,36.5,37.220001220703125,32.02410888671875,10576700
2010-04-30,37.189998626708984,37.4900016784668,36.599998474121094,36.84000015258789,31.697154998779297,11456400
2010-05-03,36.95000076293945,37.97999954223633,36.84000015258789,37.560001373291016,32.316650390625,10887500
2010-05-04,37.290000915527344,37.29999923706055,36.31999969482422,36.59000015258789,31.482057571411133,13195700
2010-05-05,36.43000030517578,36.560001373291016,35.08000183105469,35.34000015258789,30.40655517578125,17960000
2010-05-06,35.15999984741211,35.54999923706055,31.0,34.0099983215332,29.262224197387695,25181500
2010-05-07,33.86000061035156,34.349998474121094,32.77000045776367,33.40999984741211,28.745983123779297,22579800
2010-05-10,34.9900016784668,35.630001068115234,34.560001373291016,35.290000915527344,30.363536834716797,18282600
2010-05-11,35.52000045776367,36.25,35.13999938964844,35.7599983215332,30.767929077148438,19853200
2010-05-12,34.97999954223633,36.209999084472656,34.81999969482422,35.130001068115234,30.225873947143555,25533300
2010-05-13,35.18000030517578,35.529998779296875,34.7400016784668,34.75,29.898916244506836,15445900
2010-05-14,34.65999984741211,34.779998779296875,33.83000183105469,34.060001373291016,29.30524253845215,16945200
2010-05-17,34.220001220703125,34.34000015258789,33.290000915527344,34.20000076293945,29.425703048706055,15136700
2010-05-18,34.36000061035156,34.63999938964844,33.52000045776367,33.72999954223633,29.02131462097168,17393800
2010-05-19,33.470001220703125,33.79999923706055,33.09000015258789,33.38999938964844,28.728775024414062,18536600
2010-05-20,32.7599983215332,32.959999084472656,31.989999771118164,31.989999771118164,27.524208068847656,26615500
2010-05-21,31.399999618530273,32.869998931884766,31.399999618530273,32.869998931884766,28.2813663482666,20122900
2010-05-24,32.560001373291016,32.9900016784668,32.11000061035156,32.47999954223633,27.9458065032959,14040200
2010-05-25,31.579999923706055,32.369998931884766,31.209999084472656,32.31999969482422,27.808147430419922,26555900
2010-05-26,32.5099983215332,33.849998474121094,32.13999938964844,33.06999969482422,28.453445434570312,25296300
2010-05-27,33.599998474121094,34.369998931884766,33.47999954223633,34.369998931884766,29.57196807861328,16214500
2010-05-28,33.70000076293945,34.04999923706055,33.2400016784668,33.41999816894531,28.75458526611328,15832700
2010-06-01,33.060001373291016,33.869998931884766,32.849998474121094,33.33000183105469,28.677148818969727,15438800
2010-06-02,33.56999969482422,34.790000915527344,33.459999084472656,34.7400016784668,29.89031410217285,18309300
2010-06-03,34.91999816894531,35.099998474121094,34.310001373291016,34.709999084472656,29.864505767822266,17752500
2010-06-04,34.060001373291016,34.349998474121094,33.439998626708984,33.689998626708984,28.98689079284668,21813100
2010-06-07,33.70000076293945,34.06999969482422,33.0099983215332,33.040000915527344,28.427635192871094,14577700
2010-06-08,33.029998779296875,33.31999969482422,32.40999984741211,33.150001525878906,28.52228546142578,15662500
2010-06-09,33.29999923706055,33.81999969482422,32.83000183105469,32.939998626708984,28.34159278869629,13707600
2010-06-10,33.529998779296875,34.22999954223633,33.45000076293945,34.11000061035156,29.348262786865234,13720200
2010-06-11,33.849998474121094,34.2599983215332,33.58000183105469,34.2400016784668,29.46010971069336,8799700
2010-06-14,34.4900016784668,34.56999969482422,33.91999816894531,33.93000030517578,29.193391799926758,9336800
2010-06-15,34.11000061035156,35.0,34.11000061035156,34.9900016784668,30.105419158935547,11552200
2010-06-16,34.790000915527344,34.93000030517578,34.47999954223633,34.790000915527344,29.933334350585938,9416200
2010-06-17,34.79999923706055,35.11000061035156,34.599998474121094,35.06999969482422,30.174245834350586,10951100
2010-06-18,35.189998626708984,35.349998474121094,34.91999816894531,35.150001525878906,30.24308204650879,14672300
2010-06-21,35.5,35.83000183105469,34.86000061035156,35.060001373291016,30.16565704345703,11382500
2010-06-22,35.119998931884766,35.459999084472656,34.290000915527344,34.349998474121094,29.554759979248047,9731000
2010-06-23,34.36000061035156,34.630001068115234,34.04999923706055,34.34000015258789,29.546152114868164,9474000
2010-06-24,34.130001068115234,34.18000030517578,33.459999084472656,33.599998474121094,28.90945816040039,10273200
2010-06-25,33.5099983215332,33.68000030517578,33.119998931884766,33.47999954223633,28.80620765686035,11155500
2010-06-28,33.560001373291016,33.7599983215332,33.04999923706055,33.220001220703125,28.58251190185547,7802000
2010-06-29,33.310001373291016,33.369998931884766,32.040000915527344,32.29999923706055,27.79094123840332,15868300
2010-06-30,32.15999984741211,32.5099983215332,31.360000610351562,31.5,27.102617263793945,17186400
2010-07-01,31.469999313354492,32.099998474121094,30.90999984741211,31.489999771118164,27.094009399414062,19906200
2010-07-02,31.559999465942383,31.68000030517578,30.719999313354492,31.3799991607666,26.99936866760254,15597300
2010-07-06,31.770000457763672,32.29999923706055,31.3799991607666,31.719999313354492,27.29190444946289,15215500
2010-07-07,31.729999542236328,33.16999816894531,31.65999984741211,33.13999938964844,28.513675689697266,14309500
2010-07-08,33.33000183105469,33.540000915527344,32.900001525878906,33.34000015258789,28.685758590698242,10044000
2010-07-09,33.380001068115234,33.79999923706055,33.369998931884766,33.75,29.038522720336914,8530900
2010-07-12,33.58000183105469,33.88999938964844,33.38999938964844,33.77000045776367,29.055728912353516,10094300
2010-07-13,34.11000061035156,34.66999816894531,33.959999084472656,34.45000076293945,29.640796661376953,8653000
2010-07-14,34.2400016784668,34.5099983215332,33.91999816894531,34.2400016784668,29.46010971069336,7955100
2010-07-15,34.150001525878906,34.41999816894531,33.599998474121094,34.04999923706055,29.296646118164062,10656300
2010-07-16,33.88999938964844,34.0,32.91999816894531,33.029998779296875,28.41903305053711,13060100
2010-07-19,33.09000015258789,33.5,32.9900016784668,33.310001373291016,28.659948348999023,9647000
2010-07-20,33.33000183105469,33.45000076293945,32.79999923706055,33.400001525878906,28.737375259399414,11632000
2010-07-21,33.470001220703125,33.599998474121094,32.630001068115234,32.810001373291016,28.22974395751953,10151100
2010-07-22,33.09000015258789,33.77000045776367,33.04999923706055,33.59000015258789,28.900856018066406,9984500
2010-07-23,33.52000045776367,34.209999084472656,33.45000076293945,34.130001068115234,29.3654727935791,10790200
2010-07-26,34.09000015258789,34.720001220703125,34.09000015258789,34.400001525878906,29.597774505615234,10104400
2010-07-27,34.65999984741211,34.65999984741211,33.959999084472656,34.279998779296875,29.49452781677246,7103000
2010-07-28,34.189998626708984,34.209999084472656,33.79999923706055,34.040000915527344,29.288036346435547,6089200
2010-07-29,34.220001220703125,34.79999923706055,33.41999816894531,33.709999084472656,29.004104614257812,9938400
2010-07-30,33.369998931884766,33.880001068115234,33.02000045776367,33.689998626708984,28.98689079284668,7805000
2010-08-02,34.13999938964844,34.68000030517578,34.130001068115234,34.47999954223633,29.666610717773438,9948800
2010-08-03,34.439998626708984,34.54999923706055,34.02000045776367,34.209999084472656,29.43429946899414,8503300
2010-08-04,34.40999984741211,34.959999084472656,34.13999938964844,34.83000183105469,29.967750549316406,9840700
2010-08-05,34.68000030517578,35.04999923706055,34.560001373291016,34.97999954223633,30.096811294555664,8407300
2010-08-06,34.58000183105469,35.09000015258789,34.38999938964844,35.0,30.114017486572266,8061700
2010-08-09,34.959999084472656,35.22999954223633,34.900001525878906,35.15999984741211,30.251689910888672,7809300
2010-08-10,34.88999938964844,35.40999984741211,34.72999954223633,35.290000915527344,30.363536834716797,12353400
2010-08-11,34.77000045776367,34.77000045776367,34.130001068115234,34.220001220703125,29.44291114807129,15028900
2010-08-12,33.849998474121094,34.29999923706055,33.709999084472656,33.9900016784668,29.245014190673828,11809600
2010-08-13,33.790000915527344,33.810001373291016,33.40999984741211,33.68000030517578,28.978286743164062,11058100
2010-08-16,33.439998626708984,33.75,33.11000061035156,33.65999984741211,28.961084365844727,6917800
2010-08-17,33.91999816894531,33.9900016784668,33.5099983215332,33.7599983215332,29.047122955322266,9875200
2010-08-18,33.810001373291016,34.220001220703125,33.400001525878906,33.90999984741211,29.17618179321289,8325000
2010-08-19,33.720001220703125,33.779998779296875,33.060001373291016,33.189998626708984,28.55668830871582,12070700
2010-08-20,33.0,33.20000076293945,32.709999084472656,33.04999923706055,28.436237335205078,8632700
2010-08-23,33.22999954223633,33.54999923706055,32.79999923706055,32.93000030517578,28.332990646362305,8046500
2010-08-24,32.4900016784668,32.70000076293945,31.969999313354492,32.13999938964844,27.653274536132812,14229700
2010-08-25,31.8700008392334,32.2400016784668,31.549999237060547,32.11000061035156,27.627460479736328,14144000
2010-08-26,32.18000030517578,32.439998626708984,31.8799991607666,31.940000534057617,27.4811954498291,10120500
2010-08-27,32.130001068115234,32.849998474121094,31.579999923706055,32.779998779296875,28.20392417907715,11144000
2010-08-30,32.72999954223633,32.9900016784668,32.31999969482422,32.349998474121094,27.83395767211914,7057900
2010-08-31,32.20000076293945,32.83000183105469,31.90999984741211,32.540000915527344,27.997440338134766,12520700
2010-09-01,33.0,33.70000076293945,32.90999984741211,33.5099983215332,28.83202362060547,10020900
2010-09-02,33.619998931884766,33.97999954223633,33.529998779296875,33.90999984741211,29.17618179321289,7034600
2010-09-03,34.02000045776367,34.70000076293945,34.02000045776367,34.66999816894531,29.830087661743164,8473800
2010-09-07,34.5,34.630001068115234,33.65999984741211,33.84000015258789,29.115957260131836,10733100
2010-09-08,33.880001068115234,34.099998474121094,33.75,33.84000015258789,29.115957260131836,8370900
2010-09-09,34.34000015258789,34.4900016784668,34.0,34.08000183105469,29.32245445251465,6990600
2010-09-10,34.15999984741211,34.279998779296875,34.04999923706055,34.150001525878906,29.382678985595703,7362900
2010-09-13,34.41999816894531,34.66999816894531,33.91999816894531,34.27000045776367,29.48592758178711,8826700
2010-09-14,34.22999954223633,34.22999954223633,33.720001220703125,34.04999923706055,29.296646118164062,7761800
2010-09-15,34.0099983215332,34.41999816894531,33.880001068115234,34.209999084472656,29.43429946899414,7262300
2010-09-16,34.09000015258789,34.189998626708984,33.709999084472656,34.16999816894531,29.399883270263672,7297600
2010-09-17,34.380001068115234,34.72999954223633,34.36000061035156,34.560001373291016,29.73544692993164,19012800
2010-09-20,34.560001373291016,34.9900016784668,34.529998779296875,34.900001525878906,30.02798080444336,10219200
2010-09-21,34.90999984741211,34.97999954223633,34.27000045776367,34.5,29.683818817138672,11630600
2010-09-22,34.56999969482422,34.810001373291016,33.900001525878906,33.9900016784668,29.245014190673828,9897700
2010-09-23,33.66999816894531,33.72999954223633,33.0,33.119998931884766,28.496463775634766,18090900
2010-09-24,33.380001068115234,33.81999969482422,33.310001373291016,33.58000183105469,28.892253875732422,10657100
2010-09-27,33.599998474121094,33.65999984741211,33.279998779296875,33.290000915527344,28.642730712890625,7884000
2010-09-28,33.369998931884766,33.470001220703125,32.939998626708984,33.220001220703125,28.58251190185547,12863900
2010-09-29,33.029998779296875,33.18000030517578,32.68000030517578,33.0099983215332,28.40182113647461,9231200
2010-09-30,33.189998626708984,33.4900016784668,32.83000183105469,33.099998474121094,28.479257583618164,14459500
2010-10-01,33.29999923706055,33.58000183105469,33.119998931884766,33.34000015258789,28.685758590698242,12916300
2010-10-04,33.22999954223633,33.599998474121094,33.08000183105469,33.13999938964844,28.513675689697266,10708300
2010-10-05,33.38999938964844,33.9900016784668,33.36000061035156,33.83000183105469,29.107357025146484,14555400
2010-10-06,33.84000015258789,33.97999954223633,33.439998626708984,33.720001220703125,29.012712478637695,11339900
2010-10-07,33.779998779296875,33.97999954223633,33.68000030517578,33.90999984741211,29.17618179321289,9029800
2010-10-08,33.970001220703125,34.70000076293945,33.79999923706055,34.5099983215332,29.692419052124023,12971700
2010-10-11,34.52000045776367,34.7400016784668,34.43000030517578,34.56999969482422,29.74404525756836,5347500
2010-10-12,34.36000061035156,34.61000061035156,33.959999084472656,34.47999954223633,29.666610717773438,9077900
2010-10-13,34.65999984741211,35.20000076293945,34.59000015258789,34.90999984741211,30.036588668823242,14425700
2010-10-14,34.790000915527344,34.95000076293945,34.58000183105469,34.849998474121094,29.984956741333008,7358700
2010-10-15,35.040000915527344,35.150001525878906,34.560001373291016,34.880001068115234,30.01076889038086,9641200
2010-10-18,34.83000183105469,35.0,34.5,34.75,29.898916244506836,6926200
2010-10-19,34.5,34.599998474121094,34.0,34.2400016784668,29.46010971069336,9554500
2010-10-20,34.27000045776367,34.75,34.27000045776367,34.619998931884766,29.787063598632812,10107800
2010-10-21,34.7599983215332,35.040000915527344,34.459999084472656,34.68000030517578,29.838687896728516,16888400
2010-10-22,34.66999816894531,34.9900016784668,34.29999923706055,34.970001220703125,30.088207244873047,9598800
2010-10-25,35.15999984741211,35.720001220703125,35.099998474121094,35.459999084472656,30.509798049926758,11230400
2010-10-26,35.130001068115234,35.970001220703125,34.9900016784668,35.959999084472656,30.94000244140625,14800400
2010-10-27,35.599998474121094,35.959999084472656,35.470001220703125,35.91999816894531,30.90558433532715,11752600
2010-10-28,35.95000076293945,36.52000045776367,35.939998626708984,36.5099983215332,31.413230895996094,14226000
2010-10-29,36.5099983215332,36.5099983215332,35.83000183105469,36.130001068115234,31.086267471313477,12926000
2010-11-01,36.209999084472656,36.4900016784668,35.7599983215332,36.029998779296875,31.000240325927734,8454000
2010-11-02,36.369998931884766,36.45000076293945,36.099998474121094,36.11000061035156,31.069061279296875,16355300
2010-11-03,36.119998931884766,36.43000030517578,35.95000076293945,36.290000915527344,31.223934173583984,12050100
2010-11-04,36.5,37.15999984741211,36.459999084472656,37.029998779296875,31.860641479492188,16674900
2010-11-05,36.779998779296875,37.27000045776367,36.779998779296875,37.20000076293945,32.00689697265625,9712900
2010-11-08,37.04999923706055,37.13999938964844,36.88999938964844,37.060001373291016,31.88644790649414,6802600
2010-11-09,37.189998626708984,37.22999954223633,36.68000030517578,36.86000061035156,31.714366912841797,7600000
2010-11-10,36.90999984741211,37.0,36.5099983215332,36.9900016784668,31.826213836669922,7857200
2010-11-11,36.880001068115234,37.38999938964844,35.150001525878906,35.93000030517578,30.914194107055664,37821800
2010-11-12,36.7599983215332,38.0,36.599998474121094,37.75,32.48012161254883,39192700
2010-11-15,37.41999816894531,37.65999984741211,37.13999938964844,37.25,32.0499153137207,11658400
2010-11-16,36.869998931884766,37.290000915527344,36.709999084472656,36.91999816894531,31.765987396240234,12409800
2010-11-17,36.79999923706055,37.31999969482422,36.70000076293945,37.220001220703125,32.02410888671875,10600500
2010-11-18,37.20000076293945,37.779998779296875,37.20000076293945,37.58000183105469,32.33384704589844,9520400
2010-11-19,37.099998474121094,37.33000183105469,36.75,37.0099983215332,31.843421936035156,13691800
2010-11-22,36.880001068115234,37.04999923706055,36.52000045776367,36.95000076293945,31.791799545288086,6558800
2010-11-23,36.529998779296875,36.619998931884766,36.0,36.119998931884766,31.077669143676758,11925900
2010-11-24,36.36000061035156,36.97999954223633,36.29999923706055,36.869998931884766,31.722972869873047,9098200
2010-11-26,36.5099983215332,36.93000030517578,36.43000030517578,36.70000076293945,31.57670021057129,3490900
2010-11-29,36.45000076293945,36.709999084472656,36.099998474121094,36.41999816894531,31.335784912109375,8495200
2010-11-30,36.040000915527344,36.83000183105469,36.02000045776367,36.5099983215332,31.413230895996094,17578900
2010-12-01,37.150001525878906,37.40999984741211,37.040000915527344,37.119998931884766,31.938064575195312,15010900
2010-12-02,37.060001373291016,37.59000015258789,37.04999923706055,37.34000015258789,32.12735366821289,13967700
2010-12-03,37.04999923706055,37.66999816894531,37.04999923706055,37.59000015258789,32.34246063232422,6901500
2010-12-06,37.43000030517578,37.72999954223633,37.279998779296875,37.560001373291016,32.316650390625,5086200
2010-12-07,37.84000015258789,37.97999954223633,37.310001373291016,37.33000183105469,32.118751525878906,8123100
2010-12-08,37.470001220703125,37.4900016784668,36.939998626708984,36.970001220703125,31.809005737304688,8561900
2010-12-09,36.869998931884766,37.0,36.5099983215332,36.7400016784668,31.956876754760742,6547200
2010-12-10,36.86000061035156,36.95000076293945,36.599998474121094,36.65999984741211,31.887285232543945,6748900
2010-12-13,36.95000076293945,37.47999954223633,36.56999969482422,37.130001068115234,32.29610061645508,12361700
2010-12-14,37.189998626708984,37.5,37.13999938964844,37.2400016784668,32.39178466796875,6954600
2010-12-15,37.15999984741211,37.369998931884766,36.900001525878906,36.95000076293945,32.13954544067383,7258400
2010-12-16,37.02000045776367,37.18000030517578,36.900001525878906,37.0099983215332,32.19172668457031,7649800
2010-12-17,36.970001220703125,37.16999816894531,36.77000045776367,37.04999923706055,32.22650909423828,11285400
2010-12-20,37.029998779296875,37.34000015258789,36.84000015258789,37.060001373291016,32.23522186279297,5114100
2010-12-21,37.16999816894531,37.41999816894531,37.099998474121094,37.33000183105469,32.470069885253906,4783900
2010-12-22,37.43000030517578,37.9900016784668,37.34000015258789,37.95000076293945,33.00935363769531,7229000
2010-12-23,37.849998474121094,37.939998626708984,37.52000045776367,37.70000076293945,32.79190444946289,4506000
2010-12-27,37.54999923706055,37.75,37.29999923706055,37.47999954223633,32.60054016113281,3518900
2010-12-28,37.459999084472656,37.52000045776367,37.06999969482422,37.36000061035156,32.496158599853516,3464300
2010-12-29,37.45000076293945,37.84000015258789,37.310001373291016,37.599998474121094,32.70491027832031,5097000
2010-12-30,37.58000183105469,37.650001525878906,37.38999938964844,37.47999954223633,32.60054016113281,3411800
2010-12-31,37.369998931884766,37.599998474121094,37.209999084472656,37.5099983215332,32.62662887573242,3650800
2011-01-03,37.7400016784668,38.0,37.619998931884766,37.81999969482422,32.896270751953125,7591000
2011-01-04,37.93000030517578,39.0,37.849998474121094,38.9900016784668,33.9139518737793,21974200
2011-01-05,39.22999954223633,40.0,39.16999816894531,39.959999084472656,34.757659912109375,22003400
2011-01-06,39.689998626708984,39.88999938964844,39.439998626708984,39.650001525878906,34.488037109375,14738300
2011-01-07,39.54999923706055,39.68000030517578,39.15999984741211,39.45000076293945,34.31406021118164,6598700
2011-01-10,39.0099983215332,39.54999923706055,38.93000030517578,39.5,34.3575553894043,8772600
2011-01-11,39.599998474121094,39.810001373291016,39.2400016784668,39.400001525878906,34.27058029174805,6494800
2011-01-12,39.47999954223633,39.650001525878906,39.040000915527344,39.16999816894531,34.07051467895508,9586900
2011-01-13,39.18000030517578,39.36000061035156,39.0099983215332,39.2599983215332,34.148799896240234,7084100
2011-01-14,39.099998474121094,39.34000015258789,39.0,39.290000915527344,34.17489242553711,5214000
2011-01-18,39.06999969482422,39.5099983215332,39.0,39.38999938964844,34.261871337890625,7892000
2011-01-19,39.09000015258789,39.4900016784668,38.959999084472656,39.09000015258789,34.00094223022461,8371900
2011-01-20,39.0099983215332,39.38999938964844,38.5099983215332,39.16999816894531,34.07051467895508,8977900
2011-01-21,39.290000915527344,39.939998626708984,39.279998779296875,39.7400016784668,34.56631851196289,10931800
2011-01-24,39.63999938964844,39.95000076293945,39.540000915527344,39.939998626708984,34.740272521972656,7794300
2011-01-25,39.790000915527344,39.91999816894531,39.470001220703125,39.86000061035156,34.67068862915039,7920300
2011-01-26,39.84000015258789,39.93000030517578,39.369998931884766,39.439998626708984,34.305362701416016,9777100
2011-01-27,39.540000915527344,39.689998626708984,39.25,39.459999084472656,34.32276916503906,8231000
2011-01-28,39.36000061035156,39.790000915527344,38.650001525878906,38.849998474121094,33.79217529296875,8399900
2011-01-31,39.040000915527344,39.25,38.650001525878906,38.869998931884766,33.809574127197266,8206400
2011-02-01,39.040000915527344,39.95000076293945,39.040000915527344,39.880001068115234,34.688087463378906,9283000
2011-02-02,39.79999923706055,40.709999084472656,39.79999923706055,40.4900016784668,35.21866989135742,15357000
2011-02-03,40.400001525878906,40.75,40.279998779296875,40.5,35.22736740112305,9513800
2011-02-04,40.470001220703125,40.77000045776367,40.40999984741211,40.709999084472656,35.410030364990234,11142200
2011-02-07,40.79999923706055,41.20000076293945,40.709999084472656,40.939998626708984,35.61008834838867,7283900
2011-02-08,40.900001525878906,41.2400016784668,40.790000915527344,41.18000030517578,35.8188362121582,11850200
2011-02-09,42.7599983215332,44.04999923706055,42.720001220703125,43.36000061035156,37.715030670166016,35806100
2011-02-10,42.779998779296875,43.65999984741211,42.72999954223633,43.310001373291016,37.671539306640625,14829000
2011-02-11,43.040000915527344,43.5099983215332,43.0,43.40999984741211,37.75851821899414,14199200
2011-02-14,43.189998626708984,43.40999984741211,42.97999954223633,43.2400016784668,37.610660552978516,7500600
2011-02-15,43.0,43.56999969482422,42.97999954223633,43.09000015258789,37.48017120361328,12069100
2011-02-16,43.209999084472656,43.709999084472656,43.04999923706055,43.70000076293945,38.01076126098633,7902800
2011-02-17,43.5,43.900001525878906,43.470001220703125,43.70000076293945,38.01076126098633,6396000
2011-02-18,43.650001525878906,43.650001525878906,43.2599983215332,43.560001373291016,37.88899612426758,15918200
2011-02-22,42.83000183105469,43.150001525878906,42.400001525878906,42.650001525878906,37.09746170043945,14162700
2011-02-23,42.90999984741211,43.290000915527344,41.970001220703125,42.130001068115234,36.64516067504883,18834700
2011-02-24,42.0,42.470001220703125,41.599998474121094,42.41999816894531,36.897403717041016,14504800
2011-02-25,42.5,43.130001068115234,42.400001525878906,42.95000076293945,37.35841369628906,9457300
2011-02-28,43.02000045776367,43.869998931884766,43.0,43.7400016784668,38.045562744140625,12528200
2011-03-01,43.630001068115234,43.790000915527344,42.970001220703125,42.9900016784668,37.3931999206543,12093400
2011-03-02,43.13999938964844,43.619998931884766,42.97999954223633,43.290000915527344,37.654144287109375,7624800
2011-03-03,43.61000061035156,44.2400016784668,43.61000061035156,44.06999969482422,38.33259963989258,9641500
2011-03-04,44.029998779296875,44.34000015258789,43.099998474121094,43.54999923706055,37.88029479980469,11127700
2011-03-07,43.529998779296875,43.61000061035156,42.380001068115234,43.02000045776367,37.41928482055664,11765100
2011-03-08,43.060001373291016,43.58000183105469,42.72999954223633,43.20000076293945,37.57585525512695,6864300
2011-03-09,43.2400016784668,43.380001068115234,42.810001373291016,43.119998931884766,37.50627136230469,5386700
2011-03-10,42.650001525878906,42.83000183105469,42.15999984741211,42.470001220703125,36.940895080566406,10210600
2011-03-11,42.43000030517578,43.119998931884766,42.2599983215332,42.93000030517578,37.341007232666016,6954800
2011-03-14,42.63999938964844,42.68000030517578,41.58000183105469,42.2400016784668,36.7408332824707,11005600
2011-03-15,41.130001068115234,41.86000061035156,40.630001068115234,41.619998931884766,36.20155334472656,14572000
2011-03-16,41.220001220703125,41.58000183105469,40.41999816894531,40.599998474121094,35.31434631347656,16754900
2011-03-17,41.189998626708984,41.20000076293945,40.47999954223633,40.7599983215332,35.453521728515625,9378400
2011-03-18,41.25,41.66999816894531,41.16999816894531,41.22999954223633,35.86232376098633,13291500
2011-03-21,41.459999084472656,41.9900016784668,40.9900016784668,41.81999969482422,36.37551498413086,7130300
2011-03-22,41.849998474121094,41.95000076293945,41.380001068115234,41.439998626708984,36.04499435424805,6881000
2011-03-23,41.400001525878906,42.349998474121094,40.869998931884766,42.2400016784668,36.7408332824707,11705500
2011-03-24,42.470001220703125,42.9900016784668,42.400001525878906,42.86000061035156,37.280120849609375,7011100
2011-03-25,42.939998626708984,43.2400016784668,42.779998779296875,42.970001220703125,37.37580871582031,7935500
2011-03-28,43.189998626708984,43.29999923706055,42.52000045776367,42.52000045776367,36.98439407348633,6022900
2011-03-29,42.58000183105469,43.029998779296875,42.36000061035156,42.939998626708984,37.349708557128906,5452700
2011-03-30,43.150001525878906,43.47999954223633,43.04999923706055,43.349998474121094,37.70633316040039,7004800
2011-03-31,43.060001373291016,43.209999084472656,42.70000076293945,43.09000015258789,37.48017120361328,7206400
2011-04-01,43.22999954223633,43.380001068115234,42.63999938964844,42.849998474121094,37.271419525146484,8404800
2011-04-04,42.869998931884766,43.04999923706055,42.5099983215332,42.630001068115234,37.08006286621094,6841000
2011-04-05,42.65999984741211,42.83000183105469,42.20000076293945,42.43000030517578,36.906105041503906,7635700
2011-04-06,42.720001220703125,42.72999954223633,42.060001373291016,42.27000045776367,36.766929626464844,7826300
2011-04-07,42.18000030517578,42.27000045776367,41.5,42.040000915527344,36.56688690185547,9439900
2011-04-08,42.220001220703125,42.2400016784668,41.400001525878906,41.7599983215332,36.32332992553711,7271800
2011-04-11,41.7599983215332,41.939998626708984,41.54999923706055,41.88999938964844,36.4364013671875,6882700
2011-04-12,41.59000015258789,41.75,41.25,41.630001068115234,36.21025085449219,8387000
2011-04-13,41.83000183105469,42.02000045776367,41.4900016784668,41.70000076293945,36.27114486694336,5964800
2011-04-14,41.5,41.560001373291016,40.84000015258789,41.02000045776367,35.67966842651367,11204000
2011-04-15,41.22999954223633,41.709999084472656,40.959999084472656,41.52000045776367,36.11457061767578,8376900
2011-04-18,40.970001220703125,41.279998779296875,40.459999084472656,41.20000076293945,35.836238861083984,9975800
2011-04-19,41.08000183105469,41.459999084472656,40.880001068115234,41.349998474121094,35.96670913696289,6903700
2011-04-20,41.880001068115234,42.459999084472656,41.7599983215332,42.040000915527344,36.56688690185547,7400000
2011-04-21,42.31999969482422,42.400001525878906,42.099998474121094,42.27000045776367,36.766929626464844,4860800
2011-04-25,42.34000015258789,42.349998474121094,41.869998931884766,41.93000030517578,36.47121047973633,5157000
2011-04-26,41.97999954223633,42.439998626708984,41.720001220703125,42.33000183105469,36.819122314453125,7290800
2011-04-27,42.2599983215332,42.68000030517578,42.18000030517578,42.58000183105469,37.03657913208008,5396900
2011-04-28,42.380001068115234,43.150001525878906,42.380001068115234,43.02000045776367,37.41928482055664,6529800
2011-04-29,43.040000915527344,43.349998474121094,42.810001373291016,43.099998474121094,37.48887252807617,5740200
2011-05-02,43.470001220703125,43.790000915527344,43.209999084472656,43.27000045776367,37.63674545288086,5601100
2011-05-03,43.25,43.56999969482422,42.88999938964844,43.06999969482422,37.46277618408203,6206900
2011-05-04,42.939998626708984,43.2400016784668,42.29999923706055,42.619998931884766,37.07136535644531,7481400
2011-05-05,42.5099983215332,43.25,42.439998626708984,42.689998626708984,37.13225555419922,8242300
2011-05-06,43.29999923706055,43.5,42.849998474121094,43.060001373291016,37.45407485961914,7791900
2011-05-09,43.31999969482422,43.349998474121094,42.93000030517578,43.099998474121094,37.48887252807617,6308300
2011-05-10,43.2400016784668,44.130001068115234,43.099998474121094,43.90999984741211,38.19342041015625,12541000
2011-05-11,42.11000061035156,42.58000183105469,41.11000061035156,41.52000045776367,36.11457061767578,38451900
2011-05-12,41.5099983215332,41.7599983215332,40.939998626708984,41.58000183105469,36.16676712036133,13080100
2011-05-13,41.61000061035156,41.869998931884766,41.25,41.52000045776367,36.11457061767578,8420500
2011-05-16,41.2599983215332,41.29999923706055,40.88999938964844,40.93000030517578,35.601383209228516,11697800
2011-05-17,40.86000061035156,41.13999938964844,40.68000030517578,41.0099983215332,35.670963287353516,10024400
2011-05-18,40.939998626708984,41.45000076293945,40.900001525878906,41.41999816894531,36.027591705322266,9948300
2011-05-19,41.54999923706055,41.7400016784668,41.13999938964844,41.380001068115234,35.99280548095703,10055800
2011-05-20,41.34000015258789,41.84000015258789,41.119998931884766,41.5,36.097171783447266,9213000
2011-05-23,41.150001525878906,41.33000183105469,40.95000076293945,41.15999984741211,35.80144119262695,7955900
2011-05-24,41.27000045776367,41.34000015258789,40.869998931884766,41.09000015258789,35.74055480957031,8459300
2011-05-25,40.91999816894531,41.34000015258789,40.849998474121094,41.130001068115234,35.77535629272461,7030500
2011-05-26,41.02000045776367,41.220001220703125,40.54999923706055,40.9900016784668,35.65357971191406,11189400
2011-05-27,41.189998626708984,41.66999816894531,41.189998626708984,41.52000045776367,36.11457061767578,8529400
2011-05-31,41.900001525878906,41.9900016784668,41.47999954223633,41.630001068115234,36.21025085449219,10977200
2011-06-01,41.529998779296875,41.59000015258789,40.31999969482422,40.400001525878906,35.140380859375,12632100
2011-06-02,40.349998474121094,40.689998626708984,39.9900016784668,40.060001373291016,34.84465408325195,13421400
2011-06-03,39.65999984741211,39.65999984741211,39.16999816894531,39.380001068115234,34.253170013427734,15135500
2011-06-06,39.18000030517578,39.70000076293945,39.13999938964844,39.400001525878906,34.27058029174805,9193400
2011-06-07,39.61000061035156,39.880001068115234,39.33000183105469,39.349998474121094,34.22709274291992,8666700
2011-06-08,39.459999084472656,39.650001525878906,39.13999938964844,39.22999954223633,34.122711181640625,8483000
2011-06-09,38.95000076293945,39.529998779296875,38.849998474121094,39.369998931884766,34.244468688964844,9642200
2011-06-10,39.150001525878906,39.33000183105469,38.41999816894531,38.5,33.48775100708008,13096800
2011-06-13,38.630001068115234,38.86000061035156,38.349998474121094,38.369998931884766,33.37466812133789,9253400
2011-06-14,38.68000030517578,38.86000061035156,38.5099983215332,38.59000015258789,33.566017150878906,10074600
2011-06-15,38.380001068115234,38.81999969482422,38.2400016784668,38.38999938964844,33.39206314086914,10716200
2011-06-16,38.369998931884766,38.470001220703125,37.77000045776367,38.0099983215332,33.0615348815918,11806900
2011-06-17,38.310001373291016,38.369998931884766,37.97999954223633,38.040000915527344,33.08763122558594,12658300
2011-06-20,37.849998474121094,38.27000045776367,37.650001525878906,38.22999954223633,33.25289535522461,8746200
2011-06-21,38.45000076293945,38.88999938964844,38.25,38.779998779296875,33.731292724609375,7815000
2011-06-22,38.560001373291016,38.77000045776367,38.279998779296875,38.310001373291016,33.322479248046875,8543700
2011-06-23,37.880001068115234,37.93000030517578,37.189998626708984,37.81999969482422,32.896270751953125,11874100
2011-06-24,37.90999984741211,38.02000045776367,37.38999938964844,37.58000183105469,32.68751525878906,13425400
2011-06-27,37.619998931884766,38.41999816894531,37.470001220703125,38.06999969482422,33.11372756958008,8258400
2011-06-28,38.16999816894531,38.45000076293945,37.790000915527344,37.91999816894531,32.983253479003906,11912700
2011-06-29,38.11000061035156,38.43000030517578,37.72999954223633,38.349998474121094,33.35726547241211,9614100
2011-06-30,38.5,39.119998931884766,38.349998474121094,39.040000915527344,33.95744323730469,10049800
2011-07-01,39.150001525878906,39.86000061035156,39.029998779296875,39.720001220703125,34.548912048339844,9245300
2011-07-05,39.77000045776367,40.18000030517578,39.599998474121094,39.970001220703125,34.7663688659668,9446200
2011-07-06,39.95000076293945,39.95000076293945,39.27000045776367,39.56999969482422,34.41844177246094,11435800
2011-07-07,39.849998474121094,40.060001373291016,39.72999954223633,39.7400016784668,34.56631851196289,10227600
2011-07-08,39.97999954223633,39.97999954223633,39.20000076293945,39.90999984741211,34.714176177978516,11795100
2011-07-11,39.4900016784668,39.540000915527344,39.08000183105469,39.220001220703125,34.114017486572266,9785500
2011-07-12,39.34000015258789,39.52000045776367,39.029998779296875,39.150001525878906,34.053123474121094,11311000
2011-07-13,39.25,39.83000183105469,39.09000015258789,39.560001373291016,34.40975570678711,12361400
2011-07-14,39.529998779296875,39.84000015258789,39.38999938964844,39.58000183105469,34.42713928222656,13294000
2011-07-15,39.720001220703125,39.81999969482422,38.97999954223633,39.27000045776367,34.157501220703125,18304900
2011-07-18,39.119998931884766,39.119998931884766,38.459999084472656,38.75,33.705204010009766,11309600
2011-07-19,39.040000915527344,39.72999954223633,38.9900016784668,39.540000915527344,34.392356872558594,7987500
2011-07-20,39.58000183105469,39.849998474121094,39.279998779296875,39.36000061035156,34.23578643798828,6126400
2011-07-21,39.689998626708984,40.869998931884766,39.66999816894531,40.7400016784668,35.436119079589844,13473000
2011-07-22,40.779998779296875,40.970001220703125,40.540000915527344,40.650001525878906,35.35783386230469,7723300
2011-07-25,40.25,40.88999938964844,40.15999984741211,40.560001373291016,35.27955627441406,6840900
2011-07-26,40.380001068115234,40.810001373291016,40.369998931884766,40.5099983215332,35.236061096191406,9292900
2011-07-27,40.349998474121094,40.369998931884766,39.41999816894531,39.52000045776367,34.37495803833008,10736600
2011-07-28,39.459999084472656,39.83000183105469,39.189998626708984,39.400001525878906,34.27058029174805,11028100
2011-07-29,39.04999923706055,39.310001373291016,38.5,38.619998931884766,33.59211349487305,16049700
2011-08-01,38.72999954223633,38.75,37.81999969482422,38.439998626708984,33.43556213378906,11497500
2011-08-02,38.060001373291016,38.43000030517578,36.93000030517578,36.970001220703125,32.15693283081055,13652300
2011-08-03,36.939998626708984,37.5,36.470001220703125,37.43000030517578,32.55705261230469,11804500
2011-08-04,36.849998474121094,36.88999938964844,35.2599983215332,35.349998474121094,30.74783706665039,19369200
2011-08-05,35.790000915527344,35.95000076293945,34.400001525878906,35.18000030517578,30.59996795654297,22781900
2011-08-08,34.060001373291016,34.56999969482422,33.029998779296875,33.029998779296875,28.729869842529297,25923500
2011-08-09,33.470001220703125,34.75,32.310001373291016,34.70000076293945,30.182453155517578,31836700
2011-08-10,31.84000015258789,32.27000045776367,29.600000381469727,31.540000915527344,27.433855056762695,87048500
2011-08-11,31.829999923706055,33.08000183105469,31.809999465942383,32.119998931884766,27.938343048095703,36389500
2011-08-12,32.7599983215332,33.560001373291016,32.439998626708984,33.09000015258789,28.782066345214844,24426900
2011-08-15,33.43000030517578,33.79999923706055,33.09000015258789,33.650001525878906,29.269161224365234,17839100
2011-08-16,33.119998931884766,33.66999816894531,32.75,33.41999816894531,29.06909942626953,18558300
2011-08-17,33.61000061035156,33.75,32.84000015258789,33.369998931884766,29.025609970092773,12741000
2011-08-18,32.470001220703125,32.689998626708984,32.16999816894531,32.54999923706055,28.31236457824707,23724700
2011-08-19,31.950000762939453,32.97999954223633,31.81999969482422,31.850000381469727,27.703500747680664,19006700
2011-08-22,32.41999816894531,32.650001525878906,31.940000534057617,32.02000045776367,27.85136604309082,15000100
2011-08-23,32.06999969482422,32.11000061035156,31.329999923706055,32.11000061035156,27.929649353027344,30417400
2011-08-24,32.0099983215332,32.58000183105469,31.729999542236328,32.5099983215332,28.277568817138672,12595700
2011-08-25,32.529998779296875,32.83000183105469,31.8799991607666,32.0099983215332,27.842668533325195,10799000
2011-08-26,32.119998931884766,32.63999938964844,31.360000610351562,32.400001525878906,28.181894302368164,11247100
2011-08-29,32.720001220703125,33.16999816894531,32.61000061035156,33.15999984741211,28.842945098876953,8397500
2011-08-30,33.119998931884766,33.869998931884766,32.81999969482422,33.58000183105469,29.20826530456543,14060100
2011-08-31,33.849998474121094,34.31999969482422,33.7400016784668,34.060001373291016,29.62578010559082,12282000
2011-09-01,34.09000015258789,34.33000183105469,33.34000015258789,33.380001068115234,29.03431510925293,10224700
2011-09-02,32.84000015258789,33.040000915527344,32.40999984741211,32.459999084472656,28.234085083007812,9144700
2011-09-06,31.459999084472656,31.940000534057617,31.329999923706055,31.760000228881836,27.625215530395508,12844800
2011-09-07,32.150001525878906,32.68000030517578,31.989999771118164,32.630001068115234,28.3819522857666,11471000
2011-09-08,32.41999816894531,32.65999984741211,31.90999984741211,31.950000762939453,27.79047966003418,10673200
2011-09-09,31.639999389648438,31.719999313354492,30.729999542236328,31.040000915527344,26.998950958251953,17509200
2011-09-12,30.690000534057617,31.309999465942383,30.520000457763672,31.290000915527344,27.216402053833008,10440000
2011-09-13,31.360000610351562,31.610000610351562,31.020000457763672,31.450000762939453,27.355573654174805,9792200
2011-09-14,31.670000076293945,32.72999954223633,31.229999542236328,32.290000915527344,28.086212158203125,12593100
2011-09-15,32.58000183105469,32.9900016784668,32.43000030517578,32.939998626708984,28.651588439941406,8466900
2011-09-16,33.13999938964844,33.290000915527344,32.630001068115234,32.90999984741211,28.62549591064453,16655300
2011-09-19,32.380001068115234,32.63999938964844,32.060001373291016,32.5099983215332,28.277568817138672,9979700
2011-09-20,32.65999984741211,32.880001068115234,32.22999954223633,32.310001373291016,28.103609085083008,10117700
2011-09-21,32.33000183105469,32.52000045776367,31.239999771118164,31.280000686645508,27.207706451416016,12618500
2011-09-22,30.540000915527344,30.899999618530273,29.18000030517578,29.549999237060547,25.702930450439453,26238400
2011-09-23,29.459999084472656,29.899999618530273,29.049999237060547,29.829999923706055,25.94647789001465,20944100
2011-09-26,30.059999465942383,30.34000015258789,29.68000030517578,30.299999237060547,26.355289459228516,14200600
2011-09-27,30.989999771118164,31.709999084472656,30.59000015258789,31.15999984741211,27.103328704833984,15723900
2011-09-28,31.270000457763672,31.420000076293945,30.3799991607666,30.479999542236328,26.51185417175293,11415000
2011-09-29,31.149999618530273,31.520000457763672,30.229999542236328,30.649999618530273,26.659725189208984,12114800
2011-09-30,30.15999984741211,30.709999084472656,29.989999771118164,30.15999984741211,26.233516693115234,15135000
2011-10-03,30.030000686645508,30.329999923706055,28.989999771118164,29.0,25.224536895751953,13899200
2011-10-04,28.729999542236328,29.969999313354492,28.190000534057617,29.860000610351562,25.972572326660156,19000000
2011-10-05,30.350000381469727,31.549999237060547,30.309999465942383,31.510000228881836,27.40776252746582,17823700
2011-10-06,31.229999542236328,32.04999923706055,31.020000457763672,32.029998779296875,27.860061645507812,12659400
2011-10-07,32.20000076293945,32.369998931884766,31.610000610351562,31.700000762939453,27.57302474975586,12070100
2011-10-10,32.36000061035156,33.099998474121094,32.29999923706055,33.0,28.703777313232422,7887400
2011-10-11,33.11000061035156,33.279998779296875,32.2400016784668,32.61000061035156,28.36455726623535,12891200
2011-10-12,32.959999084472656,34.43000030517578,32.75,33.7599983215332,29.364837646484375,17363400
2011-10-13,33.38999938964844,33.72999954223633,33.27000045776367,33.54999923706055,29.18217658996582,6837900
2011-10-14,34.02000045776367,34.529998779296875,33.90999984741211,34.470001220703125,29.982410430908203,10694700
2011-10-17,33.83000183105469,34.220001220703125,33.18000030517578,33.38999938964844,29.043012619018555,9987700
2011-10-18,33.459999084472656,34.20000076293945,33.130001068115234,33.939998626708984,29.521398544311523,10980600
2011-10-19,33.880001068115234,34.349998474121094,33.470001220703125,33.61000061035156,29.234371185302734,7479000
2011-10-20,33.849998474121094,34.119998931884766,33.25,33.84000015258789,29.434425354003906,7319800
2011-10-21,34.18000030517578,35.15999984741211,34.09000015258789,35.15999984741211,30.58257484436035,13707600
2011-10-24,35.2400016784668,35.709999084472656,35.02000045776367,35.369998931884766,30.76523208618164,8837900
2011-10-25,35.20000076293945,35.349998474121094,34.40999984741211,34.5099983215332,30.01719856262207,7812300
2011-10-26,34.880001068115234,35.189998626708984,34.09000015258789,35.04999923706055,30.48689079284668,10407200
2011-10-27,35.790000915527344,36.599998474121094,35.630001068115234,36.279998779296875,31.5567569732666,11316800
2011-10-28,36.22999954223633,36.34000015258789,35.720001220703125,36.209999084472656,31.49587631225586,8477600
2011-10-31,35.720001220703125,35.790000915527344,34.86000061035156,34.880001068115234,30.339033126831055,10152100
2011-11-01,34.43000030517578,34.470001220703125,33.310001373291016,33.599998474121094,29.225669860839844,13361700
2011-11-02,34.130001068115234,34.380001068115234,33.79999923706055,34.06999969482422,29.63448143005371,8538100
2011-11-03,34.56999969482422,35.130001068115234,33.970001220703125,35.029998779296875,30.469501495361328,9276100
2011-11-04,34.810001373291016,35.0099983215332,34.33000183105469,34.7599983215332,30.234643936157227,6430900
2011-11-07,34.86000061035156,35.16999816894531,34.61000061035156,35.150001525878906,30.573881149291992,6942700
2011-11-08,35.439998626708984,35.459999084472656,34.34000015258789,35.290000915527344,30.695655822753906,10710900
2011-11-09,34.59000015258789,34.59000015258789,33.65999984741211,33.790000915527344,29.39093017578125,11913800
2011-11-10,34.15999984741211,34.7599983215332,33.650001525878906,34.63999938964844,30.13027000427246,12170600
2011-11-11,36.630001068115234,37.41999816894531,36.369998931884766,36.70000076293945,31.922088623046875,22388500
2011-11-14,36.33000183105469,36.41999816894531,35.880001068115234,36.119998931884766,31.41759490966797,9631900
2011-11-15,35.959999084472656,37.0,35.959999084472656,36.45000076293945,31.704626083374023,14226700
2011-11-16,35.959999084472656,36.31999969482422,35.470001220703125,35.529998779296875,30.904399871826172,10809700
2011-11-17,35.380001068115234,35.86000061035156,34.79999923706055,35.150001525878906,30.573881149291992,32562000
2011-11-18,35.38999938964844,35.779998779296875,35.2400016784668,35.630001068115234,30.99139404296875,32200300
2011-11-21,35.47999954223633,35.630001068115234,34.220001220703125,34.33000183105469,29.860628128051758,39965700
2011-11-22,34.209999084472656,34.470001220703125,33.40999984741211,34.02000045776367,29.59099006652832,12500700
2011-11-23,33.58000183105469,33.779998779296875,33.400001525878906,33.400001525878906,29.051708221435547,10764000
2011-11-25,33.5,34.220001220703125,33.279998779296875,33.5099983215332,29.147384643554688,4991900
2011-11-28,34.27000045776367,34.529998779296875,33.7599983215332,34.06999969482422,29.63448143005371,8656400
2011-11-29,34.34000015258789,34.5,33.970001220703125,34.0,29.57359504699707,7655200
2011-11-30,34.68000030517578,35.88999938964844,34.65999984741211,35.849998474121094,31.18274688720703,16536000
2011-12-01,36.029998779296875,36.33000183105469,35.720001220703125,35.9900016784668,31.304519653320312,10350800
2011-12-02,36.33000183105469,36.83000183105469,36.29999923706055,36.61000061035156,31.84379768371582,10202500
2011-12-05,37.040000915527344,37.369998931884766,36.72999954223633,36.939998626708984,32.13084030151367,9973900
2011-12-06,36.869998931884766,37.20000076293945,36.75,36.83000183105469,32.03516387939453,6573100
2011-12-07,36.709999084472656,37.33000183105469,36.459999084472656,37.099998474121094,32.27001190185547,9543600
2011-12-08,36.86000061035156,36.959999084472656,35.81999969482422,35.91999816894531,31.243619918823242,9881700
2011-12-09,36.16999816894531,36.77000045776367,36.16999816894531,36.560001373291016,31.80031394958496,7323400
2011-12-12,36.20000076293945,36.77000045776367,35.91999816894531,36.650001525878906,31.878597259521484,10050800
2011-12-13,36.689998626708984,37.119998931884766,36.18000030517578,36.33000183105469,31.600255966186523,12708800
2011-12-14,35.70000076293945,36.0,35.119998931884766,35.15999984741211,31.09613609313965,10664000
2011-12-15,35.52000045776367,35.720001220703125,34.9900016784668,35.189998626708984,31.12267303466797,9876100
2011-12-16,35.45000076293945,35.7400016784668,35.150001525878906,35.31999969482422,31.237648010253906,20350200
2011-12-19,35.38999938964844,35.54999923706055,34.5099983215332,34.75,30.733518600463867,11436800
2011-12-20,35.16999816894531,36.380001068115234,35.150001525878906,36.16999816894531,31.989395141601562,10126200
2011-12-21,36.22999954223633,36.70000076293945,35.75,36.27000045776367,32.07783508300781,8226200
2011-12-22,36.380001068115234,37.0,36.2599983215332,36.95000076293945,32.67924499511719,8067600
2011-12-23,37.130001068115234,37.720001220703125,37.11000061035156,37.70000076293945,33.342567443847656,6788700
2011-12-27,37.61000061035156,37.79999923706055,37.400001525878906,37.61000061035156,33.26295471191406,5189500
2011-12-28,37.650001525878906,37.709999084472656,37.16999816894531,37.2400016784668,32.935726165771484,4634300
2011-12-29,37.45000076293945,37.79999923706055,37.25,37.709999084472656,33.35139846801758,5022500
2011-12-30,37.72999954223633,37.79999923706055,37.36000061035156,37.5,33.165672302246094,4776100
2012-01-03,37.970001220703125,38.459999084472656,37.939998626708984,38.310001373291016,33.88205337524414,9704200
2012-01-04,38.189998626708984,38.9900016784668,38.119998931884766,38.849998474121094,34.35963439941406,9889900
2012-01-05,38.83000183105469,39.58000183105469,38.70000076293945,39.5,34.93450927734375,14327100
2012-01-06,39.54999923706055,40.150001525878906,39.45000076293945,39.90999984741211,35.297119140625,14401600
2012-01-09,39.7400016784668,40.25,39.59000015258789,39.75,35.155616760253906,12145200
2012-01-10,39.47999954223633,39.90999984741211,39.15999984741211,39.630001068115234,35.04949188232422,14070900
2012-01-11,39.38999938964844,39.529998779296875,38.45000076293945,38.70000076293945,34.22697830200195,16257600
2012-01-12,38.619998931884766,38.86000061035156,38.40999984741211,38.72999954223633,34.25350570678711,10073400
2012-01-13,38.470001220703125,38.59000015258789,38.02000045776367,38.400001525878906,33.96165084838867,9877700
2012-01-17,38.689998626708984,38.97999954223633,38.40999984741211,38.47999954223633,34.032405853271484,9142800
2012-01-18,38.5099983215332,39.099998474121094,38.400001525878906,39.02000045776367,34.50998306274414,9594500
2012-01-19,39.0099983215332,39.470001220703125,39.0,39.439998626708984,34.88144302368164,7731000
2012-01-20,39.41999816894531,39.439998626708984,39.099998474121094,39.310001373291016,34.7664680480957,7879900
2012-01-23,39.380001068115234,39.5,38.959999084472656,39.25,34.713401794433594,7124600
2012-01-24,39.029998779296875,39.27000045776367,38.56999969482422,39.25,34.713401794433594,9407000
2012-01-25,39.119998931884766,39.68000030517578,38.959999084472656,39.560001373291016,34.987579345703125,10054000
2012-01-26,39.59000015258789,39.75,39.060001373291016,39.349998474121094,34.801849365234375,7162600
2012-01-27,39.27000045776367,39.5,38.97999954223633,39.25,34.713401794433594,9588400
2012-01-30,38.7400016784668,39.11000061035156,38.380001068115234,38.9900016784668,34.483455657958984,8683200
2012-01-31,39.08000183105469,39.310001373291016,38.65999984741211,38.900001525878906,34.40386199951172,14020100
2012-02-01,39.25,39.66999816894531,39.15999984741211,39.33000183105469,34.78416442871094,8901000
2012-02-02,39.220001220703125,39.25,38.560001373291016,38.90999984741211,34.41270065307617,9076800
2012-02-03,39.43000030517578,40.0,39.36000061035156,40.0,35.3767204284668,11605300
2012-02-06,40.0,40.59000015258789,39.959999084472656,40.459999084472656,35.78354263305664,11536500
2012-02-07,40.72999954223633,41.150001525878906,40.20000076293945,40.97999954223633,36.24344253540039,20107300
2012-02-08,41.369998931884766,41.90999984741211,40.9900016784668,41.27000045776367,36.499935150146484,21690200
2012-02-09,40.75,41.63999938964844,40.54999923706055,41.529998779296875,36.729881286621094,13581000
2012-02-10,40.939998626708984,41.45000076293945,40.83000183105469,41.45000076293945,36.659122467041016,10116300
2012-02-13,41.619998931884766,41.91999816894531,41.59000015258789,41.790000915527344,36.95982360839844,9065800
2012-02-14,41.5,41.619998931884766,41.2599983215332,41.599998474121094,36.791786193847656,8210300
2012-02-15,41.47999954223633,41.75,41.130001068115234,41.25,36.48223114013672,7891200
2012-02-16,41.22999954223633,41.72999954223633,41.08000183105469,41.540000915527344,36.73871994018555,7464500
2012-02-17,41.709999084472656,41.86000061035156,41.54999923706055,41.75,36.9244499206543,7758700
2012-02-21,41.79999923706055,41.900001525878906,41.4900016784668,41.56999969482422,36.765254974365234,5675100
2012-02-22,41.54999923706055,41.709999084472656,41.150001525878906,41.27000045776367,36.499935150146484,6176200
2012-02-23,41.279998779296875,41.66999816894531,41.09000015258789,41.47999954223633,36.68564987182617,6271000
2012-02-24,41.439998626708984,41.58000183105469,41.22999954223633,41.310001373291016,36.53531265258789,6150600
2012-02-27,41.70000076293945,41.95000076293945,41.29999923706055,41.63999938964844,36.8271598815918,9132300
2012-02-28,41.75,41.970001220703125,41.54999923706055,41.93000030517578,37.083648681640625,6895200
2012-02-29,41.869998931884766,42.369998931884766,41.849998474121094,41.9900016784668,37.13671112060547,14858700
2012-03-01,42.130001068115234,42.540000915527344,42.130001068115234,42.38999938964844,37.490478515625,7995900
2012-03-02,42.2599983215332,42.529998779296875,42.040000915527344,42.36000061035156,37.46393966674805,5070500
2012-03-05,42.349998474121094,42.77000045776367,42.11000061035156,42.70000076293945,37.764644622802734,9288800
2012-03-06,42.2400016784668,42.31999969482422,41.72999954223633,42.0,37.14555358886719,10434500
2012-03-07,42.0,42.06999969482422,41.70000076293945,41.75,36.9244499206543,7793500
2012-03-08,41.9900016784668,42.31999969482422,41.95000076293945,42.02000045776367,37.163246154785156,6163800
2012-03-09,42.119998931884766,42.56999969482422,42.029998779296875,42.2400016784668,37.35781478881836,6896400
2012-03-12,42.529998779296875,42.849998474121094,42.150001525878906,42.34000015258789,37.44625473022461,6834500
2012-03-13,42.54999923706055,44.08000183105469,42.43000030517578,44.0099983215332,38.92323303222656,15051900
2012-03-14,43.59000015258789,43.70000076293945,42.900001525878906,43.47999954223633,38.45448684692383,10991300
2012-03-15,43.5,43.5,43.16999816894531,43.470001220703125,38.44565200805664,6123600
2012-03-16,43.41999816894531,43.52000045776367,43.18000030517578,43.189998626708984,38.1980094909668,8952100
2012-03-19,43.06999969482422,43.58000183105469,42.95000076293945,43.439998626708984,38.419105529785156,6382500
2012-03-20,43.0,43.310001373291016,42.93000030517578,43.2400016784668,38.24223709106445,6853900
2012-03-21,43.41999816894531,43.869998931884766,43.27000045776367,43.27000045776367,38.268768310546875,9582000
2012-03-22,43.08000183105469,43.400001525878906,43.0099983215332,43.290000915527344,38.28644943237305,8560200
2012-03-23,43.33000183105469,43.709999084472656,42.86000061035156,43.650001525878906,38.60484313964844,8519000
2012-03-26,43.939998626708984,44.40999984741211,43.91999816894531,44.380001068115234,39.25047302246094,10850200
2012-03-27,44.38999938964844,44.5,44.09000015258789,44.150001525878906,39.047054290771484,9343100
2012-03-28,44.040000915527344,44.150001525878906,43.2599983215332,43.5099983215332,38.481021881103516,9444300
2012-03-29,43.20000076293945,43.27000045776367,42.29999923706055,43.0099983215332,38.038818359375,10402500
2012-03-30,43.52000045776367,43.849998474121094,43.099998474121094,43.779998779296875,38.719818115234375,9096000
2012-04-02,43.59000015258789,44.0,43.31999969482422,43.84000015258789,38.77288818359375,7653800
2012-04-03,43.66999816894531,43.75,42.90999984741211,43.290000915527344,38.28644943237305,7996400
2012-04-04,42.900001525878906,42.9900016784668,42.47999954223633,42.93000030517578,37.968055725097656,8560700
2012-04-05,42.84000015258789,43.18000030517578,42.68000030517578,43.08000183105469,38.100730895996094,6340800
2012-04-09,42.130001068115234,42.27000045776367,41.959999084472656,42.11000061035156,37.24284362792969,6813500
2012-04-10,41.869998931884766,42.130001068115234,40.880001068115234,40.9900016784668,36.25229263305664,10682100
2012-04-11,41.5099983215332,41.70000076293945,41.2400016784668,41.369998931884766,36.588375091552734,6358400
2012-04-12,41.43000030517578,42.20000076293945,41.25,42.150001525878906,37.27821350097656,5538400
2012-04-13,42.029998779296875,42.220001220703125,41.70000076293945,41.849998474121094,37.01288604736328,7311700
2012-04-16,42.060001373291016,42.130001068115234,41.540000915527344,41.65999984741211,36.84485626220703,6109300
2012-04-17,41.880001068115234,42.7400016784668,41.880001068115234,42.68000030517578,37.74695587158203,6550300
2012-04-18,42.47999954223633,42.61000061035156,42.31999969482422,42.4900016784668,37.578914642333984,3781900
2012-04-19,42.43000030517578,42.5099983215332,41.79999923706055,42.08000183105469,37.216304779052734,7074200
2012-04-20,42.2400016784668,42.84000015258789,42.2400016784668,42.349998474121094,37.45509338378906,7773100
2012-04-23,42.25,42.25,41.72999954223633,42.0099983215332,37.154396057128906,6592100
2012-04-24,42.029998779296875,42.43000030517578,41.970001220703125,42.18000030517578,37.304752349853516,4954600
2012-04-25,42.400001525878906,42.7599983215332,42.380001068115234,42.70000076293945,37.764644622802734,4926300
2012-04-26,42.7400016784668,43.560001373291016,42.689998626708984,43.36000061035156,38.348365783691406,7713000
2012-04-27,43.599998474121094,43.650001525878906,43.119998931884766,43.349998474121094,38.339515686035156,6354200
2012-04-30,43.31999969482422,43.349998474121094,42.84000015258789,43.11000061035156,38.127254486083984,6987200
2012-05-01,43.18000030517578,44.09000015258789,43.150001525878906,43.790000915527344,38.72866439819336,9316200
2012-05-02,43.56999969482422,43.810001373291016,43.29999923706055,43.540000915527344,38.5075569152832,8038200
2012-05-03,43.540000915527344,44.130001068115234,43.4900016784668,43.810001373291016,38.7463493347168,9353900
2012-05-04,43.599998474121094,43.709999084472656,42.84000015258789,42.93000030517578,37.968055725097656,7458800
2012-05-07,43.650001525878906,43.95000076293945,43.310001373291016,43.81999969482422,38.75519561767578,11780500
2012-05-08,43.779998779296875,44.4900016784668,43.09000015258789,44.29999923706055,39.179710388183594,19680900
2012-05-09,44.459999084472656,45.79999923706055,44.40999984741211,45.02000045776367,39.816497802734375,21348300
2012-05-10,45.13999938964844,45.59000015258789,45.04999923706055,45.279998779296875,40.046443939208984,14082900
2012-05-11,45.130001068115234,45.79999923706055,45.0,45.560001373291016,40.29408645629883,9779300
2012-05-14,45.16999816894531,45.5,44.97999954223633,45.16999816894531,39.949161529541016,8059400
2012-05-15,45.22999954223633,45.79999923706055,44.91999816894531,45.0099983215332,39.807647705078125,10168800
2012-05-16,45.150001525878906,45.54999923706055,45.060001373291016,45.08000183105469,39.869564056396484,8399800
2012-05-17,45.150001525878906,45.22999954223633,44.29999923706055,44.33000183105469,39.20625305175781,8475100
2012-05-18,44.459999084472656,44.4900016784668,43.619998931884766,43.810001373291016,38.7463493347168,10598200
2012-05-21,43.810001373291016,44.40999984741211,43.5099983215332,44.38999938964844,39.25930404663086,8309300
2012-05-22,44.4900016784668,44.70000076293945,44.130001068115234,44.38999938964844,39.25930404663086,6855400
2012-05-23,44.2400016784668,44.459999084472656,43.810001373291016,44.209999084472656,39.100120544433594,8875700
2012-05-24,44.40999984741211,44.61000061035156,44.0099983215332,44.439998626708984,39.30353546142578,9813200
2012-05-25,44.4900016784668,44.959999084472656,44.380001068115234,44.5,39.356597900390625,8520700
2012-05-29,44.70000076293945,45.5,44.599998474121094,45.47999954223633,40.22332000732422,10560000
2012-05-30,45.02000045776367,45.47999954223633,44.86000061035156,45.20000076293945,39.9756965637207,11208700
2012-05-31,45.130001068115234,46.099998474121094,45.060001373291016,45.709999084472656,40.4267463684082,14646500
2012-06-01,45.150001525878906,45.349998474121094,44.34000015258789,44.400001525878906,39.26816177368164,14874500
2012-06-04,44.470001220703125,44.689998626708984,44.13999938964844,44.40999984741211,39.277000427246094,9480300
2012-06-05,44.5099983215332,44.91999816894531,44.20000076293945,44.84000015258789,39.65730285644531,11166600
2012-06-06,45.02000045776367,45.599998474121094,45.0,45.529998779296875,40.267547607421875,9494400
2012-06-07,45.84000015258789,46.220001220703125,45.529998779296875,45.630001068115234,40.35599136352539,10238900
2012-06-08,45.70000076293945,46.25,45.59000015258789,46.2400016784668,40.89548873901367,10716400
2012-06-11,46.349998474121094,46.630001068115234,45.72999954223633,45.79999923706055,40.506343841552734,7907400
2012-06-12,45.75,46.40999984741211,45.58000183105469,46.380001068115234,41.01930236816406,7742900
2012-06-13,46.25,46.650001525878906,45.9900016784668,46.22999954223633,40.88664627075195,7317600
2012-06-14,46.400001525878906,47.45000076293945,46.209999084472656,47.18000030517578,41.72683334350586,12553900
2012-06-15,47.40999984741211,47.43000030517578,46.91999816894531,47.09000015258789,41.64724349975586,11198200
2012-06-18,46.959999084472656,47.400001525878906,46.79999923706055,47.099998474121094,41.65608215332031,8821100
2012-06-19,47.43000030517578,48.0,47.279998779296875,47.5099983215332,42.01869583129883,8209000
2012-06-20,47.63999938964844,47.970001220703125,47.43000030517578,47.72999954223633,42.2132568359375,7264700
2012-06-21,47.79999923706055,47.88999938964844,47.220001220703125,47.400001525878906,41.921417236328125,10077700
2012-06-22,47.38999938964844,47.52000045776367,46.90999984741211,47.470001220703125,41.983314514160156,18881600
2012-06-25,47.220001220703125,47.22999954223633,46.54999923706055,46.70000076293945,41.30232238769531,6740600
2012-06-26,46.880001068115234,47.470001220703125,46.81999969482422,47.29999923706055,41.83296585083008,7279900
2012-06-27,47.27000045776367,48.08000183105469,47.22999954223633,47.869998931884766,42.33708953857422,6023500
2012-06-28,47.66999816894531,47.84000015258789,46.97999954223633,47.81999969482422,42.29286575317383,6674200
2012-06-29,48.52000045776367,48.95000076293945,48.220001220703125,48.5,42.89427185058594,10300500
2012-07-02,48.619998931884766,48.75,48.2400016784668,48.720001220703125,43.08884048461914,7275600
2012-07-03,48.66999816894531,48.75,48.41999816894531,48.59000015258789,42.97386932373047,3060800
2012-07-05,48.279998779296875,48.54999923706055,47.83000183105469,48.11000061035156,42.549346923828125,7770100
2012-07-06,47.77000045776367,48.18000030517578,47.70000076293945,48.040000915527344,42.48744201660156,5623100
2012-07-09,48.060001373291016,48.18000030517578,47.7599983215332,48.0,42.45206069946289,5596200
2012-07-10,48.16999816894531,48.380001068115234,47.18000030517578,47.36000061035156,41.88603591918945,8787500
2012-07-11,47.45000076293945,47.59000015258789,46.970001220703125,47.27000045776367,41.80643081665039,6501000
2012-07-12,47.380001068115234,47.79999923706055,46.849998474121094,47.40999984741211,41.930259704589844,8270700
2012-07-13,47.400001525878906,48.380001068115234,47.380001068115234,48.189998626708984,42.620094299316406,7187300
2012-07-16,47.959999084472656,48.119998931884766,47.689998626708984,47.86000061035156,42.3282356262207,5675200
2012-07-17,48.439998626708984,49.91999816894531,48.400001525878906,49.349998474121094,43.646018981933594,15909900
2012-07-18,49.13999938964844,49.66999816894531,48.959999084472656,49.349998474121094,43.646018981933594,7677500
2012-07-19,49.38999938964844,49.619998931884766,48.72999954223633,48.9900016784668,43.327632904052734,9330800
2012-07-20,48.599998474121094,48.95000076293945,48.5,48.59000015258789,42.97386932373047,8482300
2012-07-23,47.77000045776367,48.060001373291016,47.41999816894531,47.97999954223633,42.43437194824219,8333100
2012-07-24,48.029998779296875,48.33000183105469,47.689998626708984,48.15999984741211,42.59356689453125,8955100
2012-07-25,48.33000183105469,48.63999938964844,48.0099983215332,48.29999923706055,42.71739196777344,7034000
2012-07-26,49.060001373291016,49.869998931884766,49.060001373291016,49.709999084472656,43.96441650390625,10497100
2012-07-27,49.88999938964844,50.540000915527344,49.689998626708984,49.939998626708984,44.16782760620117,16174800
2012-07-30,49.95000076293945,50.13999938964844,49.650001525878906,49.79999923706055,44.04400634765625,8890600
2012-07-31,49.779998779296875,49.849998474121094,49.09000015258789,49.13999938964844,43.46029281616211,10503000
2012-08-01,49.33000183105469,49.529998779296875,48.720001220703125,48.81999969482422,43.17728805541992,6780200
2012-08-02,48.599998474121094,48.9900016784668,48.130001068115234,48.97999954223633,43.31878662109375,9559000
2012-08-03,49.810001373291016,49.869998931884766,49.36000061035156,49.77000045776367,44.017478942871094,8187800
2012-08-06,49.970001220703125,50.0,49.650001525878906,49.650001525878906,43.91135025024414,6353300
2012-08-07,50.0099983215332,50.310001373291016,49.720001220703125,49.810001373291016,44.0528564453125,13676500
2012-08-08,49.36000061035156,50.650001525878906,49.04999923706055,50.4900016784668,44.65427017211914,14724900
2012-08-09,50.279998779296875,50.470001220703125,49.849998474121094,49.959999084472656,44.185523986816406,10430300
2012-08-10,49.900001525878906,49.91999816894531,49.31999969482422,49.650001525878906,43.91135025024414,7449500
2012-08-13,49.529998779296875,49.9900016784668,49.459999084472656,49.86000061035156,44.097076416015625,4875000
2012-08-14,49.93000030517578,50.150001525878906,49.529998779296875,49.689998626708984,43.94673156738281,6365900
2012-08-15,49.650001525878906,49.970001220703125,49.650001525878906,49.88999938964844,44.123600006103516,4887100
2012-08-16,49.9900016784668,50.41999816894531,49.79999923706055,50.25,44.44199752807617,8285700
2012-08-17,50.369998931884766,50.54999923706055,50.33000183105469,50.459999084472656,44.62773132324219,6354700
2012-08-20,50.31999969482422,50.59000015258789,50.150001525878906,50.45000076293945,44.61888885498047,6937100
2012-08-21,50.40999984741211,50.47999954223633,49.5099983215332,49.63999938964844,43.90250778198242,7683200
2012-08-22,49.599998474121094,50.150001525878906,49.5,49.65999984741211,43.920196533203125,6759400
2012-08-23,49.61000061035156,49.65999984741211,49.029998779296875,49.16999816894531,43.48682403564453,5428300
2012-08-24,49.08000183105469,49.61000061035156,49.0099983215332,49.560001373291016,43.831748962402344,5793700
2012-08-27,49.4900016784668,49.849998474121094,49.40999984741211,49.630001068115234,43.89366912841797,6228800
2012-08-28,49.439998626708984,49.849998474121094,49.290000915527344,49.630001068115234,43.89366912841797,7962400
2012-08-29,49.63999938964844,50.16999816894531,49.59000015258789,50.040000915527344,44.25627136230469,7685100
2012-08-30,49.720001220703125,49.779998779296875,49.369998931884766,49.41999816894531,43.70793151855469,6697800
2012-08-31,49.63999938964844,49.900001525878906,49.400001525878906,49.470001220703125,43.75216293334961,6232500
2012-09-04,49.52000045776367,49.83000183105469,49.22999954223633,49.65999984741211,43.920196533203125,6988700
2012-09-05,50.13999938964844,51.2400016784668,50.09000015258789,50.790000915527344,44.919578552246094,16689300
2012-09-06,50.70000076293945,51.869998931884766,50.63999938964844,51.86000061035156,45.86591720581055,10124600
2012-09-07,51.869998931884766,52.0,51.65999984741211,51.7400016784668,45.75978088378906,8923600
2012-09-10,51.61000061035156,51.79999923706055,51.47999954223633,51.52000045776367,45.56521987915039,7479300
2012-09-11,51.470001220703125,51.66999816894531,51.43000030517578,51.560001373291016,45.600589752197266,6631700
2012-09-12,51.599998474121094,51.790000915527344,51.27000045776367,51.70000076293945,45.72440719604492,7100200
2012-09-13,51.72999954223633,52.66999816894531,51.72999954223633,52.599998474121094,46.5203857421875,11184700
2012-09-14,52.45000076293945,52.75,52.16999816894531,52.349998474121094,46.299278259277344,9507000
2012-09-17,52.31999969482422,52.43000030517578,51.959999084472656,52.150001525878906,46.122398376464844,7852900
2012-09-18,52.029998779296875,52.119998931884766,51.77000045776367,51.900001525878906,45.90129470825195,7100800
2012-09-19,51.779998779296875,52.95000076293945,51.779998779296875,52.70000076293945,46.60882568359375,7822500
2012-09-20,52.43000030517578,52.90999984741211,52.43000030517578,52.65999984741211,46.57344436645508,8598300
2012-09-21,52.939998626708984,53.38999938964844,52.72999954223633,52.7400016784668,46.644203186035156,13229300
2012-09-24,52.66999816894531,53.04999923706055,52.61000061035156,52.91999816894531,46.80339431762695,6148000
2012-09-25,52.88999938964844,53.400001525878906,52.540000915527344,52.540000915527344,46.467323303222656,7421200
2012-09-26,52.41999816894531,52.599998474121094,51.77000045776367,51.939998626708984,45.93666458129883,8017900
2012-09-27,52.119998931884766,52.779998779296875,51.970001220703125,52.58000183105469,46.502708435058594,5309400
2012-09-28,52.40999984741211,52.529998779296875,52.04999923706055,52.279998779296875,46.237369537353516,6695200
2012-10-01,52.310001373291016,52.86000061035156,51.91999816894531,52.06999969482422,46.05164337158203,6557200
2012-10-02,52.130001068115234,52.25,51.470001220703125,51.63999938964844,45.67134475708008,7243900
2012-10-03,51.720001220703125,52.689998626708984,51.689998626708984,52.470001220703125,46.4054069519043,6626600
2012-10-04,52.720001220703125,53.08000183105469,52.38999938964844,52.630001068115234,46.54691696166992,6507800
2012-10-05,52.84000015258789,53.150001525878906,52.7599983215332,52.970001220703125,46.847625732421875,5223200
2012-10-08,52.369998931884766,52.5,52.11000061035156,52.33000183105469,46.281593322753906,5827900
2012-10-09,52.31999969482422,52.33000183105469,51.459999084472656,51.5099983215332,45.55636978149414,8072100
2012-10-10,51.38999938964844,51.630001068115234,51.09000015258789,51.209999084472656,45.291038513183594,6407900
2012-10-11,51.33000183105469,51.560001373291016,50.20000076293945,50.34000015258789,44.521610260009766,10118400
2012-10-12,50.54999923706055,50.75,50.41999816894531,50.59000015258789,44.742713928222656,6135600
2012-10-15,50.59000015258789,50.810001373291016,50.36000061035156,50.790000915527344,44.919578552246094,6871200
2012-10-16,51.16999816894531,51.5,51.08000183105469,51.2400016784668,45.31757354736328,4997300
2012-10-17,51.400001525878906,52.400001525878906,51.33000183105469,52.290000915527344,46.2462158203125,7787900
2012-10-18,52.2599983215332,52.7400016784668,52.119998931884766,52.41999816894531,46.36118698120117,6290600
2012-10-19,52.5,52.59000015258789,51.599998474121094,51.900001525878906,45.90129470825195,8454800
2012-10-22,51.810001373291016,52.04999923706055,51.400001525878906,51.790000915527344,45.80400085449219,6131800
2012-10-23,51.33000183105469,51.349998474121094,50.75,50.7599983215332,44.89305114746094,8531000
2012-10-24,50.95000076293945,51.08000183105469,50.560001373291016,50.650001525878906,44.7957763671875,6069500
2012-10-25,50.93000030517578,51.029998779296875,49.959999084472656,50.2599983215332,44.45084762573242,6794100
2012-10-26,50.36000061035156,50.540000915527344,49.52000045776367,50.08000183105469,44.291656494140625,8359800
2012-10-31,51.150001525878906,51.2400016784668,48.79999923706055,49.119998931884766,43.44261169433594,20702900
2012-11-01,49.279998779296875,50.310001373291016,49.279998779296875,49.779998779296875,44.02632141113281,10582900
2012-11-02,50.630001068115234,50.9900016784668,49.77000045776367,49.86000061035156,44.097076416015625,14027500
2012-11-05,50.810001373291016,50.86000061035156,49.81999969482422,50.31999969482422,44.50391387939453,9575100
2012-11-06,50.56999969482422,50.70000076293945,50.08000183105469,50.470001220703125,44.636573791503906,7691200
2012-11-07,50.650001525878906,50.650001525878906,49.59000015258789,50.08000183105469,44.291656494140625,8533200
2012-11-08,50.09000015258789,50.84000015258789,49.91999816894531,50.040000915527344,44.25627136230469,11124200
2012-11-09,46.9900016784668,47.95000076293945,46.529998779296875,47.060001373291016,41.620697021484375,34216900
2012-11-12,47.4900016784668,47.630001068115234,46.959999084472656,47.45000076293945,41.96563720703125,12344500
2012-11-13,47.279998779296875,48.41999816894531,47.279998779296875,47.959999084472656,42.416683197021484,12269300
2012-11-14,48.029998779296875,48.040000915527344,47.04999923706055,47.16999816894531,41.71799087524414,9776400
2012-11-15,47.2400016784668,47.63999938964844,46.959999084472656,47.470001220703125,41.983314514160156,11416900
2012-11-16,47.59000015258789,47.7599983215332,47.04999923706055,47.41999816894531,41.93910217285156,9833400
2012-11-19,47.70000076293945,48.029998779296875,47.45000076293945,47.90999984741211,42.37245559692383,8512400
2012-11-20,47.779998779296875,48.5,47.65999984741211,48.439998626708984,42.84120178222656,7465100
2012-11-21,48.5,48.95000076293945,48.400001525878906,48.68000030517578,43.0534782409668,6763300
2012-11-23,48.88999938964844,49.279998779296875,48.79999923706055,49.2599983215332,43.566436767578125,3353600
2012-11-26,48.97999954223633,49.43000030517578,48.90999984741211,49.029998779296875,43.36301040649414,6935800
2012-11-27,49.060001373291016,49.20000076293945,48.529998779296875,48.599998474121094,42.98270797729492,6720400
2012-11-28,48.470001220703125,49.25,47.84000015258789,49.20000076293945,43.513370513916016,8148500
2012-11-29,49.5099983215332,49.849998474121094,49.31999969482422,49.720001220703125,43.97325897216797,7232200
2012-11-30,49.810001373291016,49.939998626708984,49.25,49.65999984741211,43.920196533203125,12343900
2012-12-03,49.77000045776367,50.0,49.27000045776367,49.290000915527344,43.59295654296875,8395400
2012-12-04,49.25,49.45000076293945,48.849998474121094,49.29999923706055,43.601802825927734,8400900
2012-12-05,49.43000030517578,49.900001525878906,49.13999938964844,49.59000015258789,43.8582878112793,9182300
2012-12-06,48.779998779296875,49.130001068115234,48.560001373291016,49.060001373291016,44.055850982666016,4828900
2012-12-07,49.18000030517578,49.380001068115234,49.0099983215332,49.2400016784668,44.21748733520508,5279200
2012-12-10,49.209999084472656,49.5099983215332,49.189998626708984,49.29999923706055,44.2713623046875,5264500
2012-12-11,49.369998931884766,49.9900016784668,49.36000061035156,49.47999954223633,44.433006286621094,9040000
2012-12-12,49.7599983215332,50.06999969482422,49.41999816894531,49.63999938964844,44.576683044433594,6474300
2012-12-13,49.61000061035156,49.689998626708984,48.90999984741211,49.11000061035156,44.100746154785156,6108000
2012-12-14,49.0099983215332,49.119998931884766,48.54999923706055,48.66999816894531,43.70562744140625,8086400
2012-12-17,48.720001220703125,49.31999969482422,48.66999816894531,49.279998779296875,44.25340270996094,10324500
2012-12-18,49.349998474121094,50.31999969482422,49.150001525878906,50.220001220703125,45.097530364990234,14023800
2012-12-19,50.150001525878906,50.5099983215332,49.939998626708984,49.939998626708984,44.84608459472656,8382100
2012-12-20,49.83000183105469,51.060001373291016,49.83000183105469,50.93000030517578,45.735107421875,8410700
2012-12-21,50.40999984741211,50.75,49.68000030517578,50.0,44.899967193603516,15996900
2012-12-24,49.91999816894531,50.20000076293945,49.84000015258789,49.880001068115234,44.79220962524414,2772000
2012-12-26,49.849998474121094,49.97999954223633,49.45000076293945,49.849998474121094,44.765262603759766,4200200
2012-12-27,49.79999923706055,50.0,48.900001525878906,49.529998779296875,44.47791290283203,6948200
2012-12-28,49.349998474121094,49.70000076293945,49.02000045776367,49.150001525878906,44.13666534423828,6985800
2012-12-31,48.88999938964844,49.79999923706055,48.79999923706055,49.790000915527344,44.71139144897461,10224500
2013-01-02,50.79999923706055,51.25,50.63999938964844,51.099998474121094,45.88776397705078,11674700
2013-01-03,51.04999923706055,51.34000015258789,50.84000015258789,51.209999084472656,45.98653793334961,7566600
2013-01-04,51.380001068115234,52.34000015258789,51.33000183105469,52.189998626708984,46.86658477783203,8745900
2013-01-07,51.7599983215332,51.7599983215332,50.65999984741211,50.970001220703125,45.77102279663086,9472100
2013-01-08,50.880001068115234,51.18000030517578,50.56999969482422,50.7599983215332,45.58244323730469,8637600
2013-01-09,50.93000030517578,51.5,50.7599983215332,50.779998779296875,45.60040283203125,8389000
2013-01-10,50.869998931884766,51.2400016784668,50.59000015258789,50.790000915527344,45.609378814697266,8097400
2013-01-11,50.81999969482422,51.02000045776367,50.45000076293945,50.58000183105469,45.42080307006836,7149000
2013-01-14,50.400001525878906,50.83000183105469,50.18000030517578,50.59000015258789,45.42979431152344,9308800
2013-01-15,50.470001220703125,51.150001525878906,50.43000030517578,51.09000015258789,45.878780364990234,7299500
2013-01-16,50.849998474121094,51.779998779296875,50.79999923706055,51.529998779296875,46.273902893066406,7371800
2013-01-17,51.84000015258789,52.70000076293945,51.84000015258789,52.40999984741211,47.064144134521484,10132100
2013-01-18,52.2400016784668,52.34000015258789,51.810001373291016,52.34000015258789,47.001285552978516,8490900
2013-01-22,52.38999938964844,52.79999923706055,52.18000030517578,52.72999954223633,47.351497650146484,6635200
2013-01-23,52.86000061035156,54.15999984741211,52.779998779296875,53.95000076293945,48.447059631347656,13842700
2013-01-24,54.029998779296875,54.869998931884766,53.91999816894531,53.95000076293945,48.447059631347656,13608000
2013-01-25,53.79999923706055,54.560001373291016,53.61000061035156,54.380001068115234,48.83320617675781,7939400
2013-01-28,54.279998779296875,54.560001373291016,54.099998474121094,54.36000061035156,48.81524658203125,7133500
2013-01-29,54.150001525878906,54.209999084472656,53.529998779296875,53.9900016784668,48.48298645019531,7786400
2013-01-30,53.849998474121094,54.0,53.54999923706055,53.790000915527344,48.30339050292969,9821800
2013-01-31,53.84000015258789,54.25,53.650001525878906,53.880001068115234,48.38419723510742,7333900
2013-02-01,54.18000030517578,54.869998931884766,54.150001525878906,54.59000015258789,49.02178192138672,9552300
2013-02-04,54.15999984741211,54.5,53.79999923706055,53.900001525878906,48.402164459228516,7717400
2013-02-05,54.36000061035156,54.40999984741211,54.0,54.290000915527344,48.75238037109375,10246400
2013-02-06,55.400001525878906,55.5,54.40999984741211,54.52000045776367,48.95892333984375,26833600
2013-02-07,54.06999969482422,54.47999954223633,53.40999984741211,54.36000061035156,48.81524658203125,11723200
2013-02-08,54.380001068115234,54.720001220703125,54.310001373291016,54.65999984741211,49.08463668823242,9584300
2013-02-11,54.650001525878906,54.97999954223633,54.59000015258789,54.75,49.165462493896484,6358600
2013-02-12,54.77000045776367,55.04999923706055,54.689998626708984,54.95000076293945,49.34505844116211,8758100
2013-02-13,55.08000183105469,55.29999923706055,54.66999816894531,54.959999084472656,49.35404586791992,5701400
2013-02-14,54.91999816894531,55.16999816894531,54.709999084472656,54.880001068115234,49.282203674316406,8564500
2013-02-15,55.04999923706055,55.619998931884766,54.88999938964844,55.61000061035156,49.937744140625,17783400
2013-02-19,55.58000183105469,55.95000076293945,55.56999969482422,55.72999954223633,50.04549789428711,7780500
2013-02-20,55.619998931884766,55.81999969482422,54.560001373291016,54.599998474121094,49.030757904052734,8460700
2013-02-21,54.58000183105469,54.81999969482422,54.0099983215332,54.16999816894531,48.64461898803711,6802500
2013-02-22,54.38999938964844,54.58000183105469,53.93000030517578,54.25,48.716461181640625,7603600
2013-02-25,54.599998474121094,54.790000915527344,53.59000015258789,53.59000015258789,48.12378692626953,9830200
2013-02-26,53.810001373291016,54.040000915527344,53.599998474121094,53.900001525878906,48.402164459228516,6238300
2013-02-27,53.900001525878906,54.65999984741211,53.849998474121094,54.47999954223633,48.92300033569336,7243500
2013-02-28,54.540000915527344,55.040000915527344,54.38999938964844,54.59000015258789,49.02178192138672,6605000
2013-03-01,54.310001373291016,55.369998931884766,54.29999923706055,55.33000183105469,49.686302185058594,8311500
2013-03-04,55.15999984741211,55.84000015258789,55.0,55.79999923706055,50.108360290527344,6357400
2013-03-05,55.95000076293945,56.58000183105469,55.900001525878906,56.47999954223633,50.71900939941406,7067900
2013-03-06,56.529998779296875,56.84000015258789,56.25,56.36000061035156,50.61124038696289,5572600
2013-03-07,56.36000061035156,56.470001220703125,56.0099983215332,56.31999969482422,50.57532501220703,4813700
2013-03-08,56.560001373291016,57.5099983215332,56.52000045776367,57.38999938964844,51.53617858886719,8157800
2013-03-11,57.38999938964844,57.75,57.34000015258789,57.65999984741211,51.77864456176758,7155200
2013-03-12,57.52000045776367,57.630001068115234,56.70000076293945,57.11000061035156,51.284732818603516,7159100
2013-03-13,57.15999984741211,57.439998626708984,56.939998626708984,57.34000015258789,51.49128723144531,5209800
2013-03-14,57.349998474121094,57.81999969482422,57.27000045776367,57.75,51.859458923339844,5908200
2013-03-15,57.5,57.779998779296875,57.34000015258789,57.58000183105469,51.70679473876953,13788100
2013-03-18,57.08000183105469,57.189998626708984,56.75,56.83000183105469,51.03330612182617,5125800
2013-03-19,56.83000183105469,57.04999923706055,55.7599983215332,56.310001373291016,50.56634521484375,8884200
2013-03-20,56.59000015258789,57.150001525878906,56.540000915527344,56.939998626708984,51.132076263427734,6018700
2013-03-21,56.7400016784668,56.849998474121094,56.15999984741211,56.310001373291016,50.56634521484375,5168500
2013-03-22,56.650001525878906,57.099998474121094,56.52000045776367,56.779998779296875,50.988399505615234,5500200
2013-03-25,57.0,57.11000061035156,55.869998931884766,56.209999084472656,50.47654342651367,7881500
2013-03-26,56.40999984741211,56.72999954223633,56.33000183105469,56.630001068115234,50.853702545166016,4675600
2013-03-27,56.34000015258789,56.5,55.9900016784668,56.470001220703125,50.71002197265625,6392400
2013-03-28,56.59000015258789,56.939998626708984,56.5,56.79999923706055,51.0063591003418,6705600
2013-04-01,56.88999938964844,57.13999938964844,56.150001525878906,56.689998626708984,50.90757751464844,6722400
2013-04-02,57.040000915527344,57.459999084472656,56.959999084472656,57.459999084472656,51.59904861450195,6575300
2013-04-03,57.63999938964844,57.75,57.0,57.25,51.41046142578125,8101000
2013-04-04,57.279998779296875,57.720001220703125,57.18000030517578,57.59000015258789,51.71577835083008,6412400
2013-04-05,56.88999938964844,57.72999954223633,56.369998931884766,57.70000076293945,51.81455612182617,7034700
2013-04-08,57.83000183105469,58.81999969482422,57.7599983215332,58.81999969482422,52.82032012939453,9796200
2013-04-09,58.720001220703125,59.2400016784668,58.52000045776367,59.13999938964844,53.1076774597168,8864800
2013-04-10,59.369998931884766,60.13999938964844,59.34000015258789,60.11000061035156,53.97874450683594,8438100
2013-04-11,60.11000061035156,60.66999816894531,60.02000045776367,60.54999923706055,54.37385177612305,9241800
2013-04-12,60.290000915527344,60.72999954223633,60.27000045776367,60.54999923706055,54.37385177612305,8533000
2013-04-15,60.2599983215332,60.66999816894531,58.84000015258789,58.880001068115234,52.87419891357422,12027900
2013-04-16,59.2599983215332,60.75,59.08000183105469,60.75,54.55345153808594,10309400
2013-04-17,60.349998474121094,60.689998626708984,60.02000045776367,60.68000030517578,54.490596771240234,11531200
2013-04-18,60.63999938964844,60.66999816894531,59.880001068115234,59.9900016784668,53.87097930908203,9203200
2013-04-19,60.25,61.560001373291016,60.25,61.560001373291016,55.28083419799805,9488300
2013-04-22,61.59000015258789,62.099998474121094,61.150001525878906,62.0099983215332,55.684940338134766,6306900
2013-04-23,62.400001525878906,62.619998931884766,61.540000915527344,62.59000015258789,56.20577621459961,6260800
2013-04-24,62.709999084472656,62.900001525878906,61.59000015258789,61.939998626708984,55.622066497802734,7335400
2013-04-25,62.0099983215332,62.16999816894531,61.54999923706055,62.0,55.67595672607422,6680900
2013-04-26,62.060001373291016,62.290000915527344,61.54999923706055,61.869998931884766,55.55921936035156,7038500
2013-04-29,62.81999969482422,63.25,62.59000015258789,63.0,56.57394790649414,7203900
2013-04-30,62.93000030517578,63.08000183105469,62.439998626708984,62.84000015258789,56.43027114868164,8528800
2013-05-01,62.880001068115234,63.5,62.79999923706055,63.209999084472656,56.762535095214844,7468900
2013-05-02,63.400001525878906,63.93000030517578,63.11000061035156,63.880001068115234,57.364200592041016,5249600
2013-05-03,64.18000030517578,64.8499984741211,63.880001068115234,64.80000305175781,58.19036102294922,9196000
2013-05-06,65.08999633789062,65.58999633789062,64.51000213623047,65.05999755859375,58.423831939697266,10239600
2013-05-07,65.44000244140625,66.08999633789062,64.7699966430664,66.06999969482422,59.3308219909668,14539100
2013-05-08,66.0,66.0,64.55999755859375,65.98999786376953,59.258975982666016,17803200
2013-05-09,65.7300033569336,67.11000061035156,65.51000213623047,66.66999816894531,59.8696174621582,11325000
2013-05-10,66.69000244140625,67.43000030517578,66.33999633789062,67.19999694824219,60.34555435180664,8654000
2013-05-13,66.95999908447266,67.5199966430664,66.91999816894531,67.31999969482422,60.45332717895508,5195000
2013-05-14,67.43000030517578,67.48999786376953,66.9800033569336,67.47000122070312,60.5880126953125,9675400
2013-05-15,67.41999816894531,67.79000091552734,67.18000030517578,67.66999816894531,60.767601013183594,7925900
2013-05-16,67.62000274658203,67.88999938964844,66.19999694824219,66.47000122070312,59.69001007080078,8473100
2013-05-17,66.16000366210938,66.58000183105469,65.68000030517578,66.58000183105469,59.7888069152832,9160100
2013-05-20,66.58000183105469,66.5999984741211,66.05000305175781,66.12000274658203,59.37572479248047,5893300
2013-05-21,66.3499984741211,66.4000015258789,65.70999908447266,65.83000183105469,59.11528778076172,7359100
2013-05-22,65.76000213623047,66.70999908447266,65.2699966430664,65.56999969482422,58.88182067871094,8142400
2013-05-23,64.87000274658203,65.44000244140625,64.23999786376953,65.2300033569336,58.57650375366211,7536200
2013-05-24,64.75,65.52999877929688,64.38999938964844,65.48999786376953,58.80997085571289,8846100
2013-05-28,65.9800033569336,66.76000213623047,65.91999816894531,66.69000244140625,59.887577056884766,8280000
2013-05-29,66.37000274658203,66.4800033569336,65.73999786376953,66.26000213623047,59.50143051147461,6954000
2013-05-30,66.44000244140625,67.11000061035156,64.31999969482422,64.6500015258789,58.0556526184082,13052700
2013-05-31,64.56999969482422,65.02999877929688,63.06999969482422,63.08000183105469,56.64579772949219,11280900
2013-06-03,63.060001373291016,63.81999969482422,62.529998779296875,63.79999923706055,57.29235076904297,8705600
2013-06-04,63.93000030517578,64.93000030517578,63.86000061035156,64.3499984741211,57.786258697509766,8147700
2013-06-05,64.05000305175781,64.12000274658203,62.79999923706055,63.119998931884766,56.68172073364258,8893600
2013-06-06,63.099998474121094,63.31999969482422,62.040000915527344,63.13999938964844,56.69968032836914,8661900
2013-06-07,63.630001068115234,64.87000274658203,63.25,64.8499984741211,58.23524856567383,7611300
2013-06-10,64.91000366210938,64.97000122070312,63.70000076293945,63.83000183105469,57.319297790527344,6729500
2013-06-11,63.31999969482422,64.30000305175781,62.970001220703125,63.79999923706055,57.29235076904297,6454800
2013-06-12,64.31999969482422,64.44999694824219,62.869998931884766,62.9900016784668,56.56497573852539,7663200
2013-06-13,62.9900016784668,64.4000015258789,62.52000045776367,64.30000305175781,57.741355895996094,5584900
2013-06-14,64.01000213623047,64.43000030517578,63.630001068115234,63.79999923706055,57.29235076904297,5311800
2013-06-17,64.30000305175781,65.12999725341797,64.25,64.48999786376953,57.91196823120117,6752000
2013-06-18,64.61000061035156,65.48999786376953,64.55999755859375,65.29000091552734,58.63037109375,5234400
2013-06-19,65.19000244140625,65.55000305175781,64.33000183105469,64.33000183105469,57.76830291748047,6871400
2013-06-20,63.220001220703125,63.52000045776367,61.81999969482422,61.97999954223633,55.657989501953125,12260800
2013-06-21,62.619998931884766,63.08000183105469,61.81999969482422,62.72999954223633,56.33149337768555,11892400
2013-06-24,62.25,62.9900016784668,61.81999969482422,62.439998626708984,56.07107925415039,6494500
2013-06-25,62.880001068115234,63.099998474121094,62.5,62.56999969482422,56.18781280517578,6776700
2013-06-26,62.95000076293945,63.459999084472656,62.75,63.209999084472656,56.762535095214844,5720400
2013-06-27,63.650001525878906,63.970001220703125,63.45000076293945,63.720001220703125,57.220516204833984,4875900
2013-06-28,63.7599983215332,64.5199966430664,63.150001525878906,63.150001525878906,56.708656311035156,10560300
2013-07-01,63.84000015258789,64.91999816894531,63.630001068115234,63.93000030517578,57.409095764160156,8221600
2013-07-02,63.83000183105469,64.13999938964844,63.08000183105469,63.2599983215332,56.80742645263672,7690500
2013-07-03,62.849998474121094,63.83000183105469,62.56999969482422,63.61000061035156,57.12173843383789,3351800
2013-07-05,63.880001068115234,63.95000076293945,63.11000061035156,63.81999969482422,57.31031799316406,5645800
2013-07-08,64.27999877929688,64.79000091552734,64.16000366210938,64.70999908447266,58.10953140258789,6679700
2013-07-09,65.31999969482422,65.54000091552734,64.6500015258789,64.94000244140625,58.31607437133789,4556400
2013-07-10,64.86000061035156,65.30000305175781,64.56999969482422,64.91000366210938,58.28913497924805,5761700
2013-07-11,65.6500015258789,66.83000183105469,65.6500015258789,66.58000183105469,59.7888069152832,8329800
2013-07-12,66.38999938964844,67.0,65.93000030517578,66.9800033569336,60.14800262451172,5889900
2013-07-15,67.0199966430664,67.36000061035156,65.88999938964844,65.93000030517578,59.20509338378906,6458000
2013-07-16,65.94999694824219,66.0999984741211,64.93000030517578,65.02999877929688,58.396888732910156,7470900
2013-07-17,65.41999816894531,65.45999908447266,64.76000213623047,65.36000061035156,58.6932373046875,6846700
2013-07-18,65.69999694824219,66.37000274658203,65.66000366210938,65.81999969482422,59.10630798339844,4962800
2013-07-19,65.88999938964844,66.02999877929688,64.91000366210938,65.16000366210938,58.513641357421875,7220400
2013-07-22,65.1500015258789,65.33000183105469,64.26000213623047,64.4000015258789,57.83115768432617,5973600
2013-07-23,64.5999984741211,64.7699966430664,64.33000183105469,64.44999694824219,57.87604904174805,4534500
2013-07-24,64.58999633789062,65.12000274658203,64.52999877929688,64.63999938964844,58.04666519165039,5326800
2013-07-25,64.31999969482422,64.73999786376953,64.26000213623047,64.55000305175781,57.96586227416992,5407800
2013-07-26,64.47000122070312,65.06999969482422,64.11000061035156,64.9800033569336,58.35200500488281,4949600
2013-07-29,64.80000305175781,65.02999877929688,64.47000122070312,64.61000061035156,58.019737243652344,3805800
2013-07-30,64.69999694824219,64.87000274658203,64.0999984741211,64.18000030517578,57.63359832763672,6210500
2013-07-31,64.43000030517578,65.12000274658203,64.37999725341797,64.6500015258789,58.0556526184082,7155300
2013-08-01,65.16000366210938,65.87000274658203,65.12999725341797,65.36000061035156,58.6932373046875,6338100
2013-08-02,65.55999755859375,66.58999633789062,65.33000183105469,66.51000213623047,59.725929260253906,6098500
2013-08-05,66.5,66.54000091552734,65.61000061035156,66.0199966430664,59.28590774536133,7265800
2013-08-06,66.08999633789062,67.16000366210938,65.97000122070312,67.05000305175781,60.21086120605469,11546300
2013-08-07,64.93000030517578,66.30000305175781,64.12000274658203,65.91000366210938,59.187137603759766,16970500
2013-08-08,66.33999633789062,66.45999908447266,65.19999694824219,65.75,59.04345703125,8826400
2013-08-09,65.47000122070312,65.75,64.5999984741211,64.7300033569336,58.127498626708984,7945500
2013-08-12,64.26000213623047,64.43000030517578,63.66999816894531,63.93000030517578,57.409095764160156,8004900
2013-08-13,64.26000213623047,64.26000213623047,63.40999984741211,63.97999954223633,57.45399856567383,6025100
2013-08-14,63.95000076293945,64.16999816894531,63.470001220703125,63.959999084472656,57.436038970947266,6413700
2013-08-15,63.279998779296875,63.31999969482422,62.20000076293945,62.380001068115234,56.01719665527344,9014100
2013-08-16,61.970001220703125,62.5,61.709999084472656,62.16999816894531,55.828617095947266,8238800
2013-08-19,62.150001525878906,62.18000030517578,61.83000183105469,61.83000183105469,55.5233039855957,5659900
2013-08-20,61.790000915527344,62.38999938964844,61.790000915527344,61.880001068115234,55.568199157714844,5192100
2013-08-21,61.619998931884766,61.880001068115234,61.09000015258789,61.13999938964844,54.90367126464844,7185400
2013-08-22,61.31999969482422,61.81999969482422,61.15999984741211,61.63999938964844,55.35267639160156,5302300
2013-08-23,61.959999084472656,61.9900016784668,61.459999084472656,61.72999954223633,55.433494567871094,5505900
2013-08-26,61.7599983215332,62.11000061035156,61.33000183105469,61.349998474121094,55.092254638671875,4499100
2013-08-27,60.900001525878906,61.349998474121094,60.56999969482422,60.689998626708984,54.49958038330078,7734500
2013-08-28,60.439998626708984,61.150001525878906,60.40999984741211,60.810001373291016,54.607330322265625,7161700
2013-08-29,60.77000045776367,61.52000045776367,60.54999923706055,61.08000183105469,54.84979248046875,5396200
2013-08-30,61.13999938964844,61.27000045776367,60.54999923706055,60.83000183105469,54.62529754638672,5404100
2013-09-03,61.41999816894531,61.9900016784668,60.599998474121094,60.93000030517578,54.715091705322266,7016400
2013-09-04,60.91999816894531,61.220001220703125,60.52000045776367,61.11000061035156,54.876747131347656,14014600
2013-09-05,61.06999969482422,61.599998474121094,60.959999084472656,61.29999923706055,55.047359466552734,6356600
2013-09-06,61.470001220703125,61.83000183105469,60.630001068115234,61.38999938964844,55.128170013427734,7319400
2013-09-09,61.599998474121094,61.84000015258789,61.27000045776367,61.59000015258789,55.30777359008789,7224500
2013-09-10,62.09000015258789,62.970001220703125,61.93000030517578,62.83000183105469,56.421295166015625,9919600
2013-09-11,63.119998931884766,63.939998626708984,62.97999954223633,63.939998626708984,57.41807174682617,9439700
2013-09-12,63.79999923706055,66.3499984741211,63.40999984741211,65.48999786376953,58.80997085571289,22426500
2013-09-13,65.87000274658203,67.02999877929688,65.5,66.69000244140625,59.887577056884766,12718700
2013-09-16,67.31999969482422,67.6500015258789,66.87999725341797,66.94000244140625,60.1120719909668,9716500
2013-09-17,66.83000183105469,67.19999694824219,66.72000122070312,66.9800033569336,60.14800262451172,6450700
2013-09-18,66.66999816894531,67.37000274658203,66.20999908447266,67.11000061035156,60.264739990234375,9865600
2013-09-19,66.38999938964844,66.5,65.4000015258789,65.72000122070312,59.016517639160156,11864800
2013-09-20,65.61000061035156,65.83999633789062,64.91000366210938,65.01000213623047,58.37893295288086,29076200
2013-09-23,65.04000091552734,65.4800033569336,64.68000030517578,64.75,58.145450592041016,8286600
2013-09-24,64.94000244140625,65.16000366210938,64.27999877929688,64.31999969482422,57.75930404663086,8272800
2013-09-25,64.41999816894531,64.93000030517578,64.19999694824219,64.44999694824219,57.87604904174805,7281400
2013-09-26,64.36000061035156,65.29000091552734,64.25,65.23999786376953,58.58547592163086,6971200
2013-09-27,64.97000122070312,65.44000244140625,64.69000244140625,65.19000244140625,58.54057312011719,5586000
2013-09-30,64.7300033569336,64.94999694824219,64.38999938964844,64.48999786376953,57.91196823120117,7463200
2013-10-01,64.37000274658203,65.25,64.36000061035156,64.83000183105469,58.217288970947266,4881200
2013-10-02,64.44999694824219,65.33999633789062,64.4000015258789,64.87999725341797,58.26219940185547,7218800
2013-10-03,64.72000122070312,64.93000030517578,63.83000183105469,64.0199966430664,57.48991775512695,7264100
2013-10-04,64.0199966430664,65.43000030517578,63.970001220703125,65.30000305175781,58.63935470581055,6546000
2013-10-07,64.80999755859375,65.30999755859375,64.56999969482422,64.58999633789062,58.00177001953125,5840900
2013-10-08,64.5199966430664,64.7699966430664,63.970001220703125,64.0,57.471954345703125,8636300
2013-10-09,64.0199966430664,64.18000030517578,63.099998474121094,63.59000015258789,57.1037712097168,8746900
2013-10-10,64.4800033569336,65.66999816894531,64.29000091552734,65.58000183105469,58.89080047607422,7676600
2013-10-11,65.66000366210938,66.58999633789062,65.5,66.20999908447266,59.456539154052734,6735000
2013-10-14,65.87999725341797,66.9800033569336,65.77999877929688,66.83000183105469,60.013282775878906,6461500
2013-10-15,66.7300033569336,66.94000244140625,65.93000030517578,66.44000244140625,59.663082122802734,5943100
2013-10-16,66.63999938964844,66.86000061035156,66.12999725341797,66.3499984741211,59.582252502441406,7724800
2013-10-17,66.19000244140625,66.58999633789062,65.9800033569336,66.41999816894531,59.645111083984375,6952100
2013-10-18,66.5,67.2699966430664,65.98999786376953,67.1500015258789,60.30065155029297,7587000
2013-10-21,67.2699966430664,67.62999725341797,67.16000366210938,67.61000061035156,60.71372985839844,4845800
2013-10-22,67.94000244140625,69.12999725341797,67.75,69.0,61.961952209472656,7860700
2013-10-23,68.80999755859375,69.19999694824219,68.0199966430664,68.12000274658203,61.17171096801758,5864500
2013-10-24,68.18000030517578,69.19000244140625,68.0199966430664,69.05000305175781,62.0068473815918,6045400
2013-10-25,69.31999969482422,69.87000274658203,68.97000122070312,69.26000213623047,62.195430755615234,6613300
2013-10-28,69.3499984741211,69.4800033569336,68.91999816894531,69.0,61.961952209472656,4469200
2013-10-29,69.12000274658203,69.38999938964844,68.77999877929688,68.91999816894531,61.890113830566406,4450200
2013-10-30,69.22000122070312,69.30000305175781,67.93000030517578,68.47000122070312,61.48601531982422,5816100
2013-10-31,68.47000122070312,69.30000305175781,68.3499984741211,68.58999633789062,61.59376525878906,5706100
2013-11-01,68.70999908447266,69.18000030517578,68.5,69.01000213623047,61.97093963623047,5008600
2013-11-04,69.41000366210938,69.55000305175781,68.41000366210938,68.80999755859375,61.79132080078125,4790200
2013-11-05,68.7699966430664,69.05999755859375,68.05999755859375,68.8499984741211,61.82725143432617,5140600
2013-11-06,69.18000030517578,69.62000274658203,68.62000274658203,69.0,61.961952209472656,6503200
2013-11-07,69.33999633789062,69.33999633789062,67.08999633789062,67.1500015258789,60.30065155029297,10496300
2013-11-08,66.87000274658203,69.41000366210938,66.72000122070312,68.58000183105469,61.58479309082031,16182800
2013-11-11,68.4800033569336,68.73999786376953,68.19000244140625,68.33999633789062,61.369266510009766,4954000
2013-11-12,68.33000183105469,68.44999694824219,67.41999816894531,67.7699966430664,60.8574104309082,6586700
2013-11-13,67.43000030517578,68.98999786376953,67.30000305175781,68.97000122070312,61.93501281738281,5681000
2013-11-14,69.13999938964844,70.1500015258789,69.0,70.0199966430664,62.87791061401367,7246600
2013-11-15,69.7699966430664,70.16999816894531,69.55000305175781,70.0,62.859954833984375,6184400
2013-11-18,70.05999755859375,70.08999633789062,69.33000183105469,69.5,62.41094207763672,4904400
2013-11-19,69.48999786376953,69.72000122070312,69.04000091552734,69.12000274658203,62.06972122192383,4801700
2013-11-20,69.12000274658203,69.91999816894531,69.08000183105469,69.2300033569336,62.16849136352539,4726800
2013-11-21,69.45999908447266,70.01000213623047,69.2699966430664,69.94000244140625,62.806068420410156,4498300
2013-11-22,69.94999694824219,70.33000183105469,69.80000305175781,70.19999694824219,63.0395393371582,4667500
2013-11-25,70.54000091552734,70.58000183105469,69.5999984741211,69.73999786376953,62.62648391723633,5830600
2013-11-26,69.91999816894531,71.69000244140625,69.9000015258789,71.18000030517578,63.91958999633789,8850000
2013-11-27,71.20999908447266,71.25,70.45999908447266,70.7699966430664,63.55142593383789,5446100
2013-11-29,71.04000091552734,71.2699966430664,70.38999938964844,70.54000091552734,63.3448600769043,4801000
2013-12-02,70.79000091552734,71.30999755859375,70.76000213623047,70.91000366210938,63.677127838134766,6774600
2013-12-03,70.22000122070312,70.41000366210938,69.37999725341797,69.9000015258789,62.77015686035156,8304700
2013-12-04,69.41999816894531,70.4800033569336,69.31999969482422,69.97000122070312,62.8329963684082,4883800
2013-12-05,70.29000091552734,70.68000030517578,70.08000183105469,70.2300033569336,63.066490173339844,5587000
2013-12-06,70.97000122070312,71.48999786376953,70.7699966430664,71.45999908447266,64.1710433959961,5542000
2013-12-09,71.36000061035156,71.4800033569336,70.91999816894531,71.11000061035156,63.85672378540039,6477100
2013-12-10,70.91000366210938,71.6500015258789,70.9000015258789,71.56999969482422,64.2697982788086,7112200
2013-12-11,71.7300033569336,72.12999725341797,70.43000030517578,70.5199966430664,63.3269157409668,9519200
2013-12-12,69.27999877929688,70.0199966430664,68.80000305175781,69.62999725341797,63.29962921142578,8756300
2013-12-13,69.9000015258789,70.12999725341797,69.27999877929688,69.62000274658203,63.290557861328125,5784300
2013-12-16,69.91000366210938,70.8499984741211,69.91000366210938,70.51000213623047,64.09962463378906,6246600
2013-12-17,70.69000244140625,70.91000366210938,69.83000183105469,70.66000366210938,64.23600006103516,6829100
2013-12-18,70.95999908447266,72.19999694824219,70.13999938964844,72.19999694824219,65.635986328125,7971400
2013-12-19,72.13999938964844,73.08000183105469,72.0999984741211,72.97000122070312,66.33599090576172,6768100
2013-12-20,73.0999984741211,73.55999755859375,72.33999633789062,72.4000015258789,65.81780242919922,12989700
2013-12-23,72.88999938964844,73.33000183105469,72.66000366210938,73.27999877929688,66.61781311035156,5621900
2013-12-24,73.25,73.86000061035156,73.25,73.8499984741211,67.13597869873047,2883600
2013-12-26,73.94999694824219,74.69000244140625,73.91000366210938,74.62000274658203,67.83599090576172,4620100
2013-12-27,74.6500015258789,74.77999877929688,73.93000030517578,74.3499984741211,67.59052276611328,3844800
2013-12-30,74.98999786376953,76.54000091552734,74.88999938964844,76.2300033569336,69.29959869384766,8578900
2013-12-31,76.27999877929688,76.5,75.80999755859375,76.4000015258789,69.45413970947266,4692300
2014-01-02,76.04000091552734,76.5,75.9000015258789,76.2699966430664,69.33597564697266,5200900
2014-01-03,76.30000305175781,76.69999694824219,76.01000213623047,76.11000061035156,69.19050598144531,4060700
2014-01-06,76.52999877929688,76.83999633789062,75.48999786376953,75.81999969482422,68.92687225341797,6816200
2014-01-07,76.12000274658203,76.69999694824219,75.9000015258789,76.33999633789062,69.39958953857422,4494900
2014-01-08,76.12999725341797,76.27999877929688,74.80999755859375,75.22000122070312,68.38143157958984,10900300
2014-01-09,75.45999908447266,75.45999908447266,74.31999969482422,74.9000015258789,68.09051513671875,8052900
2014-01-10,75.08000183105469,75.51000213623047,74.55999755859375,75.38999938964844,68.53597259521484,6219000
2014-01-13,74.9000015258789,75.12999725341797,73.05000305175781,73.2699966430664,66.60871124267578,8232800
2014-01-14,73.70999908447266,74.58000183105469,73.29000091552734,74.44999694824219,67.68142700195312,5996500
2014-01-15,74.30000305175781,75.0999984741211,74.25,74.27999877929688,67.52688598632812,7283900
2014-01-16,74.38999938964844,74.4000015258789,73.72000122070312,74.20999908447266,67.46324157714844,5597400
2014-01-17,74.43000030517578,74.62999725341797,73.68000030517578,73.9800033569336,67.25416564941406,6624800
2014-01-21,73.98999786376953,74.87999725341797,73.30000305175781,74.19999694824219,67.45416259765625,7507100
2014-01-22,74.08000183105469,75.43000030517578,74.05000305175781,75.30999755859375,68.46324157714844,6795100
2014-01-23,74.52999877929688,74.94999694824219,74.1500015258789,74.79000091552734,67.99052429199219,6280900
2014-01-24,74.0999984741211,74.2300033569336,72.72000122070312,72.72000122070312,66.10870361328125,7334900
2014-01-27,72.47000122070312,72.91000366210938,71.72000122070312,72.25,65.68144989013672,7415100
2014-01-28,72.26000213623047,73.0,72.23999786376953,72.87999725341797,66.25416564941406,5508400
2014-01-29,71.97000122070312,72.23999786376953,71.12000274658203,71.33000183105469,64.84507751464844,8604800
2014-01-30,72.08999633789062,73.62999725341797,72.0,73.22000122070312,66.5632553100586,7550500
2014-01-31,72.19999694824219,73.31999969482422,71.80000305175781,72.61000061035156,66.00870513916016,7748500
2014-02-03,72.66000366210938,72.7300033569336,69.8499984741211,69.98999786376953,63.62690353393555,11964800
2014-02-04,70.94000244140625,71.25,69.87999725341797,71.05000305175781,64.59053802490234,11278800
2014-02-05,72.05000305175781,72.05000305175781,70.37000274658203,71.76000213623047,65.23600006103516,11573300
2014-02-06,75.61000061035156,76.7300033569336,74.77999877929688,75.55999755859375,68.69050598144531,19821900
2014-02-07,75.08000183105469,75.69999694824219,74.61000061035156,75.66999816894531,68.79051971435547,11480100
2014-02-10,75.66999816894531,77.30999755859375,75.56999969482422,77.05999755859375,70.05413055419922,8781600
2014-02-11,77.1500015258789,77.91999816894531,77.11000061035156,77.79000091552734,70.7177734375,8186200
2014-02-12,77.66000366210938,78.01000213623047,77.63999938964844,77.91000366210938,70.82687377929688,6329500
2014-02-13,77.5199966430664,78.23999786376953,77.19999694824219,77.9000015258789,70.81779479980469,5955400
2014-02-14,77.87999725341797,79.47000122070312,77.7699966430664,79.2300033569336,72.02687072753906,7001100
2014-02-18,79.5,80.0,79.43000030517578,79.58000183105469,72.34503936767578,6136500
2014-02-19,79.5,79.77999877929688,78.80000305175781,78.87000274658203,71.6995849609375,7024000
2014-02-20,79.20999908447266,79.6500015258789,78.83999633789062,79.19000244140625,71.9905014038086,5748700
2014-02-21,79.06999969482422,80.44999694824219,78.80000305175781,80.12999725341797,72.84503173828125,8252300
2014-02-24,80.5,81.58999633789062,80.45999908447266,80.7300033569336,73.39049530029297,6635200
2014-02-25,80.72000122070312,81.3499984741211,80.04000091552734,80.20999908447266,72.91775512695312,6064300
2014-02-26,80.62999725341797,80.94999694824219,79.58999633789062,80.08000183105469,72.79959106445312,5775600
2014-02-27,80.0,80.58999633789062,79.86000061035156,80.4800033569336,73.16322326660156,4919800
2014-02-28,80.83999633789062,81.58999633789062,80.16999816894531,80.80999755859375,73.46321105957031,7030700
2014-03-03,80.30000305175781,80.6500015258789,78.8499984741211,79.45999908447266,72.23595428466797,8449400
2014-03-04,80.5999984741211,82.16999816894531,80.54000091552734,81.70999908447266,74.28141021728516,8021400
2014-03-05,82.22000122070312,83.20999908447266,82.0199966430664,82.68000030517578,75.1632080078125,7709700
2014-03-06,82.86000061035156,83.41999816894531,82.83999633789062,83.33999633789062,75.76319885253906,5774400
2014-03-07,83.5999984741211,83.6500015258789,82.0199966430664,82.20999908447266,74.73594665527344,7478100
2014-03-10,82.18000030517578,82.43000030517578,81.69000244140625,81.97000122070312,74.51774597167969,5209700
2014-03-11,82.19000244140625,82.33000183105469,80.72000122070312,81.05000305175781,73.68140411376953,7171600
2014-03-12,80.58999633789062,81.38999938964844,80.05000305175781,81.37999725341797,73.98139953613281,6378300
2014-03-13,81.75,81.9800033569336,79.66000366210938,79.93000030517578,72.66322326660156,8570600
2014-03-14,79.8499984741211,80.41000366210938,79.56999969482422,80.06999969482422,72.79048156738281,7754700
2014-03-17,80.5,81.5999984741211,80.30999755859375,81.38999938964844,73.990478515625,7280700
2014-03-18,81.52999877929688,82.25,81.27999877929688,81.98999786376953,74.53593444824219,5395900
2014-03-19,82.25,82.30000305175781,80.04000091552734,80.5199966430664,73.19956970214844,6403200
2014-03-20,80.58999633789062,81.0199966430664,79.76000213623047,80.80999755859375,73.46321105957031,5968200
2014-03-21,81.95999908447266,82.05000305175781,80.05000305175781,80.3499984741211,73.04503631591797,7840900
2014-03-24,80.70999908447266,80.93000030517578,79.37999725341797,79.48999786376953,72.26321411132812,7642900
2014-03-25,80.23999786376953,80.33999633789062,78.5999984741211,79.55000305175781,72.3177719116211,6692400
2014-03-26,79.93000030517578,80.23999786376953,78.61000061035156,78.62000274658203,71.47232055664062,6750800
2014-03-27,78.30000305175781,78.61000061035156,77.27999877929688,78.4800033569336,71.3450698852539,9194700
2014-03-28,78.7300033569336,79.45999908447266,78.30999755859375,78.98999786376953,71.80866241455078,5281700
2014-03-31,79.69999694824219,80.38999938964844,79.66000366210938,80.06999969482422,72.79048156738281,6848800
2014-04-01,80.38999938964844,81.61000061035156,80.38999938964844,81.56999969482422,74.15412139892578,6555000
2014-04-02,81.72000122070312,81.97000122070312,81.30000305175781,81.66999816894531,74.2450180053711,6073500
2014-04-03,81.91999816894531,82.23999786376953,81.13999938964844,81.69000244140625,74.2632064819336,4930100
2014-04-04,82.31999969482422,82.8499984741211,80.4000015258789,80.43000030517578,73.11776733398438,8894400
2014-04-07,80.41999816894531,80.80000305175781,78.55999755859375,79.12999725341797,71.93595123291016,9000800
2014-04-08,79.2699966430664,79.6500015258789,78.12000274658203,79.56999969482422,72.33594512939453,7085100
2014-04-09,79.97000122070312,80.52999877929688,79.26000213623047,80.47000122070312,73.15412902832031,7004800
2014-04-10,80.91999816894531,80.91999816894531,77.4800033569336,77.51000213623047,70.46322631835938,10160200
2014-04-11,77.51000213623047,77.94999694824219,76.80999755859375,77.01000213623047,70.00869750976562,9204100
2014-04-14,77.69999694824219,77.83000183105469,76.8499984741211,77.62000274658203,70.56324005126953,5964700
2014-04-15,77.88999938964844,78.20999908447266,76.30999755859375,77.66000366210938,70.599609375,6398700
2014-04-16,78.37999725341797,78.9800033569336,78.19000244140625,78.94999694824219,71.7723159790039,5958800
2014-04-17,78.69999694824219,80.22000122070312,78.5999984741211,79.98999786376953,72.71776580810547,7627700
2014-04-21,79.95999908447266,79.9800033569336,78.69000244140625,79.11000061035156,71.9177474975586,7080300
2014-04-22,79.22000122070312,79.88999938964844,79.20999908447266,79.44999694824219,72.22686004638672,5876000
2014-04-23,79.52999877929688,79.94999694824219,78.97000122070312,79.5199966430664,72.29048919677734,4148600
2014-04-24,79.73999786376953,80.05999755859375,79.11000061035156,79.58999633789062,72.35414123535156,4632700
2014-04-25,79.45999908447266,79.45999908447266,78.16000366210938,78.2300033569336,71.11778259277344,6193300
2014-04-28,78.76000213623047,79.05999755859375,76.87999725341797,77.77999877929688,70.70869445800781,7522700
2014-04-29,78.3499984741211,78.68000030517578,77.73999786376953,78.63999938964844,71.4905014038086,4608700
2014-04-30,78.5,79.52999877929688,78.18000030517578,79.33999633789062,72.12686157226562,6550200
2014-05-01,79.3499984741211,79.87000274658203,79.26000213623047,79.55999755859375,72.32685089111328,6486800
2014-05-02,79.62000274658203,80.55000305175781,79.62000274658203,80.30999755859375,73.00867462158203,7599300
2014-05-05,80.41999816894531,81.30999755859375,79.80000305175781,81.22000122070312,73.83592987060547,5669800
2014-05-06,81.58999633789062,81.62999725341797,80.80000305175781,81.02999877929688,73.66320037841797,10696500
2014-05-07,81.6500015258789,82.44000244140625,80.12000274658203,80.29000091552734,72.99049377441406,11906800
2014-05-08,80.20999908447266,82.2699966430664,80.06999969482422,81.5999984741211,74.181396484375,9257700
2014-05-09,81.2699966430664,82.0199966430664,80.9000015258789,81.94999694824219,74.49954986572266,5376600
2014-05-12,82.08000183105469,82.94000244140625,82.08000183105469,82.41999816894531,74.92684173583984,5704400
2014-05-13,82.43000030517578,82.75,81.75,82.08000183105469,74.61775207519531,5274700
2014-05-14,81.7699966430664,82.18000030517578,80.62999725341797,80.91999816894531,73.5632095336914,6192000
2014-05-15,80.63999938964844,80.83000183105469,79.20999908447266,80.1500015258789,72.86321258544922,7687700
2014-05-16,80.16999816894531,80.41999816894531,79.33999633789062,80.38999938964844,73.08139038085938,5823700
2014-05-19,80.43000030517578,81.37999725341797,80.13999938964844,81.05000305175781,73.68140411376953,4896900
2014-05-20,80.94000244140625,81.76000213623047,80.5199966430664,81.08999633789062,73.7177505493164,6023200
2014-05-21,81.41999816894531,82.33999633789062,81.41999816894531,82.19000244140625,74.71774291992188,4736400
2014-05-22,82.19000244140625,82.79000091552734,82.04000091552734,82.3499984741211,74.86321258544922,4652000
2014-05-23,82.19000244140625,83.36000061035156,82.19000244140625,83.31999969482422,75.74503326416016,4580300
2014-05-27,83.55999755859375,83.9800033569336,83.31999969482422,83.73999786376953,76.1268310546875,5197700
2014-05-28,83.80000305175781,83.9000015258789,83.25,83.5999984741211,75.99956512451172,4652100
2014-05-29,83.91999816894531,84.08999633789062,83.43000030517578,84.02999877929688,76.3904800415039,6522000
2014-05-30,83.80999755859375,84.38999938964844,83.62000274658203,84.01000213623047,76.3722915649414,6352400
2014-06-02,84.2699966430664,84.41999816894531,84.01000213623047,84.2699966430664,76.60865020751953,3933800
2014-06-03,84.06999969482422,84.2300033569336,83.72000122070312,83.87999725341797,76.25410461425781,4541400
2014-06-04,83.8499984741211,84.4000015258789,83.30999755859375,84.23999786376953,76.58137512207031,5800100
2014-06-05,84.37000274658203,84.94999694824219,83.9000015258789,84.77999877929688,77.07228088378906,5956000
2014-06-06,84.91000366210938,84.98999786376953,84.2699966430664,84.61000061035156,76.91773986816406,5302800
2014-06-09,84.5999984741211,85.86000061035156,84.52999877929688,85.4800033569336,77.7086410522461,5667600
2014-06-10,85.4000015258789,85.4000015258789,84.69999694824219,84.75,77.04500579833984,4632600
2014-06-11,84.5999984741211,84.80999755859375,84.16999816894531,84.30999755859375,76.6449966430664,4300900
2014-06-12,84.02999877929688,84.19999694824219,82.5999984741211,82.80000305175781,75.27229309082031,7231400
2014-06-13,82.75,82.98999786376953,81.80000305175781,82.80000305175781,75.27229309082031,4711100
2014-06-16,82.63999938964844,83.44000244140625,82.55999755859375,83.30000305175781,75.72683715820312,5181100
2014-06-17,82.9800033569336,83.45999908447266,82.61000061035156,83.16000366210938,75.59957885742188,4535900
2014-06-18,83.18000030517578,83.75,82.80999755859375,83.58000183105469,75.98137664794922,4536300
2014-06-19,83.6500015258789,83.91999816894531,83.25,83.7699966430664,76.15411376953125,4326900
2014-06-20,84.06999969482422,84.08000183105469,82.79000091552734,82.81999969482422,75.29048156738281,11073400
2014-06-23,82.8499984741211,82.93000030517578,82.31999969482422,82.76000213623047,75.2359390258789,3946600
2014-06-24,82.68000030517578,83.56999969482422,82.48999786376953,82.68000030517578,75.1632080078125,5057100
2014-06-25,82.66999816894531,84.31999969482422,82.4800033569336,83.9000015258789,76.27229309082031,7899200
2014-06-26,84.68000030517578,84.68000030517578,83.7699966430664,84.44999694824219,76.77228546142578,6424000
2014-06-27,84.12999725341797,85.38999938964844,84.12999725341797,85.30000305175781,77.54499816894531,17932200
2014-06-30,85.44000244140625,86.06999969482422,85.06999969482422,85.73999786376953,77.94500732421875,6991400
2014-07-01,85.80999755859375,86.87000274658203,85.76000213623047,86.47000122070312,78.6086654663086,5608200
2014-07-02,86.58000183105469,86.70999908447266,86.19999694824219,86.44000244140625,78.58137512207031,4439600
2014-07-03,86.69999694824219,86.9800033569336,86.5,86.83999633789062,78.94500732421875,3210400
2014-07-07,86.61000061035156,86.81999969482422,86.31999969482422,86.58999633789062,78.71772003173828,4897800
2014-07-08,86.19000244140625,86.31999969482422,85.68000030517578,85.86000061035156,78.05409240722656,4733600
2014-07-09,86.0,87.29000091552734,85.8499984741211,87.22000122070312,79.29045104980469,6311200
2014-07-10,86.52999877929688,87.61000061035156,86.19000244140625,86.86000061035156,78.96318817138672,7249700
2014-07-11,87.0,87.36000061035156,86.37000274658203,86.88999938964844,78.99044799804688,5016000
2014-07-14,87.45999908447266,87.48999786376953,86.66000366210938,86.76000213623047,78.87228393554688,4012300
2014-07-15,86.58000183105469,86.6500015258789,85.54000091552734,86.1500015258789,78.31774139404297,7001300
2014-07-16,86.69000244140625,87.62999725341797,85.12000274658203,85.3499984741211,77.59046173095703,10667200
2014-07-17,85.33000183105469,86.19000244140625,84.87000274658203,85.02999877929688,77.299560546875,6885900
2014-07-18,85.44000244140625,85.9800033569336,85.16999816894531,85.80999755859375,78.00862884521484,4719100
2014-07-21,85.80999755859375,86.0,85.5,85.73999786376953,77.94500732421875,4799800
2014-07-22,86.37000274658203,86.55999755859375,85.51000213623047,86.20999908447266,78.37228393554688,4984200
2014-07-23,86.30999755859375,86.52999877929688,85.76000213623047,86.04000091552734,78.21772766113281,3650200
2014-07-24,86.5,86.95999908447266,86.30999755859375,86.80000305175781,78.90866088867188,4168200
2014-07-25,86.30000305175781,86.69999694824219,86.05000305175781,86.2300033569336,78.39046478271484,4659800
2014-07-28,86.43000030517578,87.22000122070312,85.80999755859375,87.1500015258789,79.22681427001953,4546800
2014-07-29,87.29000091552734,87.30000305175781,86.16000366210938,86.19999694824219,78.3631820678711,5478700
2014-07-30,86.62000274658203,87.2699966430664,86.08999633789062,87.20999908447266,79.28136444091797,7294200
2014-07-31,86.58999633789062,86.94999694824219,85.69000244140625,85.87999725341797,78.07227325439453,6342400
2014-08-01,85.38999938964844,86.01000213623047,85.20999908447266,85.37999725341797,77.61773681640625,6759200
2014-08-04,86.16999816894531,87.5199966430664,86.01000213623047,87.23999786376953,79.30864715576172,8262700
2014-08-05,87.13999938964844,87.23999786376953,86.0199966430664,86.75,78.86318969726562,9361800
2014-08-06,86.18000030517578,87.62000274658203,86.16999816894531,86.58999633789062,78.71772003173828,9789500
2014-08-07,86.98999786376953,87.01000213623047,85.2300033569336,85.51000213623047,77.73592376708984,7916900
2014-08-08,85.6500015258789,86.88999938964844,85.62000274658203,86.8499984741211,78.9540786743164,6382700
2014-08-11,87.06999969482422,87.9800033569336,87.05000305175781,87.5,79.54500579833984,5047900
2014-08-12,87.1500015258789,87.62000274658203,86.77999877929688,87.20999908447266,79.28136444091797,4510100
2014-08-13,87.73999786376953,87.94999694824219,87.41999816894531,87.5999984741211,79.63591003417969,4532300
2014-08-14,88.02999877929688,88.91000366210938,87.80999755859375,88.61000061035156,80.55409240722656,8218000
2014-08-15,89.0199966430664,89.47000122070312,88.69000244140625,89.27999877929688,81.16317749023438,8211000
2014-08-18,89.66000366210938,90.37000274658203,89.58000183105469,89.97000122070312,81.7904281616211,4973300
2014-08-19,90.12999725341797,90.29000091552734,89.63999938964844,90.08999633789062,81.89952850341797,4153000
2014-08-20,89.91999816894531,90.05000305175781,89.66999816894531,89.83999633789062,81.67225646972656,3894500
2014-08-21,90.05999755859375,90.52999877929688,89.9800033569336,90.37999725341797,82.16315460205078,4719100
2014-08-22,90.12999725341797,90.9000015258789,90.12000274658203,90.48999786376953,82.26315307617188,4756400
2014-08-25,90.94999694824219,91.13999938964844,90.30000305175781,90.37999725341797,82.16315460205078,3515400
2014-08-26,90.61000061035156,90.66999816894531,89.94000244140625,90.0199966430664,81.83589172363281,4117700
2014-08-27,90.13999938964844,90.41000366210938,89.9800033569336,90.37000274658203,82.1540756225586,3739700
2014-08-28,89.9800033569336,90.48999786376953,89.95999908447266,90.2300033569336,82.02680969238281,2678400
2014-08-29,90.31999969482422,90.37999725341797,89.33000183105469,89.87999725341797,81.70862579345703,4179400
2014-09-02,90.18000030517578,90.93000030517578,90.1500015258789,90.80000305175781,82.54497528076172,5602000
2014-09-03,91.05999755859375,91.16000366210938,90.66999816894531,90.94000244140625,82.67224884033203,3684000
2014-09-04,90.87000274658203,91.19999694824219,90.01000213623047,90.13999938964844,81.94499969482422,5458700
2014-09-05,90.13999938964844,90.94000244140625,90.0999984741211,90.94000244140625,82.67224884033203,4597100
2014-09-08,90.76000213623047,90.83999633789062,90.16000366210938,90.55999755859375,82.3268051147461,4331200
2014-09-09,90.5,90.54000091552734,89.51000213623047,89.5999984741211,81.4540786743164,4797700
2014-09-10,89.54000091552734,89.81999969482422,88.75,89.5199966430664,81.38135528564453,5078600
2014-09-11,89.19999694824219,90.04000091552734,89.05999755859375,89.97000122070312,81.7904281616211,4065500
2014-09-12,90.0999984741211,90.19999694824219,89.25,89.66999816894531,81.51771545410156,3870200
2014-09-15,89.73999786376953,90.37000274658203,89.55999755859375,90.08000183105469,81.89044189453125,4910000
2014-09-16,89.70999908447266,90.43000030517578,89.45999908447266,90.2699966430664,82.06315612792969,4324600
2014-09-17,90.58000183105469,90.7699966430664,89.97000122070312,90.33000183105469,82.11771392822266,4058100
2014-09-18,90.30999755859375,90.5,89.91000366210938,90.33999633789062,82.12681579589844,4343600
2014-09-19,90.80000305175781,91.1500015258789,90.38999938964844,90.48999786376953,82.26315307617188,13382900
2014-09-22,90.48999786376953,90.61000061035156,89.19000244140625,89.29000091552734,81.1722640991211,5003000
2014-09-23,89.12000274658203,89.23999786376953,88.2300033569336,88.30999755859375,80.28134155273438,6155800
2014-09-24,88.36000061035156,89.63999938964844,88.23999786376953,89.44999694824219,81.31771850585938,5607000
2014-09-25,89.26000213623047,89.5999984741211,88.05999755859375,88.06999969482422,80.06318664550781,7077400
2014-09-26,88.1500015258789,88.88999938964844,87.91000366210938,88.73999786376953,80.67227172851562,5786400
2014-09-29,88.12000274658203,89.05000305175781,87.36000061035156,88.83000183105469,80.75408172607422,5188600
2014-09-30,88.83999633789062,89.54000091552734,88.54000091552734,89.02999877929688,80.93590545654297,4824500
2014-10-01,89.08000183105469,89.23999786376953,87.19999694824219,87.48999786376953,79.53590393066406,7512500
2014-10-02,87.5,87.66000366210938,84.6500015258789,86.79000091552734,78.89956665039062,11051100
2014-10-03,88.0999984741211,88.9000015258789,87.55000305175781,88.44999694824219,80.40860748291016,7549000
2014-10-06,88.79000091552734,89.18000030517578,88.06999969482422,88.55999755859375,80.50861358642578,4047800
2014-10-07,88.0,88.26000213623047,87.04000091552734,87.11000061035156,79.19046020507812,6217600
2014-10-08,87.05999755859375,88.1500015258789,86.33000183105469,88.11000061035156,80.09954071044922,7008000
2014-10-09,88.02999877929688,88.16000366210938,85.56999969482422,85.70999908447266,77.91773223876953,8726200
2014-10-10,85.91999816894531,87.0,85.4000015258789,86.2699966430664,78.42681884765625,12675300
2014-10-13,85.91999816894531,86.38999938964844,83.76000213623047,83.91000366210938,76.28138732910156,9039800
2014-10-14,84.75,85.5199966430664,83.9000015258789,84.13999938964844,76.49047088623047,8607100
2014-10-15,82.38999938964844,83.76000213623047,78.54000091552734,82.08000183105469,74.61775207519531,21844400
2014-10-16,79.93000030517578,82.47000122070312,79.55000305175781,81.73999786376953,74.30867004394531,13216500
2014-10-17,82.68000030517578,84.66000366210938,82.68000030517578,83.83000183105469,76.20864868164062,12381800
2014-10-20,84.2300033569336,85.61000061035156,84.1500015258789,85.5199966430664,77.74501037597656,8302100
2014-10-21,86.31999969482422,87.68000030517578,86.25,87.54000091552734,79.58137512207031,9170400
2014-10-22,87.94000244140625,88.61000061035156,86.9800033569336,87.0999984741211,79.18135070800781,9314500
2014-10-23,88.20999908447266,88.62999725341797,87.76000213623047,87.98999786376953,79.9904556274414,7245300
2014-10-24,87.91000366210938,88.66000366210938,87.58000183105469,88.61000061035156,80.55409240722656,4937500
2014-10-27,88.47000122070312,88.98999786376953,88.23999786376953,88.44999694824219,80.40860748291016,5644300
2014-10-28,89.04000091552734,89.95999908447266,88.94999694824219,89.93000030517578,81.75407409667969,4554400
2014-10-29,89.83999633789062,90.25,88.94999694824219,89.52999877929688,81.39044189453125,5442100
2014-10-30,89.44000244140625,90.54000091552734,88.91000366210938,90.22000122070312,82.0177001953125,4445300
2014-10-31,91.51000213623047,91.9800033569336,90.75,91.37999725341797,83.0722427368164,7472200
2014-11-03,91.23999786376953,91.81999969482422,91.0,91.70999908447266,83.37225341796875,5447700
2014-11-04,91.97000122070312,91.9800033569336,89.80000305175781,90.3499984741211,82.13589477539062,7928500
2014-11-05,91.5999984741211,91.5999984741211,89.58999633789062,91.0,82.72679901123047,7021000
2014-11-06,91.29000091552734,92.0,91.1500015258789,92.0,83.63587951660156,9938800
2014-11-07,89.38999938964844,90.0199966430664,88.6500015258789,90.0,81.81771087646484,16176300
2014-11-10,90.23999786376953,90.41999816894531,88.94999694824219,89.77999877929688,81.61772918701172,8155700
2014-11-11,90.01000213623047,90.02999877929688,89.12999725341797,89.9800033569336,81.79952239990234,5896800
2014-11-12,89.7699966430664,90.12000274658203,89.33000183105469,89.9000015258789,81.726806640625,5262500
2014-11-13,90.0999984741211,90.70999908447266,90.02999877929688,90.48999786376953,82.26315307617188,5098800
2014-11-14,90.68000030517578,90.8499984741211,90.37999725341797,90.80000305175781,82.54497528076172,4281100
2014-11-17,90.5,90.77999877929688,90.05000305175781,90.41000366210938,82.19044494628906,4148400
2014-11-18,90.33000183105469,90.69000244140625,90.12999725341797,90.27999877929688,82.07225799560547,4461600
2014-11-19,90.26000213623047,90.27999877929688,89.19000244140625,89.81999969482422,81.65409088134766,7710000
2014-11-20,89.25,89.45999908447266,88.75,88.9000015258789,80.81771850585938,8604000
2014-11-21,89.69000244140625,89.80000305175781,88.76000213623047,88.95999908447266,80.87226104736328,7383500
2014-11-24,89.31999969482422,90.66000366210938,89.31999969482422,90.58000183105469,82.344970703125,6504100
2014-11-25,90.70999908447266,91.91999816894531,90.70999908447266,91.6500015258789,83.31769561767578,7404200
2014-11-26,91.95999908447266,92.27999877929688,91.66999816894531,91.91999816894531,83.56316375732422,4607200
2014-11-28,92.52999877929688,92.95999908447266,92.2300033569336,92.51000213623047,84.09951782226562,3853000
2014-12-01,92.62999725341797,93.13999938964844,92.0999984741211,92.69999694824219,84.2722396850586,6714700
2014-12-02,92.6500015258789,93.80999755859375,92.41999816894531,93.47000122070312,84.97223663330078,6664200
2014-12-03,93.54000091552734,93.66000366210938,92.5,93.11000061035156,84.64497375488281,5492400
2014-12-04,93.61000061035156,93.62999725341797,92.56999969482422,93.2300033569336,84.75405883789062,6017300
2014-12-05,93.69000244140625,93.9800033569336,93.33999633789062,93.76000213623047,85.23588562011719,5226800
2014-12-08,94.20999908447266,94.5,93.41000366210938,93.80000305175781,85.27223205566406,6682200
2014-12-09,93.51000213623047,93.56999969482422,91.76000213623047,92.94000244140625,84.49043273925781,9519900
2014-12-10,92.5199966430664,92.83000183105469,91.55000305175781,91.62999725341797,83.29952239990234,10346100
2014-12-11,91.08999633789062,92.66000366210938,90.66000366210938,91.75,84.46874237060547,8227800
2014-12-12,91.18000030517578,92.61000061035156,90.94999694824219,91.48999786376953,84.2293701171875,7890900
2014-12-15,92.02999877929688,92.69000244140625,90.19000244140625,90.9000015258789,83.68619537353516,6746800
2014-12-16,90.5,92.0,90.12999725341797,90.16999816894531,83.01412200927734,6549400
2014-12-17,90.36000061035156,91.68000030517578,90.19999694824219,91.37999725341797,84.12808990478516,6885900
2014-12-18,92.19000244140625,92.61000061035156,91.86000061035156,92.61000061035156,85.2604751586914,9387500
2014-12-19,92.33999633789062,93.19999694824219,91.87999725341797,92.88999938964844,85.51826477050781,12837900
2014-12-22,93.38999938964844,94.36000061035156,93.22000122070312,94.19999694824219,86.72429656982422,7477500
2014-12-23,94.4800033569336,95.06999969482422,94.4000015258789,94.69000244140625,87.17542266845703,5385800
2014-12-24,94.69000244140625,95.12000274658203,94.37000274658203,94.41999816894531,86.92684173583984,2165700
2014-12-26,94.73999786376953,95.30999755859375,94.5199966430664,95.02999877929688,87.48843383789062,3142400
2014-12-29,94.73999786376953,95.93000030517578,94.69000244140625,95.5,87.92112731933594,3584400
2014-12-30,95.20999908447266,95.5,94.5,94.69999694824219,87.18461608886719,3490100
2014-12-31,95.12999725341797,95.5199966430664,94.02999877929688,94.19000244140625,86.71509552001953,4797000
2015-01-02,94.91000366210938,95.27999877929688,92.8499984741211,93.75,86.31002044677734,5865400
2015-01-05,93.27999877929688,93.3499984741211,91.77999877929688,92.37999725341797,85.04874420166016,7789400
2015-01-06,92.56999969482422,93.19000244140625,91.16000366210938,91.88999938964844,84.5976333618164,6793100
2015-01-07,92.72000122070312,93.1500015258789,92.0999984741211,92.83000183105469,85.46302795410156,6589500
2015-01-08,93.87000274658203,94.30000305175781,93.55999755859375,93.79000091552734,86.34684753417969,7579400
2015-01-09,94.05000305175781,95.2699966430664,93.98999786376953,94.25,86.77033996582031,8621300
2015-01-12,94.69000244140625,94.76000213623047,93.7699966430664,94.45999908447266,86.96366882324219,6586200
2015-01-13,95.27999877929688,96.43000030517578,94.69999694824219,95.19000244140625,87.63574981689453,9364300
2015-01-14,94.0,94.80000305175781,93.29000091552734,94.2300033569336,86.7519302368164,6509300
2015-01-15,94.61000061035156,94.95999908447266,94.04000091552734,94.3499984741211,86.86238861083984,5662200
2015-01-16,94.0,95.2300033569336,93.9800033569336,95.18000030517578,87.62652587890625,6117000
2015-01-20,95.22000122070312,95.38999938964844,93.75,94.73999786376953,87.22144317626953,7940600
2015-01-21,94.37000274658203,94.73999786376953,93.81999969482422,94.16999816894531,86.6966781616211,7474700
2015-01-22,94.58000183105469,95.38999938964844,94.01000213623047,95.1500015258789,87.59891510009766,7014200
2015-01-23,94.91999816894531,95.52999877929688,94.43000030517578,94.72000122070312,87.20304107666016,4664700
2015-01-26,94.44999694824219,95.0,93.93000030517578,94.97000122070312,87.43319702148438,5446900
2015-01-27,93.94000244140625,94.73999786376953,93.36000061035156,93.97000122070312,86.51256561279297,5390000
2015-01-28,94.13999938964844,94.47000122070312,92.61000061035156,92.66999816894531,85.31572723388672,6198400
2015-01-29,93.11000061035156,93.5,91.5199966430664,93.22000122070312,85.82208251953125,7681700
2015-01-30,92.5,92.94000244140625,90.83000183105469,90.95999908447266,83.74141693115234,10212300
2015-02-02,91.30000305175781,92.05000305175781,90.05999755859375,91.93000030517578,84.63446044921875,9392000
2015-02-03,92.43000030517578,94.11000061035156,92.19000244140625,94.0999984741211,86.63223266601562,12329100
2015-02-04,99.38999938964844,101.94000244140625,98.81999969482422,101.27999877929688,93.24243927001953,32640500
2015-02-05,100.76000213623047,102.83999633789062,100.51000213623047,102.63999938964844,94.4945068359375,14089500
2015-02-06,102.66999816894531,102.98999786376953,101.6500015258789,102.0199966430664,93.9237060546875,8535200
2015-02-09,101.80000305175781,102.5,101.44999694824219,101.7300033569336,93.65672302246094,5461800
2015-02-10,101.95999908447266,102.19000244140625,101.18000030517578,101.91999816894531,93.8316421508789,5726300
2015-02-11,102.01000213623047,102.0199966430664,101.06999969482422,101.87000274658203,93.78561401367188,5868200
2015-02-12,102.16000366210938,103.8499984741211,101.69999694824219,103.58000183105469,95.35989379882812,6816800
2015-02-13,103.7300033569336,104.41000366210938,103.43000030517578,104.16999816894531,95.903076171875,5175600
2015-02-17,104.2300033569336,104.44999694824219,103.56999969482422,104.12000274658203,95.85704803466797,4759300
2015-02-18,103.4000015258789,104.33000183105469,103.4000015258789,103.86000061035156,95.6176986694336,3760200
2015-02-19,104.0,104.08000183105469,103.55000305175781,103.88999938964844,95.64530944824219,5094100
2015-02-20,103.86000061035156,104.69000244140625,102.7300033569336,104.55000305175781,96.25294494628906,5197000
2015-02-23,104.76000213623047,105.2300033569336,104.44000244140625,104.98999786376953,96.65799713134766,5587100
2015-02-24,104.54000091552734,105.05000305175781,104.3499984741211,104.66999816894531,96.3634033203125,4098800
2015-02-25,104.68000030517578,105.9800033569336,104.66999816894531,105.56999969482422,97.19198608398438,6547200
2015-02-26,105.5,105.70999908447266,104.13999938964844,104.55999755859375,96.26213836669922,5049000
2015-02-27,104.66999816894531,105.13999938964844,103.95999908447266,104.08000183105469,95.82023620605469,4161600
2015-03-02,104.3499984741211,105.9800033569336,104.3499984741211,105.88999938964844,97.4865951538086,5635500
2015-03-03,105.77999877929688,106.63999938964844,105.20999908447266,106.3499984741211,97.91007995605469,4671900
2015-03-04,105.86000061035156,106.0,104.77999877929688,105.56999969482422,97.19198608398438,4972300
2015-03-05,105.54000091552734,105.80999755859375,104.87000274658203,105.02999877929688,96.69483947753906,3954700
2015-03-06,104.66999816894531,105.0,103.48999786376953,103.81999969482422,95.58087158203125,5704200
2015-03-09,103.94000244140625,105.41999816894531,103.81999969482422,105.26000213623047,96.90657806396484,4868900
2015-03-10,104.2699966430664,104.3499984741211,103.08999633789062,103.08999633789062,94.9087905883789,6472600
2015-03-11,103.51000213623047,104.0,102.87000274658203,102.88999938964844,94.72467041015625,4831900
2015-03-12,103.8499984741211,107.33000183105469,103.80999755859375,107.16999816894531,98.6650161743164,10730400
2015-03-13,107.27999877929688,107.27999877929688,105.5199966430664,106.44000244140625,97.99295043945312,8024200
2015-03-16,106.83999633789062,107.7300033569336,106.05000305175781,107.37000274658203,98.8491439819336,6407300
2015-03-17,107.0,107.20999908447266,106.1500015258789,106.95999908447266,98.47167205810547,4489400
2015-03-18,106.9000015258789,108.41999816894531,105.7300033569336,107.97000122070312,99.4015121459961,5520600
2015-03-19,107.83999633789062,108.4800033569336,107.13999938964844,107.37000274658203,98.8491439819336,4885600
2015-03-20,107.83000183105469,108.94000244140625,107.5,108.43000030517578,99.82501983642578,8710100
2015-03-23,108.5999984741211,108.8499984741211,108.04000091552734,108.22000122070312,99.63168334960938,5667000
2015-03-24,107.72000122070312,108.05000305175781,107.08000183105469,107.11000061035156,98.6097640991211,4493500
2015-03-25,107.44999694824219,107.45999908447266,105.0,105.0,96.6672134399414,6964700
2015-03-26,104.47000122070312,105.81999969482422,104.0999984741211,105.23999786376953,96.88816833496094,5915800
2015-03-27,105.19999694824219,106.44999694824219,104.87999725341797,105.4800033569336,97.109130859375,5330400
2015-03-30,106.05999755859375,106.94999694824219,106.05000305175781,106.12000274658203,97.6983413696289,3831900
2015-03-31,105.5999984741211,106.31999969482422,104.88999938964844,104.88999938964844,96.56595611572266,5701600
2015-04-01,105.43000030517578,106.0,104.25,105.44000244140625,97.07231903076172,6117200
2015-04-02,105.48999786376953,106.23999786376953,104.86000061035156,106.0,97.58785247802734,3651600
2015-04-06,105.30999755859375,106.56999969482422,105.04000091552734,105.62999725341797,97.24722290039062,4153500
2015-04-07,105.80000305175781,106.41000366210938,105.4000015258789,105.43000030517578,97.0630874633789,4694600
2015-04-08,105.2300033569336,106.69000244140625,105.16000366210938,106.36000061035156,97.9192886352539,4277400
2015-04-09,106.51000213623047,107.0,105.87999725341797,106.7699966430664,98.29676055908203,3924400
2015-04-10,106.7300033569336,107.0999984741211,106.41000366210938,106.94999694824219,98.46247863769531,3251500
2015-04-13,107.06999969482422,107.9000015258789,106.47000122070312,106.51000213623047,98.05738830566406,4201500
2015-04-14,106.41000366210938,107.30000305175781,106.11000061035156,106.66000366210938,98.19548034667969,5389300
2015-04-15,106.91999816894531,107.43000030517578,106.86000061035156,106.9800033569336,98.49007415771484,4307300
2015-04-16,107.1500015258789,108.30000305175781,106.9000015258789,108.0999984741211,99.52118682861328,6379100
2015-04-17,107.80000305175781,107.80000305175781,106.04000091552734,106.69000244140625,98.22309875488281,9663500
2015-04-20,107.83000183105469,108.5,107.31999969482422,108.22000122070312,99.63168334960938,8094200
2015-04-21,108.93000030517578,108.98999786376953,107.58000183105469,107.68000030517578,99.13453674316406,4579400
2015-04-22,108.0199966430664,108.25,106.97000122070312,107.94000244140625,99.37390899658203,4060500
2015-04-23,107.95999908447266,109.9000015258789,107.61000061035156,109.0,100.34977722167969,5983800
2015-04-24,109.52999877929688,110.4800033569336,109.19000244140625,109.52999877929688,100.83773040771484,6355600
2015-04-27,111.5,111.66000366210938,110.06999969482422,110.16000366210938,101.41773223876953,8479100
2015-04-28,110.75,111.1500015258789,108.88999938964844,109.91999816894531,101.19677734375,7324500
2015-04-29,109.66000366210938,110.37999725341797,109.26000213623047,109.80999755859375,101.09550476074219,6024700
2015-04-30,109.68000030517578,110.19000244140625,107.68000030517578,108.72000122070312,100.09200286865234,7770300
2015-05-01,109.94999694824219,110.66999816894531,109.2699966430664,110.5199966430664,101.7491455078125,6205100
2015-05-04,111.4800033569336,111.52999877929688,110.5,111.02999877929688,102.21869659423828,7566200
2015-05-05,113.2699966430664,113.30000305175781,110.55999755859375,110.80999755859375,102.01614379882812,14619300
2015-05-06,111.55999755859375,111.95999908447266,109.22000122070312,109.72000122070312,101.01263427734375,8975300
2015-05-07,109.5999984741211,109.77999877929688,108.72000122070312,109.26000213623047,100.58914947509766,8291200
2015-05-08,110.26000213623047,110.69999694824219,109.56999969482422,110.11000061035156,101.3716812133789,6260600
2015-05-11,110.13999938964844,110.13999938964844,108.48999786376953,108.5999984741211,99.98151397705078,6728500
2015-05-12,108.5999984741211,109.66000366210938,107.66999816894531,109.23999786376953,100.57073211669922,6345000
2015-05-13,109.69999694824219,109.87000274658203,108.77999877929688,109.19000244140625,100.52469635009766,4141400
2015-05-14,109.69000244140625,110.0,109.01000213623047,109.93000030517578,101.20597839355469,4662000
2015-05-15,110.0999984741211,110.69000244140625,109.68000030517578,110.30000305175781,101.54661560058594,5852200
2015-05-18,110.47000122070312,110.73999786376953,110.01000213623047,110.33000183105469,101.57422637939453,4868900
2015-05-19,110.69000244140625,110.98999786376953,110.47000122070312,110.55999755859375,101.78598022460938,4549600
2015-05-20,110.77999877929688,110.80999755859375,110.0199966430664,110.19999694824219,101.45454406738281,4393500
2015-05-21,110.04000091552734,110.63999938964844,109.9000015258789,110.38999938964844,101.62947845458984,4880600
2015-05-22,110.30000305175781,110.9000015258789,110.12000274658203,110.26000213623047,101.5097885131836,4267700
2015-05-26,110.16999816894531,110.8499984741211,108.76000213623047,109.44000244140625,100.75484466552734,5970800
2015-05-27,109.51000213623047,110.61000061035156,109.30000305175781,110.37000274658203,101.6110610961914,3984200
2015-05-28,110.11000061035156,110.54000091552734,109.5999984741211,110.52999877929688,101.75835418701172,3392000
2015-05-29,110.33000183105469,110.5199966430664,109.41000366210938,110.37000274658203,101.6110610961914,5264900
2015-06-01,111.4800033569336,111.7699966430664,110.55000305175781,110.95999908447266,102.15423583984375,6778900
2015-06-02,110.91999816894531,111.25,110.0199966430664,110.75,101.96088409423828,4425900
2015-06-03,110.75,111.81999969482422,110.5,111.16999816894531,102.3475570678711,4510300
2015-06-04,110.94999694824219,111.25,109.98999786376953,110.30000305175781,101.54661560058594,5748200
2015-06-05,110.30000305175781,110.7699966430664,109.80000305175781,110.30000305175781,101.54661560058594,4323500
2015-06-08,110.02999877929688,110.23999786376953,109.20999908447266,109.29000091552734,100.61678314208984,6068100
2015-06-09,109.3499984741211,109.41000366210938,107.6500015258789,108.5199966430664,99.90786743164062,7711800
2015-06-10,108.9000015258789,110.25,108.7300033569336,110.0,101.27042388916016,5128700
2015-06-11,110.01000213623047,110.95999908447266,110.01000213623047,110.62000274658203,101.84123229980469,5036300
2015-06-12,110.33000183105469,110.52999877929688,109.54000091552734,109.94999694824219,101.2243881225586,4009900
2015-06-15,109.2699966430664,110.41000366210938,108.93000030517578,110.18000030517578,101.4361343383789,5742200
2015-06-16,110.3499984741211,111.29000091552734,109.9000015258789,111.05999755859375,102.24629211425781,3848300
2015-06-17,111.19999694824219,111.94000244140625,110.87999725341797,111.48999786376953,102.64215850830078,4732300
2015-06-18,111.83000183105469,113.55000305175781,111.58000183105469,113.22000122070312,104.2348861694336,6929900
2015-06-19,112.83000183105469,113.4800033569336,112.4000015258789,112.62000274658203,103.68251037597656,9587700
2015-06-22,113.4000015258789,114.47000122070312,113.2699966430664,113.52999877929688,104.52027130126953,5906200
2015-06-23,113.93000030517578,114.5199966430664,113.72000122070312,114.41000366210938,105.3304443359375,6003100
2015-06-24,114.30000305175781,114.55999755859375,113.70999908447266,113.7699966430664,104.7412338256836,5636200
2015-06-25,114.62000274658203,115.27999877929688,114.38999938964844,114.44999694824219,105.36726379394531,6213500
2015-06-26,114.97000122070312,115.18000030517578,114.41000366210938,114.98999786376953,105.8644027709961,9509600
2015-06-29,114.16000366210938,115.19000244140625,113.0,113.05000305175781,104.07836151123047,7618200
2015-06-30,113.93000030517578,114.86000061035156,113.55000305175781,114.13999938964844,105.08186340332031,6946700
2015-07-01,114.94999694824219,115.25,114.33999633789062,115.12999725341797,106.60975646972656,5435400
2015-07-02,115.37999725341797,115.66999816894531,114.44999694824219,114.97000122070312,106.46160888671875,5549500
2015-07-06,114.47000122070312,115.86000061035156,114.2699966430664,115.69999694824219,107.1375732421875,5880500
2015-07-07,116.41999816894531,117.19000244140625,114.86000061035156,117.0999984741211,108.43397521972656,8359900
2015-07-08,116.5,116.68000030517578,115.11000061035156,115.19000244140625,106.6653060913086,8445200
2015-07-09,116.83000183105469,117.20999908447266,115.51000213623047,115.5999984741211,107.04497528076172,7016800
2015-07-10,117.05000305175781,117.43000030517578,115.66999816894531,116.44000244140625,107.82280731201172,7020700
2015-07-13,117.75,118.30999755859375,117.25,118.05000305175781,109.31365966796875,7595200
2015-07-14,118.02999877929688,118.13999938964844,117.69999694824219,117.8499984741211,109.12846374511719,5061700
2015-07-15,118.04000091552734,118.9000015258789,117.8499984741211,118.30000305175781,109.545166015625,4845200
2015-07-16,119.0,119.1500015258789,118.54000091552734,119.06999969482422,110.2581787109375,6303000
2015-07-17,118.69000244140625,118.9000015258789,118.02999877929688,118.86000061035156,110.06372833251953,5109900
2015-07-20,119.29000091552734,119.9000015258789,118.88999938964844,119.58000183105469,110.73043823242188,6951000
2015-07-21,119.76000213623047,119.80000305175781,118.83000183105469,119.30999755859375,110.48042297363281,4785200
2015-07-22,119.27999877929688,119.69999694824219,118.93000030517578,119.33000183105469,110.49893951416016,4714100
2015-07-23,119.30000305175781,119.66999816894531,118.56999969482422,118.80000305175781,110.00816345214844,3347200
2015-07-24,119.3499984741211,119.80000305175781,118.58000183105469,118.91000366210938,110.11001586914062,4320900
2015-07-27,118.62999725341797,118.80000305175781,117.77999877929688,118.25,109.49887084960938,5179300
2015-07-28,118.68000030517578,118.9000015258789,117.87000274658203,118.45999908447266,109.69331359863281,6447300
2015-07-29,118.8499984741211,119.86000061035156,118.41000366210938,119.83999633789062,110.97119140625,6083500
2015-07-30,119.70999908447266,120.3499984741211,119.01000213623047,120.02999877929688,111.14712524414062,4430100
2015-07-31,120.12000274658203,120.72000122070312,119.5999984741211,120.0,111.11935424804688,5767300
2015-08-03,120.87999725341797,121.7300033569336,120.16999816894531,121.12000274658203,112.15646362304688,8426900
2015-08-04,121.5,122.08000183105469,120.61000061035156,121.69000244140625,112.68428039550781,12624400
2015-08-05,110.83000183105469,113.94999694824219,109.5,110.52999877929688,102.35018157958984,61011200
2015-08-06,110.4000015258789,110.4000015258789,104.23999786376953,108.55000305175781,100.5167236328125,57175200
2015-08-07,108.75,109.55999755859375,107.66000366210938,109.3499984741211,101.25750732421875,15791600
2015-08-10,110.0,111.0,109.73999786376953,111.0,102.78540802001953,11617000
2015-08-11,110.33999633789062,110.48999786376953,107.94999694824219,108.0,100.0074234008789,13574000
2015-08-12,107.0,107.44000244140625,105.51000213623047,106.98999786376953,99.07215881347656,16923500
2015-08-13,107.20999908447266,108.51000213623047,106.75,107.5199966430664,99.56293487548828,9754500
2015-08-14,107.61000061035156,107.66999816894531,106.5199966430664,107.16000366210938,99.2295913696289,7104500
2015-08-17,107.30000305175781,109.27999877929688,106.83999633789062,109.05000305175781,100.97972106933594,7954000
2015-08-18,108.04000091552734,108.25,106.80000305175781,106.94000244140625,99.0258560180664,12021500
2015-08-19,106.58000183105469,107.75,105.7699966430664,106.44999694824219,98.57211303710938,9484400
2015-08-20,104.33999633789062,105.0,99.76000213623047,100.0199966430664,92.61797332763672,34651300
2015-08-21,97.5,100.62999725341797,96.61000061035156,98.83999633789062,91.52531433105469,30875700
2015-08-24,93.37999725341797,100.0,90.0,95.36000061035156,88.30284881591797,30159200
2015-08-25,99.7300033569336,100.08999633789062,95.72000122070312,95.88999938964844,88.79360961914062,19079400
2015-08-26,98.69000244140625,99.48999786376953,96.26000213623047,99.2300033569336,91.88645935058594,13755900
2015-08-27,101.3499984741211,102.62000274658203,99.77999877929688,102.16999816894531,94.60885620117188,17532200
2015-08-28,102.19000244140625,103.33999633789062,101.80999755859375,102.4800033569336,94.89591979980469,11005200
2015-08-31,102.30000305175781,102.45999908447266,100.91000366210938,101.87999725341797,94.34032440185547,8518200
2015-09-01,99.30999755859375,101.33999633789062,99.16000366210938,99.51000213623047,92.14572143554688,14212600
2015-09-02,100.91999816894531,101.94000244140625,99.55000305175781,101.88999938964844,94.3495864868164,12148200
2015-09-03,102.19999694824219,103.02999877929688,101.45999908447266,101.98999786376953,94.44219207763672,8953300
2015-09-04,100.95999908447266,101.81999969482422,100.36000061035156,100.97000122070312,93.49767303466797,9213800
2015-09-08,102.94999694824219,104.1500015258789,102.5199966430664,104.01000213623047,96.31270599365234,8571500
2015-09-09,104.75,104.94999694824219,101.68000030517578,101.91000366210938,94.36811065673828,9577500
2015-09-10,101.8499984741211,103.22000122070312,101.33000183105469,102.5999984741211,95.0070571899414,9026100
2015-09-11,102.3499984741211,104.5,102.19999694824219,104.4800033569336,96.7479248046875,9529800
2015-09-14,104.6500015258789,104.9000015258789,102.98999786376953,103.81999969482422,96.13676452636719,6959800
2015-09-15,103.25,103.80000305175781,101.83000183105469,103.43000030517578,95.77562713623047,9171400
2015-09-16,103.31999969482422,104.06999969482422,102.75,103.95999908447266,96.26641082763672,6509700
2015-09-17,104.19999694824219,105.94999694824219,103.75,104.19999694824219,96.4886245727539,7792600
2015-09-18,103.19999694824219,104.20999908447266,102.38999938964844,102.83999633789062,95.22927856445312,13559400
2015-09-21,103.68000030517578,103.83000183105469,102.45999908447266,103.41000366210938,95.75711059570312,7152300
2015-09-22,102.18000030517578,102.75,101.4800033569336,102.48999786376953,94.90518188476562,8330100
2015-09-23,102.44000244140625,102.62999725341797,101.37999725341797,101.56999969482422,94.05326843261719,5818000
2015-09-24,101.0,101.33000183105469,99.23999786376953,100.62000274658203,93.17356872558594,10706800
2015-09-25,101.51000213623047,101.80000305175781,99.58000183105469,100.30000305175781,92.87725830078125,7179800
2015-09-28,99.9000015258789,100.38999938964844,98.30000305175781,98.48999786376953,91.2011947631836,8238300
2015-09-29,98.51000213623047,100.05999755859375,97.7699966430664,99.41999816894531,92.06238555908203,9466900
2015-09-30,100.77999877929688,102.43000030517578,100.5,102.19999694824219,94.63665008544922,9190000
2015-10-01,102.97000122070312,103.47000122070312,101.08000183105469,102.66999816894531,95.07186889648438,7503700
2015-10-02,101.20999908447266,103.01000213623047,99.87999725341797,103.0,95.37745666503906,9105600
2015-10-05,103.69999694824219,104.19999694824219,102.61000061035156,103.8499984741211,96.16454315185547,7144600
2015-10-06,104.19000244140625,104.51000213623047,103.20999908447266,103.7699966430664,96.09046173095703,5660600
2015-10-07,104.48999786376953,104.58999633789062,102.66000366210938,103.38999938964844,95.73857116699219,6947200
2015-10-08,103.19999694824219,104.88999938964844,102.69999694824219,104.61000061035156,96.86830139160156,7499100
2015-10-09,105.08999633789062,106.05000305175781,104.66999816894531,105.55999755859375,97.74799346923828,7341800
2015-10-12,105.91000366210938,106.69999694824219,105.62000274658203,106.3499984741211,98.47952270507812,5179000
2015-10-13,105.73999786376953,107.38999938964844,105.30999755859375,106.58999633789062,98.7017593383789,8342700
2015-10-14,106.5,106.8499984741211,105.2300033569336,105.7300033569336,97.90540313720703,5563600
2015-10-15,106.5,108.0,106.26000213623047,107.88999938964844,99.90555572509766,6739200
2015-10-16,108.2699966430664,108.5,107.45999908447266,108.23999786376953,100.22966003417969,5908900
2015-10-19,108.25,109.97000122070312,107.94000244140625,109.47000122070312,101.3686294555664,8001900
2015-10-20,109.55000305175781,110.52999877929688,109.41000366210938,109.83999633789062,101.71125030517578,9674400
2015-10-21,110.66999816894531,111.55999755859375,110.01000213623047,110.08999633789062,101.94274139404297,8769800
2015-10-22,110.66999816894531,113.3499984741211,110.38999938964844,113.25,104.86890411376953,10028900
2015-10-23,114.20999908447266,114.20999908447266,111.8499984741211,113.08999633789062,104.720703125,7928400
2015-10-26,113.06999969482422,113.58000183105469,112.12000274658203,113.5199966430664,105.11891174316406,5729600
2015-10-27,113.29000091552734,114.2699966430664,113.25,113.7699966430664,105.35040283203125,5857600
2015-10-28,113.97000122070312,114.45999908447266,112.86000061035156,114.33999633789062,105.87823486328125,6452900
2015-10-29,114.33999633789062,115.4000015258789,114.19999694824219,115.04000091552734,106.52641296386719,6125100
2015-10-30,115.0,115.23999786376953,113.66999816894531,113.73999786376953,105.32262420654297,8501600
2015-11-02,114.48999786376953,115.30999755859375,114.01000213623047,115.04000091552734,106.52641296386719,6949500
2015-11-03,114.97000122070312,116.4000015258789,114.54000091552734,115.54000091552734,106.98941040039062,7132100
2015-11-04,116.63999938964844,116.83000183105469,110.80999755859375,113.25,104.86890411376953,20740800
2015-11-05,113.26000213623047,113.93000030517578,111.5999984741211,113.0,104.63738250732422,14843700
2015-11-06,114.5999984741211,116.75,114.56999969482422,115.66999816894531,107.10981750488281,16803400
2015-11-09,115.9000015258789,116.7300033569336,115.18000030517578,116.41999816894531,107.80429077148438,9317500
2015-11-10,116.16999816894531,117.51000213623047,115.51000213623047,117.41999816894531,108.73028564453125,8240500
2015-11-11,117.55000305175781,117.58000183105469,116.43000030517578,116.5199966430664,107.89689636230469,6381700
2015-11-12,115.5999984741211,116.98999786376953,115.0,116.20999908447266,107.60983276367188,7223000
2015-11-13,115.91999816894531,116.41999816894531,114.37999725341797,114.83999633789062,106.34121704101562,8078100
2015-11-16,113.47000122070312,116.08000183105469,113.33999633789062,115.91999816894531,107.3412857055664,5770200
2015-11-17,116.11000061035156,117.55000305175781,115.51000213623047,116.12999725341797,107.53575897216797,6434400
2015-11-18,116.22000122070312,118.27999877929688,116.05000305175781,118.13999938964844,109.3969955444336,6744600
2015-11-19,118.13999938964844,119.16000366210938,117.63999938964844,118.70999908447266,109.92481994628906,6101000
2015-11-20,119.11000061035156,120.25,118.9000015258789,120.06999969482422,111.1841812133789,10821700
2015-11-23,120.30000305175781,120.6500015258789,119.0,119.41999816894531,110.58226776123047,6986400
2015-11-24,117.9000015258789,118.56999969482422,117.27999877929688,117.94999694824219,109.22105407714844,9158200
2015-11-25,118.29000091552734,119.33999633789062,118.1500015258789,118.66999816894531,109.88777923583984,4751500
2015-11-27,116.0,116.5,113.69999694824219,115.12999725341797,106.60975646972656,14912000
2015-11-30,115.55999755859375,115.58000183105469,113.30999755859375,113.47000122070312,105.07262420654297,16560300
2015-12-01,114.1500015258789,115.45999908447266,113.66000366210938,115.38999938964844,106.85051727294922,8896100
2015-12-02,115.38999938964844,115.47000122070312,113.83000183105469,114.0,105.56338500976562,7787800
2015-12-03,114.16999816894531,114.6500015258789,111.44000244140625,111.88999938964844,103.60954284667969,10446600
2015-12-04,112.73999786376953,114.30999755859375,112.52999877929688,114.23999786376953,105.7856216430664,8771300
2015-12-07,114.55999755859375,114.55999755859375,112.6500015258789,113.83000183105469,105.40596771240234,6738500
2015-12-08,113.3499984741211,113.44999694824219,112.4000015258789,112.4800033569336,104.15587615966797,7480600
2015-12-09,112.38999938964844,113.05999755859375,110.58000183105469,111.47000122070312,103.22061920166016,9050700
2015-12-10,111.1500015258789,111.58000183105469,110.16999816894531,110.76000213623047,103.22061920166016,7030200
2015-12-11,110.76000213623047,110.76000213623047,107.62000274658203,108.04000091552734,100.68576049804688,12334900
2015-12-14,108.68000030517578,109.87000274658203,108.27999877929688,109.3499984741211,101.9065933227539,9702600
2015-12-15,112.05000305175781,113.3499984741211,111.58000183105469,112.16000366210938,104.52532196044922,13361700
2015-12-16,114.69000244140625,114.75,111.80000305175781,113.79000091552734,106.04437255859375,12304500
2015-12-17,114.12999725341797,114.4800033569336,111.9800033569336,112.01000213623047,104.38553619384766,9375000
2015-12-18,112.01000213623047,112.44000244140625,107.3499984741211,107.72000122070312,100.3875503540039,28376900
2015-12-21,108.80000305175781,110.0999984741211,105.33000183105469,106.58999633789062,99.33446502685547,22847200
2015-12-22,106.98999786376953,107.19999694824219,105.83000183105469,106.73999786376953,99.47425842285156,8644500
2015-12-23,107.20999908447266,107.23999786376953,104.30000305175781,105.55999755859375,98.37458038330078,12372900
2015-12-24,105.19999694824219,106.63999938964844,105.05999755859375,105.86000061035156,98.65416717529297,4356100
2015-12-28,106.5,108.19999694824219,106.33000183105469,107.25,99.94953918457031,9092700
2015-12-29,107.87999725341797,108.04000091552734,106.44999694824219,107.08000183105469,99.79109954833984,8607200
2015-12-30,106.88999938964844,107.20999908447266,106.25,106.33999633789062,99.10147094726562,4917000
2015-12-31,106.13999938964844,106.30999755859375,105.05999755859375,105.08000183105469,97.92726135253906,6670100
2016-01-04,103.12000274658203,103.43000030517578,101.7300033569336,102.9800033569336,95.97019958496094,12531500
2016-01-05,102.66999816894531,102.66999816894531,99.88999938964844,100.9000015258789,94.03178405761719,16212900
2016-01-06,99.37999725341797,101.45999908447266,99.36000061035156,100.36000061035156,93.5285415649414,13934500
2016-01-07,98.95999908447266,101.3499984741211,98.5199966430664,99.5,92.7270736694336,14680200
2016-01-08,100.62999725341797,100.91999816894531,99.0,99.25,92.49410247802734,10691600
2016-01-11,100.20999908447266,100.44999694824219,98.55000305175781,99.91999816894531,93.11849212646484,9583200
2016-01-12,100.97000122070312,101.8499984741211,100.33999633789062,101.45999908447266,94.55367279052734,8863900
2016-01-13,101.87999725341797,101.87999725341797,98.12000274658203,98.4800033569336,91.7765121459961,11615400
2016-01-14,98.6500015258789,99.91000366210938,97.19000244140625,99.11000061035156,92.36363220214844,11147500
2016-01-15,95.62000274658203,96.87999725341797,93.45999908447266,93.9000015258789,87.50826263427734,22337000
2016-01-19,95.0,95.06999969482422,93.02999877929688,93.97000122070312,87.5735092163086,13286800
2016-01-20,92.18000030517578,93.63999938964844,90.41999816894531,92.54000091552734,86.2408447265625,16918100
2016-01-21,92.87000274658203,94.86000061035156,92.30000305175781,94.0199966430664,87.62008666992188,12078200
2016-01-22,95.94999694824219,97.41999816894531,95.55000305175781,96.9000015258789,90.3040542602539,12303800
2016-01-25,96.41999816894531,96.68000030517578,95.12000274658203,95.29000091552734,88.80364990234375,7812200
2016-01-26,95.48999786376953,96.43000030517578,95.08999633789062,96.2699966430664,89.7169418334961,6915600
2016-01-27,96.30999755859375,96.62999725341797,93.87000274658203,94.31999969482422,87.89967346191406,6328900
2016-01-28,95.19999694824219,95.19999694824219,92.37000274658203,93.52999877929688,87.16345977783203,7312700
2016-01-29,94.20999908447266,95.81999969482422,93.62999725341797,95.81999969482422,89.29756164550781,8211600
2016-02-01,95.08000183105469,95.70999908447266,94.69999694824219,95.1500015258789,88.67317962646484,7027200
2016-02-02,94.0,94.16999816894531,92.87000274658203,93.12000274658203,86.78137969970703,7244400
2016-02-03,94.0999984741211,95.41000366210938,92.41999816894531,95.13999938964844,88.66386413574219,10878000
2016-02-04,94.87000274658203,96.7300033569336,94.5999984741211,95.43000030517578,88.93412017822266,8350300
2016-02-05,95.31999969482422,95.38999938964844,93.47000122070312,93.9000015258789,87.50826263427734,8898500
2016-02-08,92.55999755859375,92.95999908447266,89.51000213623047,92.12000274658203,85.84943389892578,13750100
2016-02-09,90.1500015258789,93.19999694824219,89.04000091552734,92.31999969482422,86.03582000732422,19237400
2016-02-10,88.0,90.02999877929688,86.25,88.8499984741211,82.80201721191406,32649800
2016-02-11,87.0,91.05999755859375,86.95999908447266,90.30999755859375,84.16263580322266,17523800
2016-02-12,91.5199966430664,91.58999633789062,89.61000061035156,91.1500015258789,84.9454574584961,10786100
2016-02-16,92.47000122070312,93.30999755859375,91.79000091552734,92.91000366210938,86.58566284179688,9050900
2016-02-17,93.66999816894531,96.44000244140625,93.55999755859375,95.5,88.99934387207031,12610000
2016-02-18,96.33999633789062,96.44999694824219,94.44999694824219,95.16999816894531,88.69182586669922,8773900
2016-02-19,95.2300033569336,95.72000122070312,94.55999755859375,95.01000213623047,88.542724609375,6838200
2016-02-22,95.01000213623047,97.0,95.01000213623047,96.37000274658203,89.81013488769531,6980400
2016-02-23,96.5,96.81999969482422,95.1500015258789,95.37999725341797,88.88752746582031,6253800
2016-02-24,94.6500015258789,95.75,93.2300033569336,95.43000030517578,88.93412017822266,6945600
2016-02-25,95.91999816894531,95.94999694824219,94.3499984741211,95.6500015258789,89.13916015625,4562300
2016-02-26,95.70999908447266,96.22000122070312,95.27999877929688,95.30999755859375,88.82228088378906,5277000
2016-02-29,95.30999755859375,96.29000091552734,95.2300033569336,95.5199966430664,89.01797485351562,7794400
2016-03-01,95.9000015258789,97.66000366210938,95.52999877929688,97.6500015258789,91.00300598144531,7139900
2016-03-02,97.66999816894531,97.83000183105469,96.41000366210938,97.0,90.39725494384766,6498600
2016-03-03,97.79000091552734,98.83999633789062,96.88999938964844,98.81999969482422,92.09336853027344,8581300
2016-03-04,99.0,99.20999908447266,97.9000015258789,98.4800033569336,91.7765121459961,6739800
2016-03-07,98.56999969482422,99.70999908447266,98.4800033569336,99.38999938964844,92.62456512451172,7218700
2016-03-08,98.93000030517578,98.9800033569336,97.5999984741211,97.81999969482422,91.16143035888672,6229300
2016-03-09,98.0,98.23999786376953,96.80999755859375,97.66000366210938,91.01234436035156,7010700
2016-03-10,97.94000244140625,98.41999816894531,95.87000274658203,97.04000091552734,90.43453979492188,5453500
2016-03-11,97.56999969482422,98.3499984741211,97.54000091552734,97.94000244140625,91.27326965332031,5605800
2016-03-14,97.94000244140625,99.22000122070312,97.83999633789062,98.80999755859375,92.08403015136719,6175000
2016-03-15,98.0199966430664,98.33000183105469,97.38999938964844,98.23999786376953,91.55284881591797,5942400
2016-03-16,98.16000366210938,99.08000183105469,97.47000122070312,98.44000244140625,91.7392349243164,6079400
2016-03-17,98.27999877929688,99.91000366210938,98.27999877929688,99.5999984741211,92.82027435302734,6385600
2016-03-18,99.9800033569336,100.1500015258789,98.95999908447266,99.19999694824219,92.44749450683594,10205100
2016-03-21,98.91999816894531,99.12000274658203,97.69999694824219,98.45999908447266,91.75788116455078,7070300
2016-03-22,97.58999633789062,98.31999969482422,97.44000244140625,97.58000183105469,90.93778228759766,6475700
2016-03-23,97.72000122070312,97.8499984741211,96.75,96.83000183105469,90.23882293701172,5517700
2016-03-24,96.55000305175781,97.48999786376953,96.30000305175781,97.22000122070312,90.60228729248047,5577700
2016-03-28,97.5,98.45999908447266,97.44999694824219,98.08999633789062,91.41305541992188,5317100
2016-03-29,98.0,98.37000274658203,97.36000061035156,98.16000366210938,91.4782943725586,5170800
2016-03-30,98.9000015258789,99.08999633789062,98.3499984741211,98.91000366210938,92.17723846435547,5677500
2016-03-31,99.01000213623047,100.37000274658203,99.01000213623047,99.30999755859375,92.55001831054688,7038800
2016-04-01,98.80000305175781,99.33999633789062,98.58000183105469,99.06999969482422,92.32634735107422,5895500
2016-04-04,99.30000305175781,99.44000244140625,98.58000183105469,98.68000030517578,91.96290588378906,5334700
2016-04-05,96.8499984741211,97.61000061035156,96.1500015258789,97.0,90.39725494384766,10818800
2016-04-06,96.95999908447266,97.62999725341797,96.83000183105469,97.4800033569336,90.84457397460938,6952400
2016-04-07,97.11000061035156,97.41999816894531,95.91999816894531,96.16000366210938,89.61442565917969,7525400
2016-04-08,96.62999725341797,96.83999633789062,95.80000305175781,96.41999816894531,89.85673522949219,6982700
2016-04-11,96.93000030517578,97.63999938964844,96.19999694824219,96.2699966430664,89.7169418334961,5916600
2016-04-12,96.27999877929688,97.52999877929688,96.06999969482422,97.3499984741211,90.72343444824219,6277200
2016-04-13,98.02999877929688,99.80999755859375,97.95999908447266,99.4800033569336,92.70845031738281,7967400
2016-04-14,99.79000091552734,99.87000274658203,98.26000213623047,98.62999725341797,91.91630554199219,6676200
2016-04-15,98.5,98.88999938964844,98.18000030517578,98.58999633789062,91.87902069091797,6146800
2016-04-18,99.5999984741211,101.94999694824219,99.5,101.4800033569336,94.57230377197266,10665200
2016-04-19,102.0,103.63999938964844,101.93000030517578,102.63999938964844,95.65333557128906,10639800
2016-04-20,103.0199966430664,103.4800033569336,101.95999908447266,103.2699966430664,96.24046325683594,7712000
2016-04-21,103.36000061035156,104.12000274658203,102.6500015258789,102.91000366210938,95.90497589111328,6824800
2016-04-22,103.05999755859375,103.98999786376953,102.93000030517578,103.7699966430664,96.70642852783203,5731300
2016-04-25,103.5,104.62000274658203,103.3499984741211,104.56999969482422,97.45197296142578,6117100
2016-04-26,104.58000183105469,105.56999969482422,104.18000030517578,104.88999938964844,97.75018310546875,6452900
2016-04-27,105.19000244140625,105.5999984741211,104.76000213623047,105.27999877929688,98.11363983154297,5996100
2016-04-28,104.54000091552734,105.48999786376953,103.80000305175781,104.02999877929688,96.94872283935547,5658300
2016-04-29,103.94999694824219,104.20999908447266,102.4000015258789,103.26000213623047,96.23113250732422,7006900
2016-05-02,103.30000305175781,104.56999969482422,102.80000305175781,104.36000061035156,97.25627136230469,5285700
2016-05-03,103.87999725341797,103.98999786376953,103.19000244140625,103.77999877929688,96.71575927734375,6243300
2016-05-04,103.30999755859375,104.4800033569336,103.19999694824219,103.66999816894531,96.61322784423828,6445100
2016-05-05,103.9800033569336,105.12999725341797,103.44999694824219,104.93000030517578,97.78746032714844,6466000
2016-05-06,104.51000213623047,105.73999786376953,104.38999938964844,105.54000091552734,98.3559341430664,7407500
2016-05-09,106.01000213623047,106.68000030517578,104.97000122070312,105.33999633789062,98.16954803466797,8130300
2016-05-10,105.52999877929688,106.75,105.44999694824219,106.5999984741211,99.34378051757812,15177200
2016-05-11,101.45999908447266,102.5,100.62000274658203,102.29000091552734,95.3271713256836,27068100
2016-05-12,102.5,102.8499984741211,101.12999725341797,101.70999908447266,94.78663635253906,11251700
2016-05-13,101.70999908447266,102.04000091552734,100.36000061035156,100.5199966430664,93.67764282226562,9570200
2016-05-16,100.41000366210938,100.66999816894531,99.37000274658203,100.36000061035156,93.5285415649414,9113000
2016-05-17,100.79000091552734,101.29000091552734,99.55000305175781,99.94000244140625,93.13713073730469,8694400
2016-05-18,99.58999633789062,99.7699966430664,98.36000061035156,99.0,92.2611083984375,9323100
2016-05-19,98.58000183105469,98.61000061035156,97.51000213623047,98.41000366210938,91.7112808227539,7063500
2016-05-20,99.0,99.93000030517578,98.7699966430664,99.77999877929688,92.9880142211914,7297000
2016-05-23,99.5999984741211,100.33000183105469,99.12000274658203,99.18000030517578,92.4288558959961,5588600
2016-05-24,99.44999694824219,100.04000091552734,99.37999725341797,99.51000213623047,92.73639678955078,5250800
2016-05-25,99.91999816894531,100.80000305175781,99.80999755859375,99.86000061035156,93.06257629394531,5667300
2016-05-26,99.88999938964844,100.48999786376953,99.56999969482422,99.80999755859375,93.01597595214844,3852600
2016-05-27,99.80999755859375,100.52999877929688,99.80999755859375,100.29000091552734,93.46330261230469,4589100
2016-05-31,99.8499984741211,99.88999938964844,98.56999969482422,99.22000122070312,92.46612548828125,10396200
2016-06-01,98.66999816894531,98.98999786376953,97.7300033569336,98.5199966430664,91.81379699707031,7243900
2016-06-02,98.06999969482422,98.72000122070312,97.87000274658203,98.72000122070312,92.00017547607422,4830100
2016-06-03,98.66000366210938,98.91999816894531,97.7300033569336,98.75,92.02813720703125,6857500
2016-06-06,98.95999908447266,99.12000274658203,98.47000122070312,98.77999877929688,92.05608367919922,4986600
2016-06-07,99.0,99.04000091552734,98.31999969482422,98.3499984741211,91.65534973144531,5608400
2016-06-08,98.48999786376953,98.81999969482422,97.69999694824219,98.04000091552734,91.366455078125,5466200
2016-06-09,97.81999969482422,97.93000030517578,97.0999984741211,97.83999633789062,91.18006134033203,5379400
2016-06-10,97.1500015258789,97.70999908447266,96.77999877929688,97.33999633789062,90.71410369873047,7204400
2016-06-13,96.75,98.9800033569336,96.69999694824219,97.56999969482422,90.92845916748047,8766300
2016-06-14,97.19999694824219,98.55000305175781,97.18000030517578,98.4000015258789,91.70195770263672,6125700
2016-06-15,98.19000244140625,99.0,98.19000244140625,98.2699966430664,91.580810546875,6663200
2016-06-16,97.80000305175781,98.62999725341797,96.86000061035156,98.37999725341797,91.68331146240234,7129700
2016-06-17,98.41000366210938,99.13999938964844,98.2699966430664,99.0,92.2611083984375,8959400
2016-06-20,100.08000183105469,100.95999908447266,99.5,99.56999969482422,92.79231262207031,8268600
2016-06-21,99.7300033569336,99.79000091552734,98.7699966430664,98.81999969482422,92.09336853027344,5202500
2016-06-22,99.08000183105469,99.62000274658203,98.69999694824219,98.79000091552734,92.06539916992188,4948900
2016-06-23,99.44000244140625,99.62000274658203,98.61000061035156,99.0199966430664,92.27973937988281,5826100
2016-06-24,96.01000213623047,97.27999877929688,95.13999938964844,95.72000122070312,89.20437622070312,15079900
2016-06-27,94.91000366210938,95.2300033569336,94.0,94.37999725341797,87.95559692382812,9438400
2016-06-28,95.45999908447266,96.27999877929688,95.13999938964844,96.05000305175781,89.51191711425781,7143100
2016-06-29,96.91000366210938,97.29000091552734,96.27999877929688,96.9800033569336,90.37860870361328,6563600
2016-06-30,97.0999984741211,98.06999969482422,96.87999725341797,97.81999969482422,91.16143035888672,7189500
2016-07-01,97.75,98.63999938964844,97.70999908447266,98.02999877929688,91.35714721679688,5681600
2016-07-05,97.7699966430664,98.0,97.16999816894531,97.66000366210938,91.01234436035156,5846400
2016-07-06,97.0,98.5199966430664,96.76000213623047,98.44999694824219,91.7485580444336,6223300
2016-07-07,97.62999725341797,98.4800033569336,97.58000183105469,98.41000366210938,92.37749481201172,5146000
2016-07-08,99.25,99.8499984741211,98.7699966430664,99.62000274658203,93.51332092285156,6045800
2016-07-11,99.80000305175781,100.3499984741211,99.4000015258789,99.9800033569336,93.85124969482422,5428000
2016-07-12,100.18000030517578,100.79000091552734,100.0,100.19999694824219,94.05775451660156,8508500
2016-07-13,100.45999908447266,100.80000305175781,99.8499984741211,99.87999725341797,93.75736236572266,5494700
2016-07-14,100.41999816894531,100.80000305175781,99.68000030517578,99.97000122070312,93.84185791015625,7461500
2016-07-15,100.41999816894531,100.54000091552734,99.54000091552734,99.80000305175781,93.68228912353516,5764400
2016-07-18,99.9000015258789,100.70999908447266,99.87000274658203,100.1500015258789,94.01082611083984,5051300
2016-07-19,99.80999755859375,99.98999786376953,99.36000061035156,99.47000122070312,93.37251281738281,5742700
2016-07-20,98.6500015258789,98.69000244140625,97.13999938964844,98.22000122070312,92.19913482666016,10664900
2016-07-21,98.16999816894531,99.12999725341797,97.62000274658203,98.01000213623047,92.00200653076172,6726600
2016-07-22,98.38999938964844,98.41999816894531,97.47000122070312,97.70999908447266,91.72039794921875,5381700
2016-07-25,97.9000015258789,98.05999755859375,97.25,97.38999938964844,91.42001342773438,4825500
2016-07-26,97.0199966430664,97.16000366210938,96.33999633789062,96.69000244140625,90.7629165649414,6274800
2016-07-27,96.69999694824219,96.93000030517578,95.86000061035156,96.33000183105469,90.42498779296875,6911400
2016-07-28,96.4000015258789,96.48999786376953,95.81999969482422,95.91000366210938,90.0307388305664,7713500
2016-07-29,95.8499984741211,96.37999725341797,95.8499984741211,95.94999694824219,90.06827545166016,8264000
2016-08-01,96.1500015258789,96.19999694824219,95.08000183105469,95.54000091552734,89.68341827392578,7131600
2016-08-02,95.3499984741211,95.75,94.55999755859375,95.01000213623047,89.1859130859375,7644100
2016-08-03,95.05999755859375,96.43000030517578,95.0,96.08999633789062,90.19969177246094,9068700
2016-08-04,95.52999877929688,95.9800033569336,94.70999908447266,95.16000366210938,89.32671356201172,10038300
2016-08-05,95.4000015258789,96.0,95.3499984741211,95.83000183105469,89.95564270019531,6528500
2016-08-08,96.11000061035156,96.29000091552734,95.58000183105469,95.75,89.88055419921875,7792000
2016-08-09,95.61000061035156,96.8499984741211,95.30000305175781,96.66999816894531,90.744140625,15548700
2016-08-10,96.69999694824219,99.2699966430664,95.8499984741211,97.86000061035156,91.86119842529297,27181300
2016-08-11,98.19999694824219,98.38999938964844,97.1500015258789,97.7699966430664,91.7767105102539,9233900
2016-08-12,97.81999969482422,97.81999969482422,96.66000366210938,96.83999633789062,90.90373992919922,9360300
2016-08-15,97.3499984741211,97.61000061035156,96.91999816894531,97.0999984741211,91.14777374267578,5299600
2016-08-16,96.86000061035156,97.25,96.2699966430664,96.87999725341797,90.94126892089844,5777800
2016-08-17,96.83999633789062,96.97000122070312,96.5199966430664,96.87000274658203,90.931884765625,5697300
2016-08-18,96.87000274658203,97.12000274658203,96.55000305175781,96.6500015258789,90.72537994384766,5250700
2016-08-19,96.4000015258789,96.79000091552734,96.05000305175781,96.38999938964844,90.48130798339844,6362400
2016-08-22,96.47000122070312,96.47000122070312,95.6500015258789,95.87000274658203,89.99317932128906,5495300
2016-08-23,96.12999725341797,96.43000030517578,95.80000305175781,95.97000122070312,90.08706665039062,4996300
2016-08-24,96.01000213623047,96.22000122070312,95.51000213623047,95.81999969482422,89.94624328613281,5912500
2016-08-25,95.62000274658203,95.81999969482422,95.41000366210938,95.55000305175781,89.69281005859375,4518700
2016-08-26,95.66000366210938,96.12999725341797,94.75,95.20999908447266,89.37364196777344,6019600
2016-08-29,95.06999969482422,95.31999969482422,94.45999908447266,94.87000274658203,89.05448913574219,7903000
2016-08-30,94.7699966430664,95.29000091552734,94.7699966430664,94.86000061035156,89.04508972167969,6845000
2016-08-31,94.69000244140625,94.9000015258789,94.16000366210938,94.45999908447266,88.66960906982422,7375200
2016-09-01,94.7300033569336,94.87000274658203,93.91000366210938,94.26000213623047,88.48188781738281,6274200
2016-09-02,94.75,94.95999908447266,94.12999725341797,94.41999816894531,88.63206481933594,5382000
2016-09-06,94.52999877929688,94.52999877929688,93.3499984741211,93.80000305175781,88.05007934570312,8463500
2016-09-07,93.9800033569336,94.02999877929688,93.33000183105469,93.70999908447266,87.96558380126953,6281500
2016-09-08,93.48999786376953,94.20999908447266,92.93000030517578,94.08999633789062,88.3222885131836,7438100
2016-09-09,93.51000213623047,93.73999786376953,92.38999938964844,92.41999816894531,86.7546615600586,10248400
2016-09-12,91.95999908447266,93.86000061035156,91.94999694824219,93.63999938964844,87.89988708496094,9367300
2016-09-13,93.04000091552734,93.30000305175781,92.44999694824219,92.69999694824219,87.01749420166016,7795200
2016-09-14,92.58999633789062,92.88999938964844,92.06999969482422,92.26000213623047,86.60447692871094,6386500
2016-09-15,92.12000274658203,92.75,91.19000244140625,92.5,86.82976531982422,7559400
2016-09-16,92.2699966430664,92.73999786376953,91.80000305175781,92.55999755859375,86.88609313964844,10568600
2016-09-19,92.80000305175781,93.31999969482422,92.33999633789062,92.62999725341797,86.95179748535156,5421500
2016-09-20,92.69999694824219,93.30000305175781,92.68000030517578,92.94999694824219,87.2521743774414,6200100
2016-09-21,93.0,93.08000183105469,91.69999694824219,92.38999938964844,86.72650909423828,12049500
2016-09-22,92.7300033569336,93.70999908447266,92.63999938964844,93.41000366210938,87.68399047851562,6470700
2016-09-23,93.06999969482422,93.5199966430664,93.0,93.2699966430664,87.55256652832031,4407700
2016-09-26,92.47000122070312,92.68000030517578,91.4000015258789,91.95999908447266,86.32286834716797,10449300
2016-09-27,91.93000030517578,92.18000030517578,91.5,91.72000122070312,86.09758758544922,9167400
2016-09-28,91.75,92.30000305175781,91.4800033569336,92.19999694824219,86.54814910888672,8272300
2016-09-29,92.13999938964844,93.0999984741211,91.52999877929688,91.80000305175781,86.17268371582031,7476600
2016-09-30,92.27999877929688,93.48999786376953,92.20999908447266,92.86000061035156,87.16769409179688,8923700
2016-10-03,92.47000122070312,92.72000122070312,92.05000305175781,92.48999786376953,86.82037353515625,5834700
2016-10-04,92.44999694824219,92.98999786376953,92.11000061035156,92.58999633789062,86.91424560546875,5903400
2016-10-05,92.94000244140625,93.27999877929688,92.37999725341797,92.44999694824219,86.78282928466797,5365000
2016-10-06,92.75,93.58000183105469,92.38999938964844,92.83000183105469,87.13954162597656,7484800
2016-10-07,93.05999755859375,93.29000091552734,92.0199966430664,92.48999786376953,86.82037353515625,6144100
2016-10-10,92.69999694824219,93.20999908447266,92.4000015258789,92.48999786376953,86.82037353515625,4241000
2016-10-11,92.33000183105469,92.37999725341797,91.56999969482422,91.86000061035156,86.22899627685547,6651100
2016-10-12,91.87999725341797,92.08000183105469,91.38999938964844,91.41000366210938,85.80657958984375,6836600
2016-10-13,90.94999694824219,91.36000061035156,90.31999969482422,91.12000274658203,85.53435516357422,5725200
2016-10-14,91.7699966430664,91.7699966430664,91.29000091552734,91.30000305175781,85.70333862304688,4345700
2016-10-17,91.3499984741211,91.47000122070312,90.55999755859375,90.83000183105469,85.26213836669922,5134600
2016-10-18,91.4000015258789,91.73999786376953,90.9800033569336,91.16999816894531,85.581298828125,4890800
2016-10-19,91.2699966430664,92.13999938964844,91.0,91.93000030517578,86.2947006225586,6140500
2016-10-20,91.66000366210938,92.31999969482422,91.44000244140625,92.02999877929688,86.38858032226562,6153200
2016-10-21,91.33000183105469,94.19000244140625,90.5999984741211,93.02999877929688,87.32727813720703,13814500
2016-10-24,93.48999786376953,94.1500015258789,92.80000305175781,93.37000274658203,87.64643096923828,7281000
2016-10-25,93.13999938964844,93.36000061035156,92.63999938964844,92.75,87.06443786621094,6380700
2016-10-26,92.38999938964844,93.72000122070312,91.9000015258789,93.48999786376953,87.75908660888672,7152800
2016-10-27,93.80000305175781,94.33999633789062,93.30999755859375,94.0199966430664,88.25658416748047,6647000
2016-10-28,93.88999938964844,94.4000015258789,93.52999877929688,93.8499984741211,88.09701538085938,7309100
2016-10-31,93.72000122070312,93.81999969482422,92.30999755859375,92.69000244140625,87.00813293457031,9957600
2016-11-01,92.77999877929688,92.98999786376953,91.66000366210938,92.38999938964844,86.72650909423828,6449800
2016-11-02,91.91000366210938,92.55999755859375,91.69000244140625,91.91000366210938,86.27593994140625,6716200
2016-11-03,92.26000213623047,94.12999725341797,92.23999786376953,93.37000274658203,87.64643096923828,7751400
2016-11-04,93.5,93.79000091552734,92.36000061035156,92.44999694824219,86.78282928466797,7456500
2016-11-07,93.7699966430664,94.4800033569336,92.94999694824219,94.43000030517578,88.6414566040039,6996100
2016-11-08,94.52999877929688,94.8499984741211,93.9000015258789,94.37999725341797,88.59452056884766,6226900
2016-11-09,92.29000091552734,94.91999816894531,92.11000061035156,94.63999938964844,88.83858489990234,8635700
2016-11-10,94.88999938964844,96.05999755859375,94.2300033569336,94.95999908447266,89.13896942138672,13777900
2016-11-11,97.18000030517578,98.31999969482422,95.77999877929688,97.68000030517578,91.6922378540039,23008100
2016-11-14,97.55999755859375,98.30999755859375,97.44999694824219,97.91999816894531,91.91751098632812,13208400
2016-11-15,97.9000015258789,98.13999938964844,97.41999816894531,97.69999694824219,91.71100616455078,7184600
2016-11-16,98.33000183105469,99.16999816894531,98.0999984741211,99.12000274658203,93.04396057128906,9702400
2016-11-17,99.05000305175781,99.5,98.2699966430664,99.37000274658203,93.27864074707031,8662600
2016-11-18,99.05000305175781,99.37000274658203,98.13999938964844,98.23999786376953,92.21790313720703,8586100
2016-11-21,98.11000061035156,98.2699966430664,97.0,97.62999725341797,91.64529418945312,10771100
2016-11-22,97.4000015258789,97.93000030517578,97.2699966430664,97.70999908447266,91.72039794921875,5323700
2016-11-23,97.66999816894531,98.27999877929688,97.58999633789062,98.26000213623047,92.2366714477539,5897400
2016-11-25,98.70999908447266,99.06999969482422,98.5,98.81999969482422,92.7623519897461,4396800
2016-11-28,98.5199966430664,99.19999694824219,98.31999969482422,98.97000122070312,92.90316009521484,7106700
2016-11-29,99.23999786376953,99.68000030517578,98.97000122070312,99.66999816894531,93.56023406982422,8396800
2016-11-30,99.4000015258789,100.29000091552734,99.0,99.12000274658203,93.04396057128906,11369200
2016-12-01,99.12999725341797,99.75,98.62000274658203,98.94000244140625,92.875,9958100
2016-12-02,98.79000091552734,99.08000183105469,98.25,98.5,92.46196746826172,7737200
2016-12-05,98.9800033569336,100.2699966430664,98.68000030517578,99.95999908447266,93.83245849609375,11331500
2016-12-06,99.94999694824219,100.72000122070312,99.81999969482422,100.66000366210938,94.48956298828125,8427500
2016-12-07,100.51000213623047,102.06999969482422,100.44000244140625,101.98999786376953,95.73802947998047,12255700
2016-12-08,101.47000122070312,103.95999908447266,101.47000122070312,103.37999725341797,97.79070281982422,16524800
2016-12-09,103.48999786376953,105.5199966430664,103.18000030517578,104.86000061035156,99.19068145751953,12173900
2016-12-12,104.61000061035156,104.69999694824219,103.7300033569336,104.05999755859375,98.43395233154297,7880200
2016-12-13,104.19999694824219,104.30999755859375,103.70999908447266,103.8499984741211,98.23529815673828,7393200
2016-12-14,103.62000274658203,104.41000366210938,103.5,104.05000305175781,98.42448425292969,7961900
2016-12-15,103.8499984741211,105.63999938964844,103.81999969482422,104.38999938964844,98.74609375,8745400
2016-12-16,104.70999908447266,104.7300033569336,103.75,103.91000366210938,98.29205322265625,12635500
2016-12-19,105.69999694824219,106.26000213623047,105.06999969482422,105.30000305175781,99.60690307617188,11475600
2016-12-20,105.63999938964844,106.19999694824219,105.05999755859375,105.45999908447266,99.75825500488281,8947300
2016-12-21,104.61000061035156,105.91000366210938,104.51000213623047,105.55999755859375,99.85284423828125,5202400
2016-12-22,104.95999908447266,105.48999786376953,104.69999694824219,105.41999816894531,99.72042083740234,5230800
2016-12-23,105.23999786376953,105.33999633789062,104.75,105.1500015258789,99.46501922607422,3238800
2016-12-27,104.8499984741211,105.55999755859375,104.77999877929688,105.16999816894531,99.48393249511719,3639500
2016-12-28,104.98999786376953,105.31999969482422,104.05999755859375,104.30000305175781,98.66097259521484,5178600
2016-12-29,104.2300033569336,104.7699966430664,103.87000274658203,104.55999755859375,98.90690612792969,5896800
2016-12-30,104.56999969482422,105.0,103.95999908447266,104.22000122070312,98.58528900146484,6983300
2017-01-03,105.30000305175781,106.9000015258789,105.20999908447266,106.08000183105469,100.34474182128906,8884300
2017-01-04,106.63999938964844,107.5,106.25,107.44000244140625,101.63121032714844,8322000
2017-01-05,107.16999816894531,107.62000274658203,106.79000091552734,107.37999725341797,101.5744400024414,6303000
2017-01-06,108.0199966430664,109.3499984741211,107.75,108.9800033569336,103.08795166015625,9551300
2017-01-09,108.58000183105469,108.83000183105469,108.11000061035156,108.36000061035156,102.50145721435547,6195200
2017-01-10,107.9000015258789,108.81999969482422,107.3499984741211,108.37999725341797,102.52037811279297,7901900
2017-01-11,108.54000091552734,109.48999786376953,108.37999725341797,109.44000244140625,103.52306365966797,7616800
2017-01-12,108.12000274658203,109.0,107.43000030517578,107.52999877929688,101.7163314819336,8218900
2017-01-13,107.16000366210938,108.3499984741211,106.9000015258789,108.05999755859375,102.2176742553711,6489000
2017-01-17,107.91000366210938,108.93000030517578,107.6500015258789,107.97000122070312,102.13255310058594,7586500
2017-01-18,106.93000030517578,108.4000015258789,106.80999755859375,108.16000366210938,102.3122787475586,7162900
2017-01-19,107.91999816894531,108.01000213623047,107.08000183105469,107.27999877929688,101.47985076904297,5350200
2017-01-20,107.3499984741211,107.81999969482422,107.18000030517578,107.66000366210938,101.83930969238281,5649000
2017-01-23,107.33999633789062,107.68000030517578,106.56999969482422,107.12000274658203,101.32850646972656,5716600
2017-01-24,107.19999694824219,108.05999755859375,107.08000183105469,107.9000015258789,102.06633758544922,5456100
2017-01-25,108.2300033569336,108.41999816894531,108.0,108.04000091552734,102.19876098632812,6180200
2017-01-26,108.20999908447266,108.62000274658203,107.9800033569336,108.05999755859375,102.2176742553711,6088100
2017-01-27,108.48999786376953,109.4000015258789,108.1500015258789,109.30000305175781,103.39064025878906,5578300
2017-01-30,109.86000061035156,111.05000305175781,108.95999908447266,110.94000244140625,104.94197845458984,13793600
2017-01-31,110.58999633789062,110.80000305175781,109.9800033569336,110.6500015258789,104.66764831542969,8485800
2017-02-01,110.70999908447266,111.98999786376953,110.68000030517578,111.30000305175781,105.28251647949219,10501300
2017-02-02,111.20999908447266,111.54000091552734,110.55000305175781,110.61000061035156,104.62980651855469,6515900
2017-02-03,110.9000015258789,111.1500015258789,110.20999908447266,110.30000305175781,104.33657836914062,7923400
2017-02-06,109.91999816894531,110.1500015258789,109.30000305175781,109.56999969482422,103.64604949951172,6896300
2017-02-07,109.6500015258789,109.7300033569336,108.7699966430664,109.0,103.10685729980469,10184800
2017-02-08,109.55999755859375,111.41999816894531,108.9800033569336,109.0,103.10685729980469,13615500
2017-02-09,109.0,109.8499984741211,109.0,109.48999786376953,103.57036590576172,6369700
2017-02-10,109.3499984741211,109.80000305175781,108.58000183105469,109.26000213623047,103.3528060913086,7671800
2017-02-13,108.94999694824219,109.9000015258789,108.9000015258789,109.6500015258789,103.72171783447266,5653200
2017-02-14,109.80000305175781,110.33000183105469,109.52999877929688,110.33000183105469,104.36495971679688,4768700
2017-02-15,109.91000366210938,110.68000030517578,109.80000305175781,110.18000030517578,104.22306060791016,7087100
2017-02-16,110.33999633789062,110.87000274658203,110.08999633789062,110.70999908447266,104.72441864013672,7179600
2017-02-17,110.23999786376953,110.5,109.5199966430664,110.05999755859375,104.10955047607422,6349200
2017-02-21,109.94000244140625,110.20999908447266,109.80000305175781,110.01000213623047,104.06224822998047,5432700
2017-02-22,109.69000244140625,110.27999877929688,109.52999877929688,110.12000274658203,104.16631317138672,5478400
2017-02-23,110.30000305175781,110.48999786376953,109.58999633789062,109.7300033569336,103.79739379882812,5470400
2017-02-24,109.62000274658203,110.31999969482422,109.0999984741211,110.31999969482422,104.3554916381836,4786800
2017-02-27,109.93000030517578,110.47000122070312,109.83000183105469,110.2300033569336,104.27035522460938,3547700
2017-02-28,110.0,110.4000015258789,109.83000183105469,110.08999633789062,104.13792419433594,4766000
2017-03-01,110.66000366210938,111.80000305175781,110.66000366210938,111.04000091552734,105.03656768798828,7418100
2017-03-02,111.0,111.20999908447266,110.44999694824219,110.58999633789062,104.61089324951172,4715600
2017-03-03,110.58999633789062,111.5,110.04000091552734,111.23999786376953,105.22574615478516,5837900
2017-03-06,110.7699966430664,110.9800033569336,110.08999633789062,110.66999816894531,104.68657684326172,4983200
2017-03-07,110.69999694824219,110.93000030517578,110.16000366210938,110.86000061035156,104.86629486083984,5114400
2017-03-08,110.87000274658203,111.31999969482422,110.66000366210938,110.83999633789062,104.84737396240234,4929900
2017-03-09,110.9000015258789,111.31999969482422,110.69000244140625,111.02999877929688,105.0271224975586,4005700
2017-03-10,111.4000015258789,111.5,110.69000244140625,110.91999816894531,104.92305755615234,4027400
2017-03-13,110.91999816894531,111.68000030517578,110.81999969482422,111.5199966430664,105.49061584472656,5213600
2017-03-14,111.7300033569336,112.88999938964844,111.72000122070312,112.30999755859375,106.23790740966797,7273500
2017-03-15,112.43000030517578,112.44999694824219,111.1500015258789,111.87000274658203,105.82170867919922,5319500
2017-03-16,112.18000030517578,112.31999969482422,111.4000015258789,111.70999908447266,105.67032623291016,4409400
2017-03-17,111.87000274658203,112.08999633789062,111.18000030517578,111.76000213623047,105.71763610839844,9061200
2017-03-20,112.06999969482422,113.16000366210938,112.05000305175781,112.70999908447266,106.61627960205078,8156300
2017-03-21,112.97000122070312,113.0999984741211,111.54000091552734,111.75,105.70818328857422,7109800
2017-03-22,111.8499984741211,112.18000030517578,111.3499984741211,112.08000183105469,106.02033996582031,5044700
2017-03-23,111.70999908447266,112.9800033569336,111.66000366210938,112.23999786376953,106.17169189453125,8307900
2017-03-24,112.4000015258789,112.58000183105469,111.68000030517578,112.13999938964844,106.07709503173828,4707300
2017-03-27,111.80999755859375,112.55000305175781,111.44999694824219,112.37999725341797,106.30412292480469,4469800
2017-03-28,112.5999984741211,113.23999786376953,112.0199966430664,113.05000305175781,106.93790435791016,6280900
2017-03-29,112.66000366210938,112.94000244140625,112.30999755859375,112.52999877929688,106.44599914550781,3781200
2017-03-30,112.52999877929688,113.30000305175781,112.27999877929688,113.18000030517578,107.06087493896484,4192800
2017-03-31,113.0,113.70999908447266,112.94999694824219,113.38999938964844,107.25951385498047,4617400
2017-04-03,113.18000030517578,113.6500015258789,112.43000030517578,113.19999694824219,107.07978057861328,4643300
2017-04-04,113.1500015258789,113.55000305175781,112.83000183105469,113.04000091552734,106.92843627929688,3386100
2017-04-05,113.58000183105469,113.83999633789062,112.79000091552734,113.0,106.8906021118164,4795100
2017-04-06,112.8499984741211,113.41999816894531,112.38999938964844,113.05000305175781,106.93790435791016,4744000
2017-04-07,112.81999969482422,113.27999877929688,112.52999877929688,112.58000183105469,106.4933090209961,4300700
2017-04-10,112.80000305175781,112.88999938964844,112.04000091552734,112.43000030517578,106.35140991210938,4053600
2017-04-11,113.68000030517578,113.83000183105469,112.58999633789062,113.06999969482422,106.9568099975586,5230800
2017-04-12,113.02999877929688,113.27999877929688,112.76000213623047,113.04000091552734,106.92843627929688,4086300
2017-04-13,113.04000091552734,114.25,112.98999786376953,113.19999694824219,107.07978057861328,6530800
2017-04-17,113.33000183105469,113.94000244140625,113.22000122070312,113.77999877929688,107.62842559814453,5120200
2017-04-18,113.4800033569336,114.75,113.0,114.19000244140625,108.01627349853516,6191100
2017-04-19,114.55999755859375,115.0,113.54000091552734,113.7300033569336,107.58113098144531,5303400
2017-04-20,114.16999816894531,115.05000305175781,113.87000274658203,114.79000091552734,108.58381652832031,5279300
2017-04-21,114.37999725341797,115.12000274658203,114.2699966430664,114.44000244140625,108.25274658203125,6654500
2017-04-24,115.26000213623047,115.37999725341797,113.66000366210938,113.69999694824219,107.55276489257812,7294600
2017-04-25,113.7300033569336,115.5199966430664,113.68000030517578,115.18000030517578,108.9527359008789,6918300
2017-04-26,115.4000015258789,115.95999908447266,114.86000061035156,115.58000183105469,109.33110809326172,4809800
2017-04-27,115.80000305175781,116.0999984741211,115.38999938964844,115.83999633789062,109.57704162597656,3910800
2017-04-28,115.87000274658203,115.9000015258789,115.23999786376953,115.5999984741211,109.35002136230469,3987600
2017-05-01,115.58999633789062,115.61000061035156,114.72000122070312,114.7300033569336,108.52706909179688,4963300
2017-05-02,114.87000274658203,114.98999786376953,113.68000030517578,114.37000274658203,108.1865234375,6604600
2017-05-03,114.02999877929688,114.08999633789062,111.18000030517578,111.62000274658203,105.585205078125,11521200
2017-05-04,110.58000183105469,111.30000305175781,109.05999755859375,111.16999816894531,105.15953826904297,10691200
2017-05-05,111.48999786376953,112.1500015258789,110.91999816894531,111.98999786376953,105.93519592285156,5871400
2017-05-08,112.38999938964844,112.38999938964844,111.0,111.41999816894531,105.39602661132812,5980100
2017-05-09,111.55000305175781,112.1500015258789,110.3499984741211,112.06999969482422,106.0108871459961,9337400
2017-05-10,109.0,109.66000366210938,108.12999725341797,109.66000366210938,103.73118591308594,17061100
2017-05-11,109.73999786376953,110.01000213623047,108.5,109.58000183105469,103.65550994873047,8021300
2017-05-12,109.80000305175781,109.88999938964844,109.2699966430664,109.69000244140625,103.75955200195312,5067700
2017-05-15,109.7300033569336,110.08000183105469,109.12000274658203,109.12999725341797,103.22982788085938,6241300
2017-05-16,109.12999725341797,109.2300033569336,107.81999969482422,107.9800033569336,102.14200592041016,10047100
2017-05-17,107.9800033569336,107.9800033569336,105.2300033569336,106.30999755859375,100.56228637695312,12763200
2017-05-18,105.9800033569336,107.30999755859375,105.9800033569336,106.68000030517578,100.91229248046875,6532200
2017-05-19,106.76000213623047,107.86000061035156,106.69999694824219,107.5199966430664,101.70686340332031,6336700
2017-05-22,107.6500015258789,108.19999694824219,107.41000366210938,107.62999725341797,101.8109359741211,5487200
2017-05-23,107.68000030517578,107.80000305175781,106.91000366210938,107.0199966430664,101.2339096069336,7542600
2017-05-24,107.1500015258789,107.83000183105469,106.93000030517578,107.70999908447266,101.88661193847656,4366700
2017-05-25,108.12999725341797,108.12999725341797,106.77999877929688,107.2699966430664,101.47039794921875,8030400
2017-05-26,107.70999908447266,108.48999786376953,107.4800033569336,108.41000366210938,102.54876708984375,6236800
2017-05-30,108.48999786376953,108.5999984741211,107.94999694824219,108.33999633789062,102.4825439453125,4813400
2017-05-31,108.4000015258789,108.6500015258789,107.63999938964844,107.94000244140625,102.10417175292969,9963600
2017-06-01,107.7300033569336,108.20999908447266,107.16999816894531,108.20999908447266,102.35958099365234,5907400
2017-06-02,108.45999908447266,108.63999938964844,106.94999694824219,107.18000030517578,101.38526153564453,10876900
2017-06-05,107.04000091552734,107.22000122070312,106.11000061035156,106.5199966430664,100.76094055175781,6372800
2017-06-06,106.16999816894531,106.19000244140625,104.61000061035156,105.5,99.79608154296875,9589500
2017-06-07,105.79000091552734,106.25,105.54000091552734,105.91999816894531,100.19337463378906,5777700
2017-06-08,105.91999816894531,105.91999816894531,104.16000366210938,104.31999969482422,98.67987823486328,11002400
2017-06-09,104.27999877929688,105.91999816894531,104.08000183105469,105.62000274658203,99.90959930419922,9392500
2017-06-12,105.62000274658203,107.19999694824219,105.62000274658203,107.04000091552734,101.2528305053711,8049500
2017-06-13,107.13999938964844,107.26000213623047,106.16000366210938,106.55999755859375,100.79878234863281,4918900
2017-06-14,106.94999694824219,107.01000213623047,105.76000213623047,106.13999938964844,100.40148162841797,4781100
2017-06-15,105.94000244140625,106.16000366210938,105.2300033569336,105.9800033569336,100.25015258789062,5309900
2017-06-16,106.27999877929688,106.3499984741211,104.7699966430664,105.51000213623047,99.8055419921875,8683400
2017-06-19,105.5999984741211,106.0,105.19000244140625,105.37000274658203,99.67312622070312,5956200
2017-06-20,105.06999969482422,105.30000305175781,103.80999755859375,103.94000244140625,98.3204345703125,7895700
2017-06-21,104.38999938964844,105.08000183105469,103.54000091552734,104.80000305175781,99.13394927978516,7765700
2017-06-22,104.70999908447266,104.7699966430664,104.08999633789062,104.22000122070312,98.58528900146484,6156000
2017-06-23,103.83000183105469,104.58000183105469,103.16999816894531,104.36000061035156,98.71772766113281,18147900
2017-06-26,104.5999984741211,105.8499984741211,104.55999755859375,105.56999969482422,99.8623046875,5867000
2017-06-27,105.33000183105469,106.1500015258789,105.13999938964844,105.41000366210938,99.7109603881836,5694500
2017-06-28,106.0199966430664,107.54000091552734,104.5199966430664,106.86000061035156,101.08257293701172,7874400
2017-06-29,106.80000305175781,107.41000366210938,105.33000183105469,105.70999908447266,99.99474334716797,7268700
2017-06-30,106.25,106.55999755859375,105.5,106.25,100.50553894042969,5113800
2017-07-03,106.76000213623047,108.62000274658203,106.76000213623047,107.45999908447266,101.6501235961914,5399400
2017-07-05,107.83000183105469,107.8499984741211,105.29000091552734,105.62999725341797,99.91905212402344,8049700
2017-07-06,104.61000061035156,104.69000244140625,102.94000244140625,103.3499984741211,98.4896011352539,8690800
2017-07-07,103.51000213623047,103.7300033569336,102.72000122070312,103.31999969482422,98.46101379394531,6030900
2017-07-10,103.30000305175781,103.91000366210938,102.87000274658203,103.58999633789062,98.71832275390625,4421300
2017-07-11,103.5999984741211,104.19000244140625,103.19000244140625,103.83999633789062,98.95655822753906,4557300
2017-07-12,104.33999633789062,104.6500015258789,103.6500015258789,104.37999725341797,99.4711685180664,5203300
2017-07-13,104.44999694824219,105.33999633789062,104.04000091552734,104.29000091552734,99.3853988647461,5339500
2017-07-14,104.43000030517578,105.25,104.41000366210938,105.08999633789062,100.14776611328125,4370300
2017-07-17,105.16999816894531,105.41999816894531,104.70999908447266,104.79000091552734,99.86187744140625,3973800
2017-07-18,104.5999984741211,105.80000305175781,104.30999755859375,105.75,100.7767333984375,5740500
2017-07-19,106.12999725341797,106.87000274658203,106.05000305175781,106.81999969482422,101.79641723632812,5789400
2017-07-20,106.98999786376953,107.70999908447266,106.75,107.36000061035156,102.31102752685547,6185500
2017-07-21,107.0999984741211,107.33000183105469,106.80999755859375,107.08999633789062,102.05371856689453,4328500
2017-07-24,107.30999755859375,107.54000091552734,106.9000015258789,107.0,101.96794128417969,4615500
2017-07-25,107.5999984741211,107.73999786376953,106.19999694824219,106.41999816894531,101.41522216796875,5394700
2017-07-26,106.55000305175781,107.02999877929688,106.30999755859375,106.94000244140625,101.9107666015625,4149000
2017-07-27,107.69000244140625,110.0,107.44000244140625,110.0,104.82685852050781,10468700
2017-07-28,109.9800033569336,110.19000244140625,109.66999816894531,109.95999908447266,104.78874969482422,4864500
2017-07-31,110.0199966430664,110.13999938964844,109.33999633789062,109.93000030517578,104.76016235351562,6815300
2017-08-01,109.9800033569336,110.83000183105469,109.94999694824219,110.61000061035156,105.40817260742188,5987200
2017-08-02,109.87999725341797,109.87999725341797,107.5199966430664,108.66999816894531,103.55941009521484,8812700
2017-08-03,108.5199966430664,109.16999816894531,108.05000305175781,109.12000274658203,103.98824310302734,6895800
2017-08-04,108.2300033569336,108.5,107.31999969482422,107.69000244140625,102.62550354003906,8503800
2017-08-07,107.58999633789062,107.6500015258789,106.11000061035156,106.3499984741211,101.34851837158203,8093100
2017-08-08,106.55000305175781,107.13999938964844,106.18000030517578,106.9800033569336,101.94888305664062,9787100
2017-08-09,100.70999908447266,103.0,100.5,102.83000183105469,97.99405670166016,27877600
2017-08-10,102.5,102.81999969482422,101.22000122070312,101.3499984741211,96.58365631103516,12259900
2017-08-11,101.25,102.51000213623047,101.02999877929688,101.98999786376953,97.19355773925781,9410400
2017-08-14,102.80000305175781,102.80999755859375,101.26000213623047,101.4000015258789,96.63130950927734,9707300
2017-08-15,101.62999725341797,102.0999984741211,101.36000061035156,101.51000213623047,96.73614501953125,8868500
2017-08-16,101.83999633789062,102.6500015258789,101.72000122070312,102.19999694824219,97.3936767578125,6698800
2017-08-17,102.23999786376953,102.58999633789062,101.33999633789062,101.37999725341797,96.61223602294922,6612400
2017-08-18,101.31999969482422,101.73999786376953,100.66000366210938,100.69999694824219,95.96422576904297,6893900
2017-08-21,100.63999938964844,101.41999816894531,100.52999877929688,101.16999816894531,96.41211700439453,6492700
2017-08-22,101.41000366210938,102.91000366210938,101.16999816894531,102.7699966430664,97.9368667602539,6888700
2017-08-23,102.4800033569336,102.9800033569336,101.4800033569336,101.5,96.72660827636719,5954400
2017-08-24,101.81999969482422,102.02999877929688,101.43000030517578,101.5199966430664,96.74565887451172,6976600
2017-08-25,101.69000244140625,102.69000244140625,101.55999755859375,102.41000366210938,97.59381866455078,6186900
2017-08-28,102.48999786376953,102.8499984741211,102.08000183105469,102.55999755859375,97.73674774169922,5630400
2017-08-29,102.0,102.98999786376953,101.81999969482422,102.56999969482422,97.74628448486328,6011700
2017-08-30,102.4800033569336,103.44999694824219,102.4800033569336,102.87000274658203,98.03217315673828,6573200
2017-08-31,103.0,103.19000244140625,101.0,101.19999694824219,96.44070434570312,9823800
2017-09-01,101.6500015258789,101.91999816894531,101.36000061035156,101.5,96.72660827636719,7827400
2017-09-05,102.0,102.55000305175781,100.9000015258789,101.5999984741211,96.82190704345703,9346100
2017-09-06,101.76000213623047,102.04000091552734,100.88999938964844,101.5,96.72660827636719,7531000
2017-09-07,101.55000305175781,101.86000061035156,96.19999694824219,97.05999755859375,92.49541473388672,26419400
2017-09-08,96.48999786376953,97.48999786376953,96.26000213623047,97.06999969482422,92.50494384765625,13147700
2017-09-11,97.9000015258789,98.0199966430664,96.95999908447266,97.08999633789062,92.52400207519531,9610300
2017-09-12,97.58999633789062,98.36000061035156,97.12999725341797,97.88999938964844,93.28638458251953,9151700
2017-09-13,98.23999786376953,98.94999694824219,98.0199966430664,98.81999969482422,94.17263793945312,7615300
2017-09-14,98.79000091552734,98.83999633789062,97.54000091552734,97.9000015258789,93.2959213256836,9710000
2017-09-15,98.05000305175781,98.93000030517578,98.0,98.5199966430664,93.88675689697266,23870300
2017-09-18,98.38999938964844,98.72000122070312,97.72000122070312,98.0999984741211,93.48650360107422,7013600
2017-09-19,98.2300033569336,98.66999816894531,98.08000183105469,98.43000030517578,93.80097961425781,6970300
2017-09-20,98.76000213623047,99.27999877929688,98.62000274658203,99.20999908447266,94.54429626464844,6459100
2017-09-21,99.19000244140625,99.38999938964844,98.75,98.88999938964844,94.23934936523438,4958000
2017-09-22,98.55000305175781,98.98999786376953,98.52999877929688,98.5999984741211,93.96298217773438,6359100
2017-09-25,98.5999984741211,99.6500015258789,98.41999816894531,99.56999969482422,94.88736724853516,7492500
2017-09-26,99.63999938964844,99.73999786376953,98.61000061035156,98.62999725341797,93.99156951904297,6220500
2017-09-27,98.97000122070312,99.52999877929688,98.0199966430664,99.23999786376953,94.57288360595703,7596600
2017-09-28,98.7699966430664,99.05000305175781,98.0,98.05000305175781,93.43885040283203,7149600
2017-09-29,97.88999938964844,98.58999633789062,97.66000366210938,98.56999969482422,93.93440246582031,8185900
2017-10-02,99.30999755859375,100.44000244140625,99.11000061035156,99.86000061035156,95.16372680664062,6923300
2017-10-03,100.05000305175781,100.8499984741211,99.91000366210938,100.79000091552734,96.05000305175781,5447700
2017-10-04,100.73999786376953,100.93000030517578,100.19999694824219,100.55000305175781,95.82127380371094,5126100
2017-10-05,100.63999938964844,100.87000274658203,100.0199966430664,100.11000061035156,95.4019775390625,4736700
2017-10-06,99.94999694824219,100.2699966430664,99.33999633789062,100.06999969482422,95.36386108398438,4360200
2017-10-09,100.80999755859375,100.9800033569336,99.44999694824219,99.56999969482422,94.88736724853516,5429600
2017-10-10,99.98999786376953,100.06999969482422,98.66000366210938,99.58000183105469,94.89690399169922,7704400
2017-10-11,99.58000183105469,99.58000183105469,98.05000305175781,98.55000305175781,93.91534423828125,7984000
2017-10-12,97.55999755859375,97.81999969482422,96.80999755859375,96.93000030517578,92.37152862548828,11018200
2017-10-13,96.80000305175781,97.68000030517578,96.80000305175781,97.37999725341797,92.80036163330078,6858000
2017-10-16,97.63999938964844,98.2699966430664,97.54000091552734,98.12999725341797,93.51509094238281,4911600
2017-10-17,98.4000015258789,98.47000122070312,97.86000061035156,98.36000061035156,93.7342758178711,5942500
2017-10-18,98.36000061035156,98.48999786376953,97.55000305175781,98.25,93.62944793701172,5404300
2017-10-19,98.19000244140625,99.30000305175781,98.11000061035156,99.01000213623047,94.35371398925781,5634300
2017-10-20,99.44999694824219,99.66000366210938,98.94000244140625,99.4000015258789,94.72537231445312,5938700
2017-10-23,99.12000274658203,99.18000030517578,98.62999725341797,98.69999694824219,94.05827331542969,5888200
2017-10-24,98.5199966430664,98.86000061035156,98.05999755859375,98.29000091552734,93.66756439208984,4966200
2017-10-25,98.05000305175781,98.22000122070312,97.44999694824219,97.80000305175781,93.20061492919922,5144400
2017-10-26,97.58000183105469,99.4800033569336,97.25,98.55999755859375,93.92486572265625,6167500
2017-10-27,97.9000015258789,98.36000061035156,96.88999938964844,98.30999755859375,93.68663024902344,7868700
2017-10-30,98.12000274658203,98.33000183105469,97.69999694824219,98.04000091552734,93.4293212890625,7093200
2017-10-31,97.94000244140625,98.08999633789062,97.37999725341797,97.80999755859375,93.21012878417969,5701700
2017-11-01,98.12999725341797,99.45999908447266,98.0,99.02999877929688,94.37276458740234,6920400
2017-11-02,98.87000274658203,99.12000274658203,98.0199966430664,98.3499984741211,93.72473907470703,6799200
2017-11-03,98.36000061035156,99.37999725341797,97.9000015258789,98.63999938964844,94.00110626220703,5416900
2017-11-06,98.37000274658203,101.12999725341797,98.3499984741211,100.63999938964844,95.90705871582031,14728700
2017-11-07,101.29000091552734,102.9000015258789,100.73999786376953,101.61000061035156,96.83142852783203,12177500
2017-11-08,101.87999725341797,102.0,100.41999816894531,101.18000030517578,96.42166900634766,8023200
2017-11-09,100.83000183105469,103.91000366210938,100.80000305175781,102.68000030517578,97.85111999511719,13172500
2017-11-10,104.98999786376953,106.23999786376953,104.08000183105469,104.77999877929688,99.85234069824219,16701500
2017-11-13,104.13999938964844,105.13999938964844,103.9800033569336,104.73999786376953,99.8142318725586,7856000
2017-11-14,104.56999969482422,104.56999969482422,103.0,103.16999816894531,98.31806182861328,6929300
2017-11-15,102.75,103.95999908447266,102.44999694824219,103.69000244140625,98.8136215209961,5691500
2017-11-16,103.62999725341797,103.9800033569336,102.76000213623047,103.5999984741211,98.72782897949219,6410900
2017-11-17,103.22000122070312,103.98999786376953,102.97000122070312,103.44000244140625,98.57537078857422,7500800
2017-11-20,103.41999816894531,103.41999816894531,102.69999694824219,102.75,97.91781616210938,5112600
2017-11-21,102.97000122070312,103.16999816894531,102.79000091552734,103.0,98.15606689453125,5725900
2017-11-22,103.22000122070312,103.31999969482422,102.69000244140625,102.73999786376953,97.90827941894531,4140700
2017-11-24,102.91000366210938,102.91999816894531,102.44999694824219,102.63999938964844,97.81298828125,2217600
2017-11-27,102.62999725341797,102.97000122070312,102.37999725341797,102.79000091552734,97.9559326171875,4007500
2017-11-28,102.55999755859375,103.87999725341797,102.16999816894531,103.41000366210938,98.54678344726562,8401100
2017-11-29,103.5,106.26000213623047,103.43000030517578,105.23999786376953,100.29071807861328,14503100
2017-11-30,105.36000061035156,105.70999908447266,104.47000122070312,104.81999969482422,99.8904800415039,9949000
2017-12-01,104.58000183105469,105.8499984741211,103.87000274658203,105.25,100.30024719238281,9258400
2017-12-04,106.5,112.66999816894531,106.5,110.22000122070312,105.0365219116211,17824000
2017-12-05,109.52999877929688,110.04000091552734,106.5199966430664,107.22000122070312,102.17760467529297,13055600
2017-12-06,107.16999816894531,107.98999786376953,105.36000061035156,105.45999908447266,100.50037384033203,8121700
2017-12-07,105.73999786376953,106.0,104.48999786376953,105.26000213623047,100.30977630615234,9948600
2017-12-08,104.91000366210938,104.9800033569336,104.08000183105469,104.2300033569336,100.12725067138672,6536600
2017-12-11,104.87000274658203,106.83999633789062,104.7699966430664,106.83000183105469,102.62491607666016,7434000
2017-12-12,107.13999938964844,107.83000183105469,106.58999633789062,107.43000030517578,103.2012939453125,8147000
2017-12-13,108.1500015258789,108.19000244140625,106.75,107.61000061035156,103.37421417236328,10368300
2017-12-14,107.29000091552734,111.54000091552734,107.19999694824219,110.56999969482422,106.21769714355469,27571300
2017-12-15,111.9800033569336,112.0,110.5999984741211,111.2699966430664,106.89013671875,19978600
2017-12-18,111.83999633789062,111.98999786376953,110.30999755859375,111.02999877929688,106.65959930419922,12270000
2017-12-19,111.33000183105469,112.38999938964844,110.7699966430664,111.80999755859375,107.40887451171875,10546600
2017-12-20,111.62000274658203,112.30000305175781,109.69000244140625,109.69000244140625,105.37232971191406,8661100
2017-12-21,109.72000122070312,111.08999633789062,109.19000244140625,109.56999969482422,105.25706481933594,9372800
2017-12-22,109.48999786376953,109.69000244140625,108.44999694824219,108.66999816894531,104.39248657226562,7378400
2017-12-26,108.48999786376953,109.37000274658203,107.88999938964844,108.12000274658203,103.8641357421875,3982400
2017-12-27,108.41999816894531,108.55000305175781,107.45999908447266,107.63999938964844,103.40303039550781,5624000
2017-12-28,108.0,108.05000305175781,107.05999755859375,107.7699966430664,103.52790069580078,3477700
2017-12-29,108.05000305175781,108.33999633789062,107.51000213623047,107.51000213623047,103.27815246582031,4538400
2018-01-02,108.94999694824219,111.80999755859375,108.55999755859375,111.80000305175781,107.3992919921875,11014300
2018-01-03,112.19000244140625,113.19000244140625,111.44999694824219,112.27999877929688,107.86038970947266,9237900
2018-01-04,112.94999694824219,113.0,111.62999725341797,112.2300033569336,107.81236267089844,7417400
2018-01-05,112.68000030517578,112.68000030517578,111.23999786376953,111.62000274658203,107.22636413574219,6008300
2018-01-08,110.88999938964844,111.27999877929688,109.54000091552734,110.0199966430664,105.68934631347656,8052600
2018-01-09,110.12999725341797,110.86000061035156,109.86000061035156,109.94000244140625,105.61250305175781,5838000
2018-01-10,109.95999908447266,110.5,109.01000213623047,109.47000122070312,105.16099548339844,6060000
2018-01-11,110.25,111.08000183105469,109.51000213623047,110.98999786376953,106.62117767333984,6427000
2018-01-12,111.31999969482422,112.72000122070312,111.0,112.47000122070312,108.04291534423828,5899900
2018-01-16,113.06999969482422,113.16000366210938,110.62000274658203,110.69000244140625,106.3329849243164,8069200
2018-01-17,111.19999694824219,112.20999908447266,110.56999969482422,111.97000122070312,107.56259155273438,7030700
2018-01-18,111.73999786376953,111.98999786376953,110.19999694824219,110.41999816894531,106.07360076904297,8070900
2018-01-19,110.97000122070312,111.08999633789062,109.83999633789062,110.58999633789062,106.23690795898438,10514300
2018-01-22,110.2699966430664,111.55999755859375,110.05999755859375,111.0999984741211,106.72683715820312,8073600
2018-01-23,110.2699966430664,111.13999938964844,109.88999938964844,110.41000366210938,106.06400299072266,7477300
2018-01-24,110.95999908447266,111.43000030517578,110.29000091552734,110.5,106.15045166015625,7211800
2018-01-25,110.5999984741211,111.81999969482422,110.12000274658203,110.55000305175781,106.198486328125,6291000
2018-01-26,110.80999755859375,112.52999877929688,110.66999816894531,112.19000244140625,107.77393341064453,7743800
2018-01-29,112.0999984741211,112.44999694824219,111.23999786376953,111.54000091552734,107.14952087402344,6847800
2018-01-30,111.41999816894531,112.41999816894531,110.0999984741211,110.11000061035156,105.77580261230469,8393900
2018-01-31,110.08000183105469,110.12000274658203,108.47000122070312,108.66999816894531,104.39248657226562,9841400
2018-02-01,108.62000274658203,110.6500015258789,107.36000061035156,110.48999786376953,106.1408462524414,9518900
2018-02-02,109.94999694824219,110.58000183105469,108.44999694824219,108.69999694824219,104.42130279541016,9947700
2018-02-05,107.0999984741211,108.62999725341797,104.01000213623047,104.69999694824219,100.57875061035156,15107900
2018-02-06,102.87999725341797,106.19999694824219,101.76000213623047,106.16999816894531,101.99089050292969,17765100
2018-02-07,107.83000183105469,108.02999877929688,104.41000366210938,104.76000213623047,100.63638305664062,12445000
2018-02-08,105.47000122070312,105.81999969482422,101.19000244140625,101.3499984741211,97.3606185913086,12667500
2018-02-09,102.55000305175781,103.75,100.26000213623047,103.08999633789062,99.0321273803711,12479700
2018-02-12,103.93000030517578,104.63999938964844,102.0999984741211,103.38999938964844,99.3203125,9584700
2018-02-13,102.63999938964844,104.30999755859375,102.4000015258789,104.12000274658203,100.02157592773438,8447900
2018-02-14,103.48999786376953,104.76000213623047,102.69000244140625,104.5999984741211,100.48269653320312,7425700
2018-02-15,105.36000061035156,105.56999969482422,103.93000030517578,105.18000030517578,101.03985595703125,6494700
2018-02-16,105.19000244140625,107.3499984741211,105.19000244140625,106.52999877929688,102.33672332763672,8746400
2018-02-20,106.37000274658203,107.56999969482422,105.5199966430664,105.9800033569336,101.80838775634766,6734500
2018-02-21,106.0,106.91000366210938,105.0199966430664,105.05000305175781,100.91497802734375,6743300
2018-02-22,105.30999755859375,106.01000213623047,104.93000030517578,105.23999786376953,101.09749603271484,4462200
2018-02-23,105.75,107.36000061035156,105.43000030517578,107.25,103.02838134765625,6101100
2018-02-26,108.0,109.80999755859375,107.66999816894531,109.80999755859375,105.48760986328125,8138200
2018-02-27,108.0,108.16000366210938,104.8499984741211,104.87000274658203,100.7420654296875,14179600
2018-02-28,105.44999694824219,105.56999969482422,103.13999938964844,103.16000366210938,99.09937286376953,10760800
2018-03-01,103.19999694824219,104.02999877929688,101.33000183105469,102.56999969482422,98.53260040283203,10487300
2018-03-02,102.0,103.16999816894531,101.44000244140625,102.98999786376953,98.93606567382812,7835400
2018-03-05,102.70999908447266,103.97000122070312,102.41999816894531,103.41000366210938,99.33953857421875,5736700
2018-03-06,104.0,104.94999694824219,103.51000213623047,104.94000244140625,100.80931854248047,6216200
2018-03-07,103.72000122070312,104.23999786376953,102.7699966430664,103.58999633789062,99.512451171875,6214800
2018-03-08,103.98999786376953,104.58999633789062,103.47000122070312,104.02999877929688,99.93512725830078,6627000
2018-03-09,104.43000030517578,104.75,103.63999938964844,104.7300033569336,100.60758209228516,5618400
2018-03-12,104.72000122070312,105.94000244140625,104.72000122070312,105.16999816894531,101.03025817871094,6485300
2018-03-13,105.83000183105469,105.83000183105469,103.41999816894531,103.7300033569336,99.64694213867188,6716700
2018-03-14,104.52999877929688,104.6500015258789,103.47000122070312,103.9000015258789,99.81023406982422,6235900
2018-03-15,104.0,104.29000091552734,103.23999786376953,103.23999786376953,99.17621612548828,5174600
2018-03-16,103.55999755859375,104.2699966430664,102.83999633789062,102.87000274658203,98.82078552246094,10468000
2018-03-19,102.80000305175781,102.94999694824219,101.0,101.4800033569336,97.4854965209961,6528300
2018-03-20,101.54000091552734,102.1500015258789,100.75,101.3499984741211,97.3606185913086,8330300
2018-03-21,101.5,102.94000244140625,101.41999816894531,101.81999969482422,97.81212615966797,6136400
2018-03-22,101.29000091552734,101.63999938964844,100.41000366210938,100.5999984741211,96.64013671875,8911600
2018-03-23,100.8499984741211,101.11000061035156,98.44999694824219,98.54000091552734,94.66123962402344,7505100
2018-03-26,99.86000061035156,100.77999877929688,99.08000183105469,100.6500015258789,96.68817901611328,7340100
2018-03-27,100.87999725341797,101.18000030517578,98.88999938964844,99.36000061035156,95.44894409179688,7193500
2018-03-28,99.5,100.08000183105469,98.1500015258789,98.54000091552734,94.66123962402344,9099700
2018-03-29,99.01000213623047,101.27999877929688,98.86000061035156,100.44000244140625,96.4864501953125,9343600
2018-04-02,100.18000030517578,100.98999786376953,97.77999877929688,98.66000366210938,94.77650451660156,8203700
2018-04-03,98.80000305175781,99.48999786376953,97.69999694824219,99.41999816894531,95.506591796875,8484700
2018-04-04,98.43000030517578,101.1500015258789,97.76000213623047,100.94999694824219,96.97636413574219,8759200
2018-04-05,101.36000061035156,102.37999725341797,100.9800033569336,102.11000061035156,98.09070587158203,6612800
2018-04-06,101.62999725341797,102.19000244140625,99.44999694824219,100.3499984741211,96.39998626708984,7162400
2018-04-09,100.69999694824219,101.51000213623047,99.58000183105469,99.69999694824219,95.77557373046875,7094300
2018-04-10,100.91999816894531,101.52999877929688,100.31999969482422,101.37000274658203,97.37983703613281,8116800
2018-04-11,100.77999877929688,101.6500015258789,100.41000366210938,100.80000305175781,96.832275390625,6305000
2018-04-12,101.41999816894531,101.51000213623047,99.68000030517578,100.38999938964844,96.43840789794922,7337800
2018-04-13,101.0,101.5199966430664,100.16000366210938,100.3499984741211,96.39998626708984,6324600
2018-04-16,100.69000244140625,101.0,99.7300033569336,100.23999786376953,96.2943115234375,10328000
2018-04-17,101.19999694824219,102.58999633789062,100.75,102.16999816894531,98.1483383178711,9577400
2018-04-18,102.66999816894531,102.70999908447266,101.19999694824219,101.20999908447266,97.22612762451172,5822100
2018-04-19,101.0,101.58000183105469,100.22000122070312,100.88999938964844,96.9187240600586,6803400
2018-04-20,101.18000030517578,101.4000015258789,99.91000366210938,100.23999786376953,96.2943115234375,6396900
2018-04-23,100.55000305175781,100.72000122070312,99.52999877929688,100.1500015258789,96.20785522460938,5889800
2018-04-24,100.58000183105469,100.8499984741211,98.86000061035156,99.45999908447266,95.54499816894531,6567700
2018-04-25,99.5,101.48999786376953,99.05000305175781,101.1500015258789,97.16848754882812,8977700
2018-04-26,101.2300033569336,101.37999725341797,99.73999786376953,99.83999633789062,95.9100570678711,8038400
2018-04-27,99.77999877929688,99.98999786376953,98.94000244140625,99.2300033569336,95.3240737915039,8038000
2018-04-30,100.41000366210938,101.37000274658203,100.12000274658203,100.33000183105469,96.38076782226562,8558900
2018-05-01,100.18000030517578,100.69999694824219,98.93000030517578,100.05999755859375,96.12139892578125,6716200
2018-05-02,100.16999816894531,100.72000122070312,99.25,99.62000274658203,95.69872283935547,9286400
2018-05-03,99.11000061035156,99.25,97.68000030517578,98.76000213623047,94.87257385253906,10450800
2018-05-04,98.70999908447266,101.3499984741211,98.58000183105469,101.1500015258789,97.16848754882812,9980100
2018-05-07,102.3499984741211,102.68000030517578,101.72000122070312,102.4800033569336,98.4461441040039,10181100
2018-05-08,101.19999694824219,102.63999938964844,100.83999633789062,101.79000091552734,97.78329467773438,14229500
2018-05-09,102.25,102.2699966430664,99.30000305175781,99.97000122070312,96.0349349975586,18345700
2018-05-10,100.41999816894531,102.06999969482422,100.30000305175781,101.68000030517578,97.67761993408203,8927300
2018-05-11,101.88999938964844,102.20999908447266,101.26000213623047,102.06999969482422,98.05227661132812,7036000
2018-05-14,102.44000244140625,103.48999786376953,101.9800033569336,102.44000244140625,98.40771484375,9891900
2018-05-15,102.44000244140625,103.31999969482422,102.0999984741211,102.91999816894531,98.86882781982422,5762400
2018-05-16,103.25,105.04000091552734,103.1500015258789,105.04000091552734,100.9053726196289,8111600
2018-05-17,105.2300033569336,105.4800033569336,104.08999633789062,104.33999633789062,100.23291778564453,7320600
2018-05-18,104.33999633789062,104.79000091552734,103.55999755859375,103.93000030517578,99.83905792236328,5427300
2018-05-21,104.22000122070312,104.68000030517578,103.61000061035156,104.05999755859375,99.96395874023438,5848700
2018-05-22,104.4000015258789,105.48999786376953,103.98999786376953,104.06999969482422,99.97355651855469,6971600
2018-05-23,103.19999694824219,103.33999633789062,102.06999969482422,102.88999938964844,98.84000396728516,8046600
2018-05-24,102.80999755859375,102.86000061035156,101.20999908447266,102.11000061035156,98.09070587158203,7474100
2018-05-25,102.25,103.0,101.97000122070312,102.19999694824219,98.17715454101562,6982700
2018-05-29,100.55000305175781,101.6500015258789,99.37999725341797,99.69000244140625,95.7659683227539,11270400
2018-05-30,100.5,100.55000305175781,99.41999816894531,99.9800033569336,96.04454803466797,7216400
2018-05-31,99.76000213623047,100.13999938964844,98.80999755859375,99.47000122070312,95.55462646484375,9620000
2018-06-01,99.69000244140625,100.05000305175781,99.19999694824219,99.36000061035156,95.44894409179688,6847700
2018-06-04,99.76000213623047,100.5,99.69999694824219,100.23999786376953,96.2943115234375,6598000
2018-06-05,100.36000061035156,100.51000213623047,99.77999877929688,99.94000244140625,96.00611877441406,5974400
2018-06-06,100.05999755859375,101.94000244140625,99.76000213623047,101.91000366210938,97.89857482910156,7833000
2018-06-07,101.91000366210938,102.95999908447266,101.80999755859375,102.47000122070312,98.43653106689453,7559200
2018-06-08,102.08999633789062,103.98999786376953,101.83000183105469,103.9800033569336,99.88710021972656,7090300
2018-06-11,103.93000030517578,104.79000091552734,103.75,104.3499984741211,100.2425308227539,8175000
2018-06-12,104.7300033569336,105.22000122070312,103.95999908447266,104.33000183105469,100.22332763671875,9215300
2018-06-13,103.19999694824219,107.87999725341797,102.66999816894531,106.30999755859375,102.12537384033203,22009400
2018-06-14,106.44999694824219,109.48999786376953,106.44999694824219,108.75,104.4693374633789,18068700
2018-06-15,108.16999816894531,109.41999816894531,107.8499984741211,108.8499984741211,104.56539916992188,16169200
2018-06-18,107.0,107.4800033569336,106.5,107.05999755859375,102.84586334228516,9288600
2018-06-19,105.87000274658203,106.98999786376953,105.76000213623047,106.0999984741211,101.92365264892578,8869500
2018-06-20,107.0,107.9000015258789,105.80999755859375,107.1500015258789,102.93231964111328,18625900
2018-06-21,107.01000213623047,107.25,105.79000091552734,105.88999938964844,101.721923828125,7707800
2018-06-22,106.06999969482422,106.80000305175781,105.80999755859375,106.33999633789062,102.15419006347656,8959100
2018-06-25,106.0,106.08000183105469,103.73999786376953,104.44999694824219,100.33859252929688,7995800
2018-06-26,104.45999908447266,104.70999908447266,103.91000366210938,104.26000213623047,100.15607452392578,6550000
2018-06-27,104.5,105.87999725341797,103.4800033569336,103.95999908447266,99.8678970336914,8803300
2018-06-28,103.91000366210938,105.12000274658203,103.68000030517578,104.7699966430664,100.64598846435547,6303600
2018-06-29,104.93000030517578,105.68000030517578,104.6500015258789,104.80999755859375,100.6844253540039,6774000
2018-07-02,104.1500015258789,105.37000274658203,103.9000015258789,105.33000183105469,101.1839599609375,5488900
2018-07-03,105.87999725341797,105.94999694824219,103.5,104.04000091552734,99.94473266601562,2406300
2018-07-05,104.69999694824219,105.5999984741211,104.43000030517578,105.33999633789062,101.19355773925781,6202800
2018-07-06,104.5,105.04000091552734,104.04000091552734,104.77999877929688,101.4646987915039,4134500
2018-07-09,105.01000213623047,106.06999969482422,104.75,106.0199966430664,102.66546630859375,4725200
2018-07-10,106.25,106.56999969482422,104.83000183105469,106.02999877929688,102.67516326904297,4213600
2018-07-11,105.31999969482422,109.33999633789062,105.31999969482422,108.04000091552734,104.62155151367188,11753800
2018-07-12,108.05000305175781,109.19999694824219,107.81999969482422,108.25,104.82491302490234,5931400
2018-07-13,108.0,110.23999786376953,107.66000366210938,110.0,106.51953887939453,8188800
2018-07-16,109.81999969482422,110.44999694824219,108.7699966430664,110.19999694824219,106.71320343017578,8245900
2018-07-17,110.26000213623047,112.62000274658203,110.08999633789062,110.30000305175781,106.81005096435547,9075900
2018-07-18,110.30999755859375,111.05999755859375,109.6500015258789,110.69000244140625,107.18771362304688,6414100
2018-07-19,111.54000091552734,114.68000030517578,111.30000305175781,112.12999725341797,108.58214569091797,17796800
2018-07-20,112.1500015258789,112.19999694824219,110.83000183105469,111.4800033569336,107.95272064208984,11787900
2018-07-23,111.05000305175781,111.20999908447266,110.33999633789062,111.08999633789062,107.57504272460938,5447800
2018-07-24,111.83999633789062,111.88999938964844,110.54000091552734,110.69999694824219,107.1973876953125,5648800
2018-07-25,110.63999938964844,111.41999816894531,109.62999725341797,111.18000030517578,107.6622085571289,6756800
2018-07-26,112.1500015258789,114.55999755859375,111.68000030517578,113.51000213623047,109.91848754882812,9466400
2018-07-27,114.0,114.05000305175781,111.91999816894531,112.62000274658203,109.05664825439453,5717000
2018-07-30,112.19999694824219,113.33999633789062,112.05000305175781,112.62999725341797,109.06632232666016,5199300
2018-07-31,112.55000305175781,114.05000305175781,112.36000061035156,113.55999755859375,109.96690368652344,8421200
2018-08-01,113.68000030517578,113.83000183105469,112.58999633789062,112.97000122070312,109.39556884765625,6466600
2018-08-02,112.5,113.31999969482422,111.68000030517578,112.75,109.18253326416016,4027300
2018-08-03,113.19999694824219,114.0999984741211,112.4000015258789,114.08999633789062,110.4801254272461,4747500
2018-08-06,114.66000366210938,116.83999633789062,114.16000366210938,115.94000244140625,112.27159118652344,12715600
2018-08-07,116.56999969482422,117.9000015258789,116.23999786376953,116.55999755859375,112.87197875976562,15466900
2018-08-08,115.9000015258789,116.41000366210938,113.9000015258789,113.9800033569336,110.37362670898438,11722900
2018-08-09,114.05000305175781,114.80000305175781,112.80999755859375,114.16000366210938,110.54792022705078,7042000
2018-08-10,113.58000183105469,113.80000305175781,112.4000015258789,112.68000030517578,109.11473846435547,5740200
2018-08-13,112.66000366210938,112.83999633789062,111.72000122070312,112.12000274658203,108.57247161865234,6080900
2018-08-14,112.37999725341797,113.19000244140625,111.94999694824219,112.75,109.18253326416016,4326400
2018-08-15,112.18000030517578,113.12000274658203,111.47000122070312,112.8499984741211,109.27936553955078,5183200
2018-08-16,113.30000305175781,113.33000183105469,112.4000015258789,112.4800033569336,108.92107391357422,5082500
2018-08-17,112.51000213623047,112.86000061035156,111.88999938964844,112.4800033569336,108.92107391357422,4764500
2018-08-20,112.93000030517578,113.0,111.91000366210938,111.98999786376953,108.44657135009766,5167600
2018-08-21,112.25,113.0,112.0,112.38999938964844,108.83393096923828,4770400
2018-08-22,112.44000244140625,112.75,111.94000244140625,111.94000244140625,108.39816284179688,3213000
2018-08-23,111.94000244140625,112.13999938964844,111.52999877929688,112.0,108.45626068115234,4257400
2018-08-24,111.62999725341797,112.69999694824219,111.44000244140625,111.93000030517578,108.38848114013672,5049000
2018-08-27,112.48999786376953,112.88999938964844,112.06999969482422,112.33000183105469,108.77581787109375,4767700
2018-08-28,112.56999969482422,112.79000091552734,112.19999694824219,112.58000183105469,109.01791381835938,3131600
2018-08-29,112.58000183105469,112.72000122070312,112.0199966430664,112.44999694824219,108.89202117919922,4001500
2018-08-30,112.06999969482422,112.41999816894531,111.58999633789062,111.91999816894531,108.37879180908203,3481600
2018-08-31,111.9000015258789,112.27999877929688,111.55999755859375,112.0199966430664,108.47562408447266,4642800
2018-09-04,111.80000305175781,112.0,110.6500015258789,110.8499984741211,107.3426513671875,6391200
2018-09-05,110.58000183105469,110.81999969482422,109.69999694824219,109.87000274658203,106.3936538696289,6388300
2018-09-06,110.0,110.41000366210938,109.36000061035156,110.26000213623047,106.77132415771484,5267200
2018-09-07,110.08000183105469,111.3499984741211,110.01000213623047,110.97000122070312,107.45884704589844,4754800
2018-09-10,111.44000244140625,111.91000366210938,110.37000274658203,110.68000030517578,107.17802429199219,4636500
2018-09-11,110.5,110.61000061035156,109.51000213623047,109.5999984741211,106.13219451904297,5488600
2018-09-12,109.25,110.25,109.18000030517578,109.45999908447266,105.99663543701172,5236700
2018-09-13,109.55000305175781,110.72000122070312,109.37000274658203,110.66999816894531,107.16834259033203,5119400
2018-09-14,110.91999816894531,111.25,108.87999725341797,109.26000213623047,105.8029556274414,6012400
2018-09-17,109.58000183105469,109.87999725341797,108.61000061035156,109.36000061035156,105.89978790283203,5592900
2018-09-18,108.88999938964844,109.75,108.2300033569336,109.52999877929688,106.06441497802734,4937800
2018-09-19,109.62999725341797,110.18000030517578,109.4800033569336,109.79000091552734,106.31619262695312,5964600
2018-09-20,110.58000183105469,111.94999694824219,109.94000244140625,111.62000274658203,108.0882797241211,7121800
2018-09-21,111.94999694824219,111.9800033569336,110.4000015258789,110.4000015258789,106.9068832397461,25753600
2018-09-24,112.2699966430664,113.13999938964844,111.69999694824219,112.7699966430664,109.20189666748047,9232300
2018-09-25,113.30999755859375,114.70999908447266,112.6500015258789,113.62999725341797,110.03468322753906,12169400
2018-09-26,114.01000213623047,116.31999969482422,114.01000213623047,115.20999908447266,111.564697265625,11141500
2018-09-27,115.19000244140625,116.5999984741211,115.0999984741211,116.04000091552734,112.36843872070312,5195300
2018-09-28,115.6500015258789,117.45999908447266,115.3499984741211,116.94000244140625,113.23995971679688,7366800
2018-10-01,117.27999877929688,117.4000015258789,115.68000030517578,116.23999786376953,112.56210327148438,8643900
2018-10-02,115.55000305175781,117.69999694824219,115.30000305175781,117.66000366210938,113.93717956542969,6441700
2018-10-03,117.94999694824219,118.0999984741211,116.73999786376953,116.91000366210938,113.2109146118164,6111700
2018-10-04,117.0,117.16999816894531,115.12000274658203,116.12999725341797,112.4555892944336,6442800
2018-10-05,116.0,116.58000183105469,114.7300033569336,114.77999877929688,111.14830017089844,5835700
2018-10-08,114.83000183105469,116.16000366210938,114.12000274658203,116.0199966430664,112.34906768798828,5652300
2018-10-09,116.62000274658203,117.7699966430664,116.04000091552734,116.88999938964844,113.19154357910156,6761400
2018-10-10,116.83999633789062,117.2300033569336,112.7300033569336,112.86000061035156,109.28904724121094,9006500
2018-10-11,112.5,113.25,110.31999969482422,111.1500015258789,107.63316345214844,10045400
2018-10-12,111.97000122070312,113.2699966430664,111.2300033569336,112.61000061035156,109.04696655273438,5963900
2018-10-15,111.93000030517578,114.62000274658203,111.88999938964844,113.44000244140625,109.8507080078125,6628800
2018-10-16,114.33999633789062,116.37000274658203,113.83999633789062,116.19000244140625,112.5136947631836,7619000
2018-10-17,116.0999984741211,117.22000122070312,115.43000030517578,117.12999725341797,113.42394256591797,7120600
2018-10-18,116.75,117.12999725341797,115.58000183105469,116.18000030517578,112.5040054321289,6056300
2018-10-19,117.41999816894531,119.16999816894531,117.22000122070312,118.9000015258789,115.13794708251953,10431000
2018-10-22,119.05000305175781,119.69000244140625,117.72000122070312,118.2699966430664,114.52787017822266,8406400
2018-10-23,116.94999694824219,118.48999786376953,115.41000366210938,117.8499984741211,114.12116241455078,8607400
2018-10-24,117.05999755859375,117.05999755859375,111.25,111.61000061035156,108.07859802246094,11630500
2018-10-25,112.62000274658203,114.69000244140625,112.12000274658203,114.16000366210938,110.54792022705078,7406900
2018-10-26,112.83999633789062,114.13999938964844,112.0999984741211,113.19000244140625,109.60861206054688,7984700
2018-10-29,114.44999694824219,114.94000244140625,111.95999908447266,113.04000091552734,109.4633560180664,9234100
2018-10-30,113.38999938964844,114.88999938964844,112.41000366210938,114.76000213623047,111.12894439697266,7365400
2018-10-31,116.2300033569336,116.5199966430664,114.68000030517578,114.83000183105469,111.19671630859375,9196700
2018-11-01,115.19999694824219,116.27999877929688,114.9000015258789,116.0999984741211,112.4265365600586,6779900
2018-11-02,116.83000183105469,116.94999694824219,114.37000274658203,115.18000030517578,111.53564453125,6377900
2018-11-05,115.73999786376953,116.22000122070312,115.12000274658203,115.44999694824219,111.79710388183594,7920800
2018-11-06,115.73999786376953,116.83999633789062,115.44999694824219,116.70999908447266,113.01724243164062,5036600
2018-11-07,116.56999969482422,117.29000091552734,115.16000366210938,117.05000305175781,113.34648132324219,8249800
2018-11-08,117.44999694824219,117.83000183105469,115.20999908447266,116.0,112.32970428466797,11074800
2018-11-09,118.19999694824219,120.19999694824219,117.18000030517578,118.0,114.26642608642578,16878200
2018-11-12,118.0,118.45999908447266,116.5999984741211,116.69999694824219,113.00756072998047,9170600
2018-11-13,117.11000061035156,117.77999877929688,116.18000030517578,116.8499984741211,113.15280151367188,4650600
2018-11-14,117.44000244140625,118.22000122070312,116.44000244140625,117.12000274658203,113.41426849365234,7109100
2018-11-15,116.48999786376953,117.43000030517578,115.69999694824219,117.11000061035156,113.40458679199219,7088700
2018-11-16,116.52999877929688,117.33999633789062,115.98999786376953,116.19000244140625,112.5136947631836,7141900
2018-11-19,116.0,117.83000183105469,114.79000091552734,115.41999816894531,111.7680435180664,9714600
2018-11-20,113.5199966430664,114.58999633789062,111.5199966430664,111.87000274658203,108.33038330078125,11194600
2018-11-21,112.5,113.98999786376953,112.30000305175781,113.02999877929688,109.45366668701172,7242500
2018-11-23,112.23999786376953,112.79000091552734,111.73999786376953,112.08000183105469,108.53372955322266,3242300
2018-11-26,113.18000030517578,113.18000030517578,111.91999816894531,112.55000305175781,108.9888687133789,7002400
2018-11-27,113.61000061035156,114.0999984741211,112.41000366210938,113.9000015258789,110.29615020751953,7357500
2018-11-28,114.31999969482422,116.30000305175781,114.05000305175781,116.0999984741211,112.4265365600586,9039800
2018-11-29,115.75,117.13999938964844,115.20999908447266,116.61000061035156,112.92039489746094,10834700
2018-11-30,116.83999633789062,117.06999969482422,115.05999755859375,115.48999786376953,111.8358383178711,16857800
2018-12-03,116.6500015258789,116.91999816894531,114.91000366210938,115.73999786376953,112.07792663574219,9273300
2018-12-04,115.62000274658203,116.29000091552734,112.66000366210938,112.87000274658203,109.29873657226562,10806700
2018-12-06,112.05999755859375,114.33999633789062,111.16000366210938,114.33000183105469,110.71253967285156,10546200
2018-12-07,113.86000061035156,113.98999786376953,111.61000061035156,111.9800033569336,109.27801513671875,8305500
2018-12-10,111.98999786376953,112.29000091552734,109.52999877929688,111.86000061035156,109.1609115600586,7337500
2018-12-11,112.97000122070312,113.72000122070312,111.43000030517578,111.97000122070312,109.26824951171875,6861800
2018-12-12,113.0,113.9800033569336,112.1500015258789,112.20999908447266,109.50245666503906,7723900
2018-12-13,112.87000274658203,113.5999984741211,112.33999633789062,113.38999938964844,110.65399169921875,6661500
2018-12-14,112.37000274658203,113.91999816894531,112.05000305175781,112.19999694824219,109.4926986694336,7601900
2018-12-17,112.29000091552734,112.88999938964844,110.02999877929688,110.62000274658203,107.9508285522461,7731800
2018-12-18,110.87000274658203,111.08000183105469,108.9000015258789,109.44999694824219,106.8090591430664,6682300
2018-12-19,110.0,112.12999725341797,108.94999694824219,109.22000122070312,106.5846176147461,9416900
2018-12-20,108.75,109.20999908447266,106.12999725341797,107.0,104.41818237304688,9387300
2018-12-21,106.47000122070312,108.75,103.86000061035156,104.22000122070312,101.70525360107422,15530600
2018-12-24,103.2300033569336,103.9000015258789,100.3499984741211,100.3499984741211,97.92863464355469,7133000
2018-12-26,100.48999786376953,105.8499984741211,100.37999725341797,105.83000183105469,103.27640533447266,9422800
2018-12-27,104.41000366210938,106.55000305175781,102.80000305175781,106.5199966430664,103.94975280761719,8201400
2018-12-28,107.27999877929688,108.5199966430664,106.19000244140625,107.30000305175781,104.7109375,7620500
2018-12-31,109.11000061035156,109.66999816894531,107.55000305175781,109.6500015258789,107.00422668457031,7241700
2019-01-02,108.0999984741211,109.13999938964844,107.7300033569336,108.97000122070312,106.34065246582031,9723500
2019-01-03,108.4800033569336,108.6500015258789,105.94000244140625,106.33000183105469,103.76434326171875,10594700
2019-01-04,107.94000244140625,110.75,107.25,109.61000061035156,106.96520233154297,10122800
2019-01-07,109.91000366210938,111.4000015258789,109.30000305175781,110.55999755859375,107.89228057861328,6714700
2019-01-08,111.80000305175781,112.55999755859375,111.16999816894531,111.41999816894531,108.73152160644531,8730700
2019-01-09,111.80000305175781,112.80000305175781,111.55999755859375,112.66999816894531,109.95135498046875,5931900
2019-01-10,111.98999786376953,112.91000366210938,111.5,112.80000305175781,110.0782241821289,6160100
2019-01-11,112.18000030517578,112.91999816894531,111.7300033569336,112.6500015258789,109.93185424804688,4819100
2019-01-14,111.6500015258789,112.69999694824219,111.43000030517578,112.41999816894531,109.70740509033203,6980600
2019-01-15,112.30000305175781,113.18000030517578,110.61000061035156,111.76000213623047,109.06332397460938,9800900
2019-01-16,111.44999694824219,112.01000213623047,110.80999755859375,110.91000366210938,108.23382568359375,5899900
2019-01-17,110.72000122070312,111.26000213623047,110.16000366210938,111.01000213623047,108.3314208984375,6392000
2019-01-18,111.86000061035156,111.93000030517578,110.83000183105469,111.04000091552734,108.36070251464844,8554700
2019-01-22,110.62000274658203,111.33000183105469,109.75,110.5999984741211,107.93130493164062,6986700
2019-01-23,111.19000244140625,111.83999633789062,110.0,111.12000274658203,108.43875885009766,6845600
2019-01-24,111.0,111.11000061035156,109.93000030517578,110.55000305175781,107.88252258300781,6716800
2019-01-25,111.47000122070312,111.5,110.66000366210938,111.08999633789062,108.40948486328125,5706900
2019-01-28,110.76000213623047,110.98999786376953,109.94999694824219,110.80999755859375,108.13624572753906,6178800
2019-01-29,110.6500015258789,110.93000030517578,110.0,110.9000015258789,108.22406768798828,5253700
2019-01-30,110.30000305175781,110.58000183105469,108.95999908447266,110.12999725341797,107.47264862060547,7853800
2019-01-31,110.0999984741211,111.54000091552734,110.01000213623047,111.5199966430664,108.8291015625,8351600
2019-02-01,111.97000122070312,112.05000305175781,110.93000030517578,111.30000305175781,108.61441802978516,6557700
2019-02-04,111.41000366210938,111.9800033569336,110.68000030517578,111.80000305175781,109.10235595703125,7037000
2019-02-05,112.0199966430664,112.73999786376953,111.44999694824219,112.66000366210938,109.94161224365234,13619800
2019-02-06,113.8499984741211,113.91999816894531,111.06999969482422,111.41000366210938,108.7217788696289,14229000
2019-02-07,111.05000305175781,111.11000061035156,109.80999755859375,110.94999694824219,108.27286529541016,8658100
2019-02-08,110.45999908447266,111.54000091552734,110.05999755859375,111.51000213623047,108.8193588256836,6395500
2019-02-11,111.7699966430664,111.80999755859375,109.25,109.44000244140625,106.79930877685547,11086400
2019-02-12,110.20999908447266,110.83000183105469,109.1500015258789,109.19999694824219,106.56509399414062,7610200
2019-02-13,109.23999786376953,110.4800033569336,109.2300033569336,110.19999694824219,107.54095458984375,6919700
2019-02-14,109.8499984741211,111.5,109.54000091552734,110.66000366210938,107.98986053466797,6324300
2019-02-15,111.4000015258789,112.62999725341797,111.02999877929688,112.58999633789062,109.873291015625,8197300
2019-02-19,112.91000366210938,113.7699966430664,112.83000183105469,113.51000213623047,110.7710952758789,8169600
2019-02-20,113.5999984741211,114.08999633789062,113.29000091552734,113.68000030517578,110.93699645996094,7081500
2019-02-21,113.4000015258789,114.54000091552734,112.87000274658203,114.29000091552734,111.53227233886719,9480100
2019-02-22,114.62999725341797,115.7699966430664,113.94999694824219,115.25,112.4691162109375,8734700
2019-02-25,115.62000274658203,115.80000305175781,113.45999908447266,113.58999633789062,110.84915924072266,9327700
2019-02-26,113.6500015258789,114.01000213623047,112.8499984741211,113.5,110.7613296508789,8956000
2019-02-27,113.0999984741211,113.51000213623047,112.45999908447266,112.77999877929688,110.0587158203125,7249500
2019-02-28,112.9000015258789,113.43000030517578,112.75,112.83999633789062,110.11725616455078,6716700
2019-03-01,113.44999694824219,114.44000244140625,113.44999694824219,114.01000213623047,111.259033203125,6996900
2019-03-04,114.41999816894531,114.41999816894531,113.08999633789062,114.33000183105469,111.5713119506836,6015000
2019-03-05,114.2300033569336,114.54000091552734,113.76000213623047,114.0,111.24927520751953,5225100
2019-03-06,114.0,115.05000305175781,114.0,114.8499984741211,112.07876586914062,7352800
2019-03-07,114.8499984741211,114.9000015258789,113.47000122070312,114.01000213623047,111.259033203125,6324000
2019-03-08,113.45999908447266,113.83999633789062,112.9000015258789,113.80999755859375,111.06385040283203,6549100
2019-03-11,114.04000091552734,115.0,114.02999877929688,114.75,111.98117065429688,6952700
2019-03-12,114.72000122070312,115.30000305175781,114.04000091552734,114.7300033569336,111.96166229248047,9920300
2019-03-13,114.83999633789062,114.8499984741211,113.72000122070312,114.08999633789062,111.33708953857422,17994500
2019-03-14,114.12000274658203,114.7699966430664,113.93000030517578,114.4800033569336,111.71769714355469,17409600
2019-03-15,114.5,115.4800033569336,113.68000030517578,114.95999908447266,112.18611145019531,14932700
2019-03-18,113.02999877929688,114.0,112.45999908447266,113.12000274658203,110.3905029296875,21769800
2019-03-19,112.94999694824219,113.70999908447266,109.80000305175781,110.0,107.34577941894531,45384400
2019-03-20,110.30999755859375,110.87999725341797,108.05000305175781,109.98999786376953,107.33602905273438,35588700
2019-03-21,110.0999984741211,110.1500015258789,108.37000274658203,108.66000366210938,106.03811645507812,27438900
2019-03-22,108.33000183105469,109.0,107.51000213623047,108.2300033569336,105.6185073852539,24133800
2019-03-25,108.48999786376953,109.06999969482422,107.31999969482422,107.79000091552734,105.18911743164062,18187500
2019-03-26,108.4000015258789,110.33999633789062,108.2699966430664,110.13999938964844,107.48240661621094,16693100
2019-03-27,110.44999694824219,111.08999633789062,109.7300033569336,110.27999877929688,107.61903381347656,10794800
2019-03-28,110.5999984741211,111.2699966430664,110.23999786376953,110.70999908447266,108.03865814208984,11748900
2019-03-29,111.55999755859375,111.5999984741211,110.38999938964844,111.02999877929688,108.35093688964844,16358800
2019-04-01,111.58999633789062,112.87000274658203,111.37999725341797,112.51000213623047,109.79521942138672,10785100
2019-04-02,113.1500015258789,113.30999755859375,111.91999816894531,111.95999908447266,109.25849151611328,9231800
2019-04-03,112.69999694824219,113.11000061035156,112.20999908447266,112.5199966430664,109.80498504638672,10534900
2019-04-04,113.23999786376953,114.86000061035156,113.02999877929688,114.75,111.98117065429688,14378400
2019-04-05,114.97000122070312,115.12999725341797,114.30999755859375,115.0,112.22515106201172,10907900
2019-04-08,115.0,115.83000183105469,114.63999938964844,114.95999908447266,112.18611145019531,11054200
2019-04-09,115.61000061035156,117.16000366210938,115.27999877929688,116.86000061035156,114.04026794433594,17340300
2019-04-10,117.58000183105469,118.02999877929688,116.27999877929688,117.16000366210938,114.3330307006836,14091100
2019-04-11,117.7300033569336,117.86000061035156,116.31999969482422,116.5999984741211,113.78653717041016,12784500
2019-04-12,127.91000366210938,130.89999389648438,126.36000061035156,130.05999755859375,126.92176055908203,65253500
2019-04-15,131.0500030517578,132.6999969482422,129.7899932861328,132.0399932861328,128.8539581298828,32773700
2019-04-16,131.75,132.1300048828125,129.55999755859375,129.89999389648438,126.7656021118164,14564300
2019-04-17,129.80999755859375,132.36000061035156,129.27999877929688,131.75,128.5709686279297,14253700
2019-04-18,131.77000427246094,132.8699951171875,131.11000061035156,132.4499969482422,129.25408935546875,11890600
2019-04-22,131.89999389648438,132.1999969482422,131.02999877929688,131.67999267578125,128.50265502929688,10197500
2019-04-23,133.38999938964844,134.24000549316406,132.64999389648438,133.36000061035156,130.1421356201172,12159300
2019-04-24,133.11000061035156,135.75,132.72000122070312,135.10000610351562,131.84014892578125,11449500
2019-04-25,135.36000061035156,138.8800048828125,134.83999633789062,137.24000549316406,133.9285125732422,16382500
2019-04-26,138.6999969482422,140.0399932861328,137.50999450683594,139.9199981689453,136.5438232421875,14167600
2019-04-29,142.19000244140625,142.3699951171875,137.61000061035156,139.3000030517578,135.93881225585938,25746100
2019-04-30,139.1199951171875,139.38999938964844,136.02999877929688,136.97000122070312,133.66502380371094,15253100
2019-05-01,137.49000549316406,138.1699981689453,136.24000549316406,136.3800048828125,133.0892791748047,8906700
2019-05-02,135.3800048828125,135.69000244140625,132.3800048828125,134.13999938964844,130.9033203125,16580400
2019-05-03,135.22000122070312,135.30999755859375,133.77999877929688,134.3300018310547,131.08871459960938,8874400
2019-05-06,132.5399932861328,135.3300018310547,132.3000030517578,135.0,131.7425537109375,9955600
2019-05-07,135.35000610351562,135.97000122070312,132.75999450683594,133.44000244140625,130.22019958496094,10972700
2019-05-08,133.5,135.6999969482422,133.30999755859375,134.99000549316406,131.7327880859375,15423500
2019-05-09,135.02999877929688,136.47999572753906,132.83999633789062,133.58999633789062,130.36656188964844,15297100
2019-05-10,133.00999450683594,134.32000732421875,131.22999572753906,134.0399932861328,130.8057098388672,9858500
2019-05-13,131.5,132.66000366210938,130.5500030517578,131.33999633789062,128.17086791992188,11389900
2019-05-14,133.52000427246094,134.66000366210938,132.0500030517578,133.1999969482422,129.98599243164062,12001700
2019-05-15,132.5500030517578,135.2100067138672,132.0399932861328,134.67999267578125,131.43028259277344,9734100
2019-05-16,135.2899932861328,136.39999389648438,134.80999755859375,135.5,132.23048400878906,9689400
2019-05-17,134.25999450683594,135.97999572753906,134.02999877929688,135.0399932861328,131.78158569335938,8964200
2019-05-20,134.25,134.39999389648438,133.25,133.91000366210938,130.6788787841797,8009000
2019-05-21,134.57000732421875,134.57000732421875,133.11000061035156,134.08999633789062,130.85450744628906,7050300
2019-05-22,133.82000732421875,134.1699981689453,133.38999938964844,133.85000610351562,130.6203155517578,5093700
2019-05-23,132.7100067138672,133.5500030517578,131.9499969482422,132.72999572753906,129.52731323242188,6743300
2019-05-24,133.10000610351562,133.2899932861328,132.22000122070312,132.7899932861328,129.5858917236328,4570100
2019-05-28,133.2100067138672,134.0399932861328,132.58999633789062,132.6199951171875,129.41998291015625,8938400
2019-05-29,131.9600067138672,132.14999389648438,130.77999877929688,131.57000732421875,128.39532470703125,7749600
2019-05-30,131.8800048828125,132.67999267578125,131.33999633789062,132.1999969482422,129.01011657714844,5274000
2019-05-31,130.9600067138672,132.92999267578125,130.77999877929688,132.0399932861328,128.8539581298828,7420700
2019-06-03,132.02000427246094,132.9499969482422,131.49000549316406,132.47000122070312,129.2736053466797,7901400
2019-06-04,133.4499969482422,134.8800048828125,132.9199981689453,134.82000732421875,131.56692504882812,8247500
2019-06-05,135.41000366210938,136.0,134.94000244140625,135.94000244140625,132.65988159179688,6842800
2019-06-06,136.50999450683594,137.44000244140625,135.72999572753906,137.2100067138672,133.8992462158203,6027300
2019-06-07,137.60000610351562,138.75999450683594,137.3300018310547,138.0399932861328,134.70919799804688,7026300
2019-06-10,138.8800048828125,138.8800048828125,136.07000732421875,137.07000732421875,133.7626190185547,8479500
2019-06-11,137.58999633789062,137.75,134.94000244140625,135.0800018310547,131.82064819335938,6352200
2019-06-12,135.08999633789062,136.27999877929688,134.82000732421875,135.72000122070312,132.4451904296875,5537000
2019-06-13,137.9499969482422,141.85000610351562,137.61000061035156,141.74000549316406,138.31993103027344,17939500
2019-06-14,142.0500030517578,142.9499969482422,140.52999877929688,141.64999389648438,138.23208618164062,11125200
2019-06-17,140.80999755859375,141.47999572753906,139.11000061035156,140.97000122070312,137.5685272216797,8542700
2019-06-18,141.99000549316406,143.50999450683594,138.97000122070312,139.24000549316406,135.88027954101562,11231400
2019-06-19,139.50999450683594,141.07000732421875,138.5800018310547,140.9199981689453,137.51971435546875,6877100
2019-06-20,141.97999572753906,142.22999572753906,139.91000366210938,142.02000427246094,138.59317016601562,8485800
2019-06-21,141.9499969482422,142.0,140.0,140.22999572753906,136.8463592529297,14150000
2019-06-24,140.1199951171875,140.47000122070312,137.8000030517578,139.22000122070312,135.86074829101562,10497400
2019-06-25,139.02000427246094,140.41000366210938,138.6699981689453,139.94000244140625,136.5633544921875,14675400
2019-06-26,140.36000061035156,140.74000549316406,139.50999450683594,140.39999389648438,137.0122528076172,8842100
2019-06-27,141.0,141.74000549316406,138.9199981689453,139.3000030517578,135.93881225585938,6466300
2019-06-28,139.41000366210938,140.2100067138672,138.61000061035156,139.63999938964844,136.27059936523438,20078800
2019-07-01,140.4499969482422,141.9499969482422,139.22000122070312,141.64999389648438,138.23208618164062,8972400
2019-07-02,141.39999389648438,142.86000061035156,141.27000427246094,142.52999877929688,139.0908660888672,7554100
2019-07-03,142.6999969482422,143.0,142.0,142.97999572753906,139.53001403808594,4150900
2019-07-05,141.4199981689453,142.88999938964844,140.6999969482422,142.4499969482422,139.87368774414062,5596000
2019-07-08,142.17999267578125,142.22999572753906,140.97000122070312,141.02000427246094,138.4695587158203,4993900
2019-07-09,140.05999755859375,141.72000122070312,139.75,141.61000061035156,139.0488739013672,7396300
2019-07-10,142.39999389648438,144.25,142.00999450683594,143.5399932861328,140.9439697265625,9533700
2019-07-11,144.00999450683594,145.33999633789062,143.5399932861328,143.55999755859375,140.96360778808594,10471100
2019-07-12,144.14999389648438,145.42999267578125,144.0,144.8800048828125,142.25973510742188,8510000
2019-07-15,145.1300048828125,145.36000061035156,143.97000122070312,145.05999755859375,142.43646240234375,5289200
2019-07-16,144.75,144.99000549316406,143.80999755859375,144.3000030517578,141.6902313232422,5854700
2019-07-17,144.60000610351562,144.67999267578125,142.3699951171875,142.57000732421875,139.9915008544922,5296400
2019-07-18,142.4600067138672,142.4600067138672,140.1699981689453,141.6300048828125,139.0685272216797,8031700
2019-07-19,142.24000549316406,142.24000549316406,139.74000549316406,139.85000610351562,137.32070922851562,6109900
2019-07-22,141.25,141.44000244140625,140.00999450683594,140.83999633789062,138.29278564453125,7706400
2019-07-23,141.64999389648438,142.5399932861328,140.27000427246094,141.25999450683594,138.7052001953125,7514500
2019-07-24,141.39999389648438,141.58999633789062,140.39999389648438,141.2899932861328,138.73464965820312,5896600
2019-07-25,141.39999389648438,143.22999572753906,141.0399932861328,143.2100067138672,140.6199493408203,7294400
2019-07-26,143.74000549316406,145.19000244140625,143.0500030517578,144.64999389648438,142.0338897705078,8139400
2019-07-29,145.58999633789062,147.14999389648438,145.1699981689453,146.38999938964844,143.742431640625,11674100
2019-07-30,145.75999450683594,146.8000030517578,144.61000061035156,144.92999267578125,142.30880737304688,6563100
2019-07-31,144.99000549316406,145.0,142.33999633789062,143.00999450683594,140.4235382080078,9710700
2019-08-01,143.33999633789062,144.52999877929688,141.25999450683594,141.85000610351562,139.28453063964844,8911700
2019-08-02,140.99000549316406,142.22000122070312,139.94000244140625,141.7100067138672,139.14707946777344,6539100
2019-08-05,139.13999938964844,140.22999572753906,137.02999877929688,138.3000030517578,135.7987518310547,10669700
2019-08-06,140.41000366210938,141.9499969482422,138.3699951171875,141.8699951171875,139.30416870117188,18818900
2019-08-07,134.92999267578125,135.8699951171875,132.25999450683594,134.86000061035156,132.42092895507812,29084500
2019-08-08,137.89999389648438,138.0,136.00999450683594,137.88999938964844,135.39614868164062,14054800
2019-08-09,137.10000610351562,139.24000549316406,136.75999450683594,138.52000427246094,136.0147705078125,8811900
2019-08-12,137.30999755859375,137.57000732421875,135.22999572753906,135.75,133.29486083984375,7918900
2019-08-13,135.0,137.9199981689453,135.0,137.00999450683594,134.53207397460938,8145400
2019-08-14,135.05999755859375,135.14999389648438,132.67999267578125,132.85000610351562,130.4473114013672,11797700
2019-08-15,133.5,134.27999877929688,132.47000122070312,133.41000366210938,130.99717712402344,7590100
2019-08-16,134.02000427246094,135.5,133.8300018310547,135.1999969482422,132.7548065185547,6353800
2019-08-19,136.7899932861328,137.6199951171875,134.27999877929688,135.2899932861328,132.84317016601562,11741800
2019-08-20,133.3300018310547,136.0399932861328,133.25999450683594,135.1300048828125,132.6860809326172,8628000
2019-08-21,134.61000061035156,136.05999755859375,134.0500030517578,135.75999450683594,133.30467224121094,6325000
2019-08-22,136.1999969482422,136.6699981689453,134.69000244140625,136.0800018310547,133.61888122558594,6967100
2019-08-23,135.50999450683594,136.44000244140625,131.02000427246094,131.6699981689453,129.2886199951172,10190900
2019-08-26,134.19000244140625,134.63999938964844,132.5500030517578,134.61000061035156,132.1754608154297,8093800
2019-08-27,135.77000427246094,135.99000549316406,134.19000244140625,134.49000549316406,132.05763244628906,6013600
2019-08-28,134.05999755859375,136.72999572753906,133.52000427246094,136.5500030517578,134.0803985595703,5950500
2019-08-29,138.1199951171875,138.67999267578125,137.4199981689453,137.83999633789062,135.34706115722656,6532700
2019-08-30,138.2899932861328,138.5,136.75999450683594,137.25999450683594,134.77752685546875,5622200
2019-09-03,136.3699951171875,136.4199981689453,135.05999755859375,136.30999755859375,133.8447265625,5997400
2019-09-04,136.74000549316406,138.1999969482422,136.38999938964844,137.88999938964844,135.39614868164062,4285400
2019-09-05,138.9199981689453,139.27000427246094,138.32000732421875,138.83999633789062,136.3289794921875,5143500
2019-09-06,139.1300048828125,139.80999755859375,138.25,139.5500030517578,137.026123046875,4090000
2019-09-09,139.5800018310547,140.0800018310547,138.47999572753906,138.8300018310547,136.31915283203125,5458700
2019-09-10,138.1199951171875,138.44000244140625,134.5800018310547,135.7899932861328,133.33412170410156,10974600
2019-09-11,135.55999755859375,136.24000549316406,134.92999267578125,136.19000244140625,133.72689819335938,7896400
2019-09-12,136.83999633789062,138.6699981689453,136.5399932861328,137.5,135.01319885253906,7333900
2019-09-13,137.85000610351562,138.22000122070312,137.11000061035156,138.02000427246094,135.52381896972656,5209100
2019-09-16,136.2899932861328,137.24000549316406,135.3000030517578,135.8000030517578,133.3439483642578,6329300
2019-09-17,135.8000030517578,136.72999572753906,135.6699981689453,136.30999755859375,133.8447265625,4726500
2019-09-18,136.41000366210938,137.07000732421875,135.72000122070312,136.8000030517578,134.32586669921875,6857900
2019-09-19,137.0,137.36000061035156,133.0,133.3000030517578,130.88917541503906,12216100
2019-09-20,133.02999877929688,133.22999572753906,131.61000061035156,132.27000427246094,129.8778076171875,25231600
2019-09-23,131.99000549316406,132.88999938964844,131.88999938964844,132.4600067138672,130.0643768310547,6096100
2019-09-24,134.00999450683594,134.14999389648438,131.5,131.97000122070312,129.58322143554688,11904000
2019-09-25,131.7899932861328,133.4199981689453,131.22000122070312,133.08999633789062,130.68296813964844,6523000
2019-09-26,133.13999938964844,133.3000030517578,129.05999755859375,131.27000427246094,128.8958740234375,11615100
2019-09-27,130.10000610351562,131.0,128.9199981689453,129.9600067138672,127.60958862304688,8401300
2019-09-30,130.35000610351562,130.86000061035156,129.82000732421875,130.32000732421875,127.96306610107422,5532500
2019-10-01,130.8000030517578,131.77999877929688,129.50999450683594,129.5500030517578,127.20699310302734,5978500
2019-10-02,128.50999450683594,129.22000122070312,127.56999969482422,129.13999938964844,126.80440521240234,8296100
2019-10-03,128.60000610351562,129.42999267578125,127.54000091552734,128.14999389648438,125.8322982788086,8498700
2019-10-04,128.69000244140625,130.44000244140625,128.61000061035156,130.27000427246094,127.91397094726562,6732900
2019-10-07,130.27000427246094,131.57000732421875,129.0399932861328,130.89999389648438,128.53256225585938,5784100
2019-10-08,129.89999389648438,130.0399932861328,128.3699951171875,128.47000122070312,126.14651489257812,6526000
2019-10-09,129.10000610351562,129.85000610351562,128.05999755859375,129.3300018310547,126.99095916748047,5004600
2019-10-10,129.22000122070312,130.13999938964844,128.8800048828125,129.33999633789062,127.00077056884766,4512000
2019-10-11,130.3000030517578,130.99000549316406,129.83999633789062,130.02000427246094,127.6684799194336,6559000
2019-10-14,130.1300048828125,130.3000030517578,129.47999572753906,129.6999969482422,127.35427856445312,3710300
2019-10-15,130.00999450683594,130.88999938964844,129.39999389648438,129.75999450683594,127.41319274902344,5914700
2019-10-16,129.75999450683594,131.8300018310547,129.6999969482422,130.86000061035156,128.49330139160156,7610800
2019-10-17,132.52999877929688,133.44000244140625,130.50999450683594,132.3699951171875,129.9759979248047,8005100
2019-10-18,132.3699951171875,133.16000366210938,130.88999938964844,130.88999938964844,128.5227508544922,8694000
2019-10-21,131.44000244140625,131.72999572753906,130.02000427246094,130.25999450683594,127.90414428710938,6257100
2019-10-22,133.14999389648438,133.67999267578125,132.10000610351562,132.39999389648438,130.00543212890625,9291600
2019-10-23,132.4499969482422,132.67999267578125,130.75999450683594,131.1300048828125,128.7584228515625,5970800
2019-10-24,131.52000427246094,131.6999969482422,129.6300048828125,130.25999450683594,127.90414428710938,5746300
2019-10-25,130.5,131.75999450683594,130.02999877929688,130.89999389648438,128.53256225585938,6696000
2019-10-28,131.4499969482422,132.0800018310547,130.13999938964844,130.52999877929688,128.1692657470703,8940300
2019-10-29,130.5,130.77000427246094,129.44000244140625,129.47999572753906,127.13824462890625,9305100
2019-10-30,129.69000244140625,130.30999755859375,129.14999389648438,129.60000610351562,127.25609588623047,10880000
2019-10-31,129.52999877929688,130.14999389648438,128.75,129.9199981689453,127.5702896118164,9628300
2019-11-01,130.99000549316406,132.8000030517578,130.50999450683594,132.75,130.34912109375,8507600
2019-11-04,134.1199951171875,134.13999938964844,132.47000122070312,132.9199981689453,130.5160369873047,7631800
2019-11-05,132.77000427246094,132.77000427246094,130.88999938964844,131.4499969482422,129.07261657714844,7404500
2019-11-06,131.60000610351562,131.66000366210938,130.66000366210938,131.27000427246094,128.8958740234375,9132500
2019-11-07,132.35000610351562,133.6999969482422,131.75,132.9600067138672,130.55531311035156,18047600
2019-11-08,140.22000122070312,140.25,136.74000549316406,137.9600067138672,135.4648895263672,24175900
2019-11-11,137.5,138.55999755859375,136.2100067138672,136.74000549316406,134.26695251464844,10138400
2019-11-12,138.02999877929688,139.33999633789062,136.74000549316406,138.5800018310547,136.07366943359375,17284000
2019-11-13,138.5800018310547,149.9199981689453,136.83999633789062,148.72000122070312,146.03028869628906,45725400
2019-11-14,148.0,150.6300048828125,146.27999877929688,147.14999389648438,144.48867797851562,28393600
2019-11-15,147.13999938964844,147.1999969482422,144.2100067138672,144.6699981689453,142.05352783203125,13733400
2019-11-18,144.75,149.0399932861328,143.69000244140625,147.64999389648438,144.9796142578125,15353100
2019-11-19,148.17999267578125,149.47999572753906,146.8000030517578,148.3800048828125,145.69642639160156,11504300
2019-11-20,148.08999633789062,148.99000549316406,146.02999877929688,146.92999267578125,144.2726593017578,9448400
2019-11-21,147.16000366210938,147.47000122070312,146.25999450683594,146.89999389648438,144.24317932128906,6241400
2019-11-22,147.2100067138672,149.44000244140625,146.67999267578125,148.2899932861328,145.60804748535156,9639400
2019-11-25,148.8000030517578,150.2100067138672,147.6999969482422,149.69000244140625,146.9827423095703,11316800
2019-11-26,151.75,153.41000366210938,150.61000061035156,151.63999938964844,148.89747619628906,24949900
2019-11-27,152.3000030517578,152.57000732421875,151.14999389648438,151.47999572753906,148.74037170410156,6155400
2019-11-29,151.47999572753906,152.47000122070312,151.00999450683594,151.5800018310547,148.83856201171875,6284900
2019-12-02,152.94000244140625,152.97000122070312,149.10000610351562,150.6199951171875,147.89590454101562,10351000
2019-12-03,147.74000549316406,149.11000061035156,146.8699951171875,148.5800018310547,145.89280700683594,9273800
2019-12-04,149.3000030517578,149.3300018310547,148.17999267578125,148.27999877929688,145.59823608398438,7684800
2019-12-05,148.69000244140625,148.8300018310547,147.10000610351562,147.44000244140625,144.77342224121094,7363300
2019-12-06,148.39999389648438,148.61000061035156,147.17999267578125,147.66000366210938,144.9894561767578,7084900
2019-12-09,147.9600067138672,148.50999450683594,145.39999389648438,146.2100067138672,143.56568908691406,11515000
2019-12-10,145.25999450683594,146.85000610351562,145.0500030517578,146.10000610351562,143.4576873779297,7084100
2019-12-11,147.38999938964844,147.88999938964844,146.75999450683594,147.58999633789062,144.92071533203125,8253700
2019-12-12,147.9199981689453,148.92999267578125,147.25,147.75999450683594,145.087646484375,7748300
2019-12-13,147.42999267578125,147.8000030517578,146.30999755859375,146.3800048828125,144.59375,9350100
2019-12-16,147.58999633789062,148.64999389648438,146.5500030517578,148.4600067138672,146.6483612060547,9134400
2019-12-17,148.10000610351562,148.4600067138672,147.6199951171875,147.72999572753906,145.92726135253906,8776100
2019-12-18,147.77000427246094,147.9499969482422,146.19000244140625,146.25999450683594,144.47520446777344,9467800
2019-12-19,146.17999267578125,146.8000030517578,145.32000732421875,146.14999389648438,144.36654663085938,10243900
2019-12-20,147.14999389648438,147.8800048828125,145.77000427246094,146.8800048828125,145.087646484375,12629900
2019-12-23,145.91000366210938,146.3300018310547,144.3300018310547,144.67999267578125,142.9144744873047,9314000
2019-12-24,144.5800018310547,145.42999267578125,144.4499969482422,145.2899932861328,143.51702880859375,3508500
2019-12-26,145.39999389648438,145.86000061035156,145.1699981689453,145.6999969482422,143.92202758789062,4422000
2019-12-27,146.0500030517578,146.50999450683594,145.4499969482422,145.75,143.97142028808594,5495300
2019-12-30,145.75,145.8699951171875,143.39999389648438,143.77000427246094,142.01559448242188,6602800
2019-12-31,143.6699981689453,144.77000427246094,143.25999450683594,144.6300048828125,142.8651123046875,5662900
2020-01-02,145.2899932861328,148.1999969482422,145.10000610351562,148.1999969482422,146.39151000976562,9502100
2020-01-03,146.39999389648438,147.89999389648438,146.0500030517578,146.5,144.7122802734375,7320200
2020-01-06,145.5399932861328,146.02999877929688,144.30999755859375,145.64999389648438,143.8726348876953,8262500
2020-01-07,145.99000549316406,146.8699951171875,145.4199981689453,145.6999969482422,143.92202758789062,6906500
2020-01-08,145.49000549316406,146.1300048828125,144.82000732421875,145.39999389648438,143.6256866455078,6984200
2020-01-09,146.47000122070312,146.6300048828125,144.61000061035156,144.8300018310547,143.06265258789062,6664200
2020-01-10,145.3000030517578,145.5,144.25999450683594,144.6199951171875,142.85520935058594,5152500
2020-01-13,144.75,144.75,143.36000061035156,143.8800048828125,142.12425231933594,9921300
2020-01-14,143.41000366210938,146.72000122070312,142.2899932861328,145.1999969482422,143.42813110351562,14839100
2020-01-15,145.7100067138672,145.7100067138672,143.92999267578125,144.32000732421875,142.5588836669922,6818200
2020-01-16,145.08999633789062,145.42999267578125,144.44000244140625,145.1199951171875,143.34910583496094,6948400
2020-01-17,145.5399932861328,145.63999938964844,144.00999450683594,144.3300018310547,142.56875610351562,10355300
2020-01-21,144.24000549316406,144.58999633789062,143.00999450683594,143.55999755859375,141.8081512451172,9250200
2020-01-22,144.4499969482422,144.7899932861328,143.5399932861328,144.00999450683594,142.25265502929688,7550000
2020-01-23,143.60000610351562,143.61000061035156,140.64999389648438,142.1999969482422,140.46473693847656,11082000
2020-01-24,141.39999389648438,142.25,139.1999969482422,140.0800018310547,138.37062072753906,13076300
2020-01-27,135.86000061035156,137.72999572753906,135.0,135.89999389648438,134.24163818359375,12831800
2020-01-28,136.5,138.92999267578125,135.86000061035156,138.3699951171875,136.6814727783203,10390000
2020-01-29,138.60000610351562,138.67999267578125,135.7899932861328,136.05999755859375,134.39967346191406,9382700
2020-01-30,135.08999633789062,137.85000610351562,134.8300018310547,137.80999755859375,136.12832641601562,11847300
2020-01-31,138.39999389648438,138.6699981689453,137.05999755859375,138.30999755859375,136.62222290039062,12379100
2020-02-03,139.7899932861328,141.82000732421875,139.75,141.32000732421875,139.5955047607422,12639900
2020-02-04,145.49000549316406,145.58999633789062,143.25,144.72999572753906,142.96388244628906,23519700
2020-02-05,146.60000610351562,147.3000030517578,138.57000732421875,141.3699951171875,139.64486694335938,27824100
2020-02-06,141.9199981689453,143.9499969482422,141.22000122070312,142.6999969482422,140.95864868164062,9504600
2020-02-07,141.88999938964844,141.99000549316406,140.1199951171875,141.02000427246094,139.2991485595703,10948900
2020-02-10,141.02999877929688,142.58999633789062,140.4600067138672,142.58999633789062,140.8499755859375,8162100
2020-02-11,142.85000610351562,142.99000549316406,140.4600067138672,141.00999450683594,139.2892608642578,10790100
2020-02-12,141.33999633789062,142.22000122070312,140.8699951171875,141.85000610351562,140.1190185546875,8168200
2020-02-13,141.1699981689453,141.89999389648438,140.82000732421875,140.89999389648438,139.1806182861328,7543100
2020-02-14,141.10000610351562,141.27999877929688,139.1300048828125,139.5399932861328,137.8372039794922,9110500
2020-02-18,139.02000427246094,139.66000366210938,138.10000610351562,139.13999938964844,137.4420928955078,8214900
2020-02-19,139.6300048828125,141.8699951171875,139.22999572753906,141.3000030517578,139.5757293701172,7080900
2020-02-20,141.6300048828125,141.6300048828125,138.85000610351562,140.3699951171875,138.6570587158203,5981700
2020-02-21,139.86000061035156,139.8800048828125,138.5800018310547,138.97000122070312,137.274169921875,7725800
2020-02-24,132.89999389648438,134.44000244140625,131.2100067138672,133.00999450683594,131.3868865966797,19336500
2020-02-25,133.75,133.94000244140625,127.9800033569336,128.19000244140625,126.6257095336914,21032500
2020-02-26,126.12000274658203,128.3699951171875,122.12999725341797,123.36000061035156,121.85465240478516,31195900
2020-02-27,119.80999755859375,122.9000015258789,117.91999816894531,118.04000091552734,116.59957122802734,30827500
2020-02-28,114.51000213623047,118.30999755859375,113.20999908447266,117.6500015258789,116.2143325805664,35389900
2020-03-02,119.12999725341797,119.9800033569336,116.02999877929688,119.9800033569336,118.51589965820312,21775900
2020-03-03,121.1500015258789,121.77999877929688,115.1500015258789,116.44999694824219,115.02896881103516,19529700
2020-03-04,118.95999908447266,119.23999786376953,115.4800033569336,119.18000030517578,117.72565460205078,13842100
2020-03-05,116.86000061035156,116.95999908447266,112.11000061035156,113.9800033569336,112.58912658691406,22397200
2020-03-06,110.76000213623047,115.87000274658203,110.31999969482422,115.2699966430664,113.86337280273438,22899600
2020-03-09,108.69000244140625,110.43000030517578,104.27999877929688,104.3499984741211,103.07662963867188,26233600
2020-03-10,108.0999984741211,111.58000183105469,102.43000030517578,111.45999908447266,110.09986877441406,24083700
2020-03-11,108.41999816894531,108.9000015258789,102.86000061035156,105.51000213623047,104.22247314453125,24771300
2020-03-12,97.62000274658203,100.0,91.63999938964844,91.80999755859375,90.68964385986328,40392900
2020-03-13,100.77999877929688,102.87000274658203,92.25,102.5199966430664,101.26895141601562,40960100
2020-03-16,91.80000305175781,98.27999877929688,90.0,95.01000213623047,93.8506088256836,35379500
2020-03-17,95.80000305175781,97.45999908447266,91.1500015258789,93.52999877929688,92.38866424560547,27526200
2020-03-18,87.58999633789062,89.33999633789062,79.06999969482422,88.80000305175781,87.71638488769531,43592500
2020-03-19,88.0,97.4000015258789,85.11000061035156,94.93000030517578,93.7715835571289,30866800
2020-03-20,95.98999786376953,96.98999786376953,85.83999633789062,85.9800033569336,84.93080139160156,31957800
2020-03-23,84.48999786376953,87.27999877929688,81.08999633789062,85.76000213623047,84.7134780883789,32246600
2020-03-24,92.33000183105469,99.16999816894531,91.80000305175781,98.12000274658203,96.92265319824219,32538100
2020-03-25,100.66000366210938,105.91999816894531,95.51000213623047,100.7300033569336,99.50080871582031,28533000
2020-03-26,100.83000183105469,107.7300033569336,100.80000305175781,105.36000061035156,104.07430267333984,24520300
2020-03-27,100.44999694824219,101.48999786376953,95.54000091552734,96.4000015258789,95.22364807128906,30591500
2020-03-30,96.0,100.45999908447266,92.0999984741211,99.80000305175781,98.5821533203125,23119200
2020-03-31,100.22000122070312,103.16000366210938,96.16000366210938,96.5999984741211,95.42119598388672,21563200
2020-04-01,93.5,97.4000015258789,92.55999755859375,94.91999816894531,93.76170349121094,18303900
2020-04-02,94.19999694824219,97.26000213623047,94.19999694824219,96.97000122070312,95.78668212890625,13936500
2020-04-03,96.30999755859375,96.91999816894531,92.70999908447266,93.87999725341797,92.73439025878906,14814600
2020-04-06,97.26000213623047,100.19000244140625,94.5199966430664,99.58000183105469,98.36483764648438,20407400
2020-04-07,104.86000061035156,105.88999938964844,100.25,101.23999786376953,100.00457000732422,22899600
2020-04-08,100.52999877929688,102.3499984741211,98.6500015258789,101.06999969482422,99.83665466308594,22562500
2020-04-09,107.91999816894531,107.98999786376953,103.52999877929688,104.5,103.22480010986328,31453600
2020-04-13,104.70999908447266,104.87000274658203,99.61000061035156,103.5,102.23700714111328,17306000
2020-04-14,105.5,107.63999938964844,103.9000015258789,106.02999877929688,104.73612976074219,19866900
2020-04-15,104.38999938964844,104.87999725341797,102.69999694824219,103.37000274658203,102.10859680175781,14157600
2020-04-16,103.52999877929688,103.72000122070312,100.88999938964844,102.0199966430664,100.77505493164062,18029300
2020-04-17,106.20999908447266,106.79000091552734,104.3499984741211,106.62999725341797,105.32880401611328,17926900
2020-04-20,103.58000183105469,104.86000061035156,102.0,102.26000213623047,101.01213836669922,17021000
2020-04-21,100.01000213623047,101.51000213623047,99.12999725341797,100.54000091552734,99.31312561035156,16101400
2020-04-22,101.80000305175781,102.62999725341797,100.88999938964844,100.98999786376953,99.75762939453125,11463800
2020-04-23,100.6500015258789,102.52999877929688,99.45999908447266,101.0,99.76750946044922,17132200
2020-04-24,101.77999877929688,101.91999816894531,99.5199966430664,101.19000244140625,99.95518493652344,13614100
2020-04-27,102.0,106.5199966430664,101.61000061035156,106.05999755859375,104.76576232910156,15518300
2020-04-28,108.79000091552734,110.05999755859375,105.9800033569336,106.20999908447266,104.91393280029297,16503700
2020-04-29,109.94000244140625,112.69999694824219,108.55999755859375,112.25,110.8802261352539,20139800
2020-04-30,109.44000244140625,110.30999755859375,106.86000061035156,108.1500015258789,106.83026123046875,18638700
2020-05-01,106.36000061035156,106.91000366210938,104.47000122070312,105.5,104.21259307861328,13209100
2020-05-04,102.01000213623047,103.83000183105469,100.55000305175781,103.18000030517578,101.92091369628906,19514800
2020-05-05,101.51000213623047,105.18000030517578,100.9000015258789,101.05999755859375,99.82676696777344,30169800
2020-05-06,101.4800033569336,105.2699966430664,98.86000061035156,100.87999725341797,99.64897155761719,51992400
2020-05-07,101.8499984741211,105.61000061035156,101.83000183105469,105.56999969482422,104.28173828125,20868800
2020-05-08,109.05000305175781,109.18000030517578,106.62999725341797,109.16000366210938,107.82793426513672,24079700
2020-05-11,108.4000015258789,108.80999755859375,106.41000366210938,107.7699966430664,106.45489501953125,20555900
2020-05-12,109.05999755859375,109.44000244140625,104.48999786376953,104.55999755859375,103.28406524658203,17049700
2020-05-13,104.5,104.54000091552734,101.5999984741211,102.91999816894531,101.66407012939453,21085800
2020-05-14,101.9800033569336,105.91999816894531,99.66000366210938,105.91000366210938,104.61759948730469,22002200
2020-05-15,104.9800033569336,109.37999725341797,104.2699966430664,109.05000305175781,107.71927642822266,29766000
2020-05-18,114.47000122070312,119.77999877929688,114.47000122070312,116.8499984741211,115.4240951538086,40044600
2020-05-19,115.0999984741211,116.47000122070312,113.41999816894531,114.37000274658203,112.97435760498047,20332600
2020-05-20,116.41999816894531,120.87000274658203,116.04000091552734,119.91999816894531,118.45662689208984,25749900
2020-05-21,119.33999633789062,120.30000305175781,116.5,117.83000183105469,116.39213562011719,17578300
2020-05-22,117.5,118.56999969482422,116.83000183105469,118.0199966430664,116.57981872558594,9288200
2020-05-26,121.05000305175781,122.51000213623047,120.43000030517578,120.94999694824219,119.47405242919922,16466400
2020-05-27,123.68000030517578,123.77999877929688,119.70999908447266,121.52999877929688,120.04698181152344,19345400
2020-05-28,121.5999984741211,121.9800033569336,116.0,116.75,115.3253173828125,18606000
2020-05-29,116.19000244140625,117.75,114.12000274658203,117.30000305175781,115.86860656738281,17745100
2020-06-01,117.26000213623047,119.6500015258789,116.93000030517578,118.7699966430664,117.3206558227539,10538300
2020-06-02,119.0,119.8499984741211,117.83000183105469,118.75,117.30091094970703,10753100
2020-06-03,119.98999786376953,122.44999694824219,119.31999969482422,122.18000030517578,120.68904876708984,12584300
2020-06-04,121.94999694824219,124.5,121.8499984741211,123.69000244140625,122.18062591552734,14195100
2020-06-05,126.30999755859375,127.81999969482422,124.27999877929688,124.81999969482422,123.29683685302734,16581600
2020-06-08,125.0999984741211,127.44000244140625,123.94000244140625,127.27999877929688,125.726806640625,13858100
2020-06-09,125.62999725341797,125.79000091552734,123.51000213623047,123.88999938964844,122.37818908691406,10882800
2020-06-10,124.0199966430664,124.0999984741211,120.93000030517578,122.18000030517578,120.68904876708984,11497100
2020-06-11,117.5999984741211,118.0,112.25,112.63999938964844,111.26547241210938,26078800
2020-06-12,115.16999816894531,117.0,112.88999938964844,115.48999786376953,114.0806884765625,18361900
2020-06-15,112.08000183105469,118.12000274658203,111.70999908447266,117.08000183105469,115.65128326416016,14156400
2020-06-16,121.23999786376953,121.5,116.05000305175781,118.44000244140625,116.99469757080078,12951200
2020-06-17,118.63999938964844,119.2300033569336,117.13999938964844,117.6500015258789,116.2143325805664,8921600
2020-06-18,116.87999725341797,118.52999877929688,115.93000030517578,118.37000274658203,116.92554473876953,9577300
2020-06-19,119.9800033569336,120.12000274658203,114.3499984741211,114.3499984741211,112.95459747314453,23496300
2020-06-22,114.19000244140625,116.19000244140625,113.11000061035156,115.91999816894531,114.50543975830078,12868000
2020-06-23,116.95999908447266,117.44999694824219,115.97000122070312,116.58999633789062,115.16726684570312,10187600
2020-06-24,115.8499984741211,116.0,110.02999877929688,112.06999969482422,110.70242309570312,22252500
2020-06-25,108.98999786376953,111.51000213623047,108.5,111.36000061035156,110.00109100341797,17240400
2020-06-26,110.94999694824219,111.19999694824219,108.0199966430664,109.0999984741211,107.76866149902344,15270900
2020-06-29,109.0,111.56999969482422,108.0999984741211,111.5199966430664,110.15913391113281,12584300
2020-06-30,111.5,112.05000305175781,109.93000030517578,111.51000213623047,110.14926147460938,10565900
2020-07-01,112.81999969482422,115.5999984741211,112.29000091552734,113.01000213623047,111.6309585571289,11930900
2020-07-02,115.0,115.0999984741211,112.0,112.18000030517578,110.81108093261719,10312000
2020-07-06,113.83000183105469,114.52999877929688,112.9000015258789,114.43000030517578,113.03363037109375,11933400
2020-07-07,113.62999725341797,115.08000183105469,112.61000061035156,113.62999725341797,112.24337768554688,10836500
2020-07-08,113.4800033569336,117.12999725341797,112.80999755859375,116.66000366210938,115.23641967773438,13629500
2020-07-09,116.51000213623047,117.8499984741211,115.37999725341797,116.80999755859375,115.38457489013672,13582900
2020-07-10,116.83000183105469,119.44000244140625,116.20999908447266,119.33999633789062,117.88370513916016,14207900
2020-07-13,119.94000244140625,120.12999725341797,115.88999938964844,116.22000122070312,114.8017807006836,15620200
2020-07-14,115.2300033569336,119.08000183105469,114.54000091552734,118.66000366210938,117.2120132446289,12425100
2020-07-15,121.62999725341797,122.08999633789062,119.69999694824219,120.9000015258789,119.42467498779297,15314200
2020-07-16,117.72000122070312,119.98999786376953,117.5999984741211,119.43000030517578,117.97261047363281,10210100
2020-07-17,118.9000015258789,119.55999755859375,117.05999755859375,118.6500015258789,117.2021255493164,9843500
2020-07-20,118.05000305175781,118.48999786376953,116.81999969482422,117.79000091552734,116.35262298583984,8947900
2020-07-21,118.05000305175781,120.38999938964844,117.66000366210938,118.62000274658203,117.17250061035156,8946300
2020-07-22,118.19000244140625,119.30000305175781,117.93000030517578,119.02999877929688,117.5774917602539,7063300
2020-07-23,118.86000061035156,119.3499984741211,117.01000213623047,118.12000274658203,116.67860412597656,7255800
2020-07-24,115.69999694824219,118.20999908447266,115.52999877929688,117.61000061035156,116.17481994628906,8233300
2020-07-27,117.19999694824219,117.41999816894531,115.68000030517578,116.30999755859375,114.89067077636719,9413000
2020-07-28,115.45999908447266,116.83999633789062,114.68000030517578,116.18000030517578,114.76226806640625,6821100
2020-07-29,116.22000122070312,116.70999908447266,115.11000061035156,115.61000061035156,114.19922637939453,9496500
2020-07-30,114.91000366210938,116.29000091552734,113.37000274658203,115.66000366210938,114.24861907958984,9713500
2020-07-31,115.22000122070312,117.05000305175781,114.12000274658203,116.94000244140625,115.51300048828125,9601000
2020-08-03,116.16999816894531,117.12000274658203,115.3499984741211,116.3499984741211,114.93018341064453,10229200
2020-08-04,115.95999908447266,118.3499984741211,115.76000213623047,117.29000091552734,115.85872650146484,17293900
2020-08-05,123.37000274658203,130.30999755859375,123.27999877929688,127.61000061035156,126.05279541015625,53000200
2020-08-06,126.95999908447266,131.6300048828125,125.61000061035156,130.82000732421875,129.22361755371094,27238000
2020-08-07,130.22000122070312,131.94000244140625,128.66000366210938,129.92999267578125,128.344482421875,16088600
2020-08-10,129.75,131.32000732421875,128.49000549316406,128.7899932861328,127.21837615966797,8529200
2020-08-11,130.52999877929688,132.75999450683594,130.0,130.49000549316406,128.8976593017578,13885700
2020-08-12,130.6699981689453,133.0,130.49000549316406,131.7899932861328,130.18177795410156,12204200
2020-08-13,130.63999938964844,132.35000610351562,130.4499969482422,130.9600067138672,129.36192321777344,6468600
2020-08-14,130.00999450683594,131.0800018310547,129.74000549316406,130.52999877929688,128.93716430664062,6507600
2020-08-17,130.10000610351562,130.13999938964844,128.5399932861328,129.3699951171875,127.79129791259766,7492200
2020-08-18,129.44000244140625,129.58999633789062,128.36000061035156,128.9199981689453,127.34680938720703,6714600
2020-08-19,129.25,130.22000122070312,127.43000030517578,127.7699966430664,126.2108383178711,7624200
2020-08-20,126.80000305175781,128.4499969482422,126.52999877929688,128.1199951171875,126.55656433105469,4918100
2020-08-21,127.72000122070312,128.30999755859375,127.2300033569336,127.44000244140625,125.8848648071289,6064700
2020-08-24,128.14999389648438,130.8800048828125,127.93000030517578,130.69000244140625,129.09521484375,7613600
2020-08-25,130.8300018310547,131.08999633789062,129.30999755859375,129.7899932861328,128.20619201660156,5494400
2020-08-26,130.0,132.60000610351562,129.52000427246094,132.17999267578125,130.56700134277344,8447800
2020-08-27,133.0,136.36000061035156,132.82000732421875,133.72999572753906,132.0980987548828,13667600
2020-08-28,134.5,136.8000030517578,133.5800018310547,135.5399932861328,133.8860321044922,11020100
2020-08-31,135.25,135.5399932861328,131.25,131.8699951171875,130.26080322265625,11617500
2020-09-01,131.9199981689453,133.61000061035156,130.88999938964844,133.5500030517578,131.92030334472656,7351200
2020-09-02,133.6300048828125,135.9199981689453,133.25999450683594,135.38999938964844,133.73785400390625,8187800
2020-09-03,135.24000549316406,137.24000549316406,132.02000427246094,133.24000549316406,131.61410522460938,12079200
2020-09-04,133.75,134.8800048828125,129.4199981689453,131.99000549316406,130.37933349609375,11248300
2020-09-08,131.99000549316406,137.13999938964844,130.86000061035156,134.1999969482422,132.56236267089844,17257300
2020-09-09,134.27999877929688,135.5500030517578,132.25999450683594,133.36000061035156,131.7326202392578,8891800
2020-09-10,133.5800018310547,136.75,132.74000549316406,133.22000122070312,131.59432983398438,9853400
2020-09-11,133.74000549316406,133.74000549316406,131.08999633789062,131.75,130.1422576904297,7165300
2020-09-14,132.52999877929688,132.92999267578125,130.89999389648438,131.25,129.64837646484375,8391900
2020-09-15,131.4600067138672,132.5399932861328,131.00999450683594,131.24000549316406,129.6385040283203,7289100
2020-09-16,132.1699981689453,133.6199951171875,131.39999389648438,132.08999633789062,130.4781036376953,6601000
2020-09-17,130.5500030517578,131.77000427246094,128.60000610351562,130.22000122070312,128.63095092773438,6723500
2020-09-18,129.5,130.7899932861328,128.1199951171875,128.6300048828125,127.06034088134766,9916300
2020-09-21,125.9800033569336,126.88999938964844,123.58999633789062,125.41000366210938,123.879638671875,10352700
2020-09-22,125.26000213623047,127.47000122070312,124.69999694824219,127.20999908447266,125.65766906738281,6978800
2020-09-23,127.06999969482422,127.30000305175781,122.9000015258789,123.27999877929688,121.77561950683594,8323600
2020-09-24,121.93000030517578,123.80000305175781,120.77999877929688,122.48999786376953,120.99526977539062,8480000
2020-09-25,121.36000061035156,124.19000244140625,120.9800033569336,124.0,122.4868392944336,6851800
2020-09-28,125.75,126.86000061035156,125.37000274658203,125.98999786376953,124.45255279541016,6283700
2020-09-29,125.91999816894531,126.29000091552734,123.68000030517578,125.4000015258789,123.86975860595703,7405800
2020-09-30,123.23999786376953,125.55000305175781,123.23999786376953,124.08000183105469,122.56587219238281,13642500
2020-10-01,124.94000244140625,125.47000122070312,122.41999816894531,123.30999755859375,121.80525970458984,8908300
2020-10-02,121.98999786376953,123.68000030517578,121.69000244140625,122.55000305175781,121.05453491210938,6490200
2020-10-05,123.26000213623047,123.5999984741211,122.33000183105469,123.37000274658203,121.8645248413086,5919200
2020-10-06,123.12999725341797,124.19000244140625,120.61000061035156,120.93000030517578,119.45430755615234,9052000
2020-10-07,121.94999694824219,123.30999755859375,120.93000030517578,122.91000366210938,121.41014099121094,10187800
2020-10-08,123.58000183105469,123.75,122.41999816894531,123.08999633789062,121.58793640136719,7404600
2020-10-09,123.8499984741211,125.55000305175781,123.33000183105469,124.9800033569336,123.45488739013672,11502200
2020-10-12,124.9000015258789,125.94000244140625,123.7300033569336,124.97000122070312,123.44500732421875,10958200
2020-10-13,129.8000030517578,131.36000061035156,127.9000015258789,128.9600067138672,127.3863296508789,22389000
2020-10-14,129.13999938964844,129.5,125.29000091552734,126.58999633789062,125.04523468017578,11531500
2020-10-15,125.0,127.4000015258789,124.43000030517578,127.36000061035156,125.80583953857422,7744000
2020-10-16,127.80999755859375,128.1199951171875,126.33000183105469,126.80999755859375,125.2625503540039,6291700
2020-10-19,127.37000274658203,127.4000015258789,123.70999908447266,124.2300033569336,122.71403503417969,6576900
2020-10-20,124.58000183105469,125.7300033569336,123.63999938964844,124.94999694824219,123.42525482177734,6161200
2020-10-21,124.36000061035156,127.55999755859375,123.83999633789062,126.62999725341797,125.08474731445312,6591500
2020-10-22,126.66999816894531,128.10000610351562,125.97000122070312,127.55999755859375,126.0033950805664,5177700
2020-10-23,128.10000610351562,128.5,126.3499984741211,128.35000610351562,126.78376770019531,5439900
2020-10-26,127.11000061035156,127.11000061035156,122.94999694824219,124.05999755859375,122.54610443115234,8578900
2020-10-27,124.02999877929688,124.61000061035156,123.02999877929688,123.30999755859375,121.80525970458984,6813800
2020-10-28,121.01000213623047,121.52999877929688,118.31999969482422,118.47000122070312,117.02432250976562,11654700
2020-10-29,118.16000366210938,122.62999725341797,117.2300033569336,121.54000091552734,120.0568618774414,9583700
2020-10-30,120.63999938964844,121.75,119.08999633789062,121.25,119.77040100097656,8090200
2020-11-02,122.23999786376953,122.93000030517578,119.80999755859375,120.12999725341797,118.6640625,9186000
2020-11-03,121.61000061035156,125.06999969482422,121.37000274658203,124.0199966430664,122.506591796875,8144900
2020-11-04,123.58000183105469,126.86000061035156,123.41000366210938,125.06999969482422,123.54378509521484,7483000
2020-11-05,126.77999877929688,128.6199951171875,125.80000305175781,126.95999908447266,125.41071319580078,7654800
2020-11-06,126.26000213623047,128.0399932861328,124.61000061035156,127.45999908447266,125.90460968017578,6259700
2020-11-09,140.25999450683594,147.67999267578125,138.07000732421875,142.58999633789062,140.8499755859375,35634700
2020-11-10,139.97000122070312,142.3699951171875,137.6699981689453,142.11000061035156,140.37583923339844,18115400
2020-11-11,141.47000122070312,142.0,136.6199951171875,137.82000732421875,136.13819885253906,9600900
2020-11-12,136.33999633789062,138.49000549316406,134.10000610351562,135.52000427246094,133.86627197265625,13768200
2020-11-13,140.89999389648438,141.19000244140625,136.52000427246094,138.36000061035156,136.67161560058594,21062300
2020-11-16,141.57000732421875,144.74000549316406,141.57000732421875,144.6699981689453,142.90460205078125,16382500
2020-11-17,144.39999389648438,144.8300018310547,142.55999755859375,144.5,142.73667907714844,9354900
2020-11-18,144.5,145.47999572753906,143.35000610351562,143.89999389648438,142.14401245117188,9456200
2020-11-19,142.57000732421875,143.3000030517578,141.6999969482422,141.72000122070312,139.99061584472656,8892500
2020-11-20,141.7100067138672,142.61000061035156,140.86000061035156,141.07000732421875,139.3485565185547,8481600
2020-11-23,142.4499969482422,147.75,141.6999969482422,145.97999572753906,144.19862365722656,12887000
2020-11-24,148.16000366210938,151.86000061035156,147.85000610351562,151.49000549316406,149.64138793945312,16711700
2020-11-25,150.27000427246094,150.27000427246094,147.24000549316406,149.08999633789062,147.2706756591797,9552000
2020-11-27,149.0,150.35000610351562,146.52999877929688,147.1300048828125,145.3345947265625,5306400
2020-11-30,147.05999755859375,148.69000244140625,146.2899932861328,148.00999450683594,146.20384216308594,9710100
2020-12-01,149.57000732421875,151.39999389648438,149.0,149.44000244140625,147.6164093017578,8825500
2020-12-02,149.49000549316406,154.00999450683594,148.33999633789062,153.61000061035156,151.73550415039062,10601900
2020-12-03,153.4499969482422,154.44000244140625,152.1300048828125,153.24000549316406,151.37002563476562,9063200
2020-12-04,153.69000244140625,154.67999267578125,152.80999755859375,154.13999938964844,152.25904846191406,6033300
2020-12-07,153.17999267578125,153.8800048828125,152.25999450683594,153.67999267578125,151.8046417236328,6815500
2020-12-08,152.4199981689453,154.8800048828125,152.25,153.72000122070312,151.84417724609375,7900600
2020-12-09,156.2899932861328,157.4600067138672,153.88999938964844,154.42999267578125,152.54550170898438,10804300
2020-12-10,153.32000732421875,155.33999633789062,152.5,154.69000244140625,152.80233764648438,8993200
2020-12-11,169.67999267578125,179.4499969482422,165.3300018310547,175.72000122070312,173.57569885253906,87410700
2020-12-14,173.8000030517578,177.3000030517578,168.80999755859375,169.3000030517578,167.2340545654297,30939400
2020-12-15,170.49000549316406,174.47000122070312,167.82000732421875,173.94000244140625,171.81744384765625,18802600
2020-12-16,173.99000549316406,174.85000610351562,171.6199951171875,173.1199951171875,171.00743103027344,11105800
2020-12-17,173.82000732421875,174.83999633789062,171.9600067138672,173.5500030517578,171.43218994140625,9004600
2020-12-18,173.60000610351562,175.83999633789062,172.27999877929688,172.88999938964844,170.7802276611328,21172100
2020-12-21,170.08999633789062,171.94000244140625,168.19000244140625,170.69000244140625,168.60708618164062,11424200
2020-12-22,170.0,171.4499969482422,169.16000366210938,170.4499969482422,168.37002563476562,6419200
2020-12-23,172.9600067138672,175.9499969482422,172.3000030517578,173.5500030517578,171.43218994140625,9994000
2020-12-24,173.99000549316406,174.5800018310547,172.3800048828125,173.72999572753906,171.6099853515625,2721000
2020-12-28,175.75,179.9199981689453,175.0500030517578,178.86000061035156,176.67739868164062,13145400
2020-12-29,180.00999450683594,180.1999969482422,176.22000122070312,177.3000030517578,175.1364288330078,6875400
2020-12-30,178.5,183.39999389648438,178.3699951171875,181.1699981689453,178.9591827392578,11680400
2020-12-31,181.22000122070312,183.39999389648438,180.27000427246094,181.17999267578125,178.96905517578125,7073500
2021-01-04,182.25999450683594,182.58999633789062,174.72999572753906,177.67999267578125,175.51177978515625,13426600
2021-01-05,176.1999969482422,180.33999633789062,176.1999969482422,178.44000244140625,176.26251220703125,7771800
2021-01-06,178.32000732421875,181.61000061035156,177.27999877929688,179.1199951171875,176.93421936035156,7517800
2021-01-07,179.5,179.9499969482422,177.5800018310547,178.5800018310547,176.4008026123047,7300800
2021-01-08,178.80999755859375,180.02000427246094,176.60000610351562,178.69000244140625,176.5094757080078,7894500
2021-01-11,177.75,181.25999450683594,177.35000610351562,179.08999633789062,176.9045867919922,6461300
2021-01-12,177.3000030517578,178.32000732421875,174.86000061035156,175.99000549316406,173.84242248535156,8349800
2021-01-13,174.39999389648438,177.72999572753906,173.74000549316406,176.1199951171875,173.9708251953125,6839500
2021-01-14,177.00999450683594,178.35000610351562,173.39999389648438,173.42999267578125,171.3136444091797,8951200
2021-01-15,172.9499969482422,174.19000244140625,170.1699981689453,171.44000244140625,169.34793090820312,12232500
2021-01-19,172.10000610351562,173.7100067138672,171.44000244140625,172.25999450683594,170.1579132080078,7834700
2021-01-20,175.22000122070312,177.8800048828125,173.0,173.63999938964844,171.52108764648438,9809200
2021-01-21,173.24000549316406,175.0,171.02000427246094,171.27999877929688,169.1898956298828,8416400
2021-01-22,174.0,175.25,171.88999938964844,172.77999877929688,170.6715850830078,9517200
2021-01-25,171.88999938964844,173.11000061035156,168.77000427246094,171.88999938964844,169.7924346923828,7833700
2021-01-26,173.0,173.35000610351562,169.0500030517578,169.55999755859375,167.49087524414062,7523200
2021-01-27,165.00999450683594,166.33999633789062,160.52000427246094,163.02999877929688,161.0405731201172,18239200
2021-01-28,166.1699981689453,172.8800048828125,165.9499969482422,171.8800048828125,169.78256225585938,14449100
2021-01-29,168.8000030517578,169.80999755859375,165.7899932861328,168.1699981689453,166.1178436279297,12848800
2021-02-01,170.83999633789062,171.72999572753906,168.02999877929688,170.97000122070312,168.8836669921875,8140400
2021-02-02,173.77000427246094,179.75999450683594,172.8000030517578,176.9600067138672,174.80059814453125,12215200
2021-02-03,177.0,178.42999267578125,175.75999450683594,176.42999267578125,174.27703857421875,5508600
2021-02-04,177.58999633789062,181.3800048828125,176.49000549316406,180.22999572753906,178.03067016601562,9035400
2021-02-05,181.7100067138672,182.32000732421875,179.3300018310547,181.16000366210938,178.94932556152344,6640500
2021-02-08,183.85000610351562,190.63999938964844,183.3000030517578,190.0,187.6814422607422,16085700
2021-02-09,188.1699981689453,189.25,186.0399932861328,188.2100067138672,185.91329956054688,11270800
2021-02-10,189.97999572753906,190.6999969482422,185.80999755859375,189.6300048828125,187.3159637451172,11464600
2021-02-11,189.17999267578125,191.25,188.07000732421875,190.91000366210938,188.58033752441406,17507900
2021-02-12,193.0,193.85000610351562,186.55999755859375,187.6699981689453,185.3798828125,27233800
2021-02-16,187.3000030517578,188.44000244140625,184.86000061035156,186.35000610351562,184.0760040283203,11630700
2021-02-17,185.36000061035156,187.6300048828125,182.16000366210938,186.44000244140625,184.16490173339844,11391800
2021-02-18,184.7899932861328,186.39999389648438,182.83999633789062,183.0,180.76686096191406,12380900
2021-02-19,184.27000427246094,184.77999877929688,182.7899932861328,183.64999389648438,181.40892028808594,8834500
2021-02-22,181.74000549316406,194.02000427246094,181.52999877929688,191.75999450683594,189.4199676513672,18799600
2021-02-23,193.58999633789062,198.94000244140625,188.66000366210938,197.08999633789062,194.6849365234375,23191400
2021-02-24,197.5800018310547,200.60000610351562,195.3300018310547,197.50999450683594,195.09979248046875,16205900
2021-02-25,197.72999572753906,197.9600067138672,190.3800048828125,190.97999572753906,188.6494903564453,12712000
2021-02-26,190.07000732421875,191.61000061035156,185.4499969482422,189.0399932861328,186.733154296875,15844000
2021-03-01,193.22999572753906,196.89999389648438,191.38999938964844,194.97999572753906,192.60069274902344,10709900
2021-03-02,196.10000610351562,197.9600067138672,193.49000549316406,193.94000244140625,191.5733642578125,8371400
2021-03-03,194.6300048828125,196.80999755859375,192.2100067138672,192.25999450683594,189.91387939453125,8750300
2021-03-04,189.89999389648438,192.47999572753906,184.1199951171875,188.02999877929688,185.73548889160156,12542600
2021-03-05,189.14999389648438,190.57000732421875,183.33999633789062,189.99000549316406,187.6715850830078,10266400
2021-03-08,197.30999755859375,203.02000427246094,193.7899932861328,201.91000366210938,199.4461212158203,25093200
2021-03-09,200.19000244140625,201.6999969482422,194.3699951171875,194.50999450683594,192.13641357421875,23331000
2021-03-10,197.30999755859375,198.8000030517578,194.67999267578125,195.05999755859375,192.67971801757812,13662100
2021-03-11,197.3800048828125,199.0500030517578,195.39999389648438,196.75,194.3490753173828,11933900
2021-03-12,196.52999877929688,198.41000366210938,195.17999267578125,197.16000366210938,194.7540740966797,13249100
2021-03-15,198.5399932861328,198.5399932861328,194.80999755859375,196.75999450683594,194.35894775390625,10311400
2021-03-16,196.10000610351562,196.58999633789062,192.8800048828125,194.24000549316406,191.86972045898438,9680700
2021-03-17,193.44000244140625,196.19000244140625,191.77999877929688,195.24000549316406,192.85752868652344,14418700
2021-03-18,194.9499969482422,195.0800018310547,191.74000549316406,192.27999877929688,189.93362426757812,9644500
2021-03-19,190.9199981689453,194.0,189.75999450683594,191.13999938964844,188.8075408935547,28354600
2021-03-22,193.25999450683594,196.3300018310547,192.0,192.86000061035156,190.50656127929688,8838500
2021-03-23,191.58999633789062,192.33999633789062,187.97000122070312,188.72999572753906,186.42694091796875,10701200
2021-03-24,190.05999755859375,190.5,184.63999938964844,184.72000122070312,182.46588134765625,13549100
2021-03-25,181.85000610351562,187.7100067138672,181.00999450683594,186.91000366210938,184.62916564941406,9609200
2021-03-26,188.8300018310547,188.97999572753906,182.57000732421875,185.9199981689453,183.65122985839844,10196100
2021-03-29,185.24000549316406,185.94000244140625,183.14999389648438,184.85000610351562,182.59429931640625,7544700
2021-03-30,183.8300018310547,186.32000732421875,183.55999755859375,185.52999877929688,183.26600646972656,5929700
2021-03-31,185.8300018310547,186.89999389648438,184.4199981689453,184.52000427246094,182.26834106445312,8478000
2021-04-01,186.42999267578125,189.10000610351562,185.58999633789062,188.97000122070312,186.6640167236328,7749400
2021-04-05,191.47000122070312,191.6699981689453,188.08999633789062,188.5,186.1997528076172,7405300
2021-04-06,188.5,191.27999877929688,187.8699951171875,189.72999572753906,187.4147491455078,7926200
2021-04-07,189.8000030517578,190.3300018310547,186.9499969482422,187.55999755859375,185.27122497558594,6238700
2021-04-08,187.1999969482422,188.0500030517578,185.6300048828125,187.32000732421875,185.03416442871094,7763000
2021-04-09,188.1699981689453,188.22000122070312,186.14999389648438,187.88999938964844,185.5972137451172,6089300
2021-04-12,187.75,187.85000610351562,185.47999572753906,186.49000549316406,184.2142791748047,6662500
2021-04-13,185.58999633789062,186.44000244140625,184.60000610351562,185.49000549316406,183.2264862060547,6826500
2021-04-14,185.97000122070312,190.39999389648438,185.7100067138672,187.4600067138672,185.17245483398438,9089900
2021-04-15,188.08999633789062,188.89999389648438,185.6999969482422,185.92999267578125,183.66110229492188,7262500
2021-04-16,187.57000732421875,189.47000122070312,186.1999969482422,187.25999450683594,184.9748992919922,9453500
2021-04-19,187.50999450683594,190.3300018310547,185.64999389648438,187.42999267578125,185.14280700683594,7625800
2021-04-20,187.2899932861328,188.0800018310547,181.82000732421875,182.7899932861328,180.55943298339844,10765800
2021-04-21,181.2899932861328,183.3800048828125,178.86000061035156,183.11000061035156,180.87551879882812,8400200
2021-04-22,184.22000122070312,184.8800048828125,181.25999450683594,182.75999450683594,180.52980041503906,7378300
2021-04-23,182.35000610351562,183.89999389648438,181.9600067138672,183.02000427246094,180.78662109375,6075500
2021-04-26,183.9600067138672,185.60000610351562,183.25999450683594,184.27000427246094,182.02137756347656,6178300
2021-04-27,184.99000549316406,185.80999755859375,184.14999389648438,184.63999938964844,182.38685607910156,4870000
2021-04-28,184.7899932861328,184.7899932861328,182.82000732421875,183.38999938964844,181.15211486816406,5199300
2021-04-29,184.8000030517578,185.5500030517578,182.75,185.3300018310547,183.06845092773438,5958300
2021-04-30,184.2899932861328,186.32000732421875,183.5399932861328,186.02000427246094,183.75001525878906,7866300
2021-05-03,187.69000244140625,189.22000122070312,185.25,185.50999450683594,183.24624633789062,7542800
2021-05-04,184.8699951171875,185.6300048828125,182.30999755859375,184.25,182.0016326904297,7069300
2021-05-05,185.00999450683594,185.00999450683594,181.36000061035156,181.50999450683594,179.29505920410156,5901700
2021-05-06,182.77999877929688,182.99000549316406,179.80999755859375,181.7899932861328,179.57164001464844,6944900
2021-05-07,182.0,185.1199951171875,181.50999450683594,184.83999633789062,182.58441162109375,6888400
2021-05-10,185.6999969482422,186.97000122070312,184.02999877929688,184.3000030517578,182.05101013183594,8260300
2021-05-11,181.8000030517578,182.25,178.42999267578125,181.6699981689453,179.45310974121094,10865600
2021-05-12,180.6999969482422,182.4600067138672,177.5800018310547,177.85000610351562,175.67971801757812,8988100
2021-05-13,178.3699951171875,180.75,175.8000030517578,178.33999633789062,176.16372680664062,12332200
2021-05-14,172.92999267578125,174.91000366210938,168.77999877929688,173.6999969482422,171.58035278320312,33149400
2021-05-17,172.6999969482422,172.99000549316406,168.57000732421875,170.0800018310547,168.00453186035156,17771600
2021-05-18,170.25999450683594,171.25999450683594,169.4499969482422,169.67999267578125,167.60940551757812,10401000
2021-05-19,167.7100067138672,169.39999389648438,167.10000610351562,169.27000427246094,167.2044219970703,9251000
2021-05-20,169.2100067138672,171.89999389648438,168.97999572753906,171.36000061035156,169.2689208984375,7400700
2021-05-21,172.22000122070312,173.1199951171875,171.52000427246094,172.39999389648438,170.2962188720703,8105700
2021-05-24,172.4499969482422,175.11000061035156,171.75,174.30999755859375,172.18292236328125,7346700
2021-05-25,175.60000610351562,177.4499969482422,175.39999389648438,176.1699981689453,174.0202178955078,8089700
2021-05-26,176.6199951171875,177.89999389648438,176.1999969482422,176.47000122070312,174.31655883789062,8086200
2021-05-27,177.1999969482422,179.58999633789062,176.7899932861328,179.0399932861328,176.85519409179688,13567800
2021-05-28,179.50999450683594,180.13999938964844,178.0800018310547,178.64999389648438,176.46995544433594,7124800
2021-06-01,180.17999267578125,181.00999450683594,178.74000549316406,178.83999633789062,176.6576385498047,7475600
2021-06-02,179.0399932861328,179.10000610351562,176.92999267578125,177.0,174.840087890625,7851700
2021-06-03,176.27000427246094,176.97000122070312,175.4199981689453,176.24000549316406,174.08938598632812,5583900
2021-06-04,175.92999267578125,177.52000427246094,175.61000061035156,177.17999267578125,175.01788330078125,6343400
2021-06-07,177.97000122070312,178.07000732421875,176.39999389648438,176.99000549316406,174.83021545410156,5178100
2021-06-08,175.97000122070312,177.1199951171875,175.19000244140625,176.3300018310547,174.17828369140625,5356200
2021-06-09,176.30999755859375,177.3300018310547,175.8800048828125,176.0399932861328,173.8917999267578,5082400
2021-06-10,176.44000244140625,177.61000061035156,175.5500030517578,176.57000732421875,174.41534423828125,5253000
2021-06-11,177.4499969482422,178.49000549316406,176.80999755859375,177.3800048828125,175.2154541015625,5476300
2021-06-14,177.64999389648438,178.8699951171875,176.89999389648438,178.17999267578125,176.00567626953125,10170000
2021-06-15,178.17999267578125,178.6999969482422,175.6199951171875,175.86000061035156,173.71400451660156,7895000
2021-06-16,176.00999450683594,176.25999450683594,173.5500030517578,174.66000366210938,172.5286407470703,8336000
2021-06-17,174.58999633789062,176.25999450683594,173.83999633789062,174.64999389648438,172.5187530517578,8906000
2021-06-18,173.13999938964844,173.86000061035156,172.1199951171875,172.4199981689453,170.3159637451172,12357500
2021-06-21,172.1300048828125,174.25999450683594,171.30999755859375,173.97000122070312,171.84706115722656,9196900
2021-06-22,174.3699951171875,174.6999969482422,172.35000610351562,173.5,171.3828125,8097100
2021-06-23,173.6199951171875,175.4499969482422,172.94000244140625,175.3300018310547,173.1904754638672,9174200
2021-06-24,176.1300048828125,178.24000549316406,175.77999877929688,177.92999267578125,175.75872802734375,7549400
2021-06-25,178.8300018310547,179.08999633789062,177.49000549316406,178.35000610351562,176.17361450195312,7431800
2021-06-28,178.5,178.66000366210938,174.99000549316406,176.57000732421875,174.41534423828125,9881400
2021-06-29,176.63999938964844,177.02000427246094,173.8000030517578,173.92999267578125,171.80755615234375,13498300
2021-06-30,173.88999938964844,175.97999572753906,173.33999633789062,175.77000427246094,173.62510681152344,7481900
2021-07-01,175.35000610351562,177.60000610351562,174.60000610351562,177.25999450683594,175.09690856933594,5887100
2021-07-02,177.86000061035156,178.36000061035156,174.6199951171875,177.11000061035156,174.94874572753906,11099300
2021-07-06,176.75999450683594,177.0,172.22000122070312,173.69000244140625,171.57049560546875,11557900
2021-07-07,172.86000061035156,174.32000732421875,171.99000549316406,172.82000732421875,170.71109008789062,6757300
2021-07-08,170.17999267578125,173.75,169.80999755859375,172.8000030517578,170.6913299560547,6960100
2021-07-09,174.6999969482422,177.52000427246094,173.92999267578125,177.0399932861328,174.8795928955078,7873300
2021-07-12,177.7100067138672,184.99000549316406,177.3699951171875,184.3800048828125,182.13003540039062,21835500
2021-07-13,184.08999633789062,185.6699981689453,181.83999633789062,183.64999389648438,181.40892028808594,12534600
2021-07-14,185.1999969482422,186.2899932861328,182.0800018310547,183.4199981689453,181.18174743652344,8787300
2021-07-15,183.4499969482422,185.4199981689453,183.0500030517578,184.14999389648438,181.90284729003906,7867000
2021-07-16,184.94000244140625,185.2899932861328,178.9199981689453,179.30999755859375,177.1219024658203,8348800
2021-07-19,175.7100067138672,176.47999572753906,172.16000366210938,172.9499969482422,170.83950805664062,14651800
2021-07-20,173.6999969482422,177.50999450683594,172.8699951171875,176.75,174.5931396484375,8372400
2021-07-21,176.5,177.89999389648438,175.32000732421875,176.88999938964844,174.73143005371094,6302200
2021-07-22,176.6999969482422,176.72000122070312,173.89999389648438,175.1300048828125,172.992919921875,5713700
2021-07-23,175.66000366210938,176.5,174.02999877929688,176.13999938964844,173.9906005859375,5126300
2021-07-26,175.6199951171875,178.77999877929688,175.33999633789062,178.74000549316406,176.55886840820312,5641000
2021-07-27,178.25,179.55999755859375,176.57000732421875,179.5,177.30958557128906,6684100
2021-07-28,179.69000244140625,180.35000610351562,177.5500030517578,179.10000610351562,176.9144744873047,5926900
2021-07-29,179.80999755859375,181.4199981689453,178.27000427246094,178.35000610351562,176.17361450195312,6209100
2021-07-30,177.52999877929688,179.1999969482422,175.13999938964844,176.02000427246094,173.87205505371094,6813400
2021-08-02,177.22000122070312,178.82000732421875,175.30999755859375,175.5500030517578,173.40777587890625,5847200
2021-08-03,176.02000427246094,176.1300048828125,170.9199981689453,172.99000549316406,170.87901306152344,9931300
2021-08-04,172.5,173.25,171.33999633789062,172.5800018310547,170.47402954101562,5665800
2021-08-05,172.49000549316406,177.1199951171875,172.49000549316406,176.7100067138672,174.5536346435547,8864200
2021-08-06,177.42999267578125,178.80999755859375,176.6300048828125,177.1300048828125,174.968505859375,5505200
2021-08-09,177.0,177.30999755859375,175.05999755859375,176.72000122070312,174.56350708007812,5339000
2021-08-10,176.25,177.39999389648438,175.5800018310547,177.07000732421875,174.90924072265625,5185000
2021-08-11,177.36000061035156,178.49000549316406,176.50999450683594,178.08999633789062,175.91677856445312,5359900
2021-08-12,178.08999633789062,179.72000122070312,176.4499969482422,179.2899932861328,177.10214233398438,11081300
2021-08-13,186.2899932861328,187.5800018310547,180.8800048828125,181.0800018310547,178.8702850341797,32504600
2021-08-16,180.50999450683594,180.58999633789062,176.50999450683594,179.08999633789062,176.9045867919922,8746700
2021-08-17,177.14999389648438,178.4499969482422,174.9199981689453,175.8300018310547,173.68435668945312,8534500
2021-08-18,175.89999389648438,176.7899932861328,174.5,174.74000549316406,172.607666015625,7063500
2021-08-19,174.0,174.67999267578125,172.55999755859375,173.25,171.13584899902344,8478600
2021-08-20,173.0,175.2100067138672,172.64999389648438,175.1199951171875,172.98301696777344,6239600
2021-08-23,177.0800018310547,178.30999755859375,175.91000366210938,177.66000366210938,175.49203491210938,7395900
2021-08-24,177.9199981689453,180.0800018310547,177.75999450683594,178.47000122070312,176.29214477539062,5886900
2021-08-25,178.16000366210938,178.58999633789062,176.8800048828125,178.30999755859375,176.13409423828125,4842100
2021-08-26,178.33999633789062,178.94000244140625,176.33999633789062,176.55999755859375,174.40545654296875,4563000
2021-08-27,176.27999877929688,180.5399932861328,176.27999877929688,180.13999938964844,177.9417724609375,8697000
2021-08-30,180.5,181.38999938964844,178.8699951171875,179.97999572753906,177.78370666503906,6421300
2021-08-31,179.25,182.97999572753906,178.52999877929688,181.3000030517578,179.08761596679688,8620000
2021-09-01,181.9600067138672,184.2100067138672,181.77999877929688,183.47999572753906,181.24099731445312,7302800
2021-09-02,184.16000366210938,185.3000030517578,181.5500030517578,181.86000061035156,179.6407928466797,6492600
2021-09-03,181.82000732421875,181.82000732421875,179.1300048828125,181.0,178.791259765625,6847400
2021-09-07,181.02000427246094,185.5500030517578,180.0500030517578,184.33999633789062,182.0905303955078,10702900
2021-09-08,184.33999633789062,187.4600067138672,183.9199981689453,185.14999389648438,182.89064025878906,8634000
2021-09-09,185.14999389648438,187.5800018310547,184.57000732421875,185.91000366210938,183.641357421875,7190700
2021-09-10,186.36000061035156,187.10000610351562,184.00999450683594,184.1199951171875,181.87319946289062,5572200
2021-09-13,185.1199951171875,185.8000030517578,183.5,184.97999572753906,182.72271728515625,6818200
2021-09-14,184.9600067138672,185.1300048828125,182.14999389648438,182.39999389648438,180.1741943359375,6185900
2021-09-15,182.05999755859375,184.66000366210938,181.10000610351562,184.41000366210938,182.15968322753906,5933400
2021-09-16,183.97000122070312,184.63999938964844,182.1199951171875,183.33999633789062,181.10272216796875,5678200
2021-09-17,182.91000366210938,185.89999389648438,182.72999572753906,183.47000122070312,181.2311248779297,10035100
2021-09-20,179.74000549316406,180.8800048828125,176.5500030517578,178.61000061035156,176.43045043945312,8056600
2021-09-21,180.32000732421875,182.22999572753906,169.02999877929688,171.1699981689453,169.0812225341797,23216000
2021-09-22,172.94000244140625,175.33999633789062,171.66000366210938,173.64999389648438,171.5309600830078,14214500
2021-09-23,174.94000244140625,177.19000244140625,174.3699951171875,176.25,174.0992431640625,8052900
2021-09-24,175.3000030517578,176.6999969482422,175.0800018310547,176.0,173.852294921875,5712800
2021-09-27,176.6300048828125,179.4499969482422,175.9600067138672,178.25999450683594,176.08470153808594,7755000
2021-09-28,177.75,178.0,173.86000061035156,174.52000427246094,172.39035034179688,9133100
2021-09-29,174.25,174.9600067138672,172.58999633789062,172.67999267578125,170.5727996826172,6240800
2021-09-30,173.10000610351562,173.67999267578125,169.10000610351562,169.1699981689453,167.1056365966797,13978000
2021-10-01,172.27999877929688,177.32000732421875,171.97000122070312,176.00999450683594,173.86216735839844,12165000
2021-10-04,175.55999755859375,175.9600067138672,172.6699981689453,173.4600067138672,171.34329223632812,7200600
2021-10-05,173.8300018310547,176.24000549316406,173.61000061035156,174.61000061035156,172.479248046875,6798200
2021-10-06,173.0,175.7100067138672,171.5500030517578,175.47999572753906,173.338623046875,6005200
2021-10-07,177.6999969482422,179.6300048828125,177.3300018310547,177.7100067138672,175.5414276123047,7780000
2021-10-08,177.92999267578125,178.60000610351562,176.39999389648438,176.74000549316406,174.58326721191406,4132200
2021-10-11,176.02000427246094,176.52000427246094,173.47999572753906,173.52000427246094,171.40255737304688,8046300
2021-10-12,173.6199951171875,174.49000549316406,172.5500030517578,173.1300048828125,171.01731872558594,5188400
2021-10-13,173.6300048828125,173.6999969482422,170.94000244140625,172.9600067138672,170.84939575195312,8914700
2021-10-14,174.07000732421875,176.02000427246094,174.0,174.41000366210938,172.28170776367188,7450200
2021-10-15,175.69000244140625,178.88999938964844,174.10000610351562,176.4600067138672,174.3066864013672,13943900
2021-10-18,172.36000061035156,173.33999633789062,169.8000030517578,171.13999938964844,169.05160522460938,20494800
2021-10-19,171.44000244140625,171.5800018310547,170.17999267578125,171.17999267578125,169.0911102294922,9669500
2021-10-20,170.97000122070312,171.02000427246094,169.8800048828125,170.5500030517578,168.46881103515625,9737600
2021-10-21,170.1999969482422,172.5,170.10000610351562,171.33999633789062,169.2491455078125,7509000
2021-10-22,170.57000732421875,170.8000030517578,168.60000610351562,169.4199981689453,167.35256958007812,7854300
2021-10-25,169.89999389648438,172.57000732421875,169.02999877929688,172.00999450683594,169.91098022460938,9798700
2021-10-26,172.9499969482422,173.1199951171875,170.7100067138672,172.0399932861328,169.94061279296875,5850200
2021-10-27,171.77000427246094,172.0399932861328,169.42999267578125,169.5500030517578,167.4810028076172,7054700
2021-10-28,169.47999572753906,170.35000610351562,168.60000610351562,169.67999267578125,167.60940551757812,7884500
2021-10-29,169.02000427246094,170.4600067138672,168.14999389648438,169.07000732421875,167.00686645507812,7598800
2021-11-01,169.2100067138672,171.25,169.08999633789062,170.19000244140625,168.11318969726562,8182900
2021-11-02,170.02999877929688,170.85000610351562,168.97999572753906,169.8300018310547,167.75758361816406,6777200
2021-11-03,169.6999969482422,170.19000244140625,168.3699951171875,170.0800018310547,168.00453186035156,6829300
2021-11-04,170.02999877929688,170.4199981689453,168.6699981689453,170.27999877929688,168.20208740234375,7505500
2021-11-05,173.5,176.99000549316406,172.3300018310547,175.6300048828125,173.48680114746094,16859200
2021-11-08,178.69000244140625,179.25,176.10000610351562,176.8699951171875,174.71168518066406,10584600
2021-11-09,176.9499969482422,177.1199951171875,173.2100067138672,175.11000061035156,172.97314453125,7293300
2021-11-10,174.69000244140625,176.8699951171875,173.8699951171875,174.4499969482422,172.32119750976562,11045800
2021-11-11,162.88999938964844,163.9600067138672,158.3300018310547,162.11000061035156,160.1317901611328,62366500
2021-11-12,163.52000427246094,163.61000061035156,158.92999267578125,159.6300048828125,157.68206787109375,25638400
2021-11-15,160.08999633789062,160.72000122070312,157.66000366210938,158.42999267578125,156.49668884277344,21285300
2021-11-16,159.05999755859375,160.24000549316406,158.5500030517578,158.8300018310547,156.89181518554688,15516200
2021-11-17,158.72999572753906,158.88999938964844,156.75,157.3300018310547,155.41012573242188,14695500
2021-11-18,157.08999633789062,157.3000030517578,153.7100067138672,155.5800018310547,153.6814727783203,14487700
2021-11-19,155.02000427246094,155.2100067138672,152.77000427246094,154.0,152.12075805664062,16776500
2021-11-22,153.22999572753906,155.82000732421875,152.57000732421875,154.16000366210938,152.27880859375,12790400
2021-11-23,153.83999633789062,154.25,150.19000244140625,151.02999877929688,149.18698120117188,17382900
2021-11-24,150.69000244140625,151.41000366210938,148.8000030517578,151.33999633789062,149.49322509765625,14123700
2021-11-26,146.8000030517578,148.85000610351562,145.85000610351562,148.11000061035156,146.3026123046875,12027700
2021-11-29,148.80999755859375,149.3000030517578,144.25,147.80999755859375,146.00628662109375,21231300
2021-11-30,146.72000122070312,147.27999877929688,143.11000061035156,144.89999389648438,143.1317901611328,26011100
2021-12-01,146.6999969482422,148.3699951171875,142.0399932861328,142.14999389648438,140.4153594970703,16469000
2021-12-02,142.83999633789062,147.64999389648438,142.77000427246094,147.1999969482422,145.4037322998047,18177700
2021-12-03,147.80999755859375,148.32000732421875,144.32000732421875,146.22000122070312,144.43569946289062,14975600
2021-12-06,147.27999877929688,150.74000549316406,146.6699981689453,150.3699951171875,148.53504943847656,14333900
2021-12-07,151.83999633789062,152.75999450683594,149.72000122070312,150.80999755859375,148.9696807861328,14661100
2021-12-08,150.91000366210938,153.66000366210938,150.55999755859375,153.33999633789062,151.4687957763672,12886300
2021-12-09,152.27000427246094,154.2899932861328,151.6999969482422,152.94000244140625,151.0736846923828,11862300
2021-12-10,153.5800018310547,154.66000366210938,151.4499969482422,152.7100067138672,150.8465118408203,10247900
2021-12-13,152.1199951171875,152.5,149.2899932861328,150.42999267578125,148.5943145751953,10195800
2021-12-14,149.25999450683594,151.6199951171875,148.52000427246094,149.10000610351562,147.2805633544922,10872000
2021-12-15,148.75999450683594,150.9199981689453,147.35000610351562,150.39999389648438,148.56466674804688,12231500
2021-12-16,151.35000610351562,152.05999755859375,148.5800018310547,148.75,146.934814453125,11145600
2021-12-17,148.50999450683594,149.83999633789062,146.57000732421875,148.75999450683594,146.9447021484375,13785000
2021-12-20,146.97999572753906,147.72999572753906,145.0800018310547,146.47000122070312,144.68264770507812,11201900
2021-12-21,147.55999755859375,151.42999267578125,147.38999938964844,151.0500030517578,149.2067413330078,10781400
2021-12-22,150.4199981689453,152.1999969482422,149.8699951171875,151.8800048828125,150.02662658691406,7820400
2021-12-23,152.32000732421875,154.19000244140625,151.92999267578125,153.6300048828125,151.75527954101562,6572400
2021-12-27,152.8800048828125,154.02000427246094,151.39999389648438,152.8000030517578,150.93539428710938,7762000
2021-12-28,152.6199951171875,156.5,152.41000366210938,155.1999969482422,153.30612182617188,12198700
2021-12-29,154.55999755859375,155.9199981689453,154.17999267578125,154.8699951171875,152.98013305664062,8737000
2021-12-30,155.7100067138672,157.07000732421875,155.50999450683594,155.92999267578125,154.02720642089844,7228400
2021-12-31,155.8699951171875,156.57000732421875,154.74000549316406,154.88999938964844,152.99989318847656,6410200
2022-01-03,155.8300018310547,157.55999755859375,155.36000061035156,156.75999450683594,154.84706115722656,10222800
2022-01-04,158.58999633789062,160.32000732421875,155.5500030517578,155.72999572753906,153.8296356201172,16582000
2022-01-05,156.52000427246094,159.3800048828125,155.10000610351562,155.19000244140625,153.29624938964844,12272100
2022-01-06,156.24000549316406,157.77000427246094,153.67999267578125,156.89999389648438,154.98536682128906,11095300
2022-01-07,156.89999389648438,159.3000030517578,156.2899932861328,157.8300018310547,155.90402221679688,9554600
2022-01-10,157.97999572753906,158.27000427246094,154.64999389648438,156.60000610351562,154.68902587890625,8672900
2022-01-11,156.6199951171875,158.22000122070312,155.9499969482422,157.88999938964844,155.96328735351562,8042600
2022-01-12,158.5,158.99000549316406,156.3300018310547,157.8000030517578,155.8743896484375,6995600
2022-01-13,157.6999969482422,158.52999877929688,155.1699981689453,155.44000244140625,153.54318237304688,9680600
2022-01-14,152.35000610351562,152.6199951171875,148.4199981689453,151.94000244140625,150.0858917236328,16832000
2022-01-18,151.11000061035156,153.1300048828125,149.8300018310547,152.27000427246094,150.41188049316406,10419500
2022-01-19,150.83999633789062,152.86000061035156,149.9600067138672,150.11000061035156,148.27821350097656,10413200
2022-01-20,150.91000366210938,152.66000366210938,147.14999389648438,147.6199951171875,145.818603515625,11760400
2022-01-21,141.22999572753906,141.8699951171875,136.6300048828125,137.3800048828125,135.7035675048828,34491800
2022-01-24,134.82000732421875,137.67999267578125,129.25999450683594,137.4600067138672,135.78257751464844,31419500
2022-01-25,135.2899932861328,137.75,132.3800048828125,136.50999450683594,134.84417724609375,14694400
2022-01-26,137.7100067138672,138.1999969482422,132.25999450683594,133.60000610351562,131.96969604492188,14569900
2022-01-27,135.07000732421875,137.91000366210938,134.02000427246094,135.4199981689453,133.76748657226562,11913900
2022-01-28,135.2100067138672,138.69000244140625,133.55999755859375,138.6300048828125,136.93832397460938,10011700
2022-01-31,138.86000061035156,143.14999389648438,138.47000122070312,142.97000122070312,141.225341796875,10185500
2022-02-01,143.02000427246094,144.69000244140625,142.25,144.49000549316406,142.726806640625,8573300
2022-02-02,144.19000244140625,144.58999633789062,141.3800048828125,142.6199951171875,140.87962341308594,9529900
2022-02-03,140.0,142.0399932861328,139.25,140.02999877929688,138.3212127685547,9820600
2022-02-04,140.0399932861328,143.19000244140625,139.52999877929688,142.02000427246094,140.2869415283203,8061100
2022-02-07,143.38999938964844,144.08999633789062,141.61000061035156,142.50999450683594,140.7709503173828,10937500
2022-02-08,141.7899932861328,142.88999938964844,140.74000549316406,142.47999572753906,140.74131774902344,9231700
2022-02-09,144.3699951171875,147.35000610351562,143.25,147.22999572753906,145.43336486816406,22877400
2022-02-10,156.02000427246094,157.5,151.11000061035156,152.16000366210938,150.30322265625,42500300
2022-02-11,153.5399932861328,154.69000244140625,148.55999755859375,149.47000122070312,147.6460418701172,17975200
2022-02-14,149.3699951171875,153.72999572753906,149.2100067138672,150.85000610351562,149.00918579101562,14694700
2022-02-15,153.5399932861328,154.85000610351562,152.50999450683594,154.72000122070312,152.83197021484375,12726000
2022-02-16,154.97999572753906,156.72999572753906,153.75,156.35000610351562,154.44207763671875,10656400
2022-02-17,154.69000244140625,155.36000061035156,152.61000061035156,152.9499969482422,151.08355712890625,8110300
2022-02-18,152.91000366210938,153.67999267578125,150.0500030517578,151.36000061035156,149.5129852294922,10785500
2022-02-22,150.19000244140625,150.7899932861328,147.61000061035156,148.08999633789062,146.28286743164062,12227200
2022-02-23,149.5,149.74000549316406,145.5,145.8699951171875,144.0899658203125,9300700
2022-02-24,140.0,149.57000732421875,140.0,149.39999389648438,147.57687377929688,12475500
2022-02-25,149.55999755859375,150.27999877929688,147.22000122070312,149.52999877929688,147.70530700683594,10149500
2022-02-28,147.8300018310547,149.47999572753906,146.4600067138672,148.4600067138672,146.6483612060547,10834700
2022-03-01,147.86000061035156,148.14999389648438,143.77999877929688,145.6999969482422,143.92202758789062,8944000
2022-03-02,146.30999755859375,148.47000122070312,145.9199981689453,147.33999633789062,145.54202270507812,7851000
2022-03-03,147.30999755859375,148.64999389648438,144.4499969482422,145.57000732421875,143.7936248779297,8048400
2022-03-04,144.00999450683594,144.25999450683594,139.5500030517578,140.72000122070312,139.00282287597656,12913000
2022-03-07,140.27999877929688,140.88999938964844,133.44000244140625,133.5,131.87091064453125,14549700
2022-03-08,133.02000427246094,135.49000549316406,129.2899932861328,131.75,130.1422576904297,16552000
2022-03-09,135.49000549316406,135.5,133.36000061035156,133.64999389648438,132.01907348632812,14673100
2022-03-10,132.36000061035156,134.1999969482422,131.6199951171875,133.63999938964844,132.0092010498047,8447200
2022-03-11,135.0800018310547,136.16000366210938,131.57000732421875,131.75,130.1422576904297,7058400
2022-03-14,130.97999572753906,133.07000732421875,128.3800048828125,129.02999877929688,127.4554672241211,9971500
2022-03-15,129.74000549316406,134.55999755859375,129.50999450683594,134.1999969482422,132.56236267089844,9834800
2022-03-16,135.64999389648438,138.97999572753906,134.94000244140625,138.13999938964844,136.4542999267578,10638700
2022-03-17,137.44000244140625,139.47000122070312,136.55999755859375,139.47000122070312,137.76805114746094,6816000
2022-03-18,139.5500030517578,140.72999572753906,138.3000030517578,140.3000030517578,138.58792114257812,11308800
2022-03-21,138.89999389648438,139.3000030517578,136.8800048828125,138.6199951171875,136.92843627929688,9090300
2022-03-22,139.05999755859375,142.19000244140625,138.89999389648438,140.11000061035156,138.40023803710938,8511600
2022-03-23,139.07000732421875,139.75999450683594,137.5399932861328,137.63999938964844,135.9603729248047,8761300
2022-03-24,138.5800018310547,139.27000427246094,137.41000366210938,138.9600067138672,137.26429748535156,5858800
2022-03-25,139.27999877929688,140.3800048828125,138.1199951171875,139.13999938964844,137.4420928955078,5949400
2022-03-28,138.8800048828125,139.6300048828125,136.27999877929688,138.72000122070312,137.0272216796875,8456100
2022-03-29,140.9600067138672,144.4600067138672,140.9600067138672,142.3800048828125,140.64254760742188,11280700
2022-03-30,141.30999755859375,143.27000427246094,140.0800018310547,140.9600067138672,139.23989868164062,7922400
2022-03-31,140.13999938964844,140.8800048828125,137.11000061035156,137.16000366210938,135.4862518310547,12306500
2022-04-01,137.33999633789062,138.10000610351562,135.52999877929688,137.0,135.32818603515625,10341000
2022-04-04,136.97000122070312,139.25999450683594,136.88999938964844,138.5800018310547,136.88893127441406,8174600
2022-04-05,137.74000549316406,139.1999969482422,135.1300048828125,135.6199951171875,133.9650421142578,8694100
2022-04-06,133.75,133.92999267578125,130.80999755859375,132.57000732421875,130.9522705078125,11679700
2022-04-07,133.00999450683594,133.2100067138672,130.02000427246094,131.8699951171875,130.26080322265625,9858700
2022-04-08,132.0,133.1199951171875,130.6300048828125,131.8699951171875,130.26080322265625,6702000
2022-04-11,130.0399932861328,132.42999267578125,130.0399932861328,130.64999389648438,129.05567932128906,9915300
2022-04-12,131.80999755859375,133.2100067138672,130.14999389648438,130.83999633789062,129.2433624267578,7885600
2022-04-13,131.0500030517578,132.88999938964844,130.75,132.35000610351562,130.73497009277344,7694500
2022-04-14,132.80999755859375,133.58999633789062,130.35000610351562,130.47000122070312,128.8778839111328,7283500
2022-04-18,130.07000732421875,130.22000122070312,126.81999969482422,127.7699966430664,126.2108383178711,10571000
2022-04-19,128.08999633789062,133.19000244140625,127.79000091552734,131.89999389648438,130.29042053222656,12767200
2022-04-20,126.05000305175781,127.3499984741211,124.11000061035156,124.56999969482422,123.04988098144531,36465700
2022-04-21,125.54000091552734,126.44999694824219,121.27999877929688,121.66000366210938,120.17539978027344,18688600
2022-04-22,120.01000213623047,121.88999938964844,118.1500015258789,118.2699966430664,116.8267593383789,19472800
2022-04-25,117.66000366210938,120.33000183105469,116.75,119.94999694824219,118.48625946044922,16491000
2022-04-26,119.1500015258789,119.1500015258789,115.63999938964844,115.7699966430664,114.35726928710938,16116000
2022-04-27,115.43000030517578,116.9000015258789,113.38999938964844,115.20999908447266,113.80411529541016,15553000
2022-04-28,115.22000122070312,116.0,112.69000244140625,115.29000091552734,113.88313293457031,23192100
2022-04-29,115.19999694824219,115.98999786376953,111.36000061035156,111.62999725341797,110.26779174804688,16907000
2022-05-02,111.70999908447266,113.66000366210938,111.01000213623047,113.5,112.1149673461914,14300700
2022-05-03,114.05000305175781,114.83000183105469,112.69000244140625,113.55000305175781,112.16436004638672,11149500
2022-05-04,113.37000274658203,116.44000244140625,111.83000183105469,116.19000244140625,114.77214813232422,11488300
2022-05-05,114.73999786376953,115.2699966430664,111.4800033569336,112.61000061035156,111.23583984375,12720200
2022-05-06,111.7699966430664,112.08999633789062,108.30000305175781,110.29000091552734,108.94414520263672,12525200
2022-05-09,108.11000061035156,110.73999786376953,106.4800033569336,106.9800033569336,105.67453002929688,17941600
2022-05-10,109.83999633789062,110.69999694824219,106.13999938964844,107.68000030517578,106.36599731445312,15657700
2022-05-11,107.9000015258789,110.06999969482422,104.79000091552734,105.20999908447266,103.92613220214844,26933300
2022-05-12,102.9000015258789,105.0,99.47000122070312,104.30999755859375,103.03711700439453,36298800
2022-05-13,105.36000061035156,107.69000244140625,105.30999755859375,107.33000183105469,106.02027130126953,16782600
2022-05-16,107.45999908447266,107.62000274658203,104.8499984741211,105.18000030517578,103.89649963378906,11993600
2022-05-17,107.7300033569336,108.79000091552734,106.30000305175781,108.63999938964844,107.31427764892578,11847600
2022-05-18,107.37999725341797,107.66000366210938,103.87999725341797,104.30000305175781,103.0272445678711,11794000
2022-05-19,103.43000030517578,105.30000305175781,102.95999908447266,103.13999938964844,101.88140106201172,11285000
2022-05-20,104.48999786376953,104.80000305175781,100.05000305175781,102.41999816894531,101.17017364501953,15650400
2022-05-23,103.76000213623047,106.02999877929688,101.55999755859375,105.83000183105469,104.53857421875,14402400
2022-05-24,103.70999908447266,103.83999633789062,100.12999725341797,101.58999633789062,100.35031127929688,13970200
2022-05-25,101.43000030517578,103.80999755859375,101.16000366210938,103.26000213623047,101.99993133544922,11026600
2022-05-26,104.22000122070312,106.12999725341797,103.95999908447266,105.61000061035156,104.32124328613281,11297800
2022-05-27,106.88999938964844,109.37000274658203,106.52999877929688,109.31999969482422,107.98597717285156,13671300
2022-05-31,110.0,111.23999786376953,107.91000366210938,110.44000244140625,109.09231567382812,20274600
2022-06-01,112.01000213623047,112.8499984741211,108.2699966430664,109.19000244140625,107.8575668334961,11829700
2022-06-02,109.43000030517578,110.94999694824219,107.91000366210938,110.87000274658203,109.5170669555664,8829900
2022-06-03,109.16999816894531,109.8499984741211,107.91999816894531,108.66999816894531,107.34391021728516,6767600
2022-06-06,109.75,110.19000244140625,107.6500015258789,107.83000183105469,106.51416778564453,7575900
2022-06-07,106.79000091552734,107.91999816894531,106.0,107.79000091552734,106.47465515136719,7279100
2022-06-08,107.43000030517578,109.36000061035156,106.95999908447266,107.33999633789062,106.03013610839844,7019500
2022-06-09,106.52999877929688,107.05999755859375,103.25,103.30000305175781,102.03944396972656,8261200
2022-06-10,101.43000030517578,102.12000274658203,99.37999725341797,99.4000015258789,98.1870346069336,15369700
2022-06-13,97.61000061035156,97.61000061035156,94.83000183105469,95.70999908447266,94.54206085205078,15239700
2022-06-14,96.2699966430664,96.2699966430664,93.0999984741211,94.22000122070312,93.07024383544922,12443700
2022-06-15,94.61000061035156,97.30000305175781,94.08999633789062,95.87999725341797,94.7099838256836,11751600
2022-06-16,94.01000213623047,95.37999725341797,93.41000366210938,94.27999877929688,93.12950897216797,15298500
2022-06-17,94.01000213623047,95.97000122070312,93.47000122070312,94.33999633789062,93.18877410888672,15403800
2022-06-21,94.9000015258789,95.44999694824219,93.2699966430664,93.29000091552734,92.1515884399414,16649800
2022-06-22,92.16999816894531,94.61000061035156,92.01000213623047,93.5,92.3590316772461,11403500
2022-06-23,93.95999908447266,94.6500015258789,92.06999969482422,94.30000305175781,93.1492691040039,11348800
2022-06-24,95.44999694824219,98.56999969482422,95.4000015258789,97.77999877929688,96.58679962158203,11681200
2022-06-27,98.22000122070312,98.2300033569336,95.80000305175781,96.61000061035156,95.43108367919922,10793700
2022-06-28,99.73999786376953,100.4000015258789,95.77999877929688,95.91999816894531,94.74949645996094,16812400
2022-06-29,95.94999694824219,96.19999694824219,94.52999877929688,95.6500015258789,94.48279571533203,8653200
2022-06-30,94.41999816894531,95.44000244140625,92.54000091552734,94.4000015258789,93.248046875,10983500
2022-07-01,94.23999786376953,96.30999755859375,93.9800033569336,96.13999938964844,94.96681213378906,10543400
2022-07-05,94.26000213623047,97.2300033569336,92.30999755859375,97.18000030517578,95.99412536621094,10660600
2022-07-06,97.52999877929688,98.19000244140625,95.4000015258789,96.08000183105469,94.90754699707031,8640200
2022-07-07,96.9000015258789,97.52999877929688,95.93000030517578,97.43000030517578,96.2410659790039,7813100
2022-07-08,96.56999969482422,97.12000274658203,95.3499984741211,95.86000061035156,94.69023132324219,7717300
2022-07-11,95.0,95.33999633789062,93.43000030517578,93.63999938964844,92.49732208251953,7643700
2022-07-12,93.58000183105469,95.25,93.30999755859375,93.5999984741211,92.45780944824219,8665300
2022-07-13,92.12000274658203,93.25,91.01000213623047,92.94000244140625,91.80587005615234,12006400
2022-07-14,91.4800033569336,92.04000091552734,90.2300033569336,91.83999633789062,90.71928405761719,11146400
2022-07-15,92.91000366210938,95.31999969482422,92.69999694824219,95.19999694824219,94.03828430175781,14946700
2022-07-18,96.36000061035156,97.2699966430664,95.30999755859375,95.69999694824219,94.53218078613281,10430400
2022-07-19,96.68000030517578,99.8499984741211,96.68000030517578,99.61000061035156,98.39447021484375,13683400
2022-07-20,100.25,104.26000213623047,99.94999694824219,103.3499984741211,102.08882904052734,15112700
2022-07-21,102.70999908447266,104.25,101.61000061035156,104.18000030517578,102.90869903564453,8611300
2022-07-22,103.27999877929688,104.56999969482422,102.11000061035156,102.72000122070312,101.46652221679688,7803500
2022-07-25,102.77999877929688,103.38999938964844,101.80999755859375,102.69000244140625,101.4368896484375,6726700
2022-07-26,102.13999938964844,102.36000061035156,99.55999755859375,99.77999877929688,98.56239318847656,6346600
2022-07-27,100.97000122070312,103.6500015258789,100.80999755859375,103.5,102.23700714111328,9684800
2022-07-28,103.25,104.97000122070312,102.70999908447266,104.9000015258789,103.61991882324219,7970300
2022-07-29,105.13999938964844,106.33999633789062,103.37000274658203,106.0999984741211,104.8052749633789,10320000
2022-08-01,104.87000274658203,106.6500015258789,103.86000061035156,106.22000122070312,104.92381286621094,7769700
2022-08-02,105.73999786376953,106.36000061035156,104.62000274658203,104.70999908447266,103.43223571777344,9093000
2022-08-03,105.7300033569336,109.69999694824219,105.7300033569336,109.0199966430664,107.68963623046875,11243000
2022-08-04,108.91999816894531,109.44999694824219,107.66000366210938,108.12000274658203,106.80062103271484,7322400
2022-08-05,106.80999755859375,107.69999694824219,105.37000274658203,106.62999725341797,105.32880401611328,10100000
2022-08-08,108.20999908447266,111.2300033569336,107.9000015258789,109.11000061035156,107.77854919433594,13025900
2022-08-09,109.22000122070312,109.22000122070312,107.02999877929688,108.12999725341797,106.81049346923828,8776500
2022-08-10,112.4800033569336,112.66999816894531,109.91000366210938,112.43000030517578,111.05802917480469,26398700
2022-08-11,122.20999908447266,123.2699966430664,117.33000183105469,117.69000244140625,116.25384521484375,50375000
2022-08-12,119.0,121.61000061035156,118.91999816894531,121.56999969482422,120.08649444580078,21964800
2022-08-15,121.0,125.95999908447266,120.98999786376953,124.26000213623047,122.7436752319336,24628300
2022-08-16,124.7300033569336,126.4800033569336,123.44999694824219,124.95999908447266,123.43512725830078,14607300
2022-08-17,123.44999694824219,124.4800033569336,122.56999969482422,122.80999755859375,121.31136322021484,9140900
2022-08-18,123.01000213623047,123.12999725341797,121.70999908447266,122.66999816894531,121.1730728149414,7343900
2022-08-19,121.25,121.38999938964844,119.4800033569336,120.13999938964844,118.67394256591797,8702500
2022-08-22,117.69999694824219,118.20999908447266,115.69000244140625,115.94000244140625,114.52519226074219,11575800
2022-08-23,115.9800033569336,116.37000274658203,114.62000274658203,114.86000061035156,113.4583740234375,7180700
2022-08-24,114.66999816894531,117.16000366210938,114.0999984741211,116.41000366210938,114.98946380615234,7840500
2022-08-25,117.0199966430664,117.7699966430664,116.11000061035156,117.45999908447266,116.02664947509766,6920900
2022-08-26,117.47000122070312,118.37000274658203,113.88999938964844,114.06999969482422,112.67802429199219,7807400
2022-08-29,112.54000091552734,114.47000122070312,112.41000366210938,113.52999877929688,112.14459991455078,6882700
2022-08-30,114.27999877929688,114.75,111.44999694824219,112.43000030517578,111.05802917480469,8060000
2022-08-31,112.87000274658203,113.75,111.8499984741211,112.08000183105469,110.71229553222656,7353000
2022-09-01,111.79000091552734,112.58999633789062,110.02999877929688,112.52999877929688,111.15680694580078,7718700
2022-09-02,113.05000305175781,113.88999938964844,110.83999633789062,111.19999694824219,109.8430404663086,8465100
2022-09-06,111.7699966430664,111.77999877929688,108.5199966430664,110.08999633789062,108.74658203125,9537300
2022-09-07,109.87000274658203,112.95999908447266,109.87000274658203,112.69000244140625,111.31486511230469,8193900
2022-09-08,111.06999969482422,112.98999786376953,110.36000061035156,112.33000183105469,110.9592514038086,8443300
2022-09-09,113.2699966430664,115.52999877929688,113.19000244140625,115.18000030517578,113.77446746826172,9563100
2022-09-12,116.13999938964844,117.48999786376953,115.2699966430664,116.38999938964844,114.9697036743164,7923400
2022-09-13,113.05000305175781,113.81999969482422,111.16999816894531,111.76000213623047,110.39620208740234,10504600
2022-09-14,111.8499984741211,112.73999786376953,109.87999725341797,112.5,111.12718200683594,8610400
2022-09-15,112.38999938964844,114.41000366210938,110.70999908447266,110.7699966430664,109.41828155517578,9739800
2022-09-16,109.20999908447266,109.58000183105469,106.95999908447266,108.25,106.92903137207031,15978800
2022-09-19,107.52999877929688,109.22000122070312,107.04000091552734,109.16999816894531,107.83780670166016,7979500
2022-09-20,108.27999877929688,108.41000366210938,106.86000061035156,107.56999969482422,106.25733184814453,6957400
2022-09-21,107.38999938964844,108.04000091552734,104.48999786376953,104.48999786376953,103.21492004394531,9776400
2022-09-22,104.20999908447266,104.66000366210938,102.0199966430664,102.16000366210938,100.9133529663086,10953400
2022-09-23,100.62000274658203,101.18000030517578,98.0199966430664,99.5,98.28581237792969,11976900
2022-09-26,98.94999694824219,100.66000366210938,98.05999755859375,98.12000274658203,96.92265319824219,9760500
2022-09-27,99.52999877929688,99.63999938964844,95.43000030517578,95.8499984741211,94.68035125732422,13360200
2022-09-28,95.79000091552734,99.87000274658203,95.44999694824219,99.4000015258789,98.1870346069336,12895500
2022-09-29,98.52999877929688,98.5999984741211,96.2300033569336,97.44999694824219,96.26082611083984,9435100
2022-09-30,96.5,97.4800033569336,94.27999877929688,94.33000183105469,93.17890167236328,12094900
2022-10-03,95.7300033569336,97.77999877929688,94.5,97.12999725341797,95.94473266601562,9468400
2022-10-04,98.68000030517578,101.5199966430664,98.2300033569336,101.44000244140625,100.20214080810547,10229000
2022-10-05,100.04000091552734,101.22000122070312,98.69999694824219,100.80000305175781,99.56995391845703,7562800
2022-10-06,100.43000030517578,101.45999908447266,99.87000274658203,100.04000091552734,98.81922149658203,6728200
2022-10-07,98.51000213623047,98.80000305175781,96.44999694824219,97.16000366210938,95.97437286376953,7051000
2022-10-10,97.58999633789062,97.73999786376953,94.41999816894531,95.16000366210938,93.998779296875,9532300
2022-10-11,94.80999755859375,95.05999755859375,92.6500015258789,93.0999984741211,91.96390533447266,8900900
2022-10-12,93.16000366210938,94.06999969482422,92.19999694824219,93.41000366210938,92.27013397216797,6156200
2022-10-13,91.56999969482422,96.97000122070312,90.70999908447266,96.63999938964844,95.46070861816406,11025400
2022-10-14,97.47000122070312,98.08999633789062,94.33000183105469,94.44999694824219,93.29743957519531,8202100
2022-10-17,96.37999725341797,97.97000122070312,96.26000213623047,97.33000183105469,96.14228820800781,7083800
2022-10-18,99.87000274658203,100.37000274658203,97.63999938964844,98.4800033569336,97.27825927734375,8533500
2022-10-19,100.44000244140625,101.87000274658203,98.5,98.98999786376953,97.78203582763672,11731000
2022-10-20,98.2300033569336,100.75,98.11000061035156,98.58999633789062,97.38691711425781,8212400
2022-10-21,98.3499984741211,102.30000305175781,97.88999938964844,102.04000091552734,100.7948226928711,10193400
2022-10-24,102.12000274658203,103.19000244140625,100.12000274658203,101.72000122070312,100.47872924804688,8221500
2022-10-25,102.16000366210938,104.7300033569336,102.02999877929688,104.36000061035156,103.08650970458984,7687500
2022-10-26,103.52999877929688,107.43000030517578,103.52999877929688,104.62999725341797,103.35321044921875,9203700
2022-10-27,105.80999755859375,106.87000274658203,104.30999755859375,104.44000244140625,103.16553497314453,8673500
2022-10-28,104.08000183105469,106.08999633789062,103.52999877929688,105.94999694824219,104.6571044921875,7250900
2022-10-31,105.66000366210938,106.9000015258789,104.81999969482422,106.54000091552734,105.23990631103516,8814800
2022-11-01,107.69999694824219,108.83999633789062,105.63999938964844,106.0,104.70649719238281,7955800
2022-11-02,105.44999694824219,106.08000183105469,101.79000091552734,101.81999969482422,100.57750701904297,9583200
2022-11-03,100.19999694824219,100.69999694824219,98.55999755859375,99.25,98.03886413574219,8978400
2022-11-04,101.1500015258789,101.16000366210938,98.11000061035156,99.58000183105469,98.36483764648438,11035800
2022-11-07,100.87999725341797,101.55999755859375,98.98999786376953,100.43000030517578,99.2044677734375,11355200
2022-11-08,100.73999786376953,101.97000122070312,98.05000305175781,99.9000015258789,98.6809310913086,27130300
2022-11-09,90.55000305175781,91.0999984741211,86.27999877929688,86.75,85.69140625,62029800
2022-11-10,89.75,90.5,87.61000061035156,90.45999908447266,89.35612487792969,36968100
2022-11-11,91.58000183105469,95.58000183105469,91.0999984741211,95.01000213623047,93.8506088256836,22373300
2022-11-14,95.8499984741211,96.62000274658203,94.20999908447266,94.27999877929688,93.12950897216797,20598000
2022-11-15,96.0,97.18000030517578,93.69999694824219,95.51000213623047,94.3445053100586,15801900
2022-11-16,95.22000122070312,95.22000122070312,93.72000122070312,93.94999694824219,92.80353546142578,11137700
2022-11-17,92.12000274658203,92.2699966430664,90.8499984741211,91.44999694824219,90.33403778076172,12306400
2022-11-18,92.86000061035156,93.16000366210938,90.91000366210938,91.80000305175781,90.67977905273438,10011700
2022-11-21,100.12000274658203,100.88999938964844,96.31999969482422,97.58000183105469,96.38925170898438,70273500
2022-11-22,97.0,97.66999816894531,94.68000030517578,96.20999908447266,95.03596496582031,25753700
2022-11-23,96.0,99.33999633789062,95.77999877929688,98.87999725341797,97.67337799072266,15503200
2022-11-25,98.80999755859375,99.80999755859375,98.08000183105469,98.87000274658203,97.66350555419922,6664300
2022-11-28,98.20999908447266,99.12999725341797,95.43000030517578,95.69000244140625,94.52230072021484,13660000
2022-11-29,96.0,96.43000030517578,93.91999816894531,94.69000244140625,93.53450775146484,13205300
2022-11-30,94.94999694824219,97.94000244140625,93.87000274658203,97.87000274658203,96.67570495605469,15368100
2022-12-01,97.87000274658203,98.83999633789062,96.58000183105469,98.58999633789062,97.38691711425781,13855700
2022-12-02,97.45999908447266,99.69000244140625,97.01000213623047,99.43000030517578,98.21666717529297,12608100
2022-12-05,98.23999786376953,99.16000366210938,95.66999816894531,95.93000030517578,94.7593765258789,10764500
2022-12-06,95.7300033569336,96.0,91.9800033569336,92.29000091552734,91.1637954711914,11492400
2022-12-07,92.66000366210938,92.79000091552734,91.26000213623047,92.1500015258789,91.02550506591797,10353400
2022-12-08,92.5,93.43000030517578,91.66999816894531,92.55000305175781,91.42062377929688,9351200
2022-12-09,92.37000274658203,94.91000366210938,91.9000015258789,93.37999725341797,92.24048614501953,10111900
2022-12-12,93.7300033569336,94.66000366210938,92.61000061035156,94.66000366210938,93.50487518310547,14140700
2022-12-13,96.48999786376953,97.38999938964844,93.56999969482422,94.69999694824219,93.54438018798828,22882100
2022-12-14,94.54000091552734,95.47000122070312,92.62000274658203,94.1500015258789,93.0010986328125,11505400
2022-12-15,92.47000122070312,93.12000274658203,90.12000274658203,90.48999786376953,89.38574981689453,15957700
2022-12-16,90.19000244140625,91.08000183105469,88.80999755859375,90.08000183105469,88.98075866699219,26383900
2022-12-19,89.44000244140625,89.45999908447266,85.41000366210938,85.77999877929688,84.73323822021484,19225300
2022-12-20,86.08000183105469,87.83999633789062,85.76000213623047,87.0199966430664,85.9581069946289,14918400
2022-12-21,87.19000244140625,88.0999984741211,86.4800033569336,86.91999816894531,85.85932922363281,11004800
2022-12-22,86.02999877929688,86.7300033569336,84.69000244140625,86.66999816894531,85.61237335205078,15487400
2022-12-23,86.05999755859375,88.06999969482422,85.7699966430664,88.01000213623047,86.93602752685547,11171600
2022-12-27,87.41999816894531,87.94000244140625,85.95999908447266,86.37000274658203,85.3160400390625,11561400
2022-12-28,86.08000183105469,86.69000244140625,84.06999969482422,84.16999816894531,83.14288330078125,12399500
2022-12-29,85.25,88.23999786376953,84.97000122070312,87.18000030517578,86.11614990234375,13045100
2022-12-30,85.7300033569336,87.12000274658203,85.2300033569336,86.87999725341797,85.81981658935547,23231000
2023-01-03,88.9800033569336,89.97000122070312,87.83000183105469,88.97000122070312,87.88430786132812,14997100
2023-01-04,90.0,92.75,89.36000061035156,91.9800033569336,90.85758209228516,14957200
2023-01-05,91.66000366210938,92.4800033569336,90.51000213623047,91.91999816894531,90.79830169677734,11622600
2023-01-06,92.66000366210938,94.69000244140625,91.31999969482422,93.91999816894531,92.7739028930664,9828100
2023-01-09,94.43000030517578,95.69999694824219,93.44999694824219,94.7699966430664,93.613525390625,11675800
2023-01-10,94.27999877929688,95.63999938964844,93.81999969482422,95.55999755859375,94.39389038085938,6914600
2023-01-11,95.91999816894531,96.55000305175781,95.05000305175781,96.33000183105469,95.15449523925781,8757300
2023-01-12,98.5,100.62999725341797,97.56999969482422,99.80999755859375,98.59202575683594,19764300
2023-01-13,99.37999725341797,99.5999984741211,98.01000213623047,99.4000015258789,98.1870346069336,12230200
2023-01-17,100.31999969482422,100.98999786376953,99.0,99.91000366210938,98.69081115722656,14914200
2023-01-18,100.27999877929688,101.12999725341797,98.72000122070312,99.04000091552734,97.83142852783203,11384500
2023-01-19,98.12000274658203,99.44999694824219,97.12000274658203,99.08000183105469,97.87094116210938,10973600
2023-01-20,100.33999633789062,103.58999633789062,99.30000305175781,103.4800033569336,102.21724700927734,14549900
2023-01-23,103.29000091552734,105.94999694824219,102.91999816894531,105.69000244140625,104.40028381347656,11479100
2023-01-24,104.69999694824219,108.44000244140625,102.0,106.0,104.70649719238281,8606700
2023-01-25,104.95999908447266,108.16000366210938,104.18000030517578,108.12000274658203,106.80062103271484,10008000
2023-01-26,108.16999816894531,109.76000213623047,107.56999969482422,109.69999694824219,108.36134338378906,9204400
2023-01-27,109.26000213623047,110.58000183105469,109.16000366210938,109.54000091552734,108.20329284667969,10249700
2023-01-30,108.26000213623047,108.97000122070312,107.4800033569336,107.58999633789062,106.27709197998047,8548500
2023-01-31,107.58000183105469,108.72000122070312,107.44999694824219,108.48999786376953,107.16610717773438,8251700
2023-02-01,108.5,109.94000244140625,106.9000015258789,109.38999938964844,108.05512237548828,9975500
2023-02-02,110.66999816894531,113.52999877929688,109.69000244140625,113.20999908447266,111.82850646972656,13093200
2023-02-03,111.47000122070312,113.13999938964844,110.37000274658203,110.70999908447266,109.35901641845703,12472500
2023-02-06,110.16999816894531,110.43000030517578,108.52999877929688,109.87000274658203,108.5292739868164,11956500
2023-02-07,109.30000305175781,112.12000274658203,108.86000061035156,111.62999725341797,110.26779174804688,10844000
2023-02-08,112.19999694824219,113.33000183105469,110.29000091552734,111.77999877929688,110.41596221923828,27719900
2023-02-09,118.04000091552734,118.18000030517578,109.80999755859375,110.36000061035156,109.01329040527344,46137200
2023-02-10,108.95999908447266,109.73999786376953,107.20999908447266,108.05999755859375,106.7413558959961,15566000
2023-02-13,108.0999984741211,108.29000091552734,106.55000305175781,107.66000366210938,106.34623718261719,12341500
2023-02-14,106.81999969482422,108.44000244140625,105.81999969482422,107.66000366210938,106.34623718261719,10768100
2023-02-15,107.08999633789062,109.2699966430664,106.69999694824219,109.23999786376953,107.9069595336914,8156000
2023-02-16,107.55000305175781,108.0199966430664,105.69999694824219,105.83000183105469,104.53857421875,9479900
2023-02-17,105.02999877929688,105.80000305175781,103.87999725341797,105.22000122070312,103.9360122680664,9492200
2023-02-21,103.55000305175781,103.7300033569336,101.83000183105469,102.08999633789062,100.84420776367188,10648200
2023-02-22,101.33000183105469,102.55999755859375,101.08999633789062,101.68000030517578,100.43921661376953,9885100
2023-02-23,101.44999694824219,102.05000305175781,99.61000061035156,101.7300033569336,100.48860931396484,10974800
2023-02-24,99.52999877929688,100.43000030517578,98.95999908447266,100.30000305175781,99.07605743408203,8523000
2023-02-27,100.7300033569336,101.47000122070312,100.05999755859375,100.44999694824219,99.2242202758789,6641200
2023-02-28,100.44999694824219,100.75,99.56999969482422,99.61000061035156,98.39447021484375,8233700
2023-03-01,99.19000244140625,99.62999725341797,98.0999984741211,98.54000091552734,97.33753204345703,7898300
2023-03-02,97.73999786376953,99.29000091552734,97.41999816894531,98.91999816894531,97.712890625,7776600
2023-03-03,99.66999816894531,101.18000030517578,98.87999725341797,101.13999938964844,99.90579986572266,7434300
2023-03-06,101.61000061035156,102.69999694824219,100.48999786376953,100.66000366210938,99.4316635131836,6773300
2023-03-07,100.4000015258789,100.94000244140625,98.88999938964844,99.05999755859375,97.85118103027344,6951300
2023-03-08,99.0,99.62000274658203,98.30000305175781,99.30000305175781,98.0882568359375,5668700
2023-03-09,99.44999694824219,100.05000305175781,95.91999816894531,96.13999938964844,94.96681213378906,8275600
2023-03-10,95.5999984741211,95.9000015258789,92.83000183105469,93.56999969482422,92.42817687988281,13978800
2023-03-13,91.88999938964844,94.0199966430664,90.45999908447266,92.5999984741211,91.47000885009766,11915300
2023-03-14,94.0,94.30000305175781,92.33999633789062,93.36000061035156,92.22073364257812,10323600
2023-03-15,91.62999725341797,93.36000061035156,91.41000366210938,93.0999984741211,91.96390533447266,9543800
2023-03-16,92.66999816894531,94.55999755859375,91.88999938964844,94.29000091552734,93.13938903808594,9931700
2023-03-17,94.05000305175781,94.2699966430664,92.91000366210938,93.19999694824219,92.06268310546875,12943200
2023-03-20,93.43000030517578,94.91999816894531,93.0,94.22000122070312,93.07024383544922,6657200
2023-03-21,95.16999816894531,96.8499984741211,95.16999816894531,96.54000091552734,95.3619384765625,7285800
2023-03-22,97.44999694824219,97.93000030517578,94.81999969482422,94.9000015258789,93.74195098876953,8811100
2023-03-23,95.27999877929688,97.0199966430664,94.76000213623047,95.83000183105469,94.66059875488281,9527000
2023-03-24,94.80999755859375,95.0,93.0199966430664,94.08000183105469,92.93195343017578,9534600
2023-03-27,94.77999877929688,96.0199966430664,94.37999725341797,95.62000274658203,94.45316314697266,7487900
2023-03-28,95.51000213623047,96.0,94.58999633789062,94.81999969482422,93.66292572021484,5426100
2023-03-29,96.08000183105469,96.91000366210938,95.3499984741211,96.87000274658203,95.68790435791016,5889100
2023-03-30,98.7300033569336,98.91999816894531,97.66999816894531,98.0999984741211,96.90289306640625,7669500
2023-03-31,98.88999938964844,100.19999694824219,98.5,100.12999725341797,98.90811920166016,8920000
2023-04-03,100.20999908447266,100.43000030517578,99.2699966430664,99.76000213623047,98.54264068603516,7313200
2023-04-04,100.30000305175781,100.41999816894531,98.76000213623047,99.56999969482422,98.3549575805664,6794200
2023-04-05,99.69999694824219,100.18000030517578,98.62999725341797,99.91000366210938,98.69081115722656,7747200
2023-04-06,99.44000244140625,100.31999969482422,98.55000305175781,99.97000122070312,98.75007629394531,7042500
2023-04-10,99.30000305175781,100.80999755859375,98.9000015258789,100.80999755859375,99.57982635498047,8016600
2023-04-11,101.16000366210938,101.91000366210938,100.29000091552734,100.41999816894531,99.194580078125,7504600
2023-04-12,101.25,102.22000122070312,97.69999694824219,97.94000244140625,96.7448501586914,9289200
2023-04-13,98.51000213623047,101.06999969482422,98.51000213623047,100.83999633789062,99.60945892333984,8745000
2023-04-14,100.5,100.86000061035156,98.93000030517578,99.9000015258789,98.6809310913086,7337300
2023-04-17,99.56999969482422,100.56999969482422,99.1500015258789,100.30000305175781,99.07605743408203,6705300
2023-04-18,100.61000061035156,101.1500015258789,99.5999984741211,100.93000030517578,99.6983642578125,8180100
2023-04-19,99.77999877929688,99.83000183105469,98.36000061035156,98.75,97.54496002197266,11523300
2023-04-20,97.75,98.58000183105469,97.38999938964844,98.06999969482422,96.87326049804688,7762700
2023-04-21,98.16000366210938,99.72000122070312,97.72000122070312,99.56999969482422,98.3549575805664,9468000
2023-04-24,100.1500015258789,100.73999786376953,98.66999816894531,99.68000030517578,98.46361541748047,8540600
2023-04-25,99.37999725341797,99.70999908447266,98.01000213623047,98.01000213623047,96.81399536132812,6511400
2023-04-26,97.83999633789062,98.4800033569336,96.45999908447266,96.61000061035156,95.43108367919922,8634500
2023-04-27,97.12999725341797,100.06999969482422,96.70999908447266,99.93000030517578,98.71056365966797,8166500
2023-04-28,99.37000274658203,102.55999755859375,99.08000183105469,102.5,101.24920654296875,11319700
2023-05-01,102.41000366210938,102.61000061035156,101.61000061035156,102.20999908447266,100.96273803710938,6909500
2023-05-02,101.33000183105469,101.69999694824219,99.62000274658203,100.5999984741211,99.37238311767578,6955900
2023-05-03,101.05999755859375,102.58000183105469,100.63999938964844,100.86000061035156,99.62921905517578,7772100
2023-05-04,99.54000091552734,99.54000091552734,96.61000061035156,97.44999694824219,96.26082611083984,13260700
2023-05-05,98.58999633789062,100.8499984741211,98.11000061035156,100.5199966430664,99.29336547851562,9289100
2023-05-08,101.69999694824219,103.91000366210938,101.69000244140625,102.97000122070312,101.71347045898438,10810100
2023-05-09,102.91000366210938,102.9800033569336,102.08999633789062,102.18000030517578,100.93311309814453,6829900
2023-05-10,103.0,103.25,100.04000091552734,101.13999938964844,99.90579986572266,19525200
2023-05-11,94.80000305175781,95.11000061035156,91.87999725341797,92.30999755859375,91.18355560302734,57127200
2023-05-12,92.33999633789062,92.87999725341797,91.23999786376953,91.98999786376953,90.8674545288086,21817200
2023-05-15,91.54000091552734,92.87000274658203,90.69999694824219,92.86000061035156,91.72683715820312,16792000
2023-05-16,92.04000091552734,92.41999816894531,90.77999877929688,90.9800033569336,89.86978912353516,17013300
2023-05-17,91.0199966430664,93.05000305175781,90.8499984741211,92.7699966430664,91.63793182373047,12461600
2023-05-18,92.8499984741211,94.23999786376953,92.45999908447266,93.76000213623047,92.61585998535156,15014800
2023-05-19,93.0,93.0,91.31999969482422,91.3499984741211,90.23526763916016,16411500
2023-05-22,91.33000183105469,91.94000244140625,89.88999938964844,91.81999969482422,90.69952392578125,14150600
2023-05-23,91.0999984741211,92.02999877929688,89.80999755859375,89.81999969482422,88.72393798828125,14778700
2023-05-24,89.44000244140625,89.48999786376953,88.41000366210938,89.06999969482422,87.98308563232422,15350800
2023-05-25,89.55999755859375,89.55999755859375,87.79000091552734,88.13999938964844,87.06443786621094,13605800
2023-05-26,88.48999786376953,89.23999786376953,88.0999984741211,88.29000091552734,87.21260833740234,12892700
2023-05-30,88.97000122070312,88.97000122070312,87.01000213623047,87.81999969482422,86.74833679199219,14800700
2023-05-31,87.58000183105469,88.16999816894531,87.1500015258789,87.95999908447266,86.88663482666016,11440600
2023-06-01,88.4000015258789,89.05999755859375,87.11000061035156,88.58999633789062,87.50894165039062,11993200
2023-06-02,89.62999725341797,91.33999633789062,89.5999984741211,90.7699966430664,89.66233825683594,14330500
2023-06-05,91.19999694824219,91.76000213623047,89.44000244140625,91.0,89.88953399658203,18506700
2023-06-06,91.0999984741211,92.51000213623047,91.0199966430664,92.16000366210938,91.03539276123047,12109100
2023-06-07,92.77999877929688,93.08000183105469,91.86000061035156,92.5199966430664,91.39098358154297,11082400
2023-06-08,92.5199966430664,92.68000030517578,91.30000305175781,92.52999877929688,91.40087127685547,9030200
2023-06-09,92.77999877929688,92.91999816894531,91.55000305175781,91.93000030517578,90.80818939208984,9625400
2023-06-12,92.25,93.2300033569336,91.7699966430664,93.13999938964844,92.00341796875,12341600
2023-06-13,94.12000274658203,94.44000244140625,93.44000244140625,93.8499984741211,92.70475769042969,12964400
2023-06-14,94.26000213623047,94.5199966430664,91.91999816894531,92.44999694824219,91.32183837890625,15877400
2023-06-15,92.05999755859375,93.5199966430664,91.61000061035156,92.94000244140625,91.80587005615234,13354600
2023-06-16,92.87999725341797,92.97000122070312,90.86000061035156,91.31999969482422,90.20562744140625,22665000
2023-06-20,90.29000091552734,90.77999877929688,89.73999786376953,89.75,88.65479278564453,14939200
2023-06-21,89.55000305175781,89.66999816894531,88.11000061035156,88.63999938964844,87.55833435058594,17873000
2023-06-22,88.44000244140625,89.19000244140625,88.12000274658203,88.48999786376953,87.41016387939453,10915300
2023-06-23,88.0199966430664,88.4000015258789,87.61000061035156,88.0999984741211,87.0249252319336,13538000
2023-06-26,88.04000091552734,89.48999786376953,87.7699966430664,88.69999694824219,87.61759948730469,13132700
2023-06-27,88.9000015258789,89.66000366210938,88.48999786376953,89.05999755859375,87.97320556640625,10032700
2023-06-28,89.38999938964844,89.4000015258789,88.52999877929688,88.83000183105469,87.74601745605469,12118300
2023-06-29,87.80000305175781,89.12000274658203,87.33999633789062,88.94999694824219,87.86454772949219,13402600
2023-06-30,89.18000030517578,89.5999984741211,88.61000061035156,89.27999877929688,88.19052124023438,12826200
2023-07-03,89.12000274658203,90.94999694824219,88.91000366210938,90.5,89.3956298828125,7979500
2023-07-05,90.11000061035156,90.38999938964844,89.25,89.79000091552734,88.69430541992188,11028800
2023-07-06,88.66999816894531,88.83000183105469,87.77999877929688,88.73999786376953,87.65711212158203,12084600
2023-07-07,88.30999755859375,89.7300033569336,88.08000183105469,88.63999938964844,87.55833435058594,9690800
2023-07-10,88.25,88.68000030517578,87.86000061035156,88.0999984741211,87.0249252319336,13642600
2023-07-11,88.19999694824219,89.58999633789062,88.1500015258789,89.48999786376953,88.39796447753906,13735500
2023-07-12,90.11000061035156,90.70999908447266,89.56999969482422,90.1500015258789,89.04991149902344,14912100
2023-07-13,90.55000305175781,90.80999755859375,89.08000183105469,90.47000122070312,89.36600494384766,15325500
2023-07-14,90.41000366210938,90.48999786376953,88.41999816894531,88.62000274658203,87.53858947753906,17734200
2023-07-17,88.41999816894531,88.48999786376953,85.30000305175781,85.55999755859375,84.51592254638672,34503400
2023-07-18,85.51000213623047,87.30000305175781,85.30999755859375,85.94999694824219,84.90115356445312,21915500
2023-07-19,86.19999694824219,87.88999938964844,86.19000244140625,87.04000091552734,85.97785949707031,17177000
2023-07-20,86.83999633789062,87.18000030517578,86.02999877929688,86.20999908447266,85.1579818725586,15277500
2023-07-21,86.30000305175781,87.9000015258789,85.87999725341797,87.18000030517578,86.11614990234375,19864200
2023-07-24,87.48999786376953,87.95999908447266,86.55000305175781,86.5999984741211,85.5432357788086,13911900
2023-07-25,85.7300033569336,86.30999755859375,85.16000366210938,85.62999725341797,84.5850601196289,15335400
2023-07-26,85.66999816894531,86.2699966430664,85.44999694824219,85.86000061035156,84.812255859375,14983700
2023-07-27,86.5999984741211,86.87999725341797,85.19000244140625,85.36000061035156,84.31836700439453,16691400
2023-07-28,85.86000061035156,86.58000183105469,85.44999694824219,86.12999725341797,85.0789566040039,13638300
2023-07-31,87.0,89.36000061035156,86.87999725341797,88.88999938964844,87.80528259277344,20837800
2023-08-01,89.12000274658203,89.7300033569336,88.45999908447266,89.02999877929688,87.94357299804688,13717500
2023-08-02,88.26000213623047,88.33000183105469,86.26000213623047,86.30000305175781,85.24689483642578,15162700
2023-08-03,85.81999969482422,86.45999908447266,85.44999694824219,85.48999786376953,84.44676971435547,14145400
2023-08-04,85.94000244140625,87.11000061035156,85.44999694824219,86.30000305175781,85.24689483642578,11516900
2023-08-07,86.66000366210938,87.2300033569336,85.98999786376953,86.83000183105469,85.77043151855469,10818400
2023-08-08,86.5,88.33000183105469,86.0999984741211,88.12999725341797,87.05455780029297,16767900
2023-08-09,89.19999694824219,89.55999755859375,87.04000091552734,87.48999786376953,86.42236328125,32517900
2023-08-10,89.97000122070312,92.52999877929688,87.75,91.76000213623047,90.64026641845703,56716800
2023-08-11,91.31999969482422,91.3499984741211,88.86000061035156,89.0199966430664,87.9336929321289,21925700
2023-08-14,88.98999786376953,89.30000305175781,87.98999786376953,88.80999755859375,87.72625732421875,13676400
2023-08-15,87.98999786376953,88.2300033569336,86.88999938964844,87.05999755859375,85.99761962890625,13677900
2023-08-16,86.54000091552734,87.05999755859375,86.08000183105469,86.3499984741211,85.29627227783203,12182700
2023-08-17,86.91999816894531,86.95999908447266,85.80000305175781,85.91999816894531,84.87152862548828,14206000
2023-08-18,85.37000274658203,86.72000122070312,85.37000274658203,85.95999908447266,84.91104125976562,12353900
2023-08-21,85.80999755859375,86.25,85.41000366210938,85.87999725341797,84.83201599121094,11215000
2023-08-22,85.70999908447266,86.08999633789062,85.37000274658203,85.79000091552734,84.74311828613281,9845900
2023-08-23,85.80999755859375,86.33000183105469,85.63999938964844,85.83000183105469,84.78263092041016,7576000
2023-08-24,85.51000213623047,85.94999694824219,82.45999908447266,82.47000122070312,81.46363067626953,27531000
2023-08-25,83.06999969482422,83.6500015258789,82.45999908447266,83.36000061035156,82.34276580810547,16050900
2023-08-28,83.83000183105469,84.69000244140625,83.52999877929688,84.16000366210938,83.13301086425781,12166400
2023-08-29,83.79000091552734,84.55000305175781,83.7300033569336,84.4000015258789,83.37007904052734,11210700
2023-08-30,84.4000015258789,84.68000030517578,83.83000183105469,84.27999877929688,83.25154113769531,11816600
2023-08-31,84.45999908447266,84.61000061035156,83.63999938964844,83.68000030517578,82.65885925292969,10448000
2023-09-01,82.11000061035156,82.2300033569336,80.52999877929688,81.63999938964844,80.64376068115234,27667400
2023-09-05,81.41999816894531,82.38999938964844,81.18000030517578,81.19000244140625,80.19925689697266,12741700
2023-09-06,80.79000091552734,82.08999633789062,80.52999877929688,80.9800033569336,79.99180603027344,15518500
2023-09-07,80.81999969482422,80.8499984741211,79.75,80.56999969482422,79.58680725097656,14768000
2023-09-08,80.54000091552734,81.66999816894531,80.16999816894531,81.58000183105469,80.58448791503906,16220900
2023-09-11,81.94000244140625,83.8499984741211,81.16999816894531,82.5199966430664,81.51302337646484,26579100
2023-09-12,83.02999877929688,84.66999816894531,82.56999969482422,83.68000030517578,82.65885925292969,16594600
2023-09-13,83.3499984741211,84.05000305175781,83.12000274658203,83.4800033569336,82.4613037109375,9772700
2023-09-14,84.0,84.73999786376953,83.04000091552734,84.4800033569336,83.4490966796875,22371900
2023-09-15,85.22000122070312,86.19000244140625,84.61000061035156,85.58000183105469,84.53567504882812,21598500
2023-09-18,85.23999786376953,85.91999816894531,84.9800033569336,85.0199966430664,83.98250579833984,11894200
2023-09-19,83.91999816894531,84.79000091552734,81.70999908447266,81.94000244140625,80.94009399414062,21478900
2023-09-20,82.02999877929688,83.19999694824219,81.63999938964844,82.55999755859375,81.55253601074219,12715200
2023-09-21,82.05999755859375,83.66999816894531,81.91999816894531,82.7300033569336,81.720458984375,14364200
2023-09-22,82.91000366210938,83.3499984741211,81.19999694824219,81.25,80.25851440429688,11495300
2023-09-25,81.55999755859375,81.7699966430664,80.55999755859375,81.01000213623047,80.02144622802734,11034400
2023-09-26,80.5,80.73999786376953,79.79000091552734,80.05000305175781,79.07316589355469,14867900
2023-09-27,80.12000274658203,80.55999755859375,79.22000122070312,79.9000015258789,78.92499542236328,14662500
2023-09-28,80.27999877929688,80.91999816894531,79.6500015258789,80.12999725341797,79.15218353271484,12229800
2023-09-29,80.66000366210938,81.33000183105469,80.41000366210938,81.05000305175781,80.06095886230469,11257600
2023-10-02,80.91999816894531,81.7699966430664,80.79000091552734,81.66999816894531,80.67338562011719,9128100
2023-10-03,81.25,81.88999938964844,79.45999908447266,79.54000091552734,78.56938171386719,12586200
2023-10-04,79.61000061035156,79.79000091552734,78.7300033569336,79.31999969482422,78.35206604003906,12010500
2023-10-05,79.0999984741211,80.94000244140625,78.87999725341797,80.80999755859375,79.82388305664062,15466600
2023-10-06,81.05000305175781,83.52999877929688,80.48999786376953,82.94000244140625,81.92789459228516,15375100
2023-10-09,84.30000305175781,84.87999725341797,83.12999725341797,84.69999694824219,83.66641235351562,13604400
2023-10-10,84.79000091552734,85.29000091552734,83.93000030517578,84.98999786376953,83.95287322998047,9450600
2023-10-11,85.37000274658203,85.72000122070312,84.26000213623047,84.8499984741211,83.8145751953125,9499200
2023-10-12,84.83000183105469,85.06999969482422,83.51000213623047,84.3499984741211,83.32068634033203,9554900
2023-10-13,83.94000244140625,84.58000183105469,83.37999725341797,84.3499984741211,83.32068634033203,10808000
2023-10-16,84.30999755859375,85.93000030517578,84.30999755859375,85.70999908447266,84.6640853881836,10275100
2023-10-17,85.3499984741211,86.29000091552734,85.30999755859375,86.19999694824219,85.14810943603516,9985700
2023-10-18,85.69000244140625,86.26000213623047,84.5999984741211,84.68000030517578,83.64665985107422,10047000
2023-10-19,85.26000213623047,85.2699966430664,83.16999816894531,83.25,82.2341079711914,14316800
2023-10-20,82.9000015258789,83.44000244140625,82.61000061035156,82.6500015258789,81.64144134521484,10425200
2023-10-23,82.08000183105469,84.02999877929688,80.91000366210938,83.0999984741211,82.0859375,10772500
2023-10-24,83.41000366210938,84.19999694824219,81.73999786376953,82.55999755859375,81.55253601074219,11499500
2023-10-25,82.12999725341797,82.55000305175781,80.5199966430664,80.58999633789062,79.6065673828125,9372500
2023-10-26,80.08000183105469,80.61000061035156,79.41999816894531,79.77999877929688,78.80645751953125,11651000
2023-10-27,79.75,81.02999877929688,79.2300033569336,79.33000183105469,78.36194610595703,10300600
2023-10-30,79.72000122070312,80.93000030517578,79.52999877929688,80.68000030517578,79.69547271728516,10291200
2023-10-31,80.69000244140625,81.66999816894531,80.33000183105469,81.58999633789062,80.5943603515625,8672200
2023-11-01,81.52999877929688,81.58000183105469,80.18000030517578,81.06999969482422,80.08070373535156,9093000
2023-11-02,81.8499984741211,83.30000305175781,81.81999969482422,83.29000091552734,82.27362823486328,11518500
2023-11-03,84.16999816894531,85.93000030517578,84.16000366210938,85.06999969482422,84.03189849853516,11322700
2023-11-06,85.08000183105469,85.80000305175781,83.58999633789062,84.0199966430664,82.99471282958984,14160900
2023-11-07,84.16000366210938,84.68000030517578,83.94999694824219,84.58999633789062,83.55775451660156,10540200
2023-11-08,84.13999938964844,84.91999816894531,83.94999694824219,84.5,83.46885681152344,26942600
2023-11-09,87.83999633789062,91.20999908447266,87.5999984741211,90.33999633789062,89.23758697509766,51062700
2023-11-10,90.12999725341797,90.16000366210938,86.94000244140625,88.2699966430664,87.1928482055664,25175700
2023-11-13,88.41999816894531,89.9000015258789,87.41000366210938,89.44000244140625,88.34857940673828,12834400
2023-11-14,90.02999877929688,91.54000091552734,89.98999786376953,91.06999969482422,89.95868682861328,13152000
2023-11-15,92.98999786376953,94.56999969482422,92.73999786376953,93.93000030517578,92.78378295898438,20593100
2023-11-16,93.88999938964844,94.61000061035156,93.62999725341797,94.51000213623047,93.35670471191406,12923900
2023-11-17,94.75,95.37999725341797,93.91999816894531,94.1500015258789,93.0010986328125,12189300
2023-11-20,93.9800033569336,95.58999633789062,93.87000274658203,95.02999877929688,93.870361328125,14105300
2023-11-21,94.7300033569336,94.95999908447266,93.95999908447266,94.44999694824219,93.29743957519531,7654800
2023-11-22,94.91000366210938,95.70999908447266,94.76000213623047,95.06999969482422,93.90987396240234,7328200
2023-11-24,94.9000015258789,96.51000213623047,94.9000015258789,96.05999755859375,94.88778686523438,5440500
2023-11-27,95.73999786376953,95.73999786376953,94.5199966430664,95.16999816894531,94.00865173339844,11049500
2023-11-28,95.0,95.13999938964844,92.44999694824219,92.5,91.37123107910156,18660300
2023-11-29,92.5999984741211,93.23999786376953,91.44000244140625,92.5,91.37123107910156,13857000
2023-11-30,93.55000305175781,93.86000061035156,92.19999694824219,92.69000244140625,91.55891418457031,13396700
2023-12-01,92.73999786376953,92.83999633789062,91.7699966430664,92.58000183105469,91.45026397705078,11892100
2023-12-04,91.9000015258789,92.41000366210938,91.61000061035156,92.01000213623047,90.88720703125,12602800
2023-12-05,91.61000061035156,91.77999877929688,89.93000030517578,90.79000091552734,89.6821060180664,12357000
2023-12-06,91.11000061035156,92.55000305175781,90.62000274658203,91.5,90.38343048095703,10462000
2023-12-07,91.80000305175781,93.38999938964844,91.6500015258789,92.3499984741211,91.22306823730469,10264700
2023-12-08,92.05999755859375,93.54000091552734,92.05999755859375,92.81999969482422,91.98614501953125,9495200
2023-12-11,92.7300033569336,93.08000183105469,91.97000122070312,92.19999694824219,91.37171936035156,10811000
2023-12-12,92.12000274658203,92.19999694824219,90.86000061035156,91.06999969482422,90.25186920166016,13218400
2023-12-13,91.16999816894531,92.87000274658203,90.77999877929688,92.83000183105469,91.99605560302734,10173200
2023-12-14,93.20999908447266,94.83000183105469,93.20999908447266,93.94000244140625,93.09608459472656,12439300
2023-12-15,93.05000305175781,93.94999694824219,92.93000030517578,93.45999908447266,92.62039947509766,17545700
2023-12-18,92.69999694824219,93.70999908447266,92.69999694824219,92.86000061035156,92.02578735351562,9083600
2023-12-19,92.63999938964844,93.98999786376953,92.61000061035156,93.93000030517578,93.08617401123047,8804000
2023-12-20,93.23999786376953,94.2699966430664,91.25,91.2699966430664,90.45006561279297,13060600
2023-12-21,91.93000030517578,92.08000183105469,91.05999755859375,92.0199966430664,91.19332885742188,13037200
2023-12-22,91.62000274658203,92.23999786376953,90.75,91.0199966430664,90.20231628417969,9411500
2023-12-26,90.83999633789062,91.2699966430664,90.5999984741211,90.94999694824219,90.13294219970703,8086900
2023-12-27,90.91000366210938,90.94000244140625,90.04000091552734,90.37999725341797,89.56806182861328,11123500
2023-12-28,90.08999633789062,90.9800033569336,89.97000122070312,90.4000015258789,89.58788299560547,8479600
2023-12-29,90.12000274658203,90.5999984741211,89.86000061035156,90.29000091552734,89.47887420654297,9201300
2024-01-02,90.0999984741211,91.4800033569336,89.7300033569336,90.70999908447266,89.89510345458984,10587600
2024-01-03,90.2300033569336,92.08000183105469,90.0,91.6500015258789,90.82666015625,11929800
2024-01-04,91.94000244140625,91.94000244140625,90.0,90.55999755859375,89.74644470214844,12087400
2024-01-05,90.41000366210938,91.31999969482422,90.36000061035156,90.9000015258789,90.0833969116211,9084400
2024-01-08,91.55000305175781,91.94000244140625,91.0,91.55000305175781,90.72755432128906,11103700
2024-01-09,91.05000305175781,91.0999984741211,89.5999984741211,89.66999816894531,88.86444091796875,11255100
2024-01-10,89.81999969482422,89.81999969482422,88.87999725341797,89.29000091552734,88.48785400390625,15091600
2024-01-11,89.38999938964844,89.77999877929688,88.69000244140625,89.44999694824219,88.64642333984375,9642200
2024-01-12,89.6500015258789,90.83000183105469,89.6500015258789,90.3499984741211,89.538330078125,11912800
2024-01-16,90.29000091552734,93.08999633789062,89.45999908447266,93.05000305175781,92.21408081054688,16780900
2024-01-17,92.58000183105469,93.76000213623047,90.0999984741211,90.33999633789062,89.5284194946289,15735200
2024-01-18,90.66000366210938,92.51000213623047,90.41000366210938,92.20999908447266,91.38162994384766,12203200
2024-01-19,92.31999969482422,93.58000183105469,91.62999725341797,93.05999755859375,92.22398376464844,19782400
2024-01-22,92.87000274658203,95.2300033569336,92.87000274658203,95.08000183105469,94.22584533691406,15119400
2024-01-23,95.43000030517578,95.88999938964844,93.18000030517578,93.7699966430664,92.9276123046875,11559400
2024-01-24,94.41999816894531,95.25,93.26000213623047,93.5,92.66004180908203,10454900
2024-01-25,93.91999816894531,94.94000244140625,93.75,94.86000061035156,94.00782012939453,8661600
2024-01-26,95.0,95.52999877929688,94.69999694824219,95.36000061035156,94.50332641601562,7812800
2024-01-29,95.41999816894531,97.5,95.0,97.48999786376953,96.61419677734375,13422200
2024-01-30,96.5199966430664,97.54000091552734,96.01000213623047,96.94000244140625,96.06913757324219,9139600
2024-01-31,96.41999816894531,97.56999969482422,95.80999755859375,96.05000305175781,95.18712615966797,9592300
2024-02-01,96.37000274658203,97.93000030517578,95.9000015258789,97.05999755859375,96.18804931640625,8484800
2024-02-02,96.27999877929688,97.41000366210938,95.81999969482422,97.12999725341797,96.2574234008789,9319100
2024-02-05,96.69999694824219,97.37000274658203,96.48999786376953,96.6500015258789,95.78173828125,11679300
2024-02-06,96.91999816894531,99.31999969482422,96.79000091552734,99.29000091552734,98.39802551269531,16455500
2024-02-07,97.38999938964844,99.27999877929688,96.63999938964844,99.13999938964844,98.24937438964844,28886300
2024-02-08,107.08000183105469,112.7699966430664,106.80000305175781,110.54000091552734,109.54695892333984,60558400
2024-02-09,109.5999984741211,110.1500015258789,107.69000244140625,108.38999938964844,107.41627502441406,21509100
2024-02-12,107.87999725341797,111.05999755859375,107.83000183105469,109.29000091552734,108.30818939208984,13424000
2024-02-13,108.27999877929688,110.6500015258789,108.20999908447266,110.45999908447266,109.4676742553711,14594500
2024-02-14,110.58000183105469,111.68000030517578,109.66999816894531,111.55999755859375,110.55779266357422,11405500
2024-02-15,111.08000183105469,112.91999816894531,111.08000183105469,112.44999694824219,111.43978881835938,9961900
2024-02-16,112.0199966430664,112.55999755859375,111.16000366210938,111.5999984741211,110.5974349975586,8779400
2024-02-20,110.8499984741211,111.12999725341797,109.3499984741211,109.44000244140625,108.45684051513672,9770900
2024-02-21,108.4800033569336,109.22000122070312,107.23999786376953,107.66999816894531,106.7027359008789,10454400
2024-02-22,107.98999786376953,108.48999786376953,107.41000366210938,107.63999938964844,106.67301177978516,9266200
2024-02-23,107.56999969482422,108.0,105.83000183105469,107.73999786376953,106.77210998535156,11724000
2024-02-26,107.5199966430664,108.76000213623047,107.37999725341797,107.68000030517578,106.71265411376953,8694200
2024-02-27,107.77999877929688,109.58000183105469,107.77999877929688,109.41999816894531,108.43701171875,7595000
2024-02-28,108.77999877929688,111.04000091552734,108.66000366210938,110.80000305175781,109.80461883544922,10773000
2024-02-29,111.13999938964844,112.75,110.97000122070312,111.58000183105469,110.5776138305664,11658300
2024-03-01,111.44000244140625,112.1500015258789,111.02999877929688,111.94999694824219,110.94429016113281,7240100
2024-03-04,112.66999816894531,114.12999725341797,111.80000305175781,113.69000244140625,112.66865539550781,11558900
2024-03-05,113.61000061035156,115.19000244140625,112.2699966430664,112.87000274658203,111.85603332519531,14929600
2024-03-06,113.08000183105469,113.30000305175781,109.25,110.05999755859375,109.0712661743164,14743900
2024-03-07,110.69999694824219,111.08000183105469,109.19999694824219,110.18000030517578,109.19019317626953,8609300
2024-03-08,110.18000030517578,111.30999755859375,109.33999633789062,110.31999969482422,109.32893371582031,10004800
2024-03-11,110.08999633789062,112.91000366210938,110.02999877929688,112.30999755859375,111.3010482788086,8794300
2024-03-12,112.5199966430664,112.94999694824219,111.63999938964844,112.45999908447266,111.44970703125,8085000
2024-03-13,112.73999786376953,114.12999725341797,112.44000244140625,112.5,111.4893569946289,7267900
2024-03-14,111.73999786376953,112.3499984741211,109.51000213623047,112.05999755859375,111.05329895019531,10520500
2024-03-15,111.5999984741211,112.95999908447266,111.4000015258789,111.94999694824219,110.94429016113281,15362600
2024-03-18,112.29000091552734,114.43000030517578,112.29000091552734,113.8499984741211,112.82722473144531,11820800
2024-03-19,113.41000366210938,115.16999816894531,113.23999786376953,114.51000213623047,113.48129272460938,10999700
2024-03-20,114.61000061035156,116.51000213623047,114.36000061035156,116.45999908447266,115.41377258300781,11699600
2024-03-21,116.98999786376953,117.36000061035156,115.86000061035156,116.69999694824219,115.65161895751953,10353500
2024-03-22,116.91999816894531,117.66000366210938,115.83999633789062,115.87000274658203,114.8290786743164,7133800
2024-03-25,116.97000122070312,119.41000366210938,116.87000274658203,119.36000061035156,118.28772735595703,12103600
2024-03-26,119.62999725341797,120.4000015258789,118.19000244140625,119.93000030517578,118.85260009765625,11870000
2024-03-27,120.95999908447266,122.02999877929688,120.0199966430664,120.9800033569336,119.89317321777344,10782800
2024-03-28,121.25,123.73999786376953,121.19999694824219,122.36000061035156,121.26077270507812,15367400
2024-04-01,122.05999755859375,122.4000015258789,120.77999877929688,121.52999877929688,120.43822479248047,8419700
2024-04-02,120.22000122070312,123.52999877929688,120.16000366210938,122.81999969482422,121.71663665771484,15517100
2024-04-03,122.2699966430664,123.69000244140625,118.37999725341797,118.9800033569336,117.91114044189453,22480400
2024-04-04,119.22000122070312,120.19000244140625,116.95999908447266,117.08999633789062,116.0381088256836,13815400
2024-04-05,116.5999984741211,118.86000061035156,116.30000305175781,118.37999725341797,117.3165283203125,9651500
2024-04-08,118.0199966430664,118.5199966430664,116.81999969482422,117.3499984741211,116.2957763671875,6266000
2024-04-09,117.37999725341797,118.51000213623047,116.88999938964844,117.97000122070312,116.91021728515625,7455400
2024-04-10,116.5999984741211,117.55999755859375,116.37000274658203,117.19000244140625,116.13722229003906,6746300
2024-04-11,117.58999633789062,118.27999877929688,116.37000274658203,117.1500015258789,116.09757995605469,6559400
2024-04-12,116.38999938964844,116.69999694824219,113.7300033569336,114.01000213623047,112.98578643798828,12146000
2024-04-15,114.87999725341797,115.55000305175781,112.7699966430664,112.94999694824219,111.935302734375,9637100
2024-04-16,112.81999969482422,114.5,112.5199966430664,113.87999725341797,112.8569564819336,9291400
2024-04-17,114.0,114.20999908447266,112.88999938964844,112.94000244140625,111.92539978027344,7379000
2024-04-18,113.18000030517578,114.25,112.19000244140625,112.43000030517578,111.41997528076172,8235600
2024-04-19,111.72000122070312,112.72000122070312,111.08000183105469,112.61000061035156,111.5983657836914,9407800
2024-04-22,113.0999984741211,113.63999938964844,111.75,111.98999786376953,110.98392486572266,6901700
2024-04-23,112.83000183105469,114.23999786376953,112.80000305175781,113.70999908447266,112.6884765625,6839300
2024-04-24,113.13999938964844,114.18000030517578,113.13999938964844,113.91999816894531,112.89659118652344,6157200
2024-04-25,111.22000122070312,112.88999938964844,110.38999938964844,112.7699966430664,111.75691986083984,8045900
2024-04-26,111.8499984741211,113.0199966430664,111.31999969482422,112.7300033569336,111.71729278564453,6304800
2024-04-29,113.04000091552734,113.87999725341797,110.33999633789062,112.08000183105469,111.0731201171875,7151200
2024-04-30,112.0,112.04000091552734,110.80000305175781,111.0999984741211,110.10192108154297,8156600
2024-05-01,111.29000091552734,111.98999786376953,110.20999908447266,110.4800033569336,109.48750305175781,6338400
2024-05-02,111.43000030517578,112.87000274658203,110.55999755859375,112.62000274658203,111.6082763671875,6799800
2024-05-03,113.54000091552734,114.11000061035156,112.80000305175781,113.66000366210938,112.63893127441406,7411100
2024-05-06,114.80000305175781,116.94000244140625,114.1500015258789,116.47000122070312,115.4236831665039,16303200
2024-05-07,107.25,107.87999725341797,104.20999908447266,105.38999938964844,104.44322204589844,55084600
2024-05-08,104.9000015258789,106.4800033569336,104.44000244140625,105.44000244140625,104.4927749633789,15238100
2024-05-09,104.62000274658203,106.12999725341797,104.38999938964844,105.80000305175781,104.84954833984375,15096000
2024-05-10,106.91999816894531,107.0199966430664,105.41999816894531,105.79000091552734,104.83963012695312,15884600
2024-05-13,105.58999633789062,106.63999938964844,105.58999633789062,105.83000183105469,104.8792724609375,9666400
2024-05-14,105.30000305175781,105.98999786376953,104.94999694824219,105.3499984741211,104.40357971191406,11278400
2024-05-15,105.62000274658203,105.87999725341797,101.38999938964844,102.7699966430664,101.84675598144531,20745600
2024-05-16,103.04000091552734,104.02999877929688,102.83999633789062,103.37000274658203,102.44137573242188,9476700
2024-05-17,103.62999725341797,103.81999969482422,103.04000091552734,103.25,102.32244873046875,7356000
2024-05-20,103.33000183105469,103.66999816894531,102.5199966430664,102.9000015258789,101.9755859375,7667400
2024-05-21,102.98999786376953,103.69999694824219,102.72000122070312,103.01000213623047,102.08460998535156,7333300
2024-05-22,102.9800033569336,103.83000183105469,102.75,103.0199966430664,102.09451293945312,7190300
2024-05-23,102.9800033569336,103.01000213623047,100.2699966430664,100.66000366210938,99.75572204589844,10504000
2024-05-24,100.8499984741211,102.08999633789062,100.69000244140625,101.76000213623047,100.84584045410156,6447600
2024-05-28,101.36000061035156,102.86000061035156,100.94999694824219,102.44000244140625,101.51972198486328,7813100
2024-05-29,101.76000213623047,102.08000183105469,100.7699966430664,100.87999725341797,99.97373962402344,7376300
2024-05-30,101.13999938964844,102.06999969482422,100.97000122070312,101.69999694824219,100.78636932373047,7303700
2024-05-31,101.5199966430664,104.08000183105469,101.41000366210938,103.91000366210938,102.97651672363281,14735800
2024-06-03,104.16999816894531,104.22000122070312,102.4800033569336,102.7699966430664,101.84675598144531,6908600
2024-06-04,102.11000061035156,103.48999786376953,101.62999725341797,103.33000183105469,102.4017333984375,7269100
2024-06-05,103.0,103.08000183105469,101.02999877929688,101.5,100.58816528320312,10796900
2024-06-06,101.05000305175781,101.93000030517578,100.80999755859375,101.20999908447266,100.30077362060547,10294700
2024-06-07,100.86000061035156,102.2699966430664,100.55000305175781,101.54000091552734,100.6278076171875,6047800
2024-06-10,101.25,102.8499984741211,100.63999938964844,102.73999786376953,101.81702423095703,7633100
2024-06-11,102.63999938964844,102.87999725341797,100.73999786376953,100.87000274658203,99.96382904052734,9134200
2024-06-12,101.19999694824219,101.69000244140625,100.25,100.80000305175781,99.89446258544922,9041800
2024-06-13,100.61000061035156,101.06999969482422,99.61000061035156,100.08999633789062,99.19082641601562,10164600
2024-06-14,99.80999755859375,100.37999725341797,99.25,99.97000122070312,99.07191467285156,7087600
2024-06-17,100.9800033569336,101.91999816894531,100.62000274658203,101.5199966430664,100.60797882080078,10389000
2024-06-18,101.12000274658203,101.76000213623047,100.61000061035156,101.5,100.58816528320312,7044700
2024-06-20,100.56999969482422,101.94000244140625,100.37999725341797,101.83999633789062,100.92510986328125,7886900
2024-06-21,101.80000305175781,102.54000091552734,101.58999633789062,102.2699966430664,101.35124969482422,14144900
2024-06-24,102.25,103.08000183105469,101.91000366210938,101.9800033569336,101.06385803222656,7393600
2024-06-25,102.66000366210938,103.68000030517578,101.7699966430664,102.19999694824219,101.28187561035156,10343700
2024-06-26,101.9000015258789,102.37000274658203,101.43000030517578,102.18000030517578,101.2620620727539,10122300
2024-06-27,102.04000091552734,102.27999877929688,101.80999755859375,102.16999816894531,101.25215148925781,8365200
2024-06-28,102.0199966430664,102.58000183105469,98.37999725341797,99.29000091552734,98.39802551269531,21439400
2024-07-01,99.4000015258789,99.73999786376953,97.87999725341797,98.04000091552734,97.15925598144531,15299000
2024-07-02,97.94000244140625,97.98999786376953,96.94999694824219,97.98999786376953,97.10970306396484,13340300
2024-07-03,97.83999633789062,99.08000183105469,97.83000183105469,98.61000061035156,97.72412872314453,5030000
2024-07-05,98.30999755859375,98.30999755859375,97.58000183105469,97.98999786376953,97.10970306396484,8550800
2024-07-08,97.69000244140625,98.29000091552734,96.88999938964844,97.37000274658203,96.9404525756836,8167600
2024-07-09,97.47000122070312,97.52999877929688,96.1500015258789,97.05000305175781,96.62186431884766,9044400
2024-07-10,96.94999694824219,97.27999877929688,96.25,96.97000122070312,96.5422134399414,7761100
2024-07-11,97.01000213623047,97.58000183105469,96.30000305175781,96.5999984741211,96.17384338378906,7422600
2024-07-12,97.0999984741211,97.83000183105469,96.9800033569336,97.12999725341797,96.70150756835938,6465700
2024-07-15,97.33000183105469,97.48999786376953,96.5999984741211,96.87000274658203,96.44265747070312,7417700
2024-07-16,97.0199966430664,98.72000122070312,96.54000091552734,98.47000122070312,98.03559875488281,10755500
2024-07-17,98.30000305175781,98.61000061035156,96.52999877929688,97.30999755859375,96.8807144165039,9456100
2024-07-18,97.36000061035156,98.05999755859375,96.68000030517578,96.79000091552734,96.36300659179688,7529400
2024-07-19,96.81999969482422,96.81999969482422,95.44000244140625,95.73999786376953,95.31764221191406,9301000
2024-07-22,95.11000061035156,95.16000366210938,93.48999786376953,94.12999725341797,93.7147445678711,13377000
2024-07-23,90.69999694824219,91.69000244140625,89.83000183105469,90.94000244140625,90.538818359375,22534700
2024-07-24,90.22000122070312,90.75,89.58000183105469,89.80000305175781,89.40384674072266,11768500
2024-07-25,90.08000183105469,90.5,89.20999908447266,89.20999908447266,88.81644439697266,10765300
2024-07-26,90.0,90.55000305175781,89.33999633789062,89.93000030517578,89.53327178955078,11301900
2024-07-29,90.38999938964844,92.55000305175781,90.19000244140625,92.13999938964844,91.7335205078125,13024800
2024-07-30,91.66999816894531,94.04000091552734,91.66999816894531,93.79000091552734,93.3762435913086,9896100
2024-07-31,93.79000091552734,94.83999633789062,93.63999938964844,93.69000244140625,93.27668762207031,10241800
