Date,Open,High,Low,Close,Adj Close,Volume
2010-01-04,64.70999908447266,64.98999786376953,64.41000366210938,64.68000030517578,41.98991775512695,9506200
2010-01-05,64.58000183105469,64.62000274658203,63.81999969482422,63.93000030517578,41.503021240234375,10673100
2010-01-06,63.900001525878906,64.54000091552734,63.83000183105469,64.44999694824219,41.84059143066406,13171500
2010-01-07,64.25,64.3499984741211,63.7400016784668,63.9900016784668,41.54197311401367,10901600
2010-01-08,63.91999816894531,64.26000213623047,63.630001068115234,64.20999908447266,41.68479537963867,7898000
2010-01-11,64.75,64.75,64.01000213623047,64.22000122070312,41.6912956237793,7975700
2010-01-12,64.12999725341797,64.72000122070312,64.0199966430664,64.55999755859375,41.91201400756836,10820700
2010-01-13,64.54000091552734,65.2300033569336,64.54000091552734,64.97000122070312,42.17818832397461,13023800
2010-01-14,65.19999694824219,65.2699966430664,64.75,65.0999984741211,42.2625732421875,7899000
2010-01-15,65.13999938964844,65.19999694824219,63.97999954223633,64.55999755859375,41.91201400756836,20995000
2010-01-19,64.13999938964844,65.75,64.11000061035156,65.3499984741211,42.42487335205078,15181800
2010-01-20,65.47000122070312,65.94999694824219,64.47000122070312,65.1500015258789,42.295040130615234,13033000
2010-01-21,65.06999969482422,65.47000122070312,63.79999923706055,63.970001220703125,41.52898025512695,14473900
2010-01-22,63.90999984741211,64.19000244140625,63.09000015258789,63.20000076293945,41.02912139892578,14017200
2010-01-25,63.66999816894531,63.70000076293945,63.04999923706055,63.220001220703125,41.04210662841797,10001700
2010-01-26,62.63999938964844,63.0099983215332,62.220001220703125,62.790000915527344,40.762943267822266,15630300
2010-01-27,62.779998779296875,63.720001220703125,62.70000076293945,63.439998626708984,41.184906005859375,14982400
2010-01-28,63.56999969482422,64.06999969482422,63.040000915527344,63.79999923706055,41.41862869262695,17096000
2010-01-29,63.95000076293945,64.2699966430664,62.81999969482422,62.86000061035156,40.80838394165039,17844400
2010-02-01,63.2599983215332,63.2599983215332,62.77000045776367,63.09000015258789,40.95769500732422,10153400
2010-02-02,63.20000076293945,64.19999694824219,62.630001068115234,63.9900016784668,41.54197311401367,13609300
2010-02-03,63.869998931884766,63.869998931884766,63.290000915527344,63.630001068115234,41.30826950073242,9255900
2010-02-04,63.4900016784668,63.619998931884766,62.619998931884766,62.63999938964844,40.66557312011719,18397000
2010-02-05,62.689998626708984,63.599998474121094,61.88999938964844,62.63999938964844,40.66557312011719,16775200
2010-02-08,62.5,62.97999954223633,62.2599983215332,62.369998931884766,40.490272521972656,10081200
2010-02-09,62.54999923706055,63.470001220703125,62.470001220703125,62.7599983215332,40.74345779418945,11356400
2010-02-10,62.790000915527344,63.06999969482422,62.209999084472656,62.72999954223633,40.723995208740234,10115800
2010-02-11,62.619998931884766,63.209999084472656,62.2599983215332,62.90999984741211,40.840850830078125,8353600
2010-02-12,62.61000061035156,63.0,62.11000061035156,62.720001220703125,40.717498779296875,12335800
2010-02-16,63.25,63.709999084472656,62.81999969482422,63.61000061035156,41.29528045654297,10212400
2010-02-17,63.630001068115234,64.36000061035156,63.61000061035156,63.97999954223633,41.53548049926758,9485500
2010-02-18,63.97999954223633,64.69999694824219,63.95000076293945,64.52999877929688,41.892539978027344,8260600
2010-02-19,64.1500015258789,64.45999908447266,63.619998931884766,63.810001373291016,41.74207305908203,14222300
2010-02-22,63.810001373291016,64.0999984741211,63.38999938964844,63.4900016784668,41.53275680541992,9839700
2010-02-23,63.560001373291016,63.849998474121094,63.22999954223633,63.310001373291016,41.41500473022461,12481400
2010-02-24,63.54999923706055,63.849998474121094,63.25,63.45000076293945,41.5065803527832,8519300
2010-02-25,62.790000915527344,63.349998474121094,62.52000045776367,63.279998779296875,41.39537048339844,10528900
2010-02-26,63.459999084472656,63.59000015258789,63.0,63.0,41.21220779418945,9357800
2010-03-01,63.27000045776367,63.459999084472656,63.16999816894531,63.38999938964844,41.46732711791992,9219400
2010-03-02,63.310001373291016,63.63999938964844,63.02000045776367,63.439998626708984,41.500030517578125,9014000
2010-03-03,63.59000015258789,63.75,63.220001220703125,63.400001525878906,41.473873138427734,9360400
2010-03-04,63.529998779296875,63.70000076293945,63.369998931884766,63.56999969482422,41.585086822509766,8067200
2010-03-05,63.65999984741211,64.06999969482422,63.54999923706055,64.04000091552734,41.892547607421875,10633600
2010-03-08,64.08000183105469,64.41000366210938,64.0199966430664,64.19999694824219,41.99720764160156,33380500
2010-03-09,64.55000305175781,64.55000305175781,64.08999633789062,64.2699966430664,42.04299545288086,8827100
2010-03-10,64.48999786376953,64.55999755859375,64.1500015258789,64.29000091552734,42.05609130859375,8436600
2010-03-11,64.1500015258789,64.22000122070312,63.599998474121094,64.22000122070312,42.01029586791992,9957800
2010-03-12,64.26000213623047,64.26000213623047,63.849998474121094,64.18000030517578,41.98412322998047,8223000
2010-03-15,64.13999938964844,64.56999969482422,64.06999969482422,64.56999969482422,42.23925018310547,7444700
2010-03-16,64.69999694824219,64.72000122070312,64.2300033569336,64.52999877929688,42.21308135986328,8882000
2010-03-17,64.72000122070312,64.73999786376953,64.4800033569336,64.6500015258789,42.29158401489258,8060700
2010-03-18,64.58000183105469,65.1500015258789,64.37000274658203,65.05999755859375,42.559791564941406,11742100
2010-03-19,65.11000061035156,65.48999786376953,64.80999755859375,65.11000061035156,42.59249496459961,23117600
2010-03-22,65.06999969482422,65.44000244140625,64.9800033569336,65.0999984741211,42.58594512939453,8803800
2010-03-23,65.18000030517578,65.38999938964844,64.87000274658203,65.36000061035156,42.756019592285156,9453900
2010-03-24,65.30999755859375,65.30999755859375,64.75,64.75,42.35698699951172,9312500
2010-03-25,65.04000091552734,65.25,64.52999877929688,64.56999969482422,42.23925018310547,10496600
2010-03-26,64.68000030517578,64.72000122070312,64.33000183105469,64.37999725341797,42.11496353149414,9450400
2010-03-29,64.45999908447266,64.93000030517578,64.4000015258789,64.81999969482422,42.40279006958008,7812900
2010-03-30,64.94999694824219,64.9800033569336,64.55999755859375,64.9000015258789,42.455135345458984,8311600
2010-03-31,64.83999633789062,65.30999755859375,64.69999694824219,65.19999694824219,42.6513786315918,11939100
2010-04-01,65.37000274658203,65.7699966430664,65.23999786376953,65.7699966430664,43.02424240112305,10600600
2010-04-05,65.7699966430664,65.88999938964844,65.37999725341797,65.4000015258789,42.7822151184082,8617600
2010-04-06,65.12999725341797,65.44999694824219,65.0,65.30999755859375,42.723331451416016,8260100
2010-04-07,65.23999786376953,65.48999786376953,65.08000183105469,65.22000122070312,42.66446304321289,9409400
2010-04-08,65.19000244140625,65.19000244140625,64.7699966430664,64.93000030517578,42.47474670410156,8962600
2010-04-09,64.87999725341797,65.16999816894531,64.77999877929688,65.13999938964844,42.612117767333984,6972700
2010-04-12,65.11000061035156,65.20999908447266,64.93000030517578,65.11000061035156,42.59249496459961,8692200
2010-04-13,65.05999755859375,65.8499984741211,64.91000366210938,65.68000030517578,42.965362548828125,12481600
2010-04-14,65.43000030517578,65.5999984741211,65.18000030517578,65.48999786376953,42.841087341308594,10501900
2010-04-15,65.29000091552734,65.54000091552734,65.12999725341797,65.51000213623047,42.854164123535156,8656900
2010-04-16,65.33999633789062,65.6500015258789,64.88999938964844,65.0199966430664,42.533607482910156,15742500
2010-04-19,65.05999755859375,66.0999984741211,65.05999755859375,66.02999877929688,43.19430923461914,14626300
2010-04-20,66.02999877929688,66.19999694824219,65.7300033569336,65.98999786376953,43.16816329956055,11916400
2010-04-21,65.9800033569336,65.9800033569336,65.06999969482422,65.38999938964844,42.77566909790039,13355700
2010-04-22,65.18000030517578,65.23999786376953,64.33000183105469,64.77999877929688,42.37662887573242,19583000
2010-04-23,64.70999908447266,65.04000091552734,64.33000183105469,65.04000091552734,42.54670715332031,11674900
2010-04-26,64.98999786376953,65.19999694824219,64.72000122070312,64.76000213623047,42.36353302001953,9281500
2010-04-27,64.56999969482422,64.87999725341797,64.20999908447266,64.27999877929688,42.04954147338867,11862200
2010-04-28,64.43000030517578,64.86000061035156,64.25,64.62000274658203,42.27195739746094,12476600
2010-04-29,64.8499984741211,65.33999633789062,64.8499984741211,65.01000213623047,42.527076721191406,7930100
2010-04-30,65.12999725341797,65.33999633789062,64.30000305175781,64.30000305175781,42.0626220703125,14255900
2010-05-03,65.16000366210938,65.62000274658203,64.54000091552734,65.33000183105469,42.73641586303711,15310500
2010-05-04,65.06999969482422,65.27999877929688,64.41000366210938,64.69999694824219,42.324275970458984,14895700
2010-05-05,64.58000183105469,65.29000091552734,64.44000244140625,65.13999938964844,42.612117767333984,13143700
2010-05-06,65.04000091552734,65.0999984741211,60.029998779296875,63.400001525878906,41.473873138427734,24410000
2010-05-07,63.2599983215332,63.599998474121094,62.09000015258789,63.310001373291016,41.41500473022461,20467100
2010-05-10,64.91000366210938,65.36000061035156,64.0,64.75,42.35698699951172,18445400
2010-05-11,64.2300033569336,65.08999633789062,64.18000030517578,64.66999816894531,42.304656982421875,10879000
2010-05-12,64.8499984741211,65.05000305175781,64.48999786376953,64.9000015258789,42.455135345458984,11036800
2010-05-13,64.83999633789062,65.16000366210938,64.51000213623047,64.66999816894531,42.304656982421875,12337000
2010-05-14,64.70999908447266,64.79000091552734,63.40999984741211,63.970001220703125,41.84674072265625,12505100
2010-05-17,64.05999755859375,64.23999786376953,63.20000076293945,63.880001068115234,41.78789138793945,10260800
2010-05-18,63.439998626708984,63.560001373291016,62.849998474121094,62.970001220703125,41.19259262084961,18480900
2010-05-19,62.689998626708984,62.959999084472656,62.04999923706055,62.220001220703125,40.70197677612305,18863200
2010-05-20,61.81999969482422,61.84000015258789,60.54999923706055,60.54999923706055,39.60950469970703,24098700
2010-05-21,59.779998779296875,60.959999084472656,59.5099983215332,60.880001068115234,39.82539367675781,21813000
2010-05-24,60.619998931884766,61.45000076293945,60.209999084472656,60.56999969482422,39.62260055541992,13993300
2010-05-25,59.709999084472656,60.40999984741211,59.150001525878906,60.349998474121094,39.47867965698242,21179000
2010-05-26,60.83000183105469,60.83000183105469,59.650001525878906,59.65999984741211,39.027313232421875,18914100
2010-05-27,59.7400016784668,59.88999938964844,58.709999084472656,59.029998779296875,38.9678955078125,29926600
2010-05-28,58.720001220703125,59.119998931884766,58.189998626708984,58.29999923706055,38.48598861694336,26815900
2010-06-01,58.209999084472656,59.40999984741211,57.54999923706055,58.7599983215332,38.789669036865234,19508400
2010-06-02,59.06999969482422,59.72999954223633,58.689998626708984,59.72999954223633,39.429996490478516,15581800
2010-06-03,59.88999938964844,60.150001525878906,59.54999923706055,59.77000045776367,39.4564094543457,14254200
2010-06-04,58.959999084472656,59.029998779296875,57.7599983215332,58.0099983215332,38.294551849365234,21785400
2010-06-07,58.16999816894531,58.54999923706055,58.0,58.0,38.2879638671875,13843300
2010-06-08,58.150001525878906,58.709999084472656,57.869998931884766,58.63999938964844,38.71044158935547,14941500
2010-06-09,58.79999923706055,58.939998626708984,57.939998626708984,58.16999816894531,38.400184631347656,13173000
2010-06-10,58.720001220703125,59.130001068115234,58.349998474121094,58.5,38.61802291870117,16995200
2010-06-11,58.16999816894531,58.47999954223633,57.939998626708984,58.459999084472656,38.59162139892578,14713000
2010-06-14,58.70000076293945,59.099998474121094,58.380001068115234,58.41999816894531,38.565216064453125,10524000
2010-06-15,58.93000030517578,59.15999984741211,58.54999923706055,59.13999938964844,39.0405158996582,11103200
2010-06-16,59.25,59.58000183105469,58.779998779296875,59.2400016784668,39.10652160644531,8636300
2010-06-17,59.279998779296875,59.439998626708984,58.650001525878906,59.18000030517578,39.06691360473633,11723100
2010-06-18,59.18000030517578,59.290000915527344,58.849998474121094,59.18000030517578,39.06691360473633,16838200
2010-06-21,59.5,59.79999923706055,58.91999816894531,59.130001068115234,39.033905029296875,12143600
2010-06-22,59.25,60.09000015258789,59.119998931884766,59.15999984741211,39.053714752197266,13823800
2010-06-23,59.15999984741211,59.41999816894531,58.709999084472656,59.2400016784668,39.10652160644531,12659500
2010-06-24,59.029998779296875,59.939998626708984,59.029998779296875,59.599998474121094,39.344173431396484,18216100
2010-06-25,59.86000061035156,59.869998931884766,58.630001068115234,58.70000076293945,38.750057220458984,45006900
2010-06-28,59.0099983215332,59.790000915527344,58.810001373291016,59.45000076293945,39.24515151977539,15834300
2010-06-29,58.97999954223633,59.41999816894531,58.68000030517578,59.2400016784668,39.10652160644531,20236500
2010-06-30,59.040000915527344,59.61000061035156,58.939998626708984,59.060001373291016,38.98771286010742,15802100
2010-07-01,59.06999969482422,59.25,58.650001525878906,59.06999969482422,38.99431610107422,17973500
2010-07-02,59.41999816894531,59.59000015258789,58.849998474121094,59.08000183105469,39.00090789794922,10534400
2010-07-06,59.5,59.599998474121094,58.66999816894531,59.08000183105469,39.00090789794922,15461100
2010-07-07,59.33000183105469,60.70000076293945,59.040000915527344,60.61000061035156,40.01091766357422,17280000
2010-07-08,60.93000030517578,61.72999954223633,60.63999938964844,61.380001068115234,40.519222259521484,15895900
2010-07-09,60.970001220703125,61.06999969482422,60.380001068115234,60.540000915527344,39.96470642089844,12174000
2010-07-12,60.47999954223633,60.540000915527344,60.060001373291016,60.209999084472656,39.746856689453125,10797200
2010-07-13,60.59000015258789,60.959999084472656,60.439998626708984,60.5,39.93830871582031,10924500
2010-07-14,60.15999984741211,60.68000030517578,60.04999923706055,60.619998931884766,40.01751708984375,9668500
2010-07-15,60.619998931884766,60.75,59.900001525878906,60.2599983215332,39.77985763549805,12839300
2010-07-16,60.0,60.189998626708984,59.25,59.439998626708984,39.238555908203125,17569900
2010-07-19,59.720001220703125,59.790000915527344,59.369998931884766,59.56999969482422,39.32438278198242,10277500
2010-07-20,58.45000076293945,58.77000045776367,58.0,58.58000183105469,38.67082595825195,22304800
2010-07-21,58.79999923706055,58.79999923706055,56.869998931884766,57.119998931884766,37.7070198059082,25707600
2010-07-22,57.43000030517578,57.619998931884766,56.86000061035156,57.02000045776367,37.64101028442383,17972900
2010-07-23,57.279998779296875,57.63999938964844,57.0,57.630001068115234,38.043704986572266,15076600
2010-07-26,57.650001525878906,58.0099983215332,57.47999954223633,57.7400016784668,38.11632537841797,11775200
2010-07-27,57.95000076293945,58.439998626708984,57.619998931884766,58.099998474121094,38.353965759277344,16964000
2010-07-28,58.13999938964844,58.25,57.650001525878906,57.83000183105469,38.175743103027344,13502100
2010-07-29,58.099998474121094,58.27000045776367,57.709999084472656,57.83000183105469,38.175743103027344,13031000
2010-07-30,57.630001068115234,58.36000061035156,57.27000045776367,58.09000015258789,38.34736633300781,12978000
2010-08-02,58.5,58.880001068115234,58.40999984741211,58.720001220703125,38.76325607299805,11455600
2010-08-03,58.75,59.599998474121094,58.709999084472656,59.349998474121094,39.179141998291016,10855100
2010-08-04,59.369998931884766,59.93000030517578,59.22999954223633,59.7400016784668,39.43659210205078,10508800
2010-08-05,59.529998779296875,59.88999938964844,59.5099983215332,59.7599983215332,39.449806213378906,9796700
2010-08-06,59.52000045776367,60.0,59.25,59.959999084472656,39.58182907104492,8524100
2010-08-09,60.0,60.25,59.790000915527344,60.04999923706055,39.64125061035156,6674700
2010-08-10,59.40999984741211,59.810001373291016,58.900001525878906,59.43000030517578,39.23196029663086,13550800
2010-08-11,58.91999816894531,58.95000076293945,58.29999923706055,58.5,38.61802291870117,11470100
2010-08-12,58.150001525878906,58.709999084472656,58.099998474121094,58.52000045776367,38.63123321533203,8240500
2010-08-13,58.4900016784668,58.4900016784668,58.060001373291016,58.150001525878906,38.38698196411133,8546700
2010-08-16,57.9900016784668,58.11000061035156,57.470001220703125,58.0099983215332,38.294551849365234,8751200
2010-08-17,58.93000030517578,59.47999954223633,58.5,59.220001220703125,39.093318939208984,13479100
2010-08-18,59.459999084472656,59.81999969482422,59.029998779296875,59.349998474121094,39.179141998291016,10534900
2010-08-19,59.16999816894531,59.18000030517578,58.400001525878906,58.720001220703125,38.76325607299805,11949700
2010-08-20,58.70000076293945,58.90999984741211,58.4900016784668,58.7400016784668,38.776466369628906,11286200
2010-08-23,58.97999954223633,59.349998474121094,58.810001373291016,58.869998931884766,38.862274169921875,8842900
2010-08-24,58.5,58.689998626708984,57.86000061035156,58.0099983215332,38.294551849365234,14930400
2010-08-25,58.0,58.20000076293945,57.84000015258789,57.97999954223633,38.27476119995117,11675000
2010-08-26,58.20000076293945,58.220001220703125,57.779998779296875,57.79999923706055,38.15592575073242,12834100
2010-08-27,57.45000076293945,57.880001068115234,56.9900016784668,57.599998474121094,38.38247299194336,11674800
2010-08-30,57.599998474121094,57.79999923706055,57.2599983215332,57.29999923706055,38.182579040527344,9240100
2010-08-31,57.25,57.439998626708984,57.0,57.02000045776367,37.99598693847656,14563100
2010-09-01,57.66999816894531,58.36000061035156,57.439998626708984,58.290000915527344,38.84226989746094,11603700
2010-09-02,58.52000045776367,58.790000915527344,58.29999923706055,58.61000061035156,39.05552291870117,8079700
2010-09-03,58.849998474121094,59.0,58.5,58.93000030517578,39.268760681152344,7533400
2010-09-07,58.79999923706055,58.970001220703125,58.630001068115234,58.70000076293945,39.1154899597168,5625100
2010-09-08,58.41999816894531,59.029998779296875,58.41999816894531,58.849998474121094,39.215450286865234,8412500
2010-09-09,59.38999938964844,60.029998779296875,59.2599983215332,59.81999969482422,39.86180114746094,14077700
2010-09-10,59.939998626708984,60.0,59.77000045776367,59.97999954223633,39.968441009521484,8358800
2010-09-13,60.060001373291016,60.380001068115234,59.91999816894531,60.31999969482422,40.19499969482422,10706600
2010-09-14,60.43000030517578,60.970001220703125,60.25,60.58000183105469,40.368255615234375,9912900
2010-09-15,60.66999816894531,61.150001525878906,60.5,61.04999923706055,40.681434631347656,9111500
2010-09-16,60.81999969482422,61.38999938964844,60.7599983215332,61.290000915527344,40.84136199951172,10496300
2010-09-17,61.59000015258789,61.720001220703125,61.130001068115234,61.56999969482422,41.027950286865234,12240600
2010-09-20,61.650001525878906,62.22999954223633,61.5099983215332,62.09000015258789,41.374481201171875,10991500
2010-09-21,61.86000061035156,62.22999954223633,61.79999923706055,61.939998626708984,41.27449417114258,9449200
2010-09-22,61.97999954223633,62.5,61.900001525878906,61.970001220703125,41.29450988769531,9353300
2010-09-23,61.630001068115234,62.0,61.56999969482422,61.810001373291016,41.18788146972656,8393800
2010-09-24,61.97999954223633,62.400001525878906,61.83000183105469,62.13999938964844,41.40779495239258,12636900
2010-09-27,62.220001220703125,62.31999969482422,61.93000030517578,62.029998779296875,41.33447265625,7687600
2010-09-28,61.959999084472656,62.599998474121094,61.689998626708984,62.43000030517578,41.60103225708008,12132800
2010-09-29,62.310001373291016,62.54999923706055,62.130001068115234,62.310001373291016,41.521060943603516,9590000
2010-09-30,62.4900016784668,62.70000076293945,61.54999923706055,61.959999084472656,41.287837982177734,12845600
2010-10-01,62.09000015258789,62.25,61.56999969482422,61.75,41.14788055419922,9773200
2010-10-04,61.540000915527344,61.97999954223633,61.29999923706055,61.66999816894531,41.094581604003906,8703600
2010-10-05,62.08000183105469,62.939998626708984,62.0099983215332,62.79999923706055,41.84757614135742,12439400
2010-10-06,62.88999938964844,63.2599983215332,62.5,63.209999084472656,42.12078857421875,11339800
2010-10-07,63.290000915527344,63.5,63.0,63.220001220703125,42.12746047973633,9826600
2010-10-08,63.380001068115234,63.38999938964844,63.029998779296875,63.22999954223633,42.13410568237305,7354800
2010-10-11,63.2599983215332,63.310001373291016,63.040000915527344,63.29999923706055,42.180755615234375,6172100
2010-10-12,63.130001068115234,63.439998626708984,62.970001220703125,63.290000915527344,42.17409896850586,8707400
2010-10-13,63.43000030517578,63.790000915527344,63.290000915527344,63.58000183105469,42.367332458496094,10104700
2010-10-14,63.790000915527344,63.79999923706055,63.38999938964844,63.7400016784668,42.47396469116211,8632700
2010-10-15,63.97999954223633,64.0,63.13999938964844,63.56999969482422,42.360679626464844,13265100
2010-10-18,63.689998626708984,63.97999954223633,63.25,63.86000061035156,42.55392837524414,10814100
2010-10-19,62.88999938964844,63.66999816894531,62.5,63.290000915527344,42.17409896850586,17235400
2010-10-20,63.31999969482422,64.02999877929688,63.060001373291016,63.599998474121094,42.38066864013672,10206800
2010-10-21,63.86000061035156,64.22000122070312,63.52000045776367,63.9900016784668,42.64055633544922,11111700
2010-10-22,64.08000183105469,64.12000274658203,63.63999938964844,63.810001373291016,42.520591735839844,6774800
2010-10-25,64.04000091552734,64.2300033569336,63.849998474121094,63.97999954223633,42.633888244628906,7794700
2010-10-26,63.849998474121094,63.95000076293945,63.61000061035156,63.84000015258789,42.54059600830078,7122900
2010-10-27,63.58000183105469,63.689998626708984,63.279998779296875,63.56999969482422,42.360679626464844,11916100
2010-10-28,63.939998626708984,64.11000061035156,63.5099983215332,63.560001373291016,42.35402297973633,10116000
2010-10-29,63.63999938964844,63.84000015258789,63.31999969482422,63.7400016784668,42.47396469116211,9309900
2010-11-01,63.880001068115234,64.08999633789062,63.310001373291016,63.689998626708984,42.440643310546875,9356000
2010-11-02,63.939998626708984,64.19999694824219,63.720001220703125,63.880001068115234,42.5672607421875,8632100
2010-11-03,63.9900016784668,64.19999694824219,63.54999923706055,64.19000244140625,42.773807525634766,9322100
2010-11-04,64.31999969482422,64.91999816894531,64.23999786376953,64.76000213623047,43.15364456176758,11337400
2010-11-05,64.75,64.83999633789062,64.0999984741211,64.6500015258789,43.080352783203125,9276500
2010-11-08,64.55999755859375,64.61000061035156,64.0999984741211,64.33000183105469,42.86710739135742,8484400
2010-11-09,64.47000122070312,64.5,64.0999984741211,64.30999755859375,42.85377883911133,9218500
2010-11-10,64.23999786376953,64.33999633789062,63.54999923706055,63.95000076293945,42.6139030456543,10795400
2010-11-11,63.70000076293945,63.95000076293945,63.58000183105469,63.91999816894531,42.59389114379883,9109500
2010-11-12,63.689998626708984,64.08999633789062,63.5099983215332,63.66999816894531,42.42731475830078,12944800
2010-11-15,64.11000061035156,64.69000244140625,63.97999954223633,64.13999938964844,42.74050521850586,12729400
2010-11-16,63.650001525878906,63.95000076293945,62.650001525878906,63.13999938964844,42.07414245605469,15651000
2010-11-17,63.130001068115234,63.290000915527344,62.91999816894531,63.060001373291016,42.02082824707031,7416900
2010-11-18,63.470001220703125,64.0,63.29999923706055,63.83000183105469,42.533931732177734,9400100
2010-11-19,63.88999938964844,64.22000122070312,63.650001525878906,63.83000183105469,42.533931732177734,12889800
2010-11-22,63.5,63.81999969482422,63.09000015258789,63.619998931884766,42.39399337768555,11179200
2010-11-23,62.9900016784668,63.25,62.650001525878906,62.869998931884766,41.894229888916016,14766500
2010-11-24,63.029998779296875,63.4900016784668,62.93000030517578,63.290000915527344,42.17409896850586,9591400
2010-11-26,62.5,62.56999969482422,62.13999938964844,62.29999923706055,41.87166976928711,4638800
2010-11-29,61.810001373291016,62.0099983215332,61.38999938964844,61.90999984741211,41.60953140258789,12019300
2010-11-30,61.47999954223633,61.81999969482422,61.25,61.54999923706055,41.36757278442383,12633500
2010-12-01,62.18000030517578,62.47999954223633,61.81999969482422,62.41999816894531,41.952293395996094,15364700
2010-12-02,62.38999938964844,62.880001068115234,62.27000045776367,62.599998474121094,42.07328414916992,10160400
2010-12-03,62.5099983215332,62.77000045776367,62.22999954223633,62.560001373291016,42.04639434814453,9882800
2010-12-06,62.310001373291016,62.47999954223633,62.20000076293945,62.20000076293945,41.804443359375,8989000
2010-12-07,62.560001373291016,62.7400016784668,62.25,62.310001373291016,41.87836456298828,9528800
2010-12-08,62.220001220703125,62.560001373291016,62.13999938964844,62.45000076293945,41.97246170043945,7871900
2010-12-09,62.43000030517578,62.959999084472656,61.75,62.060001373291016,41.7103385925293,12965600
2010-12-10,62.189998626708984,62.33000183105469,61.689998626708984,61.90999984741211,41.60953140258789,11457300
2010-12-13,61.83000183105469,61.970001220703125,61.560001373291016,61.86000061035156,41.5759162902832,13672100
2010-12-14,62.029998779296875,62.939998626708984,61.88999938964844,62.77000045776367,42.18754196166992,13491200
2010-12-15,62.93000030517578,63.15999984741211,62.439998626708984,62.56999969482422,42.05311965942383,11534100
2010-12-16,62.75,62.790000915527344,62.040000915527344,62.400001525878906,41.938865661621094,11141100
2010-12-17,62.25,62.540000915527344,61.97999954223633,62.540000915527344,42.032962799072266,15961000
2010-12-20,62.540000915527344,62.650001525878906,62.22999954223633,62.4900016784668,41.99934768676758,8907000
2010-12-21,62.790000915527344,62.79999923706055,62.279998779296875,62.34000015258789,41.89853286743164,7908200
2010-12-22,62.33000183105469,62.400001525878906,61.91999816894531,62.02000045776367,41.6834602355957,8850100
2010-12-23,62.02000045776367,62.459999084472656,62.02000045776367,62.25,41.83805847167969,7229500
2010-12-27,62.189998626708984,62.2400016784668,61.81999969482422,61.93000030517578,41.62297439575195,5163700
2010-12-28,62.060001373291016,62.29999923706055,61.900001525878906,62.04999923706055,41.70362854003906,6354200
2010-12-29,62.119998931884766,62.439998626708984,62.11000061035156,62.130001068115234,41.75739669799805,4968700
2010-12-30,62.099998474121094,62.189998626708984,61.900001525878906,61.939998626708984,41.62968826293945,5770100
2010-12-31,61.900001525878906,62.09000015258789,61.75,61.849998474121094,41.5692138671875,4981400
2011-01-03,62.630001068115234,63.18000030517578,62.529998779296875,62.81999969482422,42.22113800048828,14894800
2011-01-04,63.130001068115234,63.349998474121094,62.75,63.349998474121094,42.57734680175781,12346300
2011-01-05,63.40999984741211,63.540000915527344,62.95000076293945,63.310001373291016,42.55046463012695,11837900
2011-01-06,63.43000030517578,63.529998779296875,62.900001525878906,63.209999084472656,42.48326110839844,7606000
2011-01-07,63.20000076293945,63.25,62.560001373291016,62.599998474121094,42.07328414916992,11084800
2011-01-10,62.290000915527344,62.400001525878906,62.0,62.15999984741211,41.77756118774414,9775000
2011-01-11,62.220001220703125,62.349998474121094,62.0,62.27000045776367,41.851497650146484,7372800
2011-01-12,62.45000076293945,62.880001068115234,62.31999969482422,62.5,42.00608444213867,8312700
2011-01-13,62.560001373291016,62.97999954223633,62.349998474121094,62.90999984741211,42.28163528442383,9489700
2011-01-14,62.95000076293945,62.970001220703125,62.25,62.54999923706055,42.0396842956543,11274700
2011-01-18,62.220001220703125,62.59000015258789,62.0099983215332,62.099998474121094,41.737239837646484,13944900
2011-01-19,62.04999923706055,62.61000061035156,62.0099983215332,62.560001373291016,42.04639434814453,9596700
2011-01-20,62.72999954223633,63.099998474121094,62.540000915527344,62.86000061035156,42.24803161621094,11518600
2011-01-21,63.25,63.25,62.459999084472656,62.65999984741211,42.11361312866211,12932200
2011-01-24,62.560001373291016,62.720001220703125,62.15999984741211,62.220001220703125,41.81790542602539,11373000
2011-01-25,60.88999938964844,61.630001068115234,60.709999084472656,61.08000183105469,41.051692962646484,28056700
2011-01-26,61.18000030517578,61.25,60.599998474121094,60.599998474121094,40.72908401489258,20262100
2011-01-27,60.63999938964844,61.040000915527344,60.599998474121094,60.68000030517578,40.782840728759766,11219500
2011-01-28,60.90999984741211,61.0,60.0,60.0099983215332,40.332550048828125,15298800
2011-01-31,60.15999984741211,60.220001220703125,59.689998626708984,59.77000045776367,40.17124938964844,19056200
2011-02-01,59.70000076293945,60.7400016784668,59.70000076293945,60.630001068115234,40.74925994873047,14780500
2011-02-02,60.459999084472656,60.7599983215332,60.279998779296875,60.619998931884766,40.74253463745117,9994200
2011-02-03,60.65999984741211,60.970001220703125,60.59000015258789,60.79999923706055,40.86351013183594,10078900
2011-02-04,60.939998626708984,60.9900016784668,60.650001525878906,60.84000015258789,40.8903923034668,9725500
2011-02-07,60.880001068115234,60.9900016784668,60.650001525878906,60.869998931884766,40.910552978515625,8217000
2011-02-08,60.939998626708984,60.9900016784668,60.75,60.939998626708984,40.95759963989258,7867600
2011-02-09,60.93000030517578,60.939998626708984,60.63999938964844,60.880001068115234,40.91727828979492,8541500
2011-02-10,60.63999938964844,61.06999969482422,60.41999816894531,60.93000030517578,40.95088195800781,8627500
2011-02-11,60.7400016784668,61.16999816894531,60.5099983215332,60.70000076293945,40.796295166015625,9630800
2011-02-14,60.689998626708984,60.97999954223633,60.650001525878906,60.70000076293945,40.796295166015625,8130800
2011-02-15,60.599998474121094,60.70000076293945,60.47999954223633,60.619998931884766,40.74253463745117,8572800
2011-02-16,60.61000061035156,60.7400016784668,60.5,60.52000045776367,40.67532730102539,9426400
2011-02-17,60.369998931884766,60.93000030517578,60.33000183105469,60.790000915527344,40.85679244995117,7133700
2011-02-18,60.88999938964844,61.220001220703125,60.54999923706055,61.11000061035156,41.071861267089844,12393000
2011-02-22,60.68000030517578,60.9900016784668,60.45000076293945,60.650001525878906,40.7626953125,11050500
2011-02-23,60.7599983215332,61.08000183105469,60.369998931884766,60.38999938964844,40.587947845458984,12100300
2011-02-24,60.470001220703125,60.5,60.029998779296875,60.25,40.49384307861328,11766700
2011-02-25,59.91999816894531,59.95000076293945,59.36000061035156,59.63999938964844,40.44637680053711,11863700
2011-02-28,59.93000030517578,61.45000076293945,59.77000045776367,61.439998626708984,41.6671028137207,20031000
2011-03-01,61.25,61.5,60.599998474121094,60.70000076293945,41.165245056152344,14035300
2011-03-02,60.5,60.93000030517578,60.36000061035156,60.810001373291016,41.239837646484375,10264600
2011-03-03,61.119998931884766,61.20000076293945,60.810001373291016,61.04999923706055,41.40260314941406,7802700
2011-03-04,61.290000915527344,61.290000915527344,60.34000015258789,61.060001373291016,41.40939712524414,11432700
2011-03-07,61.09000015258789,61.099998474121094,60.29999923706055,60.400001525878906,40.96178436279297,9584000
2011-03-08,60.47999954223633,60.9900016784668,60.34000015258789,60.709999084472656,41.17202377319336,8881800
2011-03-09,60.7400016784668,61.060001373291016,60.31999969482422,60.400001525878906,40.96178436279297,10082600
2011-03-10,60.13999938964844,60.29999923706055,59.400001525878906,59.61000061035156,40.42603302001953,14852300
2011-03-11,59.2400016784668,59.869998931884766,59.11000061035156,59.689998626708984,40.480289459228516,10426600
2011-03-14,59.4900016784668,59.4900016784668,58.91999816894531,59.130001068115234,40.10050964355469,11775000
2011-03-15,58.790000915527344,58.84000015258789,58.02000045776367,58.47999954223633,39.659698486328125,16016800
2011-03-16,58.56999969482422,58.56999969482422,57.5,57.65999984741211,39.10359573364258,16995600
2011-03-17,58.209999084472656,58.380001068115234,57.900001525878906,58.130001068115234,39.42233657836914,12456000
2011-03-18,58.560001373291016,58.689998626708984,58.099998474121094,58.56999969482422,39.720741271972656,14371900
2011-03-21,58.66999816894531,59.15999984741211,58.66999816894531,58.83000183105469,39.89705276489258,10692700
2011-03-22,58.79999923706055,59.150001525878906,58.70000076293945,58.790000915527344,39.86992645263672,10151800
2011-03-23,58.720001220703125,58.88999938964844,58.5,58.720001220703125,39.822452545166016,9899800
2011-03-24,58.97999954223633,59.08000183105469,58.72999954223633,59.029998779296875,40.032691955566406,8655800
2011-03-25,59.0099983215332,59.09000015258789,58.650001525878906,58.97999954223633,39.998779296875,8077400
2011-03-28,58.97999954223633,59.29999923706055,58.97999954223633,59.2400016784668,40.17510223388672,8382500
2011-03-29,58.97999954223633,59.310001373291016,58.93000030517578,59.220001220703125,40.16154479980469,9280300
2011-03-30,59.34000015258789,59.72999954223633,59.2400016784668,59.380001068115234,40.27006530761719,10736400
2011-03-31,59.209999084472656,59.70000076293945,59.209999084472656,59.25,40.1818962097168,9680200
2011-04-01,59.630001068115234,59.63999938964844,59.060001373291016,59.4900016784668,40.344661712646484,9908000
2011-04-04,59.5,60.18000030517578,59.459999084472656,60.150001525878906,40.79224395751953,9415100
2011-04-05,59.75,59.959999084472656,59.47999954223633,59.79999923706055,40.554893493652344,10557700
2011-04-06,59.70000076293945,59.900001525878906,59.599998474121094,59.65999984741211,40.45994567871094,10011200
2011-04-07,59.720001220703125,59.7599983215332,59.25,59.47999954223633,40.337867736816406,9232900
2011-04-08,59.72999954223633,59.779998779296875,59.310001373291016,59.459999084472656,40.32431411743164,7853200
2011-04-11,59.540000915527344,60.16999816894531,59.5,59.86000061035156,40.595577239990234,9845800
2011-04-12,59.65999984741211,60.08000183105469,59.65999984741211,59.939998626708984,40.64983367919922,9208000
2011-04-13,59.65999984741211,59.95000076293945,59.5099983215332,59.599998474121094,40.419246673583984,10509000
2011-04-14,59.54999923706055,60.119998931884766,59.4900016784668,60.02000045776367,40.704097747802734,10436200
2011-04-15,60.2400016784668,60.95000076293945,59.97999954223633,60.560001373291016,41.0703010559082,18608500
2011-04-18,60.45000076293945,61.189998626708984,60.099998474121094,60.459999084472656,41.002479553222656,20034800
2011-04-19,62.0,62.869998931884766,61.79999923706055,62.689998626708984,42.51481628417969,26083100
2011-04-20,63.209999084472656,64.54000091552734,63.18000030517578,64.38999938964844,43.6677131652832,26732100
2011-04-21,63.810001373291016,64.30000305175781,63.77000045776367,64.06999969482422,43.45070266723633,11688100
2011-04-25,63.650001525878906,64.19999694824219,63.5099983215332,64.11000061035156,43.47782897949219,7226900
2011-04-26,64.06999969482422,65.30000305175781,64.06999969482422,64.94999694824219,44.0474853515625,14500000
2011-04-27,63.45000076293945,65.5999984741211,63.400001525878906,65.56999969482422,44.467952728271484,23777500
2011-04-28,65.38999938964844,65.73999786376953,64.93000030517578,65.37999725341797,44.339111328125,13091400
2011-04-29,65.58999633789062,65.97000122070312,65.4000015258789,65.72000122070312,44.56969451904297,12100000
2011-05-02,65.91999816894531,66.30999755859375,65.80999755859375,66.20999908447266,44.90198516845703,15456200
2011-05-03,66.11000061035156,66.45999908447266,66.01000213623047,66.26000213623047,44.935909271240234,13105500
2011-05-04,66.0,66.31999969482422,65.37000274658203,65.66999816894531,44.5357780456543,13408900
2011-05-05,65.44999694824219,65.61000061035156,64.80000305175781,65.01000213623047,44.088191986083984,14925200
2011-05-06,65.25,65.5,65.12000274658203,65.2699966430664,44.26450729370117,11904600
2011-05-09,65.11000061035156,65.76000213623047,65.06999969482422,65.62999725341797,44.50864791870117,9003100
2011-05-10,65.61000061035156,65.80000305175781,65.27999877929688,65.76000213623047,44.596805572509766,9693100
2011-05-11,66.31999969482422,66.73999786376953,65.80999755859375,66.56999969482422,45.14613342285156,19986100
2011-05-12,66.04000091552734,67.37000274658203,65.81999969482422,67.19000244140625,45.566593170166016,15622200
2011-05-13,67.08999633789062,67.25,65.94999694824219,66.62000274658203,45.1800537109375,11700900
2011-05-16,66.41000366210938,66.79000091552734,66.19000244140625,66.37000274658203,45.01050567626953,11513200
2011-05-17,66.2300033569336,66.4800033569336,65.86000061035156,66.4000015258789,45.030853271484375,10784100
2011-05-18,66.16999816894531,66.51000213623047,65.94000244140625,66.5,45.09867858886719,9028400
2011-05-19,66.52999877929688,66.52999877929688,65.8499984741211,66.38999938964844,45.02406692504883,9685100
2011-05-20,66.25,66.33000183105469,65.27999877929688,65.69000244140625,44.549346923828125,12367000
2011-05-23,65.19000244140625,65.69000244140625,65.08000183105469,65.55999755859375,44.461181640625,12020200
2011-05-24,65.73999786376953,66.2300033569336,65.5,65.77999877929688,44.61038589477539,11017700
2011-05-25,66.29000091552734,66.58999633789062,66.06999969482422,66.29000091552734,44.956241607666016,14767100
2011-05-26,65.58999633789062,65.77999877929688,65.27999877929688,65.51000213623047,44.81259536743164,12044100
2011-05-27,65.79000091552734,66.97000122070312,65.5999984741211,66.7699966430664,45.674503326416016,16385700
2011-05-31,67.30999755859375,67.33999633789062,66.98999786376953,67.29000091552734,46.030208587646484,16473800
2011-06-01,67.0199966430664,67.29000091552734,66.45999908447266,66.4800033569336,45.476139068603516,11003400
2011-06-02,66.44000244140625,66.76000213623047,66.27999877929688,66.4800033569336,45.476139068603516,9582900
2011-06-03,65.83999633789062,66.36000061035156,65.80000305175781,66.08999633789062,45.20933532714844,10364900
2011-06-06,65.87000274658203,66.22000122070312,65.83999633789062,66.05000305175781,45.18199920654297,8397400
2011-06-07,66.0,66.27999877929688,65.5,65.5,44.805747985839844,10426800
2011-06-08,65.48999786376953,66.2300033569336,65.18000030517578,66.13999938964844,45.24354934692383,10020300
2011-06-09,66.33000183105469,67.27999877929688,66.16999816894531,66.77999877929688,45.681331634521484,14054500
2011-06-10,66.48999786376953,66.68000030517578,66.08999633789062,66.08999633789062,45.20933532714844,9312900
2011-06-13,66.31999969482422,66.95999908447266,66.26000213623047,66.58999633789062,45.551368713378906,8146200
2011-06-14,66.94999694824219,67.36000061035156,66.75,67.0999984741211,45.90025329589844,11389100
2011-06-15,67.0,67.0,65.70999908447266,66.16000366210938,45.257232666015625,12623500
2011-06-16,65.69999694824219,66.3499984741211,65.47000122070312,66.31999969482422,45.36668395996094,11683900
2011-06-17,66.62999725341797,66.94999694824219,66.19000244140625,66.29000091552734,45.34614944458008,14336400
2011-06-20,66.08000183105469,66.73999786376953,66.06999969482422,66.51000213623047,45.49666213989258,9309200
2011-06-21,66.5199966430664,66.75,66.16000366210938,66.48999786376953,45.48298645019531,9811500
2011-06-22,66.47000122070312,66.62000274658203,66.05000305175781,66.06999969482422,45.195682525634766,7988100
2011-06-23,65.54000091552734,65.73999786376953,64.69000244140625,65.66999816894531,44.92203140258789,16234800
2011-06-24,65.56999969482422,65.61000061035156,64.83000183105469,65.05999755859375,44.5047607421875,13186200
2011-06-27,65.29000091552734,65.61000061035156,65.0,65.25,44.634742736816406,7199500
2011-06-28,65.58999633789062,66.12000274658203,65.37999725341797,65.91000366210938,45.08621597290039,7724600
2011-06-29,66.2300033569336,66.58999633789062,65.93000030517578,66.30999755859375,45.35985565185547,9227000
2011-06-30,66.41999816894531,66.91000366210938,66.25,66.5199966430664,45.50349807739258,9747200
2011-07-01,66.4800033569336,67.36000061035156,66.2699966430664,67.30000305175781,46.03706359863281,9216500
2011-07-05,67.29000091552734,67.66999816894531,67.25,67.62000274658203,46.25594711303711,9773600
2011-07-06,67.62999725341797,67.75,67.37000274658203,67.55000305175781,46.208072662353516,7100400
2011-07-07,67.81999969482422,68.05000305175781,67.4000015258789,67.91999816894531,46.4611701965332,8415200
2011-07-08,67.80999755859375,67.98999786376953,67.19000244140625,67.56999969482422,46.22175598144531,7866100
2011-07-11,66.87999725341797,67.41000366210938,66.83000183105469,67.2699966430664,46.01652145385742,8918900
2011-07-12,66.9000015258789,67.68000030517578,66.83000183105469,67.02999877929688,45.852352142333984,10528700
2011-07-13,67.38999938964844,67.9800033569336,67.20999908447266,67.62999725341797,46.262794494628906,9031700
2011-07-14,67.5999984741211,67.93000030517578,67.47000122070312,67.66000366210938,46.283321380615234,9636500
2011-07-15,67.7300033569336,67.94999694824219,66.98999786376953,67.44999694824219,46.139678955078125,10245100
2011-07-18,67.16999816894531,67.3499984741211,66.55000305175781,67.08999633789062,45.89339828491211,10361000
2011-07-19,67.0999984741211,67.22000122070312,66.1500015258789,66.72000122070312,45.64030075073242,13677400
2011-07-20,66.56999969482422,66.9000015258789,66.05999755859375,66.23999786376953,45.31196594238281,8912600
2011-07-21,66.44999694824219,66.79000091552734,66.12999725341797,66.47000122070312,45.46929931640625,11394100
2011-07-22,66.69000244140625,66.79000091552734,66.48999786376953,66.72000122070312,45.64030075073242,7721000
2011-07-25,66.20999908447266,66.43000030517578,66.01000213623047,66.25,45.31879806518555,10247700
2011-07-26,66.16999816894531,66.31999969482422,65.87000274658203,65.91999816894531,45.093055725097656,10008300
2011-07-27,65.76000213623047,65.87000274658203,65.13999938964844,65.2300033569336,44.621063232421875,12810400
2011-07-28,65.2300033569336,65.62000274658203,64.77999877929688,65.08000183105469,44.51845932006836,9920400
2011-07-29,64.73999786376953,64.93000030517578,64.12999725341797,64.79000091552734,44.320072174072266,16829000
2011-08-01,65.27999877929688,65.33000183105469,63.65999984741211,64.41000366210938,44.060142517089844,15842200
2011-08-02,64.11000061035156,64.3499984741211,63.43000030517578,63.43000030517578,43.38975524902344,17118300
2011-08-03,63.369998931884766,63.529998779296875,61.86000061035156,63.40999984741211,43.376068115234375,17660300
2011-08-04,62.61000061035156,63.15999984741211,61.810001373291016,61.84000015258789,42.3021125793457,23485600
2011-08-05,62.119998931884766,63.43000030517578,61.04999923706055,62.709999084472656,42.89723587036133,24037800
2011-08-08,61.79999923706055,62.58000183105469,61.04999923706055,61.119998931884766,41.80957794189453,32423200
2011-08-09,61.709999084472656,62.369998931884766,59.08000183105469,62.20000076293945,42.54836654663086,36288000
2011-08-10,61.619998931884766,61.959999084472656,60.0099983215332,60.20000076293945,41.18024826049805,32688900
2011-08-11,60.18000030517578,64.19000244140625,60.130001068115234,63.439998626708984,43.3965950012207,33514400
2011-08-12,63.61000061035156,63.9900016784668,62.900001525878906,63.36000061035156,43.34186553955078,42324600
2011-08-15,63.849998474121094,64.62000274658203,63.61000061035156,64.58999633789062,44.183265686035156,39362000
2011-08-16,63.77000045776367,64.70999908447266,63.689998626708984,64.36000061035156,44.02594757080078,13142100
2011-08-17,64.55999755859375,64.8499984741211,63.79999923706055,64.26000213623047,43.95753479003906,11847600
2011-08-18,63.189998626708984,63.58000183105469,62.02000045776367,63.15999984741211,43.205047607421875,23376400
2011-08-19,62.90999984741211,63.779998779296875,62.7400016784668,63.13999938964844,43.191368103027344,19394800
2011-08-22,63.9900016784668,64.0999984741211,63.0099983215332,63.290000915527344,43.29398727416992,13689300
2011-08-23,63.52000045776367,64.98999786376953,63.41999816894531,64.97000122070312,44.443206787109375,14879000
2011-08-24,65.37999725341797,65.69999694824219,64.83999633789062,65.52999877929688,44.82627487182617,14523000
2011-08-25,65.48999786376953,65.48999786376953,64.19999694824219,64.55000305175781,44.15589141845703,13134400
2011-08-26,63.54999923706055,64.56999969482422,62.5,64.27999877929688,44.36293029785156,14150600
2011-08-29,64.63999938964844,65.91999816894531,64.55999755859375,65.86000061035156,45.4533805847168,12867900
2011-08-30,65.81999969482422,66.04000091552734,65.19000244140625,65.7699966430664,45.39126205444336,11183000
2011-08-31,66.02999877929688,66.2300033569336,65.33999633789062,65.80000305175781,45.41197967529297,14555300
2011-09-01,65.66000366210938,66.13999938964844,65.11000061035156,65.33000183105469,45.08760070800781,11141100
2011-09-02,64.83000183105469,65.0,63.90999984741211,64.06999969482422,44.218013763427734,13713600
2011-09-06,63.16999816894531,64.75,62.5,64.63999938964844,44.61140823364258,15848300
2011-09-07,65.04000091552734,65.44999694824219,64.69000244140625,65.43000030517578,45.15663146972656,10759700
2011-09-08,64.95999908447266,65.93000030517578,64.83999633789062,64.94999694824219,44.82534408569336,15551500
2011-09-09,64.38999938964844,64.41000366210938,63.290000915527344,63.63999938964844,43.921260833740234,17008200
2011-09-12,63.099998474121094,63.61000061035156,62.29999923706055,63.59000015258789,43.886741638183594,13448200
2011-09-13,63.9900016784668,64.05000305175781,63.18000030517578,63.61000061035156,43.90054702758789,11595300
2011-09-14,63.95000076293945,64.47000122070312,62.97999954223633,63.72999954223633,43.983360290527344,13429500
2011-09-15,64.27999877929688,64.62999725341797,63.91999816894531,64.4000015258789,44.445777893066406,10625800
2011-09-16,64.5199966430664,64.73999786376953,63.959999084472656,64.58999633789062,44.57686996459961,15688800
2011-09-19,64.05000305175781,64.38999938964844,63.630001068115234,64.13999938964844,44.26632308959961,8571800
2011-09-20,64.41999816894531,64.8499984741211,63.790000915527344,64.22000122070312,44.32154083251953,10874800
2011-09-21,64.19000244140625,64.5999984741211,63.099998474121094,63.130001068115234,43.56926727294922,10041300
2011-09-22,62.15999984741211,62.599998474121094,61.13999938964844,61.91999816894531,42.734188079833984,19456900
2011-09-23,61.29999923706055,61.900001525878906,61.0,61.59000015258789,42.506439208984375,10983700
2011-09-26,62.04999923706055,62.849998474121094,62.0099983215332,62.689998626708984,43.26560592651367,10561700
2011-09-27,63.369998931884766,64.3499984741211,62.709999084472656,63.81999969482422,44.04548263549805,13118200
2011-09-28,63.900001525878906,64.44999694824219,63.13999938964844,63.25,43.6520881652832,8964200
2011-09-29,63.91999816894531,64.23999786376953,63.02000045776367,63.900001525878906,44.100685119628906,8923300
2011-09-30,63.220001220703125,64.73999786376953,63.150001525878906,63.689998626708984,43.955753326416016,14556100
2011-10-03,63.650001525878906,64.20999908447266,62.04999923706055,62.08000183105469,42.8446159362793,16891100
2011-10-04,61.54999923706055,62.33000183105469,60.83000183105469,62.16999816894531,42.90671920776367,18192000
2011-10-05,62.209999084472656,62.5099983215332,61.599998474121094,62.349998474121094,43.030948638916016,15405200
2011-10-06,62.52000045776367,62.83000183105469,62.099998474121094,62.810001373291016,43.348411560058594,9595400
2011-10-07,63.0099983215332,63.720001220703125,63.0,63.130001068115234,43.56926727294922,12361600
2011-10-10,63.88999938964844,64.43000030517578,63.63999938964844,64.43000030517578,44.46646499633789,7104000
2011-10-11,64.26000213623047,64.36000061035156,63.849998474121094,63.959999084472656,44.14209747314453,7628700
2011-10-12,64.12999725341797,64.69000244140625,63.869998931884766,64.33000183105469,44.3974609375,9375100
2011-10-13,64.44999694824219,64.44999694824219,63.56999969482422,64.2300033569336,44.32844543457031,7781100
2011-10-14,64.69000244140625,64.73999786376953,64.16999816894531,64.72000122070312,44.66661834716797,6678800
2011-10-17,64.4000015258789,64.83999633789062,63.619998931884766,63.790000915527344,44.0247688293457,10797900
2011-10-18,63.7599983215332,64.73999786376953,63.400001525878906,64.41999816894531,44.459571838378906,11705300
2011-10-19,64.51000213623047,64.51000213623047,62.15999984741211,62.63999938964844,43.23110580444336,19964600
2011-10-20,62.959999084472656,63.130001068115234,62.310001373291016,62.529998779296875,43.155174255371094,11562600
2011-10-21,63.11000061035156,63.84000015258789,62.88999938964844,63.779998779296875,44.01786804199219,13175400
2011-10-24,63.900001525878906,64.79000091552734,63.599998474121094,64.7300033569336,44.67351150512695,12552700
2011-10-25,64.55999755859375,64.83000183105469,63.560001373291016,63.689998626708984,43.955753326416016,10324800
2011-10-26,64.19000244140625,64.5999984741211,63.790000915527344,64.48999786376953,44.50788116455078,9932100
2011-10-27,64.98999786376953,65.69000244140625,64.70999908447266,65.5,45.20492935180664,16450700
2011-10-28,65.63999938964844,65.8499984741211,65.02999877929688,65.5999984741211,45.27394485473633,10390800
2011-10-31,65.16999816894531,65.86000061035156,64.37999725341797,64.38999938964844,44.43886184692383,13720400
2011-11-01,63.68000030517578,64.0999984741211,63.18000030517578,63.380001068115234,43.74180603027344,14749900
2011-11-02,64.38999938964844,64.38999938964844,63.40999984741211,63.63999938964844,43.921260833740234,10136200
2011-11-03,64.06999969482422,64.5199966430664,63.66999816894531,64.33999633789062,44.40435028076172,10466000
2011-11-04,64.0,64.54000091552734,63.40999984741211,64.12000274658203,44.252525329589844,9725200
2011-11-07,63.959999084472656,64.33999633789062,63.25,64.0,44.169700622558594,8783900
2011-11-08,64.08999633789062,64.98999786376953,63.95000076293945,64.86000061035156,44.76323699951172,7989500
2011-11-09,64.06999969482422,64.12999725341797,63.099998474121094,63.529998779296875,43.845340728759766,11072500
2011-11-10,64.12999725341797,64.41999816894531,63.65999984741211,64.12000274658203,44.252525329589844,7597500
2011-11-11,64.62000274658203,65.48999786376953,64.62000274658203,65.25,45.03238296508789,9086800
2011-11-14,64.97000122070312,65.33000183105469,64.6500015258789,64.91000366210938,44.7977409362793,8276100
2011-11-15,64.97000122070312,65.29000091552734,64.51000213623047,64.98999786376953,44.85295867919922,10726300
2011-11-16,64.52999877929688,65.16000366210938,64.30000305175781,64.4000015258789,44.445777893066406,8398100
2011-11-17,64.16999816894531,64.51000213623047,63.29999923706055,63.939998626708984,44.1282844543457,13924700
2011-11-18,64.19000244140625,64.19999694824219,63.560001373291016,63.849998474121094,44.06616973876953,12659600
2011-11-21,63.27000045776367,63.34000015258789,62.880001068115234,62.939998626708984,43.43812561035156,32806700
2011-11-22,62.95000076293945,63.20000076293945,62.70000076293945,62.900001525878906,43.4105339050293,8680000
2011-11-23,62.59000015258789,62.650001525878906,61.9900016784668,61.9900016784668,42.782493591308594,10362800
2011-11-25,61.310001373291016,61.63999938964844,61.04999923706055,61.27000045776367,42.678001403808594,5838800
2011-11-28,61.880001068115234,62.709999084472656,61.779998779296875,62.369998931884766,43.44422912597656,11678000
2011-11-29,62.81999969482422,63.130001068115234,62.459999084472656,62.779998779296875,43.72982406616211,8923600
2011-11-30,63.91999816894531,64.73999786376953,63.79999923706055,64.72000122070312,45.08112335205078,15032600
2011-12-01,64.68000030517578,64.94999694824219,64.3499984741211,64.44999694824219,44.89305877685547,9852700
2011-12-02,64.87000274658203,64.88999938964844,63.29999923706055,63.470001220703125,44.210445404052734,15792800
2011-12-05,64.0999984741211,64.25,62.849998474121094,63.36000061035156,44.133827209472656,15294500
2011-12-06,63.61000061035156,63.93000030517578,63.2599983215332,63.4900016784668,44.22438430786133,10417800
2011-12-07,63.56999969482422,64.80999755859375,63.369998931884766,64.44999694824219,44.89305877685547,11504700
2011-12-08,64.13999938964844,64.44999694824219,63.560001373291016,63.779998779296875,44.42637252807617,9566800
2011-12-09,64.31999969482422,64.68000030517578,63.97999954223633,64.52999877929688,44.94878387451172,8835700
2011-12-12,63.869998931884766,64.19999694824219,63.349998474121094,63.5099983215332,44.2382926940918,10808700
2011-12-13,64.08000183105469,64.08000183105469,63.13999938964844,63.36000061035156,44.133827209472656,14215500
2011-12-14,63.380001068115234,63.779998779296875,62.93000030517578,63.18000030517578,44.0084342956543,9802400
2011-12-15,63.650001525878906,64.0999984741211,63.56999969482422,64.0,44.57960891723633,9656700
2011-12-16,64.36000061035156,64.37000274658203,63.54999923706055,64.30000305175781,44.788597106933594,19214300
2011-12-19,64.18000030517578,64.27999877929688,63.36000061035156,63.529998779296875,44.252235412597656,9024700
2011-12-20,64.0199966430664,64.7300033569336,64.01000213623047,64.5199966430664,44.94181442260742,12247700
2011-12-21,64.80999755859375,65.0,64.58000183105469,64.95999908447266,45.24829864501953,8517800
2011-12-22,65.05999755859375,65.26000213623047,64.62000274658203,65.18000030517578,45.40156173706055,7428000
2011-12-23,65.2300033569336,66.0,65.18000030517578,65.9800033569336,45.95879364013672,6503300
2011-12-27,65.98999786376953,66.31999969482422,65.9000015258789,66.0199966430664,45.98666000366211,4995100
2011-12-28,65.97000122070312,66.02999877929688,65.30000305175781,65.44999694824219,45.589622497558594,5943900
2011-12-29,65.30999755859375,66.02999877929688,65.25,65.87999725341797,45.8891487121582,5702400
2011-12-30,65.58999633789062,65.93000030517578,65.52999877929688,65.58000183105469,45.6801643371582,4959700
2012-01-03,65.58999633789062,66.0,65.25,65.87999725341797,45.8891487121582,16116200
2012-01-04,65.75,65.87999725341797,65.11000061035156,65.4800033569336,45.61051940917969,9243100
2012-01-05,65.31999969482422,65.5999984741211,64.83000183105469,65.4000015258789,45.55478286743164,11886900
2012-01-06,65.44000244140625,65.45999908447266,64.61000061035156,64.83000183105469,45.15776062011719,15359900
2012-01-09,64.95999908447266,65.08999633789062,64.41000366210938,64.93000030517578,45.227413177490234,7934600
2012-01-10,65.11000061035156,65.4000015258789,65.0,65.19999694824219,45.415470123291016,8476600
2012-01-11,65.11000061035156,65.54000091552734,64.83999633789062,65.12999725341797,45.366729736328125,6784600
2012-01-12,65.27999877929688,65.41000366210938,64.93000030517578,65.2300033569336,45.4363899230957,7402900
2012-01-13,64.97000122070312,65.27999877929688,64.36000061035156,65.26000213623047,45.457279205322266,8978800
2012-01-17,65.54000091552734,65.69000244140625,64.5,65.12000274658203,45.3597526550293,8359900
2012-01-18,65.26000213623047,65.37000274658203,65.0,65.27999877929688,45.47119903564453,8095600
2012-01-19,65.16000366210938,65.25,64.79000091552734,65.19000244140625,45.40851974487305,11699800
2012-01-20,65.27999877929688,65.55000305175781,64.54000091552734,65.2699966430664,45.464237213134766,14715500
2012-01-23,65.2300033569336,65.33000183105469,64.87999725341797,65.0,45.27616882324219,10125000
2012-01-24,64.33999633789062,65.44999694824219,64.33999633789062,65.0,45.27616882324219,12367900
2012-01-25,64.83000183105469,65.30000305175781,64.76000213623047,65.22000122070312,45.429420471191406,10531400
2012-01-26,65.52999877929688,65.87999725341797,65.22000122070312,65.69999694824219,45.76375961303711,12546100
2012-01-27,65.62000274658203,65.87000274658203,65.45999908447266,65.55999755859375,45.66624069213867,10466300
2012-01-30,65.33000183105469,65.70999908447266,65.12999725341797,65.70999908447266,45.77072525024414,7482100
2012-01-31,65.86000061035156,65.94999694824219,65.55999755859375,65.91000366210938,45.9100456237793,13562900
2012-02-01,65.97000122070312,66.31999969482422,65.6500015258789,65.69000244140625,45.75678253173828,12275900
2012-02-02,65.94000244140625,65.97000122070312,65.3499984741211,65.58999633789062,45.68712615966797,8282400
2012-02-03,65.9000015258789,66.0199966430664,65.52999877929688,65.63999938964844,45.721954345703125,9036200
2012-02-06,65.45999908447266,65.58000183105469,65.05000305175781,65.19000244140625,45.40851974487305,9535700
2012-02-07,65.16000366210938,65.38999938964844,65.0199966430664,65.26000213623047,45.457279205322266,9248100
2012-02-08,65.19999694824219,65.3499984741211,65.08999633789062,65.23999786376953,45.44335174560547,6889400
2012-02-09,65.16000366210938,65.3499984741211,64.81999969482422,64.88999938964844,45.19954299926758,10936200
2012-02-10,64.70999908447266,64.7699966430664,64.25,64.5999984741211,44.99755096435547,13954200
2012-02-13,64.9000015258789,64.94999694824219,64.5999984741211,64.68000030517578,45.05327606201172,9662500
2012-02-14,64.75,64.86000061035156,64.33000183105469,64.61000061035156,45.0045166015625,8978500
2012-02-15,64.51000213623047,64.94999694824219,64.47000122070312,64.6500015258789,45.03236770629883,9023400
2012-02-16,64.5999984741211,65.16000366210938,64.44000244140625,64.91999816894531,45.220455169677734,8194500
2012-02-17,65.22000122070312,65.27999877929688,64.80999755859375,64.98999786376953,45.269195556640625,9057500
2012-02-21,65.2300033569336,65.23999786376953,64.75,65.04000091552734,45.30402374267578,8081700
2012-02-22,65.08000183105469,65.33999633789062,64.87000274658203,65.0,45.27616882324219,8150600
2012-02-23,65.19000244140625,66.05000305175781,64.9000015258789,65.0999984741211,45.3458251953125,8991500
2012-02-24,64.79000091552734,64.79000091552734,64.19000244140625,64.45999908447266,45.29663848876953,10478200
2012-02-27,64.26000213623047,64.63999938964844,64.0199966430664,64.44999694824219,45.28961181640625,8523000
2012-02-28,64.5999984741211,65.41999816894531,64.5,65.18000030517578,45.802589416503906,11581400
2012-02-29,65.22000122070312,65.26000213623047,64.70999908447266,65.08000183105469,45.732322692871094,11489100
2012-03-01,65.11000061035156,65.26000213623047,64.63999938964844,64.83000183105469,45.55663299560547,8813800
2012-03-02,64.73999786376953,64.87000274658203,64.56999969482422,64.7699966430664,45.51448059082031,6063900
2012-03-05,64.69000244140625,64.95999908447266,64.54000091552734,64.91000366210938,45.61285400390625,7601000
2012-03-06,64.45999908447266,64.7300033569336,64.19000244140625,64.3499984741211,45.219337463378906,9511100
2012-03-07,64.2699966430664,64.45999908447266,64.12000274658203,64.30000305175781,45.18421936035156,8591800
2012-03-08,64.94999694824219,65.08000183105469,64.73999786376953,64.8499984741211,45.57069396972656,11311100
2012-03-09,64.83000183105469,65.0,64.58999633789062,64.73999786376953,45.493385314941406,8410600
2012-03-12,64.55000305175781,65.1500015258789,64.54000091552734,65.0999984741211,45.746368408203125,7284700
2012-03-13,65.41999816894531,65.44000244140625,65.02999877929688,65.33000183105469,45.90799331665039,9884100
2012-03-14,65.20999908447266,65.37999725341797,65.0199966430664,65.08000183105469,45.732322692871094,9612200
2012-03-15,64.93000030517578,65.37999725341797,64.8499984741211,65.06999969482422,45.725284576416016,11372900
2012-03-16,65.19999694824219,65.45999908447266,64.80999755859375,65.12000274658203,45.76041793823242,17707000
2012-03-19,64.94999694824219,65.2699966430664,64.9000015258789,65.20999908447266,45.823665618896484,7321800
2012-03-20,65.0,65.12999725341797,64.76000213623047,64.95999908447266,45.64799499511719,7760400
2012-03-21,64.95999908447266,65.06999969482422,64.63999938964844,64.76000213623047,45.50743865966797,7839600
2012-03-22,64.68000030517578,64.69000244140625,64.4000015258789,64.45999908447266,45.29663848876953,10621300
2012-03-23,64.48999786376953,64.70999908447266,64.37000274658203,64.55000305175781,45.35988235473633,8062500
2012-03-26,64.88999938964844,65.26000213623047,64.83000183105469,65.16999816894531,45.795555114746094,8503800
2012-03-27,65.33000183105469,65.5,65.22000122070312,65.4000015258789,45.95718002319336,10723800
2012-03-28,65.4000015258789,65.62000274658203,65.18000030517578,65.62000274658203,46.11178207397461,10305500
2012-03-29,65.27999877929688,65.54000091552734,65.19999694824219,65.54000091552734,46.05556869506836,9553300
2012-03-30,65.62999725341797,66.18000030517578,65.58000183105469,65.95999908447266,46.35068893432617,11307700
2012-04-02,66.04000091552734,66.30000305175781,65.81999969482422,66.20999908447266,46.52637481689453,8785900
2012-04-03,66.12000274658203,66.1500015258789,65.5,65.87999725341797,46.29448318481445,9128400
2012-04-04,65.61000061035156,65.69999694824219,65.36000061035156,65.38999938964844,45.950157165527344,9432300
2012-04-05,65.26000213623047,65.37999725341797,65.08999633789062,65.33999633789062,45.91503143310547,7922700
2012-04-09,64.94999694824219,65.2300033569336,64.87999725341797,64.91999816894531,45.6198844909668,6363400
2012-04-10,64.80999755859375,64.86000061035156,64.16000366210938,64.19999694824219,45.113929748535156,12793200
2012-04-11,64.69000244140625,64.69000244140625,63.959999084472656,64.12999725341797,45.064735412597656,10434100
2012-04-12,64.05000305175781,64.1500015258789,63.68000030517578,64.1500015258789,45.07880783081055,13122300
2012-04-13,63.939998626708984,64.0,63.52000045776367,63.540000915527344,44.6501350402832,11226600
2012-04-16,63.720001220703125,64.16000366210938,63.66999816894531,63.97999954223633,44.95934295654297,10502400
2012-04-17,64.2300033569336,64.27999877929688,63.27000045776367,64.22000122070312,45.12799072265625,18322900
2012-04-18,63.900001525878906,63.91999816894531,63.119998931884766,63.2599983215332,44.453392028808594,20567700
2012-04-19,63.220001220703125,63.540000915527344,62.7599983215332,63.029998779296875,44.29175567626953,15189000
2012-04-20,63.220001220703125,63.970001220703125,63.20000076293945,63.709999084472656,44.76960372924805,14320700
2012-04-23,63.5,63.689998626708984,63.29999923706055,63.369998931884766,44.53067398071289,10120900
2012-04-24,63.54999923706055,63.790000915527344,63.36000061035156,63.77000045776367,44.81175994873047,9022400
2012-04-25,63.959999084472656,64.58000183105469,63.84000015258789,64.43000030517578,45.27555465698242,11162800
2012-04-26,64.41000366210938,64.97000122070312,64.26000213623047,64.75,45.50041580200195,9139200
2012-04-27,64.94999694824219,65.12999725341797,64.68000030517578,64.83999633789062,45.56367111206055,10746700
2012-04-30,64.8499984741211,65.38999938964844,64.83999633789062,65.0999984741211,45.746368408203125,11362300
2012-05-01,64.91000366210938,65.36000061035156,64.80000305175781,65.22000122070312,45.8306999206543,10107900
2012-05-02,65.16999816894531,65.33000183105469,64.83999633789062,65.33000183105469,45.90799331665039,8349700
2012-05-03,65.4000015258789,65.48999786376953,65.0999984741211,65.33999633789062,45.91503143310547,10431800
2012-05-04,65.19000244140625,65.29000091552734,64.73999786376953,64.73999786376953,45.493385314941406,10301300
2012-05-07,64.58000183105469,65.0199966430664,64.51000213623047,64.80000305175781,45.535552978515625,8387800
2012-05-08,64.68000030517578,64.9800033569336,64.55000305175781,64.9800033569336,45.66204833984375,12491900
2012-05-09,64.58999633789062,64.87999725341797,64.25,64.27999877929688,45.17013168334961,10649400
2012-05-10,64.80999755859375,64.86000061035156,64.38999938964844,64.56999969482422,45.373931884765625,7702000
2012-05-11,64.43000030517578,64.98999786376953,64.2300033569336,64.33999633789062,45.21231460571289,37824600
2012-05-14,64.02999877929688,64.0999984741211,63.560001373291016,63.93000030517578,44.9241943359375,39687800
2012-05-15,63.70000076293945,64.13999938964844,63.40999984741211,63.61000061035156,44.699337005615234,8500000
2012-05-16,63.790000915527344,63.93000030517578,63.45000076293945,63.709999084472656,44.76960372924805,10018400
2012-05-17,63.709999084472656,64.0,63.47999954223633,63.54999923706055,44.65717315673828,7993500
2012-05-18,63.869998931884766,63.90999984741211,63.09000015258789,63.349998474121094,44.51662826538086,13781300
2012-05-21,63.2599983215332,63.83000183105469,63.25,63.470001220703125,44.6009521484375,8784900
2012-05-22,63.400001525878906,63.79999923706055,63.33000183105469,63.52000045776367,44.636085510253906,8409300
2012-05-23,63.400001525878906,63.75,62.880001068115234,63.27000045776367,44.46039962768555,11269100
2012-05-24,62.88999938964844,63.34000015258789,62.79999923706055,63.099998474121094,44.772613525390625,9309400
2012-05-25,62.880001068115234,62.97999954223633,62.290000915527344,62.5099983215332,44.353981018066406,11208500
2012-05-29,62.84000015258789,62.93000030517578,62.29999923706055,62.59000015258789,44.410743713378906,10089700
2012-05-30,62.34000015258789,62.400001525878906,62.0,62.209999084472656,44.14110565185547,9414700
2012-05-31,62.36000061035156,62.880001068115234,62.13999938964844,62.43000030517578,44.297218322753906,13297100
2012-06-01,62.040000915527344,62.310001373291016,61.709999084472656,61.779998779296875,43.83600616455078,12061100
2012-06-04,62.040000915527344,62.45000076293945,61.88999938964844,62.34000015258789,44.23335647583008,9200000
2012-06-05,62.15999984741211,62.380001068115234,62.0,62.209999084472656,44.14110565185547,9523400
2012-06-06,62.09000015258789,62.79999923706055,61.88999938964844,62.79999923706055,44.55973815917969,11562500
2012-06-07,63.18000030517578,63.20000076293945,62.5099983215332,62.79999923706055,44.55973815917969,12959300
2012-06-08,62.540000915527344,63.040000915527344,62.33000183105469,62.97999954223633,44.687469482421875,11249500
2012-06-11,62.970001220703125,63.029998779296875,62.11000061035156,62.119998931884766,44.07725524902344,12226400
2012-06-12,62.15999984741211,63.27000045776367,61.83000183105469,63.08000183105469,44.75841522216797,26655400
2012-06-13,64.23999786376953,64.69999694824219,63.18000030517578,64.44999694824219,45.73051071166992,98440200
2012-06-14,64.3499984741211,65.75,64.29000091552734,65.44999694824219,46.4400520324707,34314900
2012-06-15,65.9000015258789,66.0999984741211,65.51000213623047,66.01000213623047,46.837406158447266,25992800
2012-06-18,65.81999969482422,66.38999938964844,65.81999969482422,66.30000305175781,47.04318618774414,25750000
2012-06-19,66.4000015258789,66.95999908447266,66.36000061035156,66.72000122070312,47.341190338134766,23615400
2012-06-20,66.77999877929688,67.0,66.45999908447266,67.0,47.53986740112305,21254600
2012-06-21,66.55000305175781,66.97000122070312,66.16000366210938,66.38999938964844,47.107032775878906,24545300
2012-06-22,66.66000366210938,66.97000122070312,66.5199966430664,66.62999725341797,47.27732849121094,18965700
2012-06-25,66.26000213623047,66.62999725341797,66.13999938964844,66.5,47.185089111328125,13734500
2012-06-26,66.55999755859375,66.69000244140625,66.41000366210938,66.41999816894531,47.12831497192383,11100000
2012-06-27,66.41999816894531,67.19999694824219,66.36000061035156,66.83999633789062,47.42633819580078,17594200
2012-06-28,66.70999908447266,67.0,66.44000244140625,66.94000244140625,47.497276306152344,12110900
2012-06-29,67.30000305175781,67.69999694824219,67.20999908447266,67.55999755859375,47.93720245361328,18286000
2012-07-02,67.41999816894531,68.0,67.33999633789062,68.0,48.2494010925293,12552700
2012-07-03,67.95999908447266,68.12000274658203,67.72000122070312,68.04000091552734,48.27778625488281,8902400
2012-07-05,67.91999816894531,68.1500015258789,67.77999877929688,67.77999877929688,48.09331130981445,11857800
2012-07-06,67.51000213623047,67.87999725341797,67.36000061035156,67.63999938964844,47.993980407714844,9758000
2012-07-09,67.73999786376953,67.95999908447266,67.62999725341797,67.77999877929688,48.09331130981445,12485900
2012-07-10,67.97000122070312,68.0999984741211,67.73999786376953,67.87999725341797,48.164268493652344,12851800
2012-07-11,68.02999877929688,68.11000061035156,67.72000122070312,67.9000015258789,48.17844772338867,12026100
2012-07-12,67.62000274658203,68.12000274658203,67.44000244140625,67.70999908447266,48.04365921020508,16484200
2012-07-13,67.79000091552734,68.73999786376953,67.7300033569336,68.61000061035156,48.682228088378906,13238800
2012-07-16,68.47000122070312,68.72000122070312,68.36000061035156,68.44999694824219,48.568695068359375,12921500
2012-07-17,67.83999633789062,69.18000030517578,67.61000061035156,69.0,48.95895004272461,24201900
2012-07-18,68.73999786376953,69.45999908447266,68.66000366210938,69.37000274658203,49.22149658203125,15616200
2012-07-19,69.25,69.69999694824219,68.9800033569336,69.52999877929688,49.33503341674805,13499500
2012-07-20,69.3499984741211,69.36000061035156,68.3499984741211,68.62999725341797,48.69642639160156,13964600
2012-07-23,68.13999938964844,68.30999755859375,67.6500015258789,68.11000061035156,48.32744598388672,11771400
2012-07-24,68.0999984741211,68.25,67.0,67.3499984741211,47.788204193115234,12145700
2012-07-25,67.66999816894531,68.0199966430664,67.38999938964844,67.52999877929688,47.91592788696289,9882200
2012-07-26,68.30000305175781,68.9800033569336,68.20999908447266,68.73999786376953,48.77448654174805,16477200
2012-07-27,68.94999694824219,69.68000030517578,68.88999938964844,69.5199966430664,49.32792663574219,14015900
2012-07-30,69.37000274658203,69.6500015258789,69.16000366210938,69.44999694824219,49.27825927734375,8379500
2012-07-31,69.25,69.55999755859375,69.0999984741211,69.22000122070312,49.115055084228516,10313900
2012-08-01,69.4800033569336,69.75,69.25,69.37999725341797,49.22858810424805,11681700
2012-08-02,68.80999755859375,68.9800033569336,68.0199966430664,68.44999694824219,48.568695068359375,13536000
2012-08-03,68.9800033569336,69.31999969482422,68.88999938964844,69.12000274658203,49.044097900390625,10898800
2012-08-06,69.18000030517578,69.33999633789062,68.77999877929688,68.83999633789062,48.845436096191406,8723200
2012-08-07,68.80999755859375,68.94000244140625,68.20999908447266,68.29000091552734,48.455177307128906,11268400
2012-08-08,68.29000091552734,68.55999755859375,68.22000122070312,68.3499984741211,48.49774932861328,6573100
2012-08-09,68.33000183105469,68.6500015258789,68.16999816894531,68.31999969482422,48.476470947265625,7764200
2012-08-10,68.12000274658203,68.70999908447266,68.12000274658203,68.63999938964844,48.70352554321289,7645000
2012-08-13,68.38999938964844,68.55000305175781,68.16999816894531,68.45999908447266,48.575809478759766,7199200
2012-08-14,68.73999786376953,68.75,68.5,68.63999938964844,48.70352554321289,8217800
2012-08-15,68.51000213623047,68.83999633789062,68.30000305175781,68.3499984741211,48.49774932861328,9349100
2012-08-16,68.44000244140625,68.44999694824219,68.0199966430664,68.19999694824219,48.39133071899414,13518500
2012-08-17,68.12000274658203,68.18000030517578,67.51000213623047,67.80000305175781,48.107486724853516,11999500
2012-08-20,67.80000305175781,67.83999633789062,67.66999816894531,67.69999694824219,48.03654098510742,12645200
2012-08-21,67.69000244140625,68.25,67.62000274658203,67.77999877929688,48.09331130981445,9544900
2012-08-22,67.62999725341797,67.93000030517578,67.52999877929688,67.75,48.07201385498047,8230900
2012-08-23,67.80000305175781,67.94999694824219,67.55999755859375,67.73999786376953,48.064937591552734,9062700
2012-08-24,67.22000122070312,67.83999633789062,67.1500015258789,67.5999984741211,48.40144729614258,11297500
2012-08-27,67.54000091552734,67.95999908447266,67.4800033569336,67.48999786376953,48.32267761230469,8761000
2012-08-28,67.30999755859375,67.69999694824219,67.22000122070312,67.51000213623047,48.337013244628906,6750800
2012-08-29,67.27999877929688,67.83000183105469,67.05999755859375,67.37000274658203,48.23676681518555,9609500
2012-08-30,67.2300033569336,67.41000366210938,66.8499984741211,67.20999908447266,48.122188568115234,9672700
2012-08-31,67.44999694824219,67.9000015258789,67.16000366210938,67.43000030517578,48.27973937988281,10151800
2012-09-04,67.48999786376953,67.54000091552734,66.97000122070312,67.26000213623047,48.15801239013672,8402700
2012-09-05,67.44000244140625,67.87000274658203,67.13999938964844,67.2699966430664,48.16517639160156,9266000
2012-09-06,67.70999908447266,68.22000122070312,67.58999633789062,67.83999633789062,48.57329177856445,13075500
2012-09-07,67.97000122070312,68.01000213623047,67.5199966430664,67.87999725341797,48.60192108154297,8403300
2012-09-10,67.98999786376953,68.47000122070312,67.83000183105469,68.18000030517578,48.81672668457031,11441300
2012-09-11,68.36000061035156,68.55000305175781,68.18000030517578,68.19999694824219,48.831050872802734,8821700
2012-09-12,68.37000274658203,68.45999908447266,68.02999877929688,68.1500015258789,48.79523849487305,8230700
2012-09-13,68.01000213623047,69.16999816894531,68.0,68.98999786376953,49.39666748046875,13006300
2012-09-14,68.91000366210938,68.91000366210938,68.08000183105469,68.47000122070312,49.02436828613281,13024000
2012-09-17,68.48999786376953,68.69999694824219,68.0,68.25,48.86684799194336,11584100
2012-09-18,68.08000183105469,68.66999816894531,68.06999969482422,68.55000305175781,49.081642150878906,8063100
2012-09-19,68.75,68.91999816894531,68.5999984741211,68.5999984741211,49.11745071411133,9911300
2012-09-20,68.41000366210938,68.98999786376953,68.33000183105469,68.9000015258789,49.33224105834961,8704000
2012-09-21,69.05000305175781,69.36000061035156,68.83999633789062,69.05999755859375,49.446800231933594,19064400
2012-09-24,68.87999725341797,69.19999694824219,68.80999755859375,69.0,49.403831481933594,9082100
2012-09-25,69.01000213623047,69.63999938964844,69.01000213623047,69.31999969482422,49.63294219970703,11625400
2012-09-26,69.5,69.5,68.95999908447266,69.0,49.403831481933594,9971900
2012-09-27,69.08999633789062,69.3499984741211,68.88999938964844,69.01000213623047,49.41100311279297,8253200
2012-09-28,68.7699966430664,69.04000091552734,68.5,68.91000366210938,49.33940505981445,10293200
2012-10-01,68.91999816894531,69.44999694824219,68.91999816894531,69.12999725341797,49.49692153930664,9647200
2012-10-02,69.12000274658203,69.27999877929688,68.63999938964844,68.95999908447266,49.37520217895508,10062700
2012-10-03,69.19000244140625,69.31999969482422,68.7300033569336,69.0,49.403831481933594,8557900
2012-10-04,69.0999984741211,69.5,69.01000213623047,69.2699966430664,49.5971565246582,9395900
2012-10-05,69.45999908447266,69.73999786376953,69.31999969482422,69.6500015258789,49.869239807128906,9429900
2012-10-08,69.5999984741211,69.6500015258789,69.16999816894531,69.44000244140625,49.718875885009766,6444600
2012-10-09,68.62000274658203,68.97000122070312,68.0999984741211,68.41000366210938,48.98141098022461,15365900
2012-10-10,68.37999725341797,68.48999786376953,67.9800033569336,68.22000122070312,48.84537124633789,10710100
2012-10-11,68.20999908447266,68.30000305175781,67.86000061035156,67.97000122070312,48.66636657714844,9505500
2012-10-12,68.18000030517578,68.51000213623047,67.80000305175781,67.97000122070312,48.66636657714844,8685500
2012-10-15,68.18000030517578,68.98999786376953,68.06999969482422,68.5999984741211,49.11745071411133,14868000
2012-10-16,69.30000305175781,69.80000305175781,69.0199966430664,69.55000305175781,49.797637939453125,13688800
2012-10-17,69.7300033569336,71.18000030517578,69.55000305175781,71.0,50.8358268737793,26522700
2012-10-18,70.87000274658203,72.73999786376953,70.81999969482422,72.5199966430664,51.92416763305664,33591100
2012-10-19,72.11000061035156,72.23999786376953,71.7300033569336,71.86000061035156,51.451595306396484,18391000
2012-10-22,71.79000091552734,72.29000091552734,71.33000183105469,71.77999877929688,51.394309997558594,14033400
2012-10-23,71.16999816894531,71.52999877929688,70.52999877929688,70.88999938964844,50.7570915222168,11086000
2012-10-24,70.98999786376953,71.19999694824219,70.66999816894531,70.73999786376953,50.649688720703125,8572000
2012-10-25,71.01000213623047,71.55999755859375,70.98999786376953,71.13999938964844,50.93606185913086,9672700
2012-10-26,71.0,71.31999969482422,70.55999755859375,70.9000015258789,50.76423263549805,8965200
2012-10-31,71.11000061035156,71.25,70.4800033569336,70.81999969482422,50.706947326660156,9950600
2012-11-01,71.0999984741211,71.9000015258789,70.83000183105469,71.5,51.19383239746094,11226000
2012-11-02,71.69999694824219,71.69999694824219,70.83000183105469,70.9000015258789,50.76423263549805,7946700
2012-11-05,70.86000061035156,71.0,70.47000122070312,70.79000091552734,50.68547821044922,6874500
2012-11-06,71.0,71.62000274658203,70.88999938964844,71.01000213623047,50.8430061340332,7927500
2012-11-07,70.69000244140625,70.98999786376953,69.69999694824219,70.33999633789062,50.36327362060547,12719700
2012-11-08,70.1500015258789,70.41999816894531,69.6500015258789,69.6500015258789,49.869239807128906,12652100
2012-11-09,69.55999755859375,70.26000213623047,69.43000030517578,69.87000274658203,50.026771545410156,10511700
2012-11-12,69.79000091552734,70.05000305175781,69.30999755859375,69.68000030517578,49.89071273803711,9761000
2012-11-13,69.5199966430664,70.11000061035156,69.4000015258789,69.51000213623047,49.768985748291016,8244500
2012-11-14,69.62999725341797,69.76000213623047,69.02999877929688,69.2699966430664,49.5971565246582,10470700
2012-11-15,68.98999786376953,69.19999694824219,68.72000122070312,69.06999969482422,49.45395278930664,11803600
2012-11-16,68.87000274658203,69.2699966430664,68.51000213623047,69.19000244140625,49.53989791870117,14272300
2012-11-19,69.54000091552734,69.80999755859375,69.04000091552734,69.25,49.58283996582031,12337400
2012-11-20,69.26000213623047,69.70999908447266,69.13999938964844,69.66999816894531,49.883567810058594,9859500
2012-11-21,69.62999725341797,69.87999725341797,69.44999694824219,69.58999633789062,49.8262825012207,7639900
2012-11-23,69.08000183105469,69.55999755859375,68.94999694824219,69.55999755859375,50.24523162841797,5450100
2012-11-26,69.12000274658203,69.5,68.81999969482422,69.08999633789062,49.905731201171875,9884800
2012-11-27,69.01000213623047,69.1500015258789,68.7300033569336,68.80999755859375,49.7034797668457,8763200
2012-11-28,68.70999908447266,69.37999725341797,68.5999984741211,69.29000091552734,50.050201416015625,9983200
2012-11-29,69.47000122070312,69.55999755859375,69.05000305175781,69.22000122070312,49.99964141845703,9853400
2012-11-30,69.38999938964844,69.91999816894531,69.18000030517578,69.7300033569336,50.368019104003906,13480700
2012-12-03,69.80000305175781,69.91999816894531,69.36000061035156,69.6500015258789,50.310237884521484,9928900
2012-12-04,69.58000183105469,70.48999786376953,69.44999694824219,69.86000061035156,50.46192169189453,14278100
2012-12-05,69.93000030517578,70.29000091552734,69.58000183105469,69.97000122070312,50.5413818359375,11037100
2012-12-06,70.33999633789062,70.33999633789062,69.80000305175781,70.05000305175781,50.599178314208984,9459200
2012-12-07,70.04000091552734,70.5199966430664,69.86000061035156,70.44999694824219,50.88811111450195,10021300
2012-12-10,70.26000213623047,70.80000305175781,70.26000213623047,70.5999984741211,50.9964599609375,9700300
2012-12-11,70.93000030517578,71.62000274658203,70.75,71.0999984741211,51.35761642456055,14933700
2012-12-12,71.20999908447266,71.37000274658203,70.8499984741211,70.95999908447266,51.25651550292969,11783300
2012-12-13,70.9000015258789,71.0,70.62000274658203,70.75,51.10481643676758,8838900
2012-12-14,70.62000274658203,70.86000061035156,70.48999786376953,70.69000244140625,51.06145477294922,10263600
2012-12-17,70.83999633789062,71.18000030517578,70.77999877929688,70.94000244140625,51.24203872680664,14317200
2012-12-18,71.05999755859375,71.0999984741211,70.5,70.94999694824219,51.2492790222168,16352400
2012-12-19,70.91000366210938,71.30999755859375,70.62999725341797,70.62999725341797,51.01813507080078,11865600
2012-12-20,70.73999786376953,70.9000015258789,70.48999786376953,70.75,51.10481643676758,11775800
2012-12-21,70.55999755859375,70.75,70.05999755859375,70.2699966430664,50.75807571411133,22142300
2012-12-24,70.31999969482422,70.4000015258789,69.94000244140625,70.0199966430664,50.5775032043457,5006500
2012-12-26,69.94999694824219,70.36000061035156,69.87999725341797,70.16999816894531,50.68584060668945,7737300
2012-12-27,70.12999725341797,70.4000015258789,69.80000305175781,70.08999633789062,50.62807083129883,10700400
2012-12-28,69.83999633789062,70.06999969482422,69.41999816894531,69.4800033569336,50.187435150146484,9691100
2012-12-31,69.23999786376953,70.11000061035156,69.18000030517578,70.0999984741211,50.63528060913086,12770000
2013-01-02,71.0199966430664,71.0199966430664,70.30000305175781,70.83999633789062,51.16981506347656,12874200
2013-01-03,70.9800033569336,71.0,70.44999694824219,70.73999786376953,51.09759521484375,9598300
2013-01-04,71.23999786376953,71.7300033569336,71.01000213623047,71.55000305175781,51.68265914916992,11631800
2013-01-07,71.5,71.52999877929688,71.19000244140625,71.4000015258789,51.57432556152344,7548800
2013-01-08,71.30999755859375,71.6500015258789,71.25,71.41000366210938,51.58152770996094,9825300
2013-01-09,71.63999938964844,71.8499984741211,71.5,71.7300033569336,51.81266784667969,7672800
2013-01-10,71.80999755859375,72.37999725341797,71.73999786376953,72.19000244140625,52.144954681396484,11888500
2013-01-11,72.19000244140625,72.58000183105469,72.16000366210938,72.3499984741211,52.260536193847656,7766700
2013-01-14,72.5999984741211,72.79000091552734,72.37000274658203,72.55999755859375,52.41221618652344,7386000
2013-01-15,72.25,72.44000244140625,72.0,72.37000274658203,52.27497482299805,7795100
2013-01-16,72.26000213623047,72.81999969482422,72.25,72.58000183105469,52.42666244506836,8779900
2013-01-17,72.87999725341797,73.01000213623047,72.37000274658203,72.9000015258789,52.65782928466797,10570100
2013-01-18,72.9000015258789,73.2300033569336,72.79000091552734,73.2300033569336,52.89619445800781,13558600
2013-01-22,72.91999816894531,73.20999908447266,72.41999816894531,72.69000244140625,52.506141662597656,11469800
2013-01-23,72.5199966430664,72.91000366210938,72.47000122070312,72.8499984741211,52.621681213378906,10155100
2013-01-24,72.95999908447266,73.2300033569336,72.83999633789062,73.0999984741211,52.80225372314453,9369700
2013-01-25,73.12999725341797,73.93000030517578,73.05999755859375,73.91999816894531,53.39459991455078,10421500
2013-01-28,73.95999908447266,74.0,73.43000030517578,73.62000274658203,53.17790603637695,9420900
2013-01-29,73.66999816894531,74.62000274658203,73.63999938964844,74.41000366210938,53.74854278564453,12386500
2013-01-30,74.44999694824219,74.80000305175781,74.01000213623047,74.08999633789062,53.51737976074219,9245500
2013-01-31,74.08000183105469,74.36000061035156,73.77999877929688,73.91999816894531,53.39459991455078,10448700
2013-02-01,74.13999938964844,74.41999816894531,74.08000183105469,74.18000030517578,53.58238983154297,10016300
2013-02-04,73.55999755859375,74.25,73.55999755859375,74.11000061035156,53.53183364868164,9200700
2013-02-05,74.48999786376953,74.81999969482422,74.47000122070312,74.66000366210938,53.92910385131836,10230800
2013-02-06,74.56999969482422,75.38999938964844,74.5199966430664,75.38999938964844,54.45640563964844,12084000
2013-02-07,74.81999969482422,75.19999694824219,74.68000030517578,75.05999755859375,54.218055725097656,9798200
2013-02-08,75.16999816894531,75.61000061035156,74.7300033569336,75.4800033569336,54.521427154541016,8153300
2013-02-11,75.27999877929688,75.5,75.05000305175781,75.41000366210938,54.47087097167969,5697100
2013-02-12,75.41999816894531,75.86000061035156,75.41999816894531,75.80000305175781,54.75254821777344,7598900
2013-02-13,75.79000091552734,75.87000274658203,75.37000274658203,75.66000366210938,54.65144729614258,8014800
2013-02-14,75.5,76.08999633789062,75.37999725341797,75.80999755859375,54.7597770690918,9681800
2013-02-15,75.72000122070312,76.16000366210938,75.51000213623047,76.16000366210938,55.012603759765625,10528400
2013-02-19,76.02999877929688,77.0,75.95999908447266,76.95999908447266,55.5904655456543,9747400
2013-02-20,76.79000091552734,76.97000122070312,76.54000091552734,76.6500015258789,55.36654281616211,7857500
2013-02-21,76.47000122070312,77.0199966430664,76.37999725341797,76.87000274658203,55.52546691894531,9465700
2013-02-22,76.38999938964844,76.48999786376953,75.97000122070312,76.25,55.518192291259766,8571500
2013-02-25,76.47000122070312,76.66000366210938,75.56999969482422,75.56999969482422,55.0230827331543,10603300
2013-02-26,75.87999725341797,76.33999633789062,75.5,75.75,55.15413284301758,10742100
2013-02-27,75.68000030517578,76.44999694824219,75.5999984741211,76.31999969482422,55.56912612915039,8180300
2013-02-28,76.2300033569336,76.48999786376953,76.11000061035156,76.11000061035156,55.41624450683594,11806300
2013-03-01,75.79000091552734,76.7699966430664,75.7300033569336,76.69999694824219,55.8458251953125,9528300
2013-03-04,76.7300033569336,77.27999877929688,76.7300033569336,77.19999694824219,56.20988464355469,12628000
2013-03-05,77.55999755859375,77.70999908447266,77.44000244140625,77.66000366210938,56.544822692871094,9399400
2013-03-06,77.69000244140625,77.73999786376953,77.22000122070312,77.38999938964844,56.348228454589844,8535200
2013-03-07,77.62000274658203,77.95999908447266,77.58999633789062,77.75,56.6103401184082,7996500
2013-03-08,77.83999633789062,78.22000122070312,77.69999694824219,78.19000244140625,56.93071365356445,8554100
2013-03-11,77.91999816894531,78.5199966430664,77.83999633789062,78.44000244140625,57.11274719238281,8807600
2013-03-12,78.5,78.69000244140625,78.20999908447266,78.55999755859375,57.20009994506836,8790500
2013-03-13,78.5199966430664,78.66999816894531,78.19999694824219,78.55000305175781,57.19282531738281,7983400
2013-03-14,78.66999816894531,79.0999984741211,78.48999786376953,79.0999984741211,57.593292236328125,10130400
2013-03-15,78.62000274658203,79.23999786376953,78.62000274658203,79.19000244140625,57.6588249206543,18296500
2013-03-18,78.72000122070312,79.19000244140625,78.69999694824219,78.80999755859375,57.38213348388672,8005400
2013-03-19,78.9800033569336,79.08999633789062,78.5,78.86000061035156,57.41852569580078,7095800
2013-03-20,79.18000030517578,79.61000061035156,79.16999816894531,79.44999694824219,57.84811782836914,8000800
2013-03-21,79.12000274658203,79.5,78.7699966430664,79.01000213623047,57.52776336669922,8436300
2013-03-22,79.11000061035156,79.73999786376953,79.0199966430664,79.73999786376953,58.05927276611328,6873100
2013-03-25,79.83000183105469,79.94000244140625,79.47000122070312,79.68000030517578,58.01559066772461,9616600
2013-03-26,79.93000030517578,80.87999725341797,79.8499984741211,80.8499984741211,58.86748123168945,12682900
2013-03-27,80.55999755859375,81.3499984741211,80.2699966430664,81.2699966430664,59.17329406738281,10703400
2013-03-28,81.37000274658203,81.58999633789062,80.94999694824219,81.52999877929688,59.36257553100586,11332100
2013-04-01,81.38999938964844,81.95999908447266,81.27999877929688,81.93000030517578,59.65381622314453,7376800
2013-04-02,82.0,82.69000244140625,81.9000015258789,82.69000244140625,60.20718002319336,10342200
2013-04-03,82.73999786376953,82.94999694824219,81.56999969482422,82.06999969482422,59.75575256347656,12254000
2013-04-04,82.19999694824219,82.72000122070312,81.93000030517578,82.41000366210938,60.00331115722656,10303000
2013-04-05,81.79000091552734,82.11000061035156,81.62000274658203,82.04000091552734,59.73392105102539,8581400
2013-04-08,81.2699966430664,81.38999938964844,80.30999755859375,81.11000061035156,59.05677795410156,15828500
2013-04-09,81.26000213623047,81.75,81.23999786376953,81.5199966430664,59.35531234741211,9111000
2013-04-10,81.83000183105469,82.19999694824219,81.73999786376953,82.0199966430664,59.71933364868164,7583200
2013-04-11,82.13999938964844,82.95999908447266,82.08000183105469,82.31999969482422,59.937801361083984,9882700
2013-04-12,82.25,82.73999786376953,82.16999816894531,82.73999786376953,60.24358367919922,6987000
2013-04-15,82.72000122070312,83.08999633789062,81.70999908447266,81.70999908447266,59.4936408996582,12385800
2013-04-16,82.33000183105469,83.54000091552734,82.06999969482422,83.44000244140625,60.75324249267578,12620000
2013-04-17,83.36000061035156,84.43000030517578,83.29000091552734,83.9000015258789,61.088199615478516,13693300
2013-04-18,83.95999908447266,84.30000305175781,83.02999877929688,83.18000030517578,60.563987731933594,9921500
2013-04-19,83.51000213623047,84.56999969482422,83.47000122070312,84.48999786376953,61.517799377441406,10787600
2013-04-22,84.58999633789062,84.93000030517578,84.19999694824219,84.83000183105469,61.76533889770508,6989900
2013-04-23,84.98999786376953,85.68000030517578,84.0,85.44999694824219,62.21675491333008,8982100
2013-04-24,85.68000030517578,85.73999786376953,84.27999877929688,84.38999938964844,61.44496154785156,9480600
2013-04-25,84.54000091552734,85.44000244140625,84.33999633789062,85.22000122070312,62.04928970336914,8689400
2013-04-26,85.30000305175781,85.48999786376953,84.80999755859375,85.12000274658203,61.97650146484375,6784700
2013-04-29,85.0199966430664,85.88999938964844,84.91000366210938,85.58000183105469,62.311439514160156,8038000
2013-04-30,85.38999938964844,85.69999694824219,84.88999938964844,85.2300033569336,62.05657958984375,12099600
2013-05-01,84.5,85.12999725341797,83.87999725341797,84.2300033569336,61.32848358154297,12312100
2013-05-02,84.44000244140625,85.20999908447266,84.16999816894531,85.16000366210938,62.00559616088867,8668900
2013-05-03,85.58000183105469,85.98999786376953,85.44999694824219,85.75,62.43519592285156,9213800
2013-05-06,85.77999877929688,85.77999877929688,84.55000305175781,84.68000030517578,61.656124114990234,8815600
2013-05-07,84.87000274658203,85.56999969482422,84.62999725341797,85.52999877929688,62.27501678466797,9061800
2013-05-08,85.4800033569336,85.5999984741211,84.93000030517578,85.45999908447266,62.22405242919922,8044600
2013-05-09,85.44999694824219,85.69000244140625,84.95999908447266,85.1500015258789,61.998329162597656,8342000
2013-05-10,85.29000091552734,85.76000213623047,85.18000030517578,85.76000213623047,62.44247817993164,7594800
2013-05-13,85.55999755859375,86.06999969482422,85.44000244140625,85.8499984741211,62.50799560546875,6631500
2013-05-14,85.76000213623047,87.08000183105469,85.76000213623047,86.97000122070312,63.32346725463867,10360700
2013-05-15,86.94000244140625,87.87999725341797,86.94000244140625,87.63999938964844,63.81132507324219,13444400
2013-05-16,87.33000183105469,87.7699966430664,87.05999755859375,87.44999694824219,63.6729621887207,9441900
2013-05-17,87.47000122070312,88.19999694824219,87.41000366210938,88.08999633789062,64.13895416259766,11437700
2013-05-20,88.0999984741211,88.19999694824219,87.80999755859375,88.01000213623047,64.08071899414062,7235800
2013-05-21,87.94000244140625,88.63999938964844,87.79000091552734,88.58999633789062,64.50303649902344,10099600
2013-05-22,88.69999694824219,89.98999786376953,88.19999694824219,88.45999908447266,64.40837097167969,13825900
2013-05-23,87.11000061035156,87.97000122070312,87.0,87.20999908447266,63.97555160522461,14446900
2013-05-24,86.80000305175781,87.02999877929688,86.48999786376953,86.81999969482422,63.689453125,10390100
2013-05-28,87.54000091552734,88.29000091552734,87.2699966430664,87.61000061035156,64.26900482177734,8380200
2013-05-29,87.08000183105469,87.16000366210938,85.13999938964844,85.6500015258789,62.83118438720703,11872100
2013-05-30,85.70999908447266,86.30999755859375,85.68000030517578,85.98999786376953,63.080596923828125,7801200
2013-05-31,85.68000030517578,85.98999786376953,84.18000030517578,84.18000030517578,61.752784729003906,13302700
2013-06-03,84.27999877929688,84.70999908447266,83.37000274658203,84.70999908447266,62.141597747802734,11768500
2013-06-04,84.72000122070312,85.02999877929688,83.55999755859375,84.0999984741211,61.6940803527832,9972000
2013-06-05,83.91000366210938,85.0,83.4800033569336,83.68000030517578,61.38601303100586,9839100
2013-06-06,83.58999633789062,84.45999908447266,82.6500015258789,84.45999908447266,61.95822525024414,10671000
2013-06-07,84.95999908447266,85.18000030517578,84.4000015258789,84.91000366210938,62.28832244873047,8907700
2013-06-10,85.01000213623047,85.70999908447266,84.7300033569336,85.13999938964844,62.45705032348633,8477100
2013-06-11,84.76000213623047,85.0199966430664,84.12999725341797,84.69000244140625,62.12694549560547,8967000
2013-06-12,85.18000030517578,85.5,83.69999694824219,83.73999786376953,61.43003845214844,8413200
2013-06-13,83.5999984741211,84.95999908447266,83.08000183105469,84.91000366210938,62.28832244873047,8570000
2013-06-14,84.70999908447266,85.4800033569336,84.66000366210938,84.91000366210938,62.28832244873047,6357100
2013-06-17,85.37000274658203,86.4000015258789,84.9800033569336,85.62999725341797,62.81649398803711,8429100
2013-06-18,85.75,86.44000244140625,85.62999725341797,86.36000061035156,63.352027893066406,7233600
2013-06-19,86.43000030517578,86.5,84.80000305175781,84.86000061035156,62.25163269042969,8288400
2013-06-20,84.20999908447266,84.44999694824219,82.12000274658203,82.62000274658203,60.608421325683594,15172600
2013-06-21,83.0,84.31999969482422,82.5,83.19999694824219,61.03389358520508,20715800
2013-06-24,82.91999816894531,85.30999755859375,82.80999755859375,84.61000061035156,62.06825256347656,14777500
2013-06-25,85.16000366210938,85.58999633789062,84.54000091552734,85.3499984741211,62.611087799072266,11239400
2013-06-26,85.94999694824219,87.31999969482422,85.94000244140625,86.98999786376953,63.81417465209961,11966500
2013-06-27,87.52999877929688,87.81999969482422,86.48999786376953,86.70999908447266,63.608787536621094,8890300
2013-06-28,86.72000122070312,87.37999725341797,85.8499984741211,85.86000061035156,62.9852294921875,11896300
2013-07-01,85.72000122070312,87.63999938964844,85.5,86.62999725341797,63.55009841918945,9905200
2013-07-02,86.6500015258789,87.19999694824219,86.20999908447266,86.56999969482422,63.506065368652344,8572100
2013-07-03,86.54000091552734,87.04000091552734,86.0999984741211,86.77999877929688,63.660125732421875,3599900
2013-07-05,87.58000183105469,87.87999725341797,86.91999816894531,87.87000274658203,64.45970916748047,5403600
2013-07-08,88.08999633789062,88.98999786376953,87.97000122070312,88.58999633789062,64.98789978027344,12051400
2013-07-09,88.6500015258789,89.08000183105469,88.36000061035156,88.87999725341797,65.20062255859375,9348600
2013-07-10,88.87999725341797,89.4800033569336,88.80999755859375,89.23999786376953,65.4647216796875,7067100
2013-07-11,89.80999755859375,89.93000030517578,89.0,89.66999816894531,65.7801513671875,8941300
2013-07-12,89.69000244140625,89.98999786376953,89.37999725341797,89.98999786376953,66.014892578125,7590600
2013-07-15,89.91000366210938,90.80999755859375,89.76000213623047,90.4000015258789,66.3156509399414,13343200
2013-07-16,91.04000091552734,91.66000366210938,90.12999725341797,90.4000015258789,66.3156509399414,11409200
2013-07-17,90.58000183105469,90.97000122070312,89.87999725341797,90.12999725341797,66.11761474609375,12832200
2013-07-18,90.33000183105469,90.94999694824219,90.05999755859375,90.16999816894531,66.14693450927734,8329300
2013-07-19,90.23999786376953,92.2699966430664,90.05000305175781,92.2300033569336,67.65811920166016,12506300
2013-07-22,92.08000183105469,92.55999755859375,91.61000061035156,92.27999877929688,67.69483184814453,9916200
2013-07-23,92.38999938964844,92.86000061035156,92.11000061035156,92.41999816894531,67.7974853515625,8467700
2013-07-24,92.6500015258789,92.66000366210938,91.75,92.36000061035156,67.75349426269531,6846300
2013-07-25,92.0,92.75,91.75,92.56999969482422,67.90752410888672,7368000
2013-07-26,92.31999969482422,92.93000030517578,91.6500015258789,92.83000183105469,68.09827423095703,8663700
2013-07-29,92.62999725341797,93.38999938964844,92.61000061035156,93.20999908447266,68.37703704833984,7925000
2013-07-30,93.47000122070312,93.97000122070312,93.0199966430664,93.16999816894531,68.34769439697266,8863000
2013-07-31,93.2300033569336,94.41999816894531,93.19000244140625,93.5,68.58978271484375,11365700
2013-08-01,94.16000366210938,94.4000015258789,93.69999694824219,93.7699966430664,68.787841796875,11098600
2013-08-02,93.55999755859375,94.38999938964844,93.44999694824219,94.38999938964844,69.2426986694336,8503100
2013-08-05,94.05000305175781,94.30000305175781,93.43000030517578,93.80000305175781,68.80985260009766,7192400
2013-08-06,93.87999725341797,93.94000244140625,93.5,93.80999755859375,68.81721496582031,6415000
2013-08-07,93.5999984741211,94.02999877929688,93.47000122070312,93.66000366210938,68.70716094970703,9056900
2013-08-08,94.2699966430664,94.37000274658203,92.70999908447266,93.33999633789062,68.47239685058594,11090000
2013-08-09,93.38999938964844,93.38999938964844,91.77999877929688,92.36000061035156,67.75349426269531,12135800
2013-08-12,92.08000183105469,92.7699966430664,91.75,92.0,67.48938751220703,11012300
2013-08-13,91.88999938964844,93.3499984741211,91.76000213623047,93.01000213623047,68.23033142089844,10099800
2013-08-14,92.79000091552734,92.94999694824219,90.51000213623047,90.69999694824219,66.53577423095703,12716800
2013-08-15,90.31999969482422,90.41000366210938,89.08999633789062,89.55000305175781,65.69212341308594,12010700
2013-08-16,89.12999725341797,89.80000305175781,88.7699966430664,89.37000274658203,65.56009674072266,14100700
2013-08-19,89.47000122070312,91.25,89.3499984741211,90.44999694824219,66.35237121582031,8687000
2013-08-20,90.55000305175781,91.6500015258789,89.7300033569336,89.7300033569336,65.82418823242188,8559200
2013-08-21,89.47000122070312,89.62999725341797,88.68000030517578,88.80000305175781,65.14196014404297,7940700
2013-08-22,88.76000213623047,89.02999877929688,88.12000274658203,88.26000213623047,64.7458267211914,7191900
2013-08-23,87.93000030517578,88.44000244140625,87.20999908447266,88.41000366210938,65.34449005126953,7714900
2013-08-26,88.36000061035156,88.4800033569336,87.38999938964844,87.52999877929688,64.69407653808594,6724500
2013-08-27,86.97000122070312,87.08000183105469,85.95999908447266,86.16999816894531,63.68886947631836,9941200
2013-08-28,86.36000061035156,86.91000366210938,85.87999725341797,86.52999877929688,63.95498275756836,8829200
2013-08-29,86.41000366210938,87.13999938964844,85.98999786376953,86.56999969482422,63.984535217285156,5768800
2013-08-30,86.77999877929688,86.77999877929688,85.8499984741211,86.41000366210938,63.866275787353516,7471300
2013-09-03,86.88999938964844,87.30000305175781,86.02999877929688,86.41999816894531,63.8736686706543,7590500
2013-09-04,86.45999908447266,87.25,86.25,86.9000015258789,64.22842407226562,8458800
2013-09-05,87.0,87.16999816894531,86.62000274658203,87.04000091552734,64.33191680908203,5647900
2013-09-06,87.22000122070312,87.91999816894531,86.0,87.16000366210938,64.42061614990234,10034900
2013-09-09,87.38999938964844,87.5999984741211,87.01000213623047,87.55999755859375,64.71624755859375,6819700
2013-09-10,88.13999938964844,88.58000183105469,87.8499984741211,88.52999877929688,65.43319702148438,8658700
2013-09-11,88.62999725341797,89.2699966430664,88.13999938964844,89.2300033569336,65.95057678222656,8098100
2013-09-12,89.30000305175781,89.56999969482422,88.87999725341797,89.01000213623047,65.78794860839844,7938500
2013-09-13,89.12999725341797,89.25,88.19999694824219,88.56999969482422,65.46273803710938,7738600
2013-09-16,89.43000030517578,89.56999969482422,88.83000183105469,89.02999877929688,65.80274200439453,7563700
2013-09-17,89.05000305175781,89.22000122070312,88.58000183105469,89.05999755859375,65.82491302490234,6291100
2013-09-18,88.91000366210938,89.91000366210938,88.30000305175781,89.91000366210938,66.45316314697266,10115500
2013-09-19,90.05000305175781,90.19999694824219,89.79000091552734,90.06999969482422,66.57140350341797,6721000
2013-09-20,90.19999694824219,90.72000122070312,89.68000030517578,89.68000030517578,66.28316497802734,14708600
2013-09-23,89.43000030517578,89.75,88.80999755859375,89.08999633789062,65.84709167480469,7376200
2013-09-24,89.0199966430664,89.19999694824219,88.1500015258789,88.22000122070312,65.20404815673828,7797500
2013-09-25,88.41999816894531,88.47000122070312,87.06999969482422,87.08000183105469,64.36148834228516,7493200
2013-09-26,87.27999877929688,87.69999694824219,86.72000122070312,87.06999969482422,64.35409545898438,6400600
2013-09-27,86.80999755859375,86.94000244140625,86.44000244140625,86.7300033569336,64.10277557373047,5461100
2013-09-30,86.33000183105469,86.94999694824219,86.1500015258789,86.69000244140625,64.0732421875,7962300
2013-10-01,86.58999633789062,87.48999786376953,86.26000213623047,87.47000122070312,64.64972686767578,6318700
2013-10-02,87.12999725341797,87.29000091552734,86.44000244140625,87.29000091552734,64.51666259765625,6383400
2013-10-03,87.19000244140625,87.4000015258789,86.27999877929688,86.58000183105469,63.991920471191406,7724600
2013-10-04,86.81999969482422,87.41999816894531,86.55999755859375,87.30999755859375,64.53144836425781,6050000
2013-10-07,86.69999694824219,86.9800033569336,86.29000091552734,86.58999633789062,63.99931335449219,5705200
2013-10-08,86.62000274658203,86.73999786376953,85.56999969482422,85.61000061035156,63.27499008178711,8669800
2013-10-09,85.93000030517578,86.2300033569336,85.5,85.95999908447266,63.5336799621582,8014200
2013-10-10,86.72000122070312,87.77999877929688,86.69999694824219,87.77999877929688,64.87884521484375,8647900
2013-10-11,88.62000274658203,89.4800033569336,88.0199966430664,89.44999694824219,66.1131591796875,8449800
2013-10-14,88.83000183105469,89.88999938964844,88.62999725341797,89.80000305175781,66.37185668945312,9198600
2013-10-15,90.33000183105469,91.45999908447266,89.93000030517578,89.93000030517578,66.46794891357422,11024000
2013-10-16,90.41999816894531,91.16999816894531,90.16000366210938,91.11000061035156,67.34008026123047,8116000
2013-10-17,90.87000274658203,92.0,90.7699966430664,91.97000122070312,67.97569274902344,8569600
2013-10-18,91.75,92.05000305175781,91.13999938964844,91.62999725341797,67.72441864013672,9082600
2013-10-21,91.62999725341797,91.62999725341797,90.7699966430664,91.19999694824219,67.40660095214844,6940500
2013-10-22,91.52999877929688,92.55999755859375,91.5,92.36000061035156,68.26396179199219,9635500
2013-10-23,92.06999969482422,92.43000030517578,91.5199966430664,92.0999984741211,68.07178497314453,6449600
2013-10-24,92.6500015258789,92.98999786376953,92.13999938964844,92.3499984741211,68.25658416748047,5251000
2013-10-25,92.04000091552734,92.2699966430664,91.77999877929688,92.08999633789062,68.06437683105469,6076000
2013-10-28,91.95999908447266,92.80000305175781,91.91999816894531,92.38999938964844,68.2861328125,6551000
2013-10-29,92.80000305175781,93.18000030517578,92.58000183105469,93.13999938964844,68.84046936035156,6096700
2013-10-30,93.2699966430664,93.44999694824219,92.6500015258789,92.79000091552734,68.58177947998047,6295400
2013-10-31,92.8499984741211,93.3499984741211,92.31999969482422,92.61000061035156,68.44873809814453,7773900
2013-11-01,92.37999725341797,93.58000183105469,92.37999725341797,93.37000274658203,69.01049041748047,6835900
2013-11-04,93.45999908447266,93.5,92.43000030517578,93.02999877929688,68.75917053222656,6862500
2013-11-05,92.54000091552734,92.94999694824219,92.27999877929688,92.80999755859375,68.59657287597656,5350600
2013-11-06,93.02999877929688,93.19999694824219,92.72000122070312,93.04000091552734,68.76656341552734,5301300
2013-11-07,93.19000244140625,93.3499984741211,92.69000244140625,92.69000244140625,68.50788116455078,6116900
2013-11-08,92.62999725341797,94.0999984741211,92.55999755859375,94.05000305175781,69.51305389404297,7229500
2013-11-11,93.97000122070312,94.63999938964844,93.94000244140625,94.29000091552734,69.69044494628906,4723100
2013-11-12,93.9800033569336,94.08999633789062,93.0,93.55999755859375,69.15090942382812,7639600
2013-11-13,93.36000061035156,93.44999694824219,92.31999969482422,93.33999633789062,68.98828125,8954300
2013-11-14,93.4000015258789,94.13999938964844,93.4000015258789,93.91999816894531,69.4169692993164,7045700
2013-11-15,93.62999725341797,94.4000015258789,93.55000305175781,94.38999938964844,69.76437377929688,7063000
2013-11-18,94.36000061035156,94.5999984741211,94.01000213623047,94.30000305175781,69.69783782958984,8492000
2013-11-19,94.2699966430664,94.91999816894531,94.0,94.86000061035156,70.11174774169922,6624200
2013-11-20,94.94000244140625,95.47000122070312,94.66000366210938,95.1500015258789,70.32609558105469,7076500
2013-11-21,95.45999908447266,95.75,95.05000305175781,95.19999694824219,70.36304473876953,6896200
2013-11-22,94.38999938964844,95.58000183105469,94.38999938964844,95.25,70.89144134521484,6462100
2013-11-25,95.48999786376953,95.98999786376953,95.08000183105469,95.62999725341797,71.1742935180664,6374600
2013-11-26,95.58000183105469,95.87000274658203,94.97000122070312,95.05999755859375,70.75006866455078,7267600
2013-11-27,95.33999633789062,95.37000274658203,94.61000061035156,94.9800033569336,70.69050598144531,4603800
2013-11-29,95.2300033569336,95.5,94.43000030517578,94.66000366210938,70.45234680175781,4106800
2013-12-02,94.41000366210938,94.66000366210938,93.97000122070312,94.27999877929688,70.1695327758789,5827400
2013-12-03,94.19999694824219,94.55999755859375,93.51000213623047,93.97000122070312,69.93881225585938,9061100
2013-12-04,93.76000213623047,94.25,93.12999725341797,93.62999725341797,69.68575286865234,6218500
2013-12-05,93.41999816894531,93.62999725341797,92.66000366210938,92.97000122070312,69.19453430175781,8666200
2013-12-06,93.5999984741211,94.4800033569336,93.41999816894531,94.44000244140625,70.28860473632812,7280400
2013-12-09,94.30000305175781,94.4800033569336,93.69999694824219,94.44000244140625,70.28860473632812,6974500
2013-12-10,94.58000183105469,94.79000091552734,93.95999908447266,94.13999938964844,70.06533813476562,7576600
2013-12-11,94.4000015258789,94.44999694824219,93.02999877929688,93.11000061035156,69.29874420166016,9424300
2013-12-12,92.83999633789062,92.86000061035156,91.06999969482422,91.16000366210938,67.8474349975586,12285700
2013-12-13,91.45999908447266,91.86000061035156,91.08000183105469,91.3499984741211,67.98880767822266,7909000
2013-12-16,91.41999816894531,92.31999969482422,91.16000366210938,91.37000274658203,68.00370025634766,6623000
2013-12-17,91.30000305175781,91.33000183105469,90.5,90.66000366210938,67.47528839111328,8794000
2013-12-18,90.94999694824219,92.66000366210938,89.7699966430664,92.63999938964844,68.94892120361328,9691100
2013-12-19,92.4000015258789,92.4000015258789,91.41999816894531,91.9800033569336,68.45769500732422,7341000
2013-12-20,91.94999694824219,92.75,91.94999694824219,92.08999633789062,68.53956604003906,11265000
2013-12-23,92.55999755859375,92.68000030517578,91.76000213623047,92.02999877929688,68.49491882324219,5312200
2013-12-24,92.18000030517578,92.38999938964844,91.8499984741211,92.05999755859375,68.51722717285156,3147300
2013-12-26,91.98999786376953,92.54000091552734,91.7699966430664,92.54000091552734,68.87448120117188,3459100
2013-12-27,92.7699966430664,92.95999908447266,92.18000030517578,92.3499984741211,68.73307037353516,3511300
2013-12-30,92.16000366210938,92.30000305175781,91.7300033569336,92.30000305175781,68.69586944580078,4370100
2013-12-31,92.16999816894531,92.22000122070312,91.1500015258789,91.58999633789062,68.16744232177734,6348200
2014-01-02,91.13999938964844,91.7300033569336,91.01000213623047,91.02999877929688,67.75067138671875,5919600
2014-01-03,91.29000091552734,92.22000122070312,91.26000213623047,91.8499984741211,68.36095428466797,5637600
2014-01-06,91.93000030517578,92.75,91.87000274658203,92.33000183105469,68.71821594238281,7443500
2014-01-07,93.04000091552734,94.62000274658203,92.98999786376953,94.29000091552734,70.17694091796875,11063300
2014-01-08,94.16999816894531,94.5999984741211,93.87999725341797,94.16000366210938,70.0802230834961,9096700
2014-01-09,94.94000244140625,95.37999725341797,94.08999633789062,94.7300033569336,70.50444793701172,7944700
2014-01-10,94.63999938964844,94.9800033569336,94.13999938964844,94.73999786376953,70.51187133789062,6697400
2014-01-13,94.37000274658203,94.98999786376953,94.05999755859375,94.5,70.333251953125,9589200
2014-01-14,94.5999984741211,94.9000015258789,94.31999969482422,94.72000122070312,70.49699401855469,7567300
2014-01-15,94.6500015258789,95.2699966430664,94.51000213623047,94.80000305175781,70.5565414428711,7390700
2014-01-16,94.5999984741211,95.08999633789062,94.2300033569336,94.63999938964844,70.43744659423828,8401100
2014-01-17,94.72000122070312,95.16999816894531,94.37999725341797,95.05999755859375,70.75006866455078,13714400
2014-01-21,94.93000030517578,95.0999984741211,92.62000274658203,94.02999877929688,69.98346710205078,16368400
2014-01-22,93.98999786376953,94.55000305175781,93.54000091552734,94.31999969482422,70.19929504394531,8875500
2014-01-23,93.73999786376953,93.80000305175781,92.41000366210938,92.73999786376953,69.02334594726562,9322300
2014-01-24,92.12000274658203,92.61000061035156,90.61000061035156,90.61000061035156,67.43806457519531,10604200
2014-01-27,90.30000305175781,90.76000213623047,89.8499984741211,89.94000244140625,66.93938446044922,8685200
2014-01-28,90.58000183105469,90.5999984741211,89.79000091552734,90.0999984741211,67.05847930908203,8254400
2014-01-29,89.47000122070312,89.70999908447266,88.52999877929688,88.9000015258789,66.1653823852539,11160100
2014-01-30,89.62000274658203,89.77999877929688,89.01000213623047,89.5,66.6119384765625,6874900
2014-01-31,89.01000213623047,89.33999633789062,88.1500015258789,88.47000122070312,65.84532928466797,12193800
2014-02-03,88.75,88.77999877929688,86.61000061035156,86.77999877929688,64.5875015258789,13944600
2014-02-04,86.93000030517578,87.27999877929688,86.08999633789062,86.62000274658203,64.46846008300781,11436400
2014-02-05,86.48999786376953,87.66999816894531,86.4800033569336,87.27999877929688,64.95964050292969,10667300
2014-02-06,87.62999725341797,88.76000213623047,87.55000305175781,88.75,66.0537338256836,10037900
2014-02-07,88.91999816894531,90.04000091552734,88.61000061035156,90.04000091552734,67.01385498046875,9435100
2014-02-10,90.23999786376953,91.08000183105469,89.80000305175781,91.06999969482422,67.7803955078125,8080200
2014-02-11,91.08999633789062,92.97000122070312,90.94999694824219,92.97000122070312,69.19453430175781,11556300
2014-02-12,92.94999694824219,92.98999786376953,91.94999694824219,92.41999816894531,68.78518676757812,7696100
2014-02-13,92.0,92.62000274658203,91.70999908447266,92.55999755859375,68.88938903808594,5926000
2014-02-14,92.5999984741211,92.94999694824219,92.02999877929688,92.76000213623047,69.03823852539062,5485100
2014-02-18,92.7699966430664,92.8499984741211,92.08999633789062,92.16999816894531,68.5990982055664,6926500
2014-02-19,92.1500015258789,92.75,91.56999969482422,91.63999938964844,68.2046890258789,7693400
2014-02-20,91.69000244140625,92.7300033569336,91.30999755859375,92.37999725341797,68.75540924072266,8160100
2014-02-21,91.86000061035156,92.25,91.44999694824219,91.5199966430664,68.60546112060547,7381500
2014-02-24,91.44999694824219,92.05999755859375,91.0999984741211,91.11000061035156,68.29816436767578,8406700
2014-02-25,91.58999633789062,91.87000274658203,90.66000366210938,91.11000061035156,68.29816436767578,6383400
2014-02-26,91.11000061035156,91.54000091552734,90.7699966430664,91.11000061035156,68.29816436767578,6334100
2014-02-27,91.16000366210938,91.41999816894531,90.75,91.36000061035156,68.48554229736328,7040300
2014-02-28,91.41999816894531,92.63999938964844,91.05999755859375,92.12000274658203,69.05525207519531,9643700
2014-03-03,91.12999725341797,91.9800033569336,90.83000183105469,91.55999755859375,68.63545227050781,7506700
2014-03-04,92.47000122070312,93.45999908447266,92.25,93.33999633789062,69.9698257446289,8796300
2014-03-05,93.2699966430664,93.30000305175781,92.37999725341797,92.58999633789062,69.40758514404297,6842500
2014-03-06,93.19000244140625,93.6500015258789,92.81999969482422,92.88999938964844,69.63247680664062,7718300
2014-03-07,93.37000274658203,93.4800033569336,92.69000244140625,93.31999969482422,69.9548110961914,6792000
2014-03-10,93.16999816894531,93.48999786376953,92.79000091552734,93.44999694824219,70.05225372314453,4878200
2014-03-11,93.70999908447266,93.75,93.08999633789062,93.48999786376953,70.082275390625,5837200
2014-03-12,92.81999969482422,93.62000274658203,92.6500015258789,93.5999984741211,70.1646957397461,6154900
2014-03-13,93.8499984741211,94.19999694824219,92.9800033569336,93.0,69.71493530273438,7659400
2014-03-14,92.87999725341797,93.44000244140625,92.45999908447266,92.80999755859375,69.572509765625,7337800
2014-03-17,93.26000213623047,94.18000030517578,93.18000030517578,93.93000030517578,70.41210174560547,5872600
2014-03-18,93.9000015258789,94.23999786376953,93.4800033569336,93.94000244140625,70.41956329345703,5891900
2014-03-19,93.88999938964844,94.36000061035156,92.91999816894531,93.58999633789062,70.1572036743164,5937600
2014-03-20,93.5199966430664,94.19000244140625,92.95999908447266,94.12000274658203,70.55450439453125,5727400
2014-03-21,94.7699966430664,95.93000030517578,93.87999725341797,95.93000030517578,71.91133117675781,23988800
2014-03-24,95.30000305175781,95.43000030517578,94.54000091552734,95.19999694824219,71.36410522460938,13944100
2014-03-25,95.69999694824219,97.69999694824219,95.69999694824219,97.37999725341797,72.99827575683594,14167300
2014-03-26,97.51000213623047,98.47000122070312,97.05000305175781,97.05000305175781,72.75088500976562,11215100
2014-03-27,97.08000183105469,97.69999694824219,96.26000213623047,97.27999877929688,72.92333221435547,8694600
2014-03-28,97.51000213623047,98.22000122070312,96.95999908447266,97.44000244140625,73.04325866699219,8816000
2014-03-31,98.0,98.5999984741211,97.61000061035156,98.2300033569336,73.63545227050781,7545700
2014-04-01,98.30999755859375,98.68000030517578,97.37000274658203,97.94000244140625,73.41806030273438,7068500
2014-04-02,98.01000213623047,98.38999938964844,97.37000274658203,98.2300033569336,73.63545227050781,7995600
2014-04-03,97.97000122070312,98.33999633789062,97.52999877929688,98.26000213623047,73.65796661376953,5471200
2014-04-04,98.62000274658203,99.37999725341797,98.31999969482422,98.41999816894531,73.77787017822266,10309700
2014-04-07,98.38999938964844,99.36000061035156,97.83000183105469,97.88999938964844,73.38058471679688,11409200
2014-04-08,98.02999877929688,98.7300033569336,97.5,98.05999755859375,73.50801086425781,9601800
2014-04-09,98.41999816894531,99.0,97.77999877929688,98.94999694824219,74.17517852783203,8921300
2014-04-10,98.86000061035156,98.93000030517578,96.5199966430664,96.54000091552734,72.36859893798828,9667800
2014-04-11,96.19999694824219,97.19999694824219,96.05000305175781,96.87000274658203,72.61597442626953,8710700
2014-04-14,97.27999877929688,97.36000061035156,96.25,97.13999938964844,72.81834411621094,8617200
2014-04-15,98.44999694824219,99.20999908447266,98.05000305175781,99.19999694824219,74.36257934570312,13999100
2014-04-16,99.56999969482422,99.70999908447266,98.06999969482422,98.75,74.02526092529297,11308000
2014-04-17,98.69000244140625,99.6500015258789,98.69000244140625,98.95999908447266,74.18270874023438,9153500
2014-04-21,99.01000213623047,100.12999725341797,98.66999816894531,100.0,74.96231079101562,7031400
2014-04-22,100.0,100.75,99.73999786376953,100.18000030517578,75.09721374511719,7937900
2014-04-23,100.23999786376953,100.55999755859375,99.91999816894531,100.22000122070312,75.12721252441406,5876000
2014-04-24,100.23999786376953,100.37000274658203,99.55000305175781,99.95999908447266,74.93230438232422,6149900
2014-04-25,99.97000122070312,100.26000213623047,99.4000015258789,99.79000091552734,74.80485534667969,5895900
2014-04-28,100.55999755859375,101.5,100.12000274658203,101.33999633789062,75.96678924560547,8792900
2014-04-29,101.62999725341797,101.9800033569336,100.95999908447266,101.02999877929688,75.7343978881836,7811200
2014-04-30,100.83999633789062,101.66999816894531,100.69999694824219,101.29000091552734,75.92929077148438,8513600
2014-05-01,100.7699966430664,101.02999877929688,99.93000030517578,100.52999877929688,75.35958862304688,6590500
2014-05-02,100.16999816894531,100.37999725341797,98.87999725341797,99.30999755859375,74.4450454711914,8744200
2014-05-05,99.29000091552734,100.16999816894531,99.04000091552734,100.0,74.96231079101562,5438200
2014-05-06,100.0199966430664,100.0199966430664,99.51000213623047,99.51000213623047,74.594970703125,5795900
2014-05-07,99.8499984741211,101.05000305175781,99.3499984741211,100.91000366210938,75.64443969726562,8720800
2014-05-08,100.66999816894531,101.08999633789062,100.36000061035156,100.5,75.33710479736328,5667900
2014-05-09,100.86000061035156,101.25,100.41000366210938,100.91000366210938,75.64443969726562,5691700
2014-05-12,101.23999786376953,101.23999786376953,100.41999816894531,100.5199966430664,75.35208129882812,7437300
2014-05-13,100.9000015258789,101.48999786376953,100.62999725341797,101.0199966430664,75.72691345214844,6183200
2014-05-14,100.94999694824219,101.0999984741211,100.7699966430664,100.87000274658203,75.61446380615234,4187200
2014-05-15,100.63999938964844,100.83999633789062,100.41000366210938,100.69000244140625,75.47954559326172,7007600
2014-05-16,100.56999969482422,100.88999938964844,100.13999938964844,100.58000183105469,75.3970947265625,6516900
2014-05-19,100.22000122070312,100.93000030517578,100.12999725341797,100.63999938964844,75.44206237792969,6997200
2014-05-20,100.80999755859375,100.9800033569336,99.95999908447266,100.25,75.14968872070312,5438400
2014-05-21,100.5999984741211,101.19999694824219,100.52999877929688,101.13999938964844,75.81684112548828,5302500
2014-05-22,100.58000183105469,101.01000213623047,100.08000183105469,100.95999908447266,76.20939636230469,5124900
2014-05-23,101.04000091552734,101.16000366210938,100.66999816894531,100.9800033569336,76.22447204589844,5275700
2014-05-27,101.0999984741211,101.36000061035156,100.2699966430664,100.80999755859375,76.09613800048828,4524400
2014-05-28,100.66999816894531,100.93000030517578,100.12000274658203,100.30000305175781,75.7112045288086,4352700
2014-05-29,100.55999755859375,100.80000305175781,100.1500015258789,100.76000213623047,76.05841827392578,3685200
2014-05-30,100.69999694824219,101.54000091552734,100.55000305175781,101.45999908447266,76.58680725097656,5973900
2014-06-02,101.54000091552734,102.26000213623047,101.01000213623047,102.16999816894531,77.12274169921875,5845400
2014-06-03,101.91000366210938,102.5999984741211,101.83999633789062,102.45999908447266,77.34166717529297,6681300
2014-06-04,102.2300033569336,102.70999908447266,101.94000244140625,102.68000030517578,77.50773620605469,5608600
2014-06-05,102.77999877929688,103.36000061035156,102.41999816894531,103.22000122070312,77.91532135009766,4730900
2014-06-06,103.25,103.33000183105469,102.83999633789062,103.18000030517578,77.88514709472656,4624000
2014-06-09,103.06999969482422,103.2300033569336,102.68000030517578,103.22000122070312,77.91532135009766,3748800
2014-06-10,103.47000122070312,104.12000274658203,102.7699966430664,104.0999984741211,78.57960510253906,5792100
2014-06-11,103.80999755859375,104.1500015258789,103.12999725341797,103.31999969482422,77.99083709716797,5960500
2014-06-12,103.18000030517578,103.20999908447266,102.51000213623047,102.52999877929688,77.39447784423828,5930700
2014-06-13,102.51000213623047,102.6500015258789,102.16999816894531,102.52999877929688,77.39447784423828,4301600
2014-06-16,102.5199966430664,102.88999938964844,101.83999633789062,102.44999694824219,77.33409118652344,5645500
2014-06-17,102.12999725341797,102.19999694824219,101.37999725341797,101.93000030517578,76.94159698486328,4834600
2014-06-18,101.91000366210938,102.83000183105469,101.86000061035156,102.80999755859375,77.6058578491211,5445000
2014-06-19,102.93000030517578,103.87000274658203,102.80999755859375,103.80999755859375,78.3606948852539,5481500
2014-06-20,104.37000274658203,105.4800033569336,104.06999969482422,105.2699966430664,79.46277618408203,12459700
2014-06-23,104.91000366210938,105.12000274658203,104.44000244140625,104.75,79.07027435302734,6063200
2014-06-24,104.62999725341797,105.2300033569336,104.55000305175781,104.58999633789062,78.94944763183594,5915000
2014-06-25,104.2300033569336,105.87000274658203,104.2300033569336,105.76000213623047,79.83264923095703,6411100
2014-06-26,105.83999633789062,105.97000122070312,105.02999877929688,105.6500015258789,79.74961853027344,5106900
2014-06-27,105.47000122070312,105.58999633789062,104.44999694824219,104.98999786376953,79.25142669677734,6463000
2014-06-30,105.62000274658203,106.0,104.5199966430664,104.62000274658203,78.97212219238281,6877800
2014-07-01,105.1500015258789,106.0,104.98999786376953,105.87000274658203,79.9156723022461,5129200
2014-07-02,105.69999694824219,105.97000122070312,105.30000305175781,105.86000061035156,79.90815734863281,3764900
2014-07-03,105.87000274658203,106.25,105.11000061035156,105.41999816894531,79.57600402832031,4199100
2014-07-07,105.41999816894531,106.73999786376953,105.2699966430664,106.47000122070312,80.36861419677734,7014900
2014-07-08,106.20999908447266,106.25,105.5199966430664,105.72000122070312,79.80244445800781,6268400
2014-07-09,106.0,106.20999908447266,105.72000122070312,106.04000091552734,80.04400634765625,5720900
2014-07-10,105.08000183105469,106.0,104.5199966430664,105.80000305175781,79.86284637451172,4955100
2014-07-11,105.83999633789062,106.01000213623047,104.86000061035156,105.0999984741211,79.33445739746094,5461000
2014-07-14,105.37999725341797,105.48999786376953,105.11000061035156,105.37999725341797,79.54581451416016,7784800
2014-07-15,105.2300033569336,105.47000122070312,102.7699966430664,103.27999877929688,77.96062469482422,14219700
2014-07-16,103.52999877929688,103.66999816894531,101.94999694824219,102.22000122070312,77.16049194335938,11946800
2014-07-17,101.9000015258789,102.0999984741211,100.26000213623047,100.37000274658203,75.76403045654297,11218900
2014-07-18,100.66999816894531,101.95999908447266,100.37000274658203,101.80000305175781,76.84343719482422,8408400
2014-07-21,101.44000244140625,101.58000183105469,101.0199966430664,101.2699966430664,76.4433822631836,6379900
2014-07-22,101.91000366210938,102.54000091552734,101.77999877929688,102.47000122070312,77.34918975830078,6554100
2014-07-23,102.80000305175781,102.93000030517578,101.87999725341797,102.19000244140625,77.13786315917969,4815300
2014-07-24,102.33999633789062,102.7300033569336,102.0199966430664,102.19999694824219,77.14537811279297,5177200
2014-07-25,102.2699966430664,102.4000015258789,101.80000305175781,102.11000061035156,77.07745361328125,3951500
2014-07-28,101.88999938964844,102.4000015258789,101.66000366210938,102.11000061035156,77.07745361328125,4634800
2014-07-29,102.44999694824219,102.51000213623047,101.69000244140625,101.95999908447266,76.96422576904297,6053900
2014-07-30,102.2699966430664,102.8499984741211,101.80999755859375,102.30000305175781,77.22087097167969,5994800
2014-07-31,101.7699966430664,101.83999633789062,100.05000305175781,100.08999633789062,75.55265808105469,9141500
2014-08-01,99.76000213623047,100.41000366210938,98.80000305175781,99.9000015258789,75.40924072265625,8610700
2014-08-04,99.98999786376953,100.37999725341797,99.31999969482422,100.16000366210938,75.60549926757812,6790800
2014-08-05,99.83000183105469,100.23999786376953,99.55000305175781,99.81999969482422,75.3488540649414,6230900
2014-08-06,99.66999816894531,100.83000183105469,99.5999984741211,100.70999908447266,76.02066802978516,7412100
2014-08-07,101.08999633789062,101.19000244140625,99.58000183105469,99.93000030517578,75.43189239501953,7417800
2014-08-08,100.20999908447266,101.1500015258789,99.7699966430664,101.08000183105469,76.29998016357422,5618400
2014-08-11,101.62000274658203,101.77999877929688,101.01000213623047,101.16000366210938,76.36035919189453,5703000
2014-08-12,101.0,101.22000122070312,100.30999755859375,100.62999725341797,75.96028137207031,4577700
2014-08-13,101.1500015258789,101.94999694824219,101.1500015258789,101.73999786376953,76.79816436767578,4563700
2014-08-14,101.88999938964844,102.05000305175781,101.5,102.0199966430664,77.00951385498047,5239400
2014-08-15,102.20999908447266,102.44000244140625,100.80000305175781,101.16999816894531,76.3678970336914,6986000
2014-08-18,101.91999816894531,102.72000122070312,101.75,102.69999694824219,77.52281188964844,5979500
2014-08-19,102.7300033569336,102.95999908447266,102.0199966430664,102.95999908447266,77.71908569335938,5670000
2014-08-20,102.87000274658203,103.30000305175781,102.69999694824219,103.20999908447266,77.9078140258789,5183000
2014-08-21,103.33000183105469,104.41999816894531,103.33000183105469,104.19000244140625,78.64752960205078,8357600
2014-08-22,103.62999725341797,104.02999877929688,102.97000122070312,103.0999984741211,78.35115051269531,5076300
2014-08-25,103.6500015258789,103.80999755859375,103.08999633789062,103.2300033569336,78.4499740600586,3678200
2014-08-26,103.47000122070312,103.72000122070312,103.16999816894531,103.44000244140625,78.60957336425781,3512400
2014-08-27,103.5999984741211,103.72000122070312,102.91000366210938,103.22000122070312,78.44236755371094,4786100
2014-08-28,102.9000015258789,103.19000244140625,102.70999908447266,102.94999694824219,78.2371826171875,3482200
2014-08-29,103.0999984741211,103.76000213623047,103.01000213623047,103.7300033569336,78.82994079589844,5287800
2014-09-02,103.30000305175781,103.70999908447266,103.0199966430664,103.36000061035156,78.54872131347656,4644800
2014-09-03,103.81999969482422,104.0999984741211,103.54000091552734,103.76000213623047,78.85271453857422,4725800
2014-09-04,103.98999786376953,104.0999984741211,103.76000213623047,103.83999633789062,78.91354370117188,6147700
2014-09-05,103.91999816894531,104.41999816894531,103.33999633789062,104.41999816894531,79.35430145263672,5744400
2014-09-08,104.41999816894531,104.58000183105469,103.83000183105469,104.05000305175781,79.07310485839844,4900300
2014-09-09,104.4000015258789,104.4000015258789,103.55000305175781,103.80000305175781,78.88314056396484,5999400
2014-09-10,104.19000244140625,105.33999633789062,103.95999908447266,104.98999786376953,79.78748321533203,7402200
2014-09-11,104.77999877929688,104.88999938964844,104.0999984741211,104.55000305175781,79.4531021118164,4834100
2014-09-12,104.54000091552734,104.80999755859375,103.95999908447266,104.58000183105469,79.47588348388672,5929200
2014-09-15,104.58999633789062,104.91000366210938,104.3499984741211,104.72000122070312,79.58228302001953,4525500
2014-09-16,104.48999786376953,105.94000244140625,104.30000305175781,105.87999725341797,80.46380615234375,6081400
2014-09-17,105.87999725341797,106.62999725341797,105.80000305175781,106.19000244140625,80.69940948486328,6627800
2014-09-18,106.18000030517578,107.41000366210938,106.02999877929688,107.3499984741211,81.58096313476562,6628700
2014-09-19,107.88999938964844,108.37000274658203,107.62000274658203,107.98999786376953,82.06732177734375,13033400
2014-09-22,108.0,108.25,107.77999877929688,107.87999725341797,81.9837417602539,5788300
2014-09-23,107.7699966430664,108.0999984741211,107.19000244140625,107.45999908447266,81.66456604003906,8108100
2014-09-24,107.69999694824219,108.7699966430664,107.33999633789062,108.63999938964844,82.56130981445312,5890900
2014-09-25,108.52999877929688,108.55000305175781,107.06999969482422,107.0999984741211,81.39096069335938,5688200
2014-09-26,107.41000366210938,107.48999786376953,106.19999694824219,107.0999984741211,81.39096069335938,4467500
2014-09-29,106.37999725341797,106.6500015258789,106.04000091552734,106.54000091552734,80.96540832519531,6581600
2014-09-30,106.5,107.20999908447266,106.44999694824219,106.58999633789062,81.0033950805664,6822500
2014-10-01,105.9800033569336,106.27999877929688,103.94999694824219,104.30000305175781,79.26312255859375,12263700
2014-10-02,104.05999755859375,104.54000091552734,103.25,103.8499984741211,78.92111206054688,7566100
2014-10-03,104.2300033569336,105.19000244140625,104.12999725341797,105.12999725341797,79.89385986328125,6856100
2014-10-06,105.68000030517578,106.0,104.37000274658203,104.86000061035156,79.68865966796875,5015100
2014-10-07,104.45999908447266,104.45999908447266,102.33999633789062,102.38999938964844,77.81160736083984,8407800
2014-10-08,102.43000030517578,105.02999877929688,102.04000091552734,104.91000366210938,79.7266845703125,8337000
2014-10-09,104.62999725341797,104.86000061035156,101.79000091552734,102.08000183105469,77.57601928710938,10675900
2014-10-10,102.3499984741211,102.52999877929688,101.2300033569336,101.2300033569336,76.93004608154297,9984100
2014-10-13,101.45999908447266,101.45999908447266,99.0199966430664,99.12000274658203,75.3265609741211,10334600
2014-10-14,100.52999877929688,100.9000015258789,95.33999633789062,97.01000213623047,73.72303771972656,20807400
2014-10-15,96.05000305175781,98.72000122070312,95.0999984741211,98.20999908447266,74.63497161865234,21905900
2014-10-16,96.97000122070312,98.0,96.5,96.77999877929688,73.54826354980469,14575300
2014-10-17,97.54000091552734,99.1500015258789,97.30999755859375,98.69999694824219,75.00738525390625,12272900
2014-10-20,98.83000183105469,99.19999694824219,98.31999969482422,99.19999694824219,75.38732147216797,7988900
2014-10-21,99.83000183105469,100.37999725341797,99.33999633789062,100.36000061035156,76.26889038085938,7287300
2014-10-22,101.0999984741211,101.79000091552734,100.5199966430664,101.22000122070312,76.92244720458984,9360100
2014-10-23,102.26000213623047,102.9800033569336,101.94000244140625,102.62999725341797,77.99400329589844,7570400
2014-10-24,102.94999694824219,103.29000091552734,102.20999908447266,103.12999725341797,78.37397003173828,5973100
2014-10-27,103.06999969482422,104.23999786376953,103.04000091552734,104.06999969482422,79.08832550048828,7043900
2014-10-28,104.55000305175781,104.80000305175781,103.55999755859375,104.79000091552734,79.635498046875,10347800
2014-10-29,105.0,105.55999755859375,104.86000061035156,105.55999755859375,80.22062683105469,8188300
2014-10-30,105.16999816894531,107.05000305175781,104.91000366210938,107.04000091552734,81.34538269042969,9068300
2014-10-31,107.94000244140625,108.18000030517578,107.26000213623047,107.77999877929688,81.9077377319336,10800100
2014-11-03,107.83000183105469,108.12000274658203,106.75,107.45999908447266,81.66456604003906,7082600
2014-11-04,107.88999938964844,108.7300033569336,107.33999633789062,108.62000274658203,82.54610443115234,9349000
2014-11-05,109.05000305175781,109.26000213623047,107.94999694824219,108.81999969482422,82.69808959960938,6966800
2014-11-06,108.93000030517578,109.31999969482422,108.55000305175781,109.01000213623047,82.84246063232422,6200300
2014-11-07,109.0,109.02999877929688,107.91999816894531,108.19999694824219,82.22693634033203,6652600
2014-11-10,108.06999969482422,108.91999816894531,107.19999694824219,108.81999969482422,82.69808959960938,7573300
2014-11-11,108.87999725341797,109.4000015258789,108.55000305175781,108.91000366210938,82.76648712158203,6221100
2014-11-12,108.66999816894531,109.0,108.38999938964844,108.75,82.6448745727539,4895900
2014-11-13,109.05000305175781,109.48999786376953,108.5,109.06999969482422,82.88805389404297,4860000
2014-11-14,108.91999816894531,109.05999755859375,108.01000213623047,108.16000366210938,82.19654083251953,5650700
2014-11-17,108.0,108.69000244140625,107.61000061035156,108.30000305175781,82.30291748046875,5233000
2014-11-18,108.12999725341797,109.05999755859375,107.72000122070312,108.83000183105469,82.70568084716797,5407200
2014-11-19,108.44999694824219,108.80999755859375,108.0999984741211,108.76000213623047,82.65250396728516,5217800
2014-11-20,108.55000305175781,108.56999969482422,107.69000244140625,108.18000030517578,82.21170806884766,8090700
2014-11-21,108.7300033569336,108.7300033569336,107.62000274658203,107.86000061035156,82.50238037109375,8417400
2014-11-24,107.91999816894531,108.2300033569336,106.63999938964844,106.87999725341797,81.75276184082031,9098000
2014-11-25,106.9800033569336,107.19000244140625,106.69999694824219,106.69999694824219,81.61509704589844,7367900
2014-11-26,106.7699966430664,107.25,106.5999984741211,107.20999908447266,82.00521850585938,5503700
2014-11-28,107.61000061035156,108.81999969482422,107.33000183105469,108.25,82.80069732666016,5881200
2014-12-01,107.88999938964844,108.80999755859375,107.3499984741211,108.02999877929688,82.6324234008789,5638800
2014-12-02,107.97000122070312,108.52999877929688,107.5,108.51000213623047,82.99958801269531,6184400
2014-12-03,108.54000091552734,108.98999786376953,107.6500015258789,107.72000122070312,82.39527893066406,8957400
2014-12-04,108.08999633789062,108.30000305175781,107.37999725341797,107.55999755859375,82.27290344238281,6697600
2014-12-05,107.52999877929688,108.73999786376953,107.22000122070312,108.51000213623047,82.99958801269531,6449700
2014-12-08,108.41999816894531,108.87999725341797,108.13999938964844,108.5199966430664,83.00721740722656,6499300
2014-12-09,108.22000122070312,108.47000122070312,106.88999938964844,108.05000305175781,82.64772033691406,7214300
2014-12-10,107.61000061035156,107.95999908447266,106.1500015258789,106.23999786376953,81.26321411132812,9416400
2014-12-11,105.8499984741211,107.30999755859375,105.36000061035156,106.72000122070312,81.63040924072266,7114600
2014-12-12,106.6500015258789,106.87000274658203,104.38999938964844,104.43000030517578,79.87879180908203,8325500
2014-12-15,104.7699966430664,105.05999755859375,103.62999725341797,103.95999908447266,79.51927947998047,12110600
2014-12-16,103.4800033569336,105.20999908447266,102.5,102.76000213623047,78.60136413574219,10209200
2014-12-17,103.2699966430664,104.48999786376953,102.69999694824219,104.06999969482422,79.6034164428711,10207600
2014-12-18,105.62000274658203,106.81999969482422,104.73999786376953,106.80999755859375,81.69923400878906,11756800
2014-12-19,106.62999725341797,107.38999938964844,105.5,105.55000305175781,80.73548889160156,19154400
2014-12-22,105.69000244140625,106.83000183105469,105.66999816894531,106.73999786376953,81.64567565917969,8124500
2014-12-23,106.66000366210938,106.91000366210938,103.91999816894531,104.27999877929688,79.76403045654297,10171700
2014-12-24,104.37999725341797,105.33000183105469,104.37999725341797,104.58999633789062,80.00112915039062,3415100
2014-12-26,105.06999969482422,105.69000244140625,104.69000244140625,105.05999755859375,80.36065673828125,2951000
2014-12-29,104.63999938964844,105.69000244140625,104.61000061035156,105.33000183105469,80.56717681884766,4273400
2014-12-30,105.41999816894531,105.80000305175781,105.05999755859375,105.36000061035156,80.59014129638672,4371700
2014-12-31,105.61000061035156,106.11000061035156,104.54000091552734,104.56999969482422,79.98583984375,6202100
2015-01-02,105.05000305175781,105.55000305175781,104.12999725341797,104.5199966430664,79.9476089477539,5753600
2015-01-05,104.4800033569336,104.7300033569336,103.68000030517578,103.79000091552734,79.38922882080078,8079300
2015-01-06,104.33999633789062,104.98999786376953,102.94000244140625,103.27999877929688,78.99913024902344,7428000
2015-01-07,103.91000366210938,105.83000183105469,103.80999755859375,105.55999755859375,80.74308776855469,7931700
2015-01-08,106.05999755859375,106.48999786376953,105.75,106.38999938964844,81.37798309326172,9916000
2015-01-09,106.5,106.5,104.75,104.94000244140625,80.26888275146484,7364800
2015-01-12,105.16999816894531,105.81999969482422,104.30000305175781,104.58000183105469,79.99349212646484,6839000
2015-01-13,105.44000244140625,106.33000183105469,104.23999786376953,104.76000213623047,80.13119506835938,10151100
2015-01-14,103.86000061035156,104.43000030517578,103.51000213623047,104.0,79.54987335205078,8887700
2015-01-15,102.97000122070312,103.93000030517578,101.94999694824219,102.48999786376953,78.3948745727539,10834800
2015-01-16,102.05999755859375,104.62000274658203,102.0,104.04000091552734,79.5804443359375,14092300
2015-01-20,101.55000305175781,102.05000305175781,100.26000213623047,101.29000091552734,77.47698211669922,20460000
2015-01-21,100.55999755859375,102.0999984741211,100.4000015258789,101.9000015258789,77.94355773925781,11702900
2015-01-22,102.38999938964844,103.83000183105469,101.56999969482422,103.76000213623047,79.36627197265625,9036600
2015-01-23,102.94000244140625,102.97000122070312,101.94000244140625,102.19999694824219,78.17301940917969,10126000
2015-01-26,101.80000305175781,102.44999694824219,101.20999908447266,102.26000213623047,78.21894073486328,8962800
2015-01-27,101.83000183105469,102.7699966430664,100.93000030517578,102.08999633789062,78.0888900756836,10160500
2015-01-28,102.4800033569336,102.93000030517578,101.44000244140625,101.4800033569336,77.62229919433594,9053200
2015-01-29,101.51000213623047,102.45999908447266,100.66999816894531,102.37999725341797,78.31071472167969,7569300
2015-01-30,101.58000183105469,102.0,100.08999633789062,100.13999938964844,76.59732818603516,10676300
2015-02-02,100.48999786376953,100.8499984741211,99.37999725341797,100.83000183105469,77.1250991821289,8990700
2015-02-03,101.4000015258789,102.55999755859375,101.12000274658203,102.45999908447266,78.37189483642578,10005200
2015-02-04,102.12000274658203,102.44999694824219,101.0199966430664,101.36000061035156,77.53053283691406,9514100
2015-02-05,101.56999969482422,102.55999755859375,101.45999908447266,102.45999908447266,78.37189483642578,6642200
2015-02-06,102.11000061035156,102.44999694824219,100.83000183105469,101.0999984741211,77.33163452148438,9215700
2015-02-09,101.05999755859375,101.05999755859375,99.0999984741211,99.77999877929688,76.32196044921875,9851700
2015-02-10,100.19000244140625,100.69999694824219,99.43000030517578,100.3499984741211,76.75796508789062,12275500
2015-02-11,100.45999908447266,100.79000091552734,99.94999694824219,100.37999725341797,76.7809066772461,8177000
2015-02-12,100.5,100.54000091552734,97.1500015258789,98.44000244140625,75.29700469970703,25835200
2015-02-13,98.44000244140625,99.66999816894531,98.33000183105469,99.62000274658203,76.19960021972656,11153600
2015-02-17,99.38999938964844,100.4800033569336,99.12000274658203,100.44000244140625,76.82682037353516,8627100
2015-02-18,100.69999694824219,100.94000244140625,99.37999725341797,99.95999908447266,76.45965576171875,7878200
2015-02-19,99.94999694824219,100.83999633789062,99.61000061035156,100.69999694824219,77.02568817138672,10028200
2015-02-20,100.18000030517578,100.37000274658203,99.11000061035156,100.26000213623047,77.22596740722656,10085700
2015-02-23,100.73999786376953,100.7699966430664,99.80000305175781,100.18000030517578,77.16431427001953,6878200
2015-02-24,100.25,101.05000305175781,100.0,100.69999694824219,77.56485748291016,6587200
2015-02-25,100.94000244140625,101.29000091552734,100.16000366210938,101.20999908447266,77.95767211914062,9684000
2015-02-26,101.37999725341797,103.18000030517578,101.22000122070312,102.80000305175781,79.18240356445312,11437900
2015-02-27,103.04000091552734,103.33000183105469,102.4800033569336,102.51000213623047,78.95903015136719,8500000
2015-03-02,102.51000213623047,103.41000366210938,102.51000213623047,103.22000122070312,79.50592041015625,7277600
2015-03-03,103.0999984741211,103.0999984741211,101.80999755859375,102.33999633789062,78.82805633544922,6419700
2015-03-04,102.12000274658203,102.12000274658203,101.16999816894531,101.6500015258789,78.29659271240234,8665500
2015-03-05,102.06999969482422,103.20999908447266,102.0,102.5199966430664,78.96672821044922,8042300
2015-03-06,102.08999633789062,102.43000030517578,99.87999725341797,100.11000061035156,77.11040496826172,9287600
2015-03-09,100.19999694824219,100.91999816894531,99.76000213623047,100.66000366210938,77.53404998779297,5701100
2015-03-10,99.98999786376953,100.44000244140625,99.51000213623047,99.52999877929688,76.66365814208984,8735700
2015-03-11,99.83000183105469,99.83000183105469,98.22000122070312,98.31999969482422,75.73163604736328,9138100
2015-03-12,98.95999908447266,100.23999786376953,98.83000183105469,99.83000183105469,76.89473724365234,8318000
2015-03-13,99.8499984741211,100.05000305175781,98.63999938964844,99.20999908447266,76.41719818115234,7821800
2015-03-16,99.73999786376953,101.06999969482422,99.73999786376953,101.05999755859375,77.84215545654297,7726500
2015-03-17,100.11000061035156,100.5199966430664,99.41000366210938,99.88999938964844,76.94095611572266,7301500
2015-03-18,99.88999938964844,101.73999786376953,99.12999725341797,101.45999908447266,78.15025329589844,7972500
2015-03-19,101.04000091552734,101.95999908447266,100.91000366210938,101.69000244140625,78.32742309570312,6863100
2015-03-20,101.87000274658203,102.9000015258789,101.76000213623047,102.4000015258789,78.8742904663086,12433800
2015-03-23,102.47000122070312,103.3499984741211,102.2300033569336,102.9800033569336,79.3210678100586,9016000
2015-03-24,102.83000183105469,103.2300033569336,101.93000030517578,101.95999908447266,78.535400390625,8390700
2015-03-25,101.8499984741211,102.5,100.33999633789062,100.33999633789062,77.2875747680664,8444100
2015-03-26,99.94999694824219,100.80999755859375,99.55999755859375,100.13999938964844,77.13351440429688,9972400
2015-03-27,100.27999877929688,100.94999694824219,100.1500015258789,100.33999633789062,77.2875747680664,5847400
2015-03-30,101.23999786376953,101.86000061035156,100.76000213623047,101.55000305175781,78.21958923339844,6061200
2015-03-31,100.97000122070312,101.48999786376953,100.58999633789062,100.5999984741211,77.48784637451172,8028000
2015-04-01,100.45999908447266,100.45999908447266,98.61000061035156,99.1500015258789,76.3709716796875,11368100
2015-04-02,99.44000244140625,99.98999786376953,98.88999938964844,99.63999938964844,76.74839782714844,6097100
2015-04-06,98.83999633789062,99.55999755859375,98.04000091552734,99.16000366210938,76.378662109375,9697600
2015-04-07,99.55000305175781,100.87000274658203,99.43000030517578,100.0999984741211,77.10269165039062,7900300
2015-04-08,99.83999633789062,100.44999694824219,99.5999984741211,100.16000366210938,77.14893341064453,7354100
2015-04-09,100.56999969482422,101.6500015258789,100.33000183105469,101.33000183105469,78.05014038085938,8073900
2015-04-10,101.33000183105469,102.13999938964844,100.93000030517578,102.05999755859375,78.61241149902344,6786500
2015-04-13,101.54000091552734,101.9800033569336,100.55000305175781,100.55000305175781,77.44932556152344,10753500
2015-04-14,101.05000305175781,101.45999908447266,100.19000244140625,100.5199966430664,77.42620849609375,9322200
2015-04-15,100.54000091552734,101.23999786376953,100.33000183105469,100.5999984741211,77.48784637451172,8237100
2015-04-16,100.2699966430664,100.31999969482422,99.7699966430664,99.79000091552734,76.8639144897461,7324800
2015-04-17,99.37000274658203,99.8499984741211,99.11000061035156,99.58000183105469,76.7021713256836,11084200
2015-04-20,100.26000213623047,100.87999725341797,100.05000305175781,100.20999908447266,77.18744659423828,6668500
2015-04-21,100.66000366210938,100.98999786376953,100.16000366210938,100.30000305175781,77.25677490234375,6532700
2015-04-22,100.62999725341797,100.80000305175781,99.95999908447266,100.43000030517578,77.35689544677734,4763900
2015-04-23,100.5,100.81999969482422,99.91000366210938,100.45999908447266,77.38001251220703,7351500
2015-04-24,100.11000061035156,101.52999877929688,100.0,101.08000183105469,77.85755920410156,6566900
2015-04-27,101.16000366210938,101.5999984741211,100.47000122070312,100.58000183105469,77.4724349975586,9113900
2015-04-28,100.44999694824219,100.94999694824219,99.30999755859375,100.73999786376953,77.5956802368164,7484600
2015-04-29,100.51000213623047,100.61000061035156,99.9000015258789,100.38999938964844,77.32608032226562,8926200
2015-04-30,100.06999969482422,100.1500015258789,98.7699966430664,99.19999694824219,76.40943908691406,10170600
2015-05-01,99.62000274658203,100.38999938964844,99.62000274658203,100.12999725341797,77.12580871582031,6255000
2015-05-04,100.33000183105469,100.55000305175781,100.16000366210938,100.3499984741211,77.2952651977539,5532400
2015-05-05,100.12999725341797,100.29000091552734,99.29000091552734,99.5,76.64053344726562,8828000
2015-05-06,99.62000274658203,99.87000274658203,98.66000366210938,99.16999816894531,76.38636779785156,8030800
2015-05-07,98.94000244140625,100.0,98.91000366210938,99.66000366210938,76.7637939453125,6401600
2015-05-08,100.4800033569336,101.66999816894531,100.44000244140625,101.47000122070312,78.15796661376953,7508600
2015-05-11,101.31999969482422,101.66000366210938,101.01000213623047,101.02999877929688,77.81904602050781,5698900
2015-05-12,100.87999725341797,101.05000305175781,100.27999877929688,100.47000122070312,77.38771057128906,6903100
2015-05-13,100.68000030517578,101.12999725341797,100.47000122070312,100.55000305175781,77.44932556152344,5826800
2015-05-14,100.97000122070312,101.87000274658203,100.94999694824219,101.83000183105469,78.43524169921875,5454000
2015-05-15,101.9800033569336,102.31999969482422,101.66999816894531,102.30000305175781,78.79727935791016,6023500
2015-05-18,102.37000274658203,104.33999633789062,102.31999969482422,103.41999816894531,79.65996551513672,10479600
2015-05-19,103.66000366210938,104.12000274658203,103.26000213623047,103.95999908447266,80.0759048461914,7724100
2015-05-20,104.41999816894531,104.4800033569336,103.30999755859375,103.5999984741211,79.7986068725586,7146500
2015-05-21,102.91000366210938,103.30000305175781,102.33999633789062,102.41999816894531,79.4649658203125,6875600
2015-05-22,102.2699966430664,102.41000366210938,101.33000183105469,101.3499984741211,78.63481140136719,6216600
2015-05-26,101.2300033569336,101.55000305175781,100.58000183105469,100.81999969482422,78.22358703613281,7918900
2015-05-27,101.01000213623047,101.41000366210938,100.80000305175781,101.12999725341797,78.46409606933594,9297900
2015-05-28,101.01000213623047,101.69999694824219,100.80999755859375,101.1500015258789,78.47962188720703,5700100
2015-05-29,101.55000305175781,101.62000274658203,99.83000183105469,100.13999938964844,77.69599151611328,9957800
2015-06-01,100.27999877929688,100.5999984741211,99.72000122070312,100.04000091552734,77.61839294433594,7298100
2015-06-02,99.91999816894531,100.23999786376953,99.0999984741211,99.9800033569336,77.57186126708984,8312400
2015-06-03,100.31999969482422,100.43000030517578,99.83999633789062,100.08999633789062,77.65716552734375,5375200
2015-06-04,99.94000244140625,100.47000122070312,99.05999755859375,99.2300033569336,76.98993682861328,8057900
2015-06-05,98.98999786376953,99.05000305175781,98.19999694824219,98.58999633789062,76.49337768554688,7557300
2015-06-08,98.5999984741211,98.9800033569336,97.95999908447266,97.95999908447266,76.00458526611328,7054600
2015-06-09,98.44000244140625,98.54000091552734,97.80000305175781,98.20999908447266,76.19853973388672,7844300
2015-06-10,98.4800033569336,99.55000305175781,98.19999694824219,98.87999725341797,76.71841430664062,10025100
2015-06-11,99.19999694824219,99.80000305175781,98.83000183105469,99.23999786376953,76.9976806640625,6175200
2015-06-12,98.87999725341797,99.2300033569336,98.12000274658203,98.3499984741211,76.30717468261719,8717200
2015-06-15,97.75,97.87000274658203,97.01000213623047,97.48999786376953,75.63993072509766,6833500
2015-06-16,97.5,98.48999786376953,97.0999984741211,98.36000061035156,76.31494140625,6049500
2015-06-17,98.37999725341797,99.12000274658203,98.1500015258789,98.7300033569336,76.60201263427734,6155800
2015-06-18,98.86000061035156,100.55000305175781,98.70999908447266,100.36000061035156,77.86669921875,8815800
2015-06-19,99.87999725341797,100.19999694824219,99.77999877929688,99.86000061035156,77.47875213623047,11653600
2015-06-22,100.5999984741211,100.83999633789062,99.98999786376953,100.08999633789062,77.65716552734375,5055900
2015-06-23,100.0999984741211,100.36000061035156,99.4800033569336,99.77999877929688,77.41667938232422,6046600
2015-06-24,99.51000213623047,99.80999755859375,99.06999969482422,99.33000183105469,77.06752014160156,7254700
2015-06-25,99.5,99.9800033569336,99.11000061035156,99.12000274658203,76.90461730957031,6581100
2015-06-26,99.43000030517578,100.12999725341797,99.25,99.63999938964844,77.30804443359375,9041100
2015-06-29,98.9800033569336,99.3499984741211,97.62000274658203,97.68000030517578,75.7873306274414,11150900
2015-06-30,98.43000030517578,98.44999694824219,97.30000305175781,97.45999908447266,75.61663818359375,8967900
2015-07-01,98.30000305175781,98.68000030517578,97.63999938964844,98.47000122070312,76.40027618408203,6726700
2015-07-02,98.8499984741211,99.0199966430664,98.31999969482422,98.44000244140625,76.37700653076172,6091900
2015-07-06,97.70999908447266,98.5,96.63999938964844,98.19999694824219,76.19078826904297,6817800
2015-07-07,98.62999725341797,98.9800033569336,97.5199966430664,98.91999816894531,76.7494125366211,7122600
2015-07-08,98.41999816894531,98.58999633789062,97.69000244140625,97.7699966430664,75.8571548461914,6845500
2015-07-09,99.05000305175781,99.54000091552734,98.4000015258789,98.4000015258789,76.34596252441406,7316400
2015-07-10,99.77999877929688,99.88999938964844,99.08999633789062,99.52999877929688,77.22270965576172,6969300
2015-07-13,100.05000305175781,100.4800033569336,99.87000274658203,100.2699966430664,77.79683685302734,6986300
2015-07-14,99.26000213623047,99.87999725341797,98.55000305175781,99.77999877929688,77.41667938232422,9890600
2015-07-15,99.76000213623047,100.94000244140625,99.62999725341797,100.41999816894531,77.9132308959961,7990300
2015-07-16,100.94999694824219,101.36000061035156,100.77999877929688,101.11000061035156,78.44857025146484,5775000
2015-07-17,100.88999938964844,100.91000366210938,99.95999908447266,100.08000183105469,77.64942932128906,8054200
2015-07-20,100.5,100.6500015258789,100.0999984741211,100.37000274658203,77.87445068359375,5016200
2015-07-21,100.5999984741211,100.80999755859375,100.06999969482422,100.33999633789062,77.85115051269531,5891600
2015-07-22,100.41000366210938,100.70999908447266,99.7300033569336,100.18000030517578,77.7270278930664,6721900
2015-07-23,100.5,100.5999984741211,100.0,100.19999694824219,77.74254608154297,5016100
2015-07-24,99.75,99.94999694824219,99.05000305175781,99.1500015258789,76.9278793334961,6524200
2015-07-27,98.97000122070312,98.98999786376953,97.91999816894531,98.27999877929688,76.25286102294922,8734000
2015-07-28,98.88999938964844,99.2300033569336,98.41999816894531,99.0199966430664,76.8270034790039,7757500
2015-07-29,99.26000213623047,100.05000305175781,99.05000305175781,99.7300033569336,77.3779067993164,7853500
2015-07-30,99.80000305175781,100.0,99.37999725341797,99.83999633789062,77.46324157714844,5517400
2015-07-31,100.33999633789062,100.9800033569336,99.95999908447266,100.20999908447266,77.75031280517578,6216800
2015-08-03,100.0,100.20999908447266,99.2300033569336,100.0199966430664,77.6028823852539,6172500
2015-08-04,100.41000366210938,100.5,99.6500015258789,99.80000305175781,77.43220520019531,6005300
2015-08-05,100.56999969482422,101.0,100.3499984741211,100.5199966430664,77.9908218383789,4571300
2015-08-06,100.48999786376953,100.5999984741211,99.01000213623047,99.06999969482422,76.8658218383789,6988000
2015-08-07,99.0199966430664,99.06999969482422,98.16000366210938,98.8499984741211,76.69510650634766,6027900
2015-08-10,99.56999969482422,100.05999755859375,99.44999694824219,99.79000091552734,77.42442321777344,6133500
2015-08-11,99.05000305175781,99.33999633789062,98.7699966430664,99.01000213623047,76.81925201416016,6682600
2015-08-12,98.4000015258789,98.7300033569336,97.41000366210938,98.70999908447266,76.58649444580078,7462400
2015-08-13,98.73999786376953,98.9800033569336,98.1500015258789,98.4800033569336,76.40804290771484,5048000
2015-08-14,98.33000183105469,98.83000183105469,97.87000274658203,98.80999755859375,76.66407012939453,5177300
2015-08-17,98.44000244140625,99.87999725341797,98.05999755859375,99.87000274658203,77.48651885986328,6901800
2015-08-18,99.23999786376953,99.68000030517578,99.0199966430664,99.37000274658203,77.09857177734375,7618800
2015-08-19,99.18000030517578,99.98999786376953,98.77999877929688,99.30999755859375,77.05200958251953,7642400
2015-08-20,98.94999694824219,100.12000274658203,98.79000091552734,98.79000091552734,76.6485595703125,10620400
2015-08-21,97.22000122070312,98.5199966430664,95.51000213623047,95.55999755859375,74.70965576171875,16141500
2015-08-24,91.08000183105469,95.20999908447266,81.79000091552734,92.81999969482422,72.56753540039062,25636300
2015-08-25,95.69000244140625,95.69999694824219,90.4000015258789,90.7300033569336,70.93355560302734,15671100
2015-08-26,92.91000366210938,95.22000122070312,91.45999908447266,95.11000061035156,74.35787200927734,14738300
2015-08-27,96.0999984741211,96.4000015258789,94.3499984741211,96.22000122070312,75.22566223144531,11131200
2015-08-28,95.93000030517578,96.29000091552734,94.37999725341797,95.16999816894531,74.40479278564453,9200300
2015-08-31,94.87999725341797,95.16999816894531,93.58000183105469,93.9800033569336,73.47442626953125,9083500
2015-09-01,92.29000091552734,92.88999938964844,91.45999908447266,92.08999633789062,71.99679565429688,14593500
2015-09-02,93.16999816894531,93.47000122070312,92.5,93.3499984741211,72.98187255859375,11517400
2015-09-03,93.66000366210938,94.08999633789062,92.26000213623047,92.63999938964844,72.42678833007812,9027200
2015-09-04,91.58000183105469,91.87999725341797,90.56999969482422,91.30999755859375,71.38697814941406,10996800
2015-09-08,93.08999633789062,93.9800033569336,92.51000213623047,93.94000244140625,73.44314575195312,11394100
2015-09-09,94.98999786376953,95.16000366210938,92.02999877929688,92.22000122070312,72.09844970703125,7384500
2015-09-10,92.11000061035156,93.4800033569336,91.62000274658203,92.72000122070312,72.48933410644531,8359500
2015-09-11,92.44000244140625,93.0,91.80000305175781,92.93000030517578,72.65350341796875,7381300
2015-09-14,92.9000015258789,93.91000366210938,92.51000213623047,93.31999969482422,72.95844268798828,7948700
2015-09-15,93.79000091552734,94.75,93.19000244140625,94.4000015258789,73.80277252197266,7030700
2015-09-16,94.48999786376953,94.81999969482422,93.81999969482422,94.61000061035156,73.96695709228516,5630400
2015-09-17,94.52999877929688,96.19000244140625,94.31999969482422,94.83999633789062,74.1467514038086,8258000
2015-09-18,94.08000183105469,94.72000122070312,93.25,93.38999938964844,73.01315307617188,14211100
2015-09-21,93.87000274658203,94.5999984741211,92.37000274658203,93.12999725341797,72.80987548828125,7053700
2015-09-22,92.26000213623047,93.44000244140625,91.87999725341797,93.23999786376953,72.89585876464844,10618700
2015-09-23,93.20999908447266,93.69999694824219,92.55999755859375,92.98999786376953,72.70040893554688,5609300
2015-09-24,92.5199966430664,92.94000244140625,91.77999877929688,92.4800033569336,72.30171966552734,7407600
2015-09-25,92.93000030517578,93.12999725341797,90.76000213623047,91.0,71.14462280273438,10794400
2015-09-28,90.69999694824219,92.06999969482422,89.9000015258789,91.37000274658203,71.43391418457031,14332800
2015-09-29,92.23999786376953,93.83999633789062,91.83000183105469,93.04000091552734,72.73953247070312,11520000
2015-09-30,94.12999725341797,94.47000122070312,92.58999633789062,93.3499984741211,72.98187255859375,10970100
2015-10-01,93.43000030517578,93.8499984741211,91.76000213623047,93.16999816894531,72.84114837646484,9675900
2015-10-02,92.13999938964844,93.97000122070312,91.83999633789062,93.93000030517578,73.43531799316406,8368100
2015-10-05,94.19000244140625,94.81999969482422,94.08000183105469,94.76000213623047,74.08423614501953,9419200
2015-10-06,94.5199966430664,94.66000366210938,92.58000183105469,93.41999816894531,73.03660583496094,8365200
2015-10-07,94.26000213623047,95.41999816894531,93.44000244140625,94.9800033569336,74.25623321533203,9397300
2015-10-08,94.70999908447266,95.19999694824219,93.80999755859375,95.08000183105469,74.33441162109375,7090700
2015-10-09,95.13999938964844,95.95999908447266,94.77999877929688,95.37000274658203,74.5611343383789,8259700
2015-10-12,95.06999969482422,96.47000122070312,94.9800033569336,95.98999786376953,75.04585266113281,8957900
2015-10-13,94.79000091552734,96.2300033569336,94.30999755859375,95.44999694824219,74.62367248535156,12761900
2015-10-14,95.20999908447266,95.95999908447266,94.12000274658203,94.52999877929688,73.90440368652344,8881900
2015-10-15,95.0,97.3499984741211,94.86000061035156,97.1500015258789,75.95274353027344,9561900
2015-10-16,97.87000274658203,98.30999755859375,97.4000015258789,98.23999786376953,76.804931640625,9495300
2015-10-19,98.05000305175781,98.19999694824219,97.30999755859375,97.94000244140625,76.57036590576172,8725400
2015-10-20,97.94999694824219,98.25,97.30999755859375,97.58999633789062,76.2967300415039,6041800
2015-10-21,97.63999938964844,98.22000122070312,97.06999969482422,97.62999725341797,76.3280029296875,7059800
2015-10-22,97.8499984741211,99.80999755859375,97.12999725341797,99.52999877929688,77.8134536743164,9887900
2015-10-23,99.87999725341797,100.87999725341797,99.52999877929688,100.30999755859375,78.42327880859375,9178900
2015-10-26,100.05000305175781,100.27999877929688,99.48999786376953,99.94000244140625,78.1340103149414,7561600
2015-10-27,99.91999816894531,100.9000015258789,99.69999694824219,100.19000244140625,78.3294448852539,8883200
2015-10-28,100.44999694824219,100.4800033569336,99.5,100.4800033569336,78.55616760253906,7256300
2015-10-29,100.47000122070312,101.52999877929688,100.12000274658203,101.37000274658203,79.2519760131836,6340700
2015-10-30,101.52999877929688,102.12000274658203,101.01000213623047,101.02999877929688,78.98616790771484,10520300
2015-11-02,101.18000030517578,102.33999633789062,100.83999633789062,102.16999816894531,79.87744903564453,6297900
2015-11-03,101.83999633789062,102.30000305175781,101.11000061035156,101.95999908447266,79.71324157714844,6229200
2015-11-04,101.9000015258789,102.38999938964844,101.69000244140625,101.94000244140625,79.69760131835938,5592300
2015-11-05,102.25,102.48999786376953,101.41999816894531,102.33000183105469,80.00250244140625,6545600
2015-11-06,101.56999969482422,101.91999816894531,100.86000061035156,101.91999816894531,79.68195343017578,6221100
2015-11-09,101.38999938964844,101.58999633789062,100.55000305175781,100.83999633789062,78.83760070800781,6625900
2015-11-10,101.0,101.76000213623047,100.68000030517578,101.44999694824219,79.31450653076172,5114200
2015-11-11,101.77999877929688,102.36000061035156,101.5,101.86000061035156,79.63506317138672,6284700
2015-11-12,101.13999938964844,101.61000061035156,100.22000122070312,100.2699966430664,78.3919677734375,6918700
2015-11-13,100.04000091552734,100.94000244140625,99.73999786376953,99.87999725341797,78.0870590209961,8517500
2015-11-16,100.37999725341797,101.29000091552734,100.04000091552734,101.22000122070312,79.13471984863281,5755800
2015-11-17,100.37999725341797,101.70999908447266,100.37999725341797,101.5,79.35359191894531,5124000
2015-11-18,101.52999877929688,102.80000305175781,101.30999755859375,102.66999816894531,80.26834106445312,7148400
2015-11-19,102.66000366210938,102.68000030517578,102.05999755859375,102.48999786376953,80.12760925292969,5164500
2015-11-20,102.48999786376953,102.80000305175781,102.19999694824219,102.4800033569336,80.71041870117188,7671500
2015-11-23,102.38999938964844,103.0,102.19000244140625,102.7699966430664,80.93878936767578,6730600
2015-11-24,101.80999755859375,102.79000091552734,101.80999755859375,102.04000091552734,80.36387634277344,7492400
2015-11-25,102.16999816894531,102.33000183105469,101.95999908447266,101.95999908447266,80.30085754394531,5400800
2015-11-27,102.27999877929688,102.62000274658203,101.79000091552734,102.37000274658203,80.62376403808594,2353800
2015-11-30,102.4800033569336,102.4800033569336,101.23999786376953,101.23999786376953,79.73383331298828,8983700
2015-12-01,101.7300033569336,102.48999786376953,101.12000274658203,102.36000061035156,80.61590576171875,7545700
2015-12-02,102.5,102.93000030517578,101.98999786376953,102.05000305175781,80.37175750732422,6623500
2015-12-03,102.2699966430664,102.37000274658203,100.30999755859375,100.79000091552734,79.3794174194336,12008700
2015-12-04,101.4000015258789,103.0,101.27999877929688,102.94999694824219,81.08055114746094,7845400
2015-12-07,102.61000061035156,103.48999786376953,102.5999984741211,103.31999969482422,81.3719711303711,7262900
2015-12-08,102.9800033569336,103.23999786376953,101.91000366210938,102.41999816894531,80.66314697265625,8005400
2015-12-09,102.13999938964844,103.33999633789062,101.66999816894531,102.1500015258789,80.45050048828125,7947000
2015-12-10,102.30000305175781,103.33999633789062,101.80000305175781,102.63999938964844,80.83643341064453,6479300
2015-12-11,102.37000274658203,102.37000274658203,101.43000030517578,101.68000030517578,80.0803451538086,7796500
2015-12-14,101.6500015258789,102.29000091552734,100.77999877929688,102.1500015258789,80.45050048828125,10641500
2015-12-15,102.6500015258789,104.69000244140625,102.6500015258789,104.12999725341797,82.00990295410156,9283200
2015-12-16,104.63999938964844,105.48999786376953,103.5199966430664,105.25,82.89198303222656,8178800
2015-12-17,105.16000366210938,105.26000213623047,103.62999725341797,103.63999938964844,81.62398529052734,8740800
2015-12-18,103.08000183105469,103.08000183105469,101.94999694824219,101.94999694824219,80.29301452636719,14966000
2015-12-21,102.33999633789062,102.91999816894531,100.8499984741211,101.58000183105469,80.00159454345703,8321900
2015-12-22,101.91000366210938,102.87999725341797,101.1500015258789,102.70999908447266,80.89154815673828,5581600
2015-12-23,103.11000061035156,103.66999816894531,102.73999786376953,103.48999786376953,81.505859375,5531700
2015-12-24,103.12000274658203,103.91000366210938,103.01000213623047,103.72000122070312,81.68701171875,2546300
2015-12-28,103.18000030517578,103.47000122070312,102.93000030517578,103.22000122070312,81.29319763183594,4063000
2015-12-29,103.33999633789062,104.19000244140625,103.33999633789062,104.02999877929688,81.93116760253906,4230000
2015-12-30,104.11000061035156,104.33999633789062,103.52999877929688,103.77999877929688,81.73426818847656,3847800
2015-12-31,103.37000274658203,103.62000274658203,102.69000244140625,102.72000122070312,80.89945220947266,4592600
2016-01-04,101.70999908447266,101.80999755859375,99.44999694824219,100.4800033569336,79.13526153564453,12722800
2016-01-05,100.58000183105469,101.44000244140625,100.56999969482422,100.9000015258789,79.466064453125,6467200
2016-01-06,99.81999969482422,100.97000122070312,99.5999984741211,100.38999938964844,79.06437683105469,7733800
2016-01-07,99.30999755859375,100.08999633789062,98.87999725341797,99.22000122070312,78.1429443359375,9433100
2016-01-08,99.87999725341797,99.94000244140625,97.8499984741211,98.16000366210938,77.3080825805664,9766700
2016-01-11,98.23999786376953,98.62999725341797,96.08000183105469,97.56999969482422,76.84343719482422,8151400
2016-01-12,97.98999786376953,98.62999725341797,97.23999786376953,98.23999786376953,77.37110900878906,6745000
2016-01-13,98.48999786376953,98.9800033569336,96.83999633789062,97.0199966430664,76.41027069091797,8290700
2016-01-14,97.0999984741211,99.47000122070312,97.0,98.88999938964844,77.88302612304688,10164300
2016-01-15,96.37000274658203,98.0,96.25,97.0,76.39451599121094,12662200
2016-01-19,97.93000030517578,98.41000366210938,96.9000015258789,97.5,76.78829956054688,12457800
2016-01-20,96.11000061035156,97.27999877929688,94.52999877929688,95.75,75.4100341796875,12685200
2016-01-21,95.7699966430664,96.63999938964844,94.27999877929688,95.94000244140625,75.55968475341797,11266400
2016-01-22,97.0199966430664,97.08999633789062,95.94999694824219,96.75,76.19761657714844,8380000
2016-01-25,96.72000122070312,97.69000244140625,96.04000091552734,96.4000015258789,75.9219741821289,9350200
2016-01-26,97.26000213623047,101.33999633789062,97.13999938964844,101.18000030517578,79.68656158447266,17266600
2016-01-27,100.48999786376953,103.37999725341797,100.48999786376953,102.16000366210938,80.4583740234375,19330500
2016-01-28,102.5,103.04000091552734,101.8499984741211,102.2699966430664,80.54501342773438,12789500
2016-01-29,102.88999938964844,104.75,102.62999725341797,104.44000244140625,82.25404357910156,15614600
2016-02-01,103.61000061035156,104.79000091552734,103.22000122070312,104.37000274658203,82.19890594482422,9803700
2016-02-02,103.30000305175781,104.26000213623047,103.0,103.41000366210938,81.44286346435547,10616300
2016-02-03,103.6500015258789,104.37999725341797,102.01000213623047,104.13999938964844,82.01779174804688,10168600
2016-02-04,103.61000061035156,104.08999633789062,102.7300033569336,103.9000015258789,81.82876586914062,10389000
2016-02-05,102.66000366210938,102.7699966430664,99.77999877929688,100.54000091552734,79.18252563476562,15522200
2016-02-08,100.30999755859375,103.51000213623047,100.22000122070312,102.0,80.33238220214844,14323800
2016-02-09,101.30999755859375,102.23999786376953,100.97000122070312,101.97000122070312,80.30874633789062,10044500
2016-02-10,102.05000305175781,102.91000366210938,101.37000274658203,101.7300033569336,80.11973571777344,9833100
2016-02-11,100.45999908447266,102.0199966430664,99.9800033569336,101.69999694824219,80.09608459472656,12465800
2016-02-12,101.81999969482422,101.9800033569336,100.72000122070312,101.81999969482422,80.19062042236328,9035000
2016-02-16,102.37000274658203,103.05000305175781,101.6500015258789,102.31999969482422,80.58440399169922,10452800
2016-02-17,102.75,103.23999786376953,102.2300033569336,102.5,80.72614288330078,8904000
2016-02-18,102.83000183105469,104.68000030517578,102.5,104.23999786376953,82.0965347290039,10744600
2016-02-19,103.58000183105469,104.68000030517578,103.37999725341797,104.16000366210938,82.62803649902344,9343300
2016-02-22,104.16000366210938,104.75,104.05000305175781,104.75,83.09606170654297,6947000
2016-02-23,104.6500015258789,104.79000091552734,103.95999908447266,104.08000183105469,82.56458282470703,6629200
2016-02-24,103.33999633789062,105.08000183105469,102.97000122070312,104.95999908447266,83.26268005371094,9076100
2016-02-25,104.94999694824219,106.38999938964844,104.7699966430664,106.37999725341797,84.38910675048828,8092500
2016-02-26,106.81999969482422,106.91999816894531,105.41999816894531,105.77999877929688,83.91314697265625,9049400
2016-02-29,105.27999877929688,106.19999694824219,105.04000091552734,105.20999908447266,83.46096801757812,10111100
2016-03-01,105.9000015258789,107.23999786376953,105.44000244140625,107.22000122070312,85.05546569824219,8298500
2016-03-02,106.91000366210938,107.41000366210938,106.43000030517578,107.04000091552734,84.9126968383789,9767000
2016-03-03,106.81999969482422,107.0,105.62999725341797,106.6500015258789,84.60330963134766,6927200
2016-03-04,106.51000213623047,106.9800033569336,106.06999969482422,106.5,84.48430633544922,6715700
2016-03-07,106.0,106.91999816894531,105.48999786376953,106.73999786376953,84.6747055053711,6973500
2016-03-08,106.5199966430664,106.7699966430664,105.97000122070312,106.22000122070312,84.26219177246094,7632900
2016-03-09,106.83999633789062,107.0199966430664,106.08999633789062,106.83999633789062,84.75402069091797,7564200
2016-03-10,106.98999786376953,107.4800033569336,106.06999969482422,107.13999938964844,84.99198150634766,10474700
2016-03-11,107.5,107.98999786376953,107.20999908447266,107.70999908447266,85.44416809082031,7763800
2016-03-14,107.91999816894531,108.30000305175781,107.30999755859375,107.66000366210938,85.40452575683594,7242800
2016-03-15,107.62000274658203,108.3499984741211,106.76000213623047,107.76000213623047,85.48384857177734,8476600
2016-03-16,107.7300033569336,107.77999877929688,106.87999725341797,107.41000366210938,85.2061996459961,7065100
2016-03-17,107.47000122070312,107.5999984741211,106.44999694824219,106.73999786376953,84.6747055053711,8571100
2016-03-18,106.98999786376953,107.83999633789062,106.36000061035156,107.5,85.27760314941406,14758300
2016-03-21,107.41000366210938,107.75,106.55000305175781,107.27999877929688,85.10307312011719,7674700
2016-03-22,107.27999877929688,107.62999725341797,107.05000305175781,107.37999725341797,85.18240356445312,7821700
2016-03-23,107.29000091552734,108.83000183105469,107.19999694824219,108.5,86.07089233398438,8191300
2016-03-24,108.22000122070312,108.61000061035156,107.75,108.30999755859375,85.9201431274414,6284500
2016-03-28,108.41000366210938,108.9000015258789,108.05999755859375,108.2300033569336,85.85668182373047,4738100
2016-03-29,108.30000305175781,109.25,107.73999786376953,109.13999938964844,86.57855987548828,6612800
2016-03-30,109.44999694824219,109.55999755859375,108.93000030517578,108.9800033569336,86.45164489746094,5248200
2016-03-31,108.86000061035156,108.9800033569336,108.04000091552734,108.19999694824219,85.83289337158203,8167700
2016-04-01,108.0,109.29000091552734,107.69000244140625,109.19000244140625,86.61824035644531,9043200
2016-04-04,108.81999969482422,109.0999984741211,108.26000213623047,108.58999633789062,86.14225769042969,10668900
2016-04-05,108.2300033569336,109.83999633789062,108.01000213623047,108.94999694824219,86.42781066894531,7939000
2016-04-06,108.72000122070312,109.5,107.87999725341797,109.41999816894531,86.8006820678711,6828700
2016-04-07,109.0,109.62000274658203,108.62999725341797,109.2699966430664,86.68170928955078,7822900
2016-04-08,109.37000274658203,109.63999938964844,108.76000213623047,109.0999984741211,86.54682159423828,6301600
2016-04-11,109.1500015258789,109.62000274658203,108.6500015258789,108.97000122070312,86.44371795654297,6823900
2016-04-12,109.0,110.23999786376953,108.75,109.5999984741211,86.94347381591797,8412300
2016-04-13,110.0,110.3499984741211,109.30999755859375,109.87000274658203,87.15766906738281,5758300
2016-04-14,110.0,110.29000091552734,109.44999694824219,109.83999633789062,87.13387298583984,4457100
2016-04-15,110.06999969482422,110.4000015258789,109.5,110.18000030517578,87.40357971191406,10057900
2016-04-18,110.0,111.0999984741211,109.66999816894531,110.93000030517578,87.99852752685547,7772500
2016-04-19,111.6500015258789,113.94999694824219,111.4800033569336,112.68000030517578,89.38676452636719,10526400
2016-04-20,113.19000244140625,114.19000244140625,113.05000305175781,113.58000183105469,90.10074615478516,8213400
2016-04-21,113.30999755859375,113.7300033569336,112.7699966430664,113.56999969482422,90.0927963256836,7884500
2016-04-22,113.43000030517578,113.75,112.83000183105469,113.31999969482422,89.89448547363281,7508700
2016-04-25,113.30999755859375,113.55000305175781,112.4800033569336,113.51000213623047,90.04520416259766,6139900
2016-04-26,113.44999694824219,113.55999755859375,112.6500015258789,112.91000366210938,89.56924438476562,5853600
2016-04-27,112.95999908447266,113.19999694824219,112.45999908447266,112.7699966430664,89.4581527709961,5759300
2016-04-28,112.0999984741211,112.70999908447266,111.63999938964844,112.4800033569336,89.2281265258789,6640000
2016-04-29,112.05999755859375,112.22000122070312,111.51000213623047,112.08000183105469,88.91080474853516,7774500
2016-05-02,112.22000122070312,112.79000091552734,111.93000030517578,112.75,89.44229125976562,5178800
2016-05-03,112.55999755859375,113.0999984741211,112.12000274658203,112.69000244140625,89.39472961425781,7554500
2016-05-04,112.04000091552734,112.54000091552734,111.69999694824219,112.22000122070312,89.02188110351562,5214600
2016-05-05,112.08000183105469,113.0999984741211,112.04000091552734,112.87999725341797,89.54544830322266,5404300
2016-05-06,112.58000183105469,113.05000305175781,112.27999877929688,112.73999786376953,89.43438720703125,6099900
2016-05-09,112.9800033569336,113.98999786376953,112.7300033569336,113.72000122070312,90.21180725097656,6512700
2016-05-10,114.0,115.0,113.91999816894531,114.66999816894531,90.96542358398438,8356400
2016-05-11,114.56999969482422,114.76000213623047,114.30999755859375,114.37000274658203,90.72740936279297,6680700
2016-05-12,114.5,114.76000213623047,113.54000091552734,114.2300033569336,90.61636352539062,7156300
2016-05-13,113.9000015258789,114.08999633789062,113.36000061035156,113.55999755859375,90.08486938476562,6779900
2016-05-16,113.38999938964844,114.62999725341797,113.30999755859375,114.44000244140625,90.78296661376953,6222900
2016-05-17,114.54000091552734,114.55999755859375,113.23999786376953,113.83000183105469,90.29905700683594,9233900
2016-05-18,113.61000061035156,114.02999877929688,112.87999725341797,113.58999633789062,90.10865783691406,8267900
2016-05-19,112.98999786376953,113.04000091552734,112.19999694824219,112.8499984741211,89.52163696289062,8232200
2016-05-20,112.19999694824219,112.91999816894531,111.76000213623047,112.63999938964844,89.99301147460938,7435200
2016-05-23,112.7699966430664,112.81999969482422,112.04000091552734,112.16000366210938,89.60952758789062,6462300
2016-05-24,112.5199966430664,113.5,112.5199966430664,112.69000244140625,90.03298950195312,6125300
2016-05-25,113.18000030517578,113.7300033569336,112.8499984741211,113.3499984741211,90.56024932861328,5453800
2016-05-26,113.11000061035156,113.31999969482422,112.8499984741211,112.9000015258789,90.20073699951172,3973600
2016-05-27,113.04000091552734,113.33999633789062,112.69000244140625,113.05999755859375,90.32858276367188,4647000
2016-05-31,113.26000213623047,113.62999725341797,112.31999969482422,112.69000244140625,90.03298950195312,10104700
2016-06-01,112.69000244140625,113.05999755859375,112.06999969482422,112.77999877929688,90.1048812866211,4748900
2016-06-02,112.87000274658203,114.6500015258789,112.86000061035156,114.48999786376953,91.47106170654297,7310800
2016-06-03,114.47000122070312,115.38999938964844,114.12000274658203,114.76000213623047,91.68678283691406,6881700
2016-06-06,114.97000122070312,116.0,114.93000030517578,115.7699966430664,92.49370574951172,6349400
2016-06-07,116.01000213623047,116.2300033569336,115.44999694824219,115.7300033569336,92.46174621582031,6417400
2016-06-08,115.5199966430664,115.94999694824219,115.41000366210938,115.80000305175781,92.5176773071289,5863800
2016-06-09,115.77999877929688,117.19000244140625,115.61000061035156,117.0,93.47642517089844,7375500
2016-06-10,116.73999786376953,117.2300033569336,116.36000061035156,117.01000213623047,93.48441314697266,6067400
2016-06-13,117.12999725341797,117.63999938964844,116.79000091552734,116.79000091552734,93.30863189697266,7940900
2016-06-14,116.44999694824219,117.18000030517578,116.30000305175781,117.12000274658203,93.57227325439453,6378400
2016-06-15,117.63999938964844,117.73999786376953,116.33999633789062,116.41000366210938,93.00505065917969,6371400
2016-06-16,115.69000244140625,116.88999938964844,115.22000122070312,116.63999938964844,93.18876647949219,6664300
2016-06-17,116.62000274658203,116.66999816894531,115.01000213623047,115.4800033569336,92.26201629638672,10702200
2016-06-20,116.5999984741211,117.13999938964844,116.43000030517578,116.54000091552734,93.10888671875,5588200
2016-06-21,116.98999786376953,117.1500015258789,116.18000030517578,116.18000030517578,92.82125854492188,5493500
2016-06-22,116.54000091552734,117.20999908447266,116.30999755859375,116.45999908447266,93.04499053955078,5833800
2016-06-23,117.19999694824219,117.37999725341797,116.68000030517578,117.37999725341797,93.78002166748047,6775900
2016-06-24,115.06999969482422,117.12000274658203,115.0,115.62999725341797,92.38184356689453,13939500
2016-06-27,115.0,116.63999938964844,115.0,116.55000305175781,93.11685943603516,10877400
2016-06-28,117.16999816894531,118.37000274658203,116.55000305175781,118.2300033569336,94.4591293334961,10089600
2016-06-29,118.83999633789062,119.41000366210938,118.0999984741211,119.33000183105469,95.33796691894531,8341500
2016-06-30,119.18000030517578,121.41000366210938,119.16000366210938,121.30000305175781,96.9118881225586,11559900
2016-07-01,121.30000305175781,121.54000091552734,120.79000091552734,121.29000091552734,96.90387725830078,7051400
2016-07-05,121.36000061035156,123.2300033569336,121.33999633789062,122.2699966430664,97.68684387207031,9334100
2016-07-06,121.93000030517578,122.66000366210938,121.54000091552734,122.63999938964844,97.9824447631836,9332400
2016-07-07,122.58999633789062,122.80999755859375,122.01000213623047,122.51000213623047,97.87858581542969,6058700
2016-07-08,123.0,123.0999984741211,121.95999908447266,122.8499984741211,98.15023803710938,6129900
2016-07-11,122.70999908447266,123.44999694824219,122.41000366210938,122.93000030517578,98.21415710449219,6711600
2016-07-12,122.6500015258789,123.19999694824219,122.61000061035156,122.91999816894531,98.20614624023438,6415900
2016-07-13,122.68000030517578,123.4000015258789,122.30000305175781,123.0,98.27005767822266,5230800
2016-07-14,122.9800033569336,123.73999786376953,122.91000366210938,123.18000030517578,98.41388702392578,5322700
2016-07-15,123.7699966430664,124.30000305175781,122.70999908447266,123.0,98.27005767822266,7192800
2016-07-18,123.0,123.22000122070312,122.44000244140625,123.13999938964844,98.38195037841797,6599200
2016-07-19,124.77999877929688,125.75,123.33999633789062,125.25,100.06771087646484,11325700
2016-07-20,125.83999633789062,126.06999969482422,125.04000091552734,125.13999938964844,99.97982025146484,7334600
2016-07-21,125.20999908447266,125.73999786376953,124.88999938964844,125.1500015258789,99.98780059814453,5492600
2016-07-22,125.12000274658203,125.3499984741211,124.6500015258789,125.02999877929688,99.89192199707031,5839200
2016-07-25,125.06999969482422,125.12999725341797,124.13999938964844,124.88999938964844,99.78009796142578,4880600
2016-07-26,125.02999877929688,125.55000305175781,124.75,125.1500015258789,99.98780059814453,5589900
2016-07-27,125.0999984741211,125.2300033569336,124.33999633789062,124.7699966430664,99.68418884277344,4812600
2016-07-28,124.9800033569336,125.0,124.41000366210938,124.45999908447266,99.4365234375,4320400
2016-07-29,124.33999633789062,125.31999969482422,124.33999633789062,125.2300033569336,100.05171966552734,7020900
2016-08-01,125.30999755859375,125.70999908447266,125.0999984741211,125.4000015258789,100.18754577636719,4615100
2016-08-02,125.6500015258789,125.9000015258789,124.4800033569336,124.8499984741211,99.74810791015625,7158700
2016-08-03,125.0,125.0,123.69000244140625,123.9000015258789,98.98912048339844,5310600
2016-08-04,124.23999786376953,124.38999938964844,123.63999938964844,123.86000061035156,98.95719146728516,4728200
2016-08-05,124.37999725341797,124.37999725341797,123.76000213623047,124.23999786376953,99.26075744628906,5146900
2016-08-08,124.0,124.1500015258789,123.2300033569336,123.6500015258789,98.78938293457031,5232500
2016-08-09,123.91000366210938,124.0,123.33000183105469,123.43000030517578,98.6136245727539,3941500
2016-08-10,123.58999633789062,123.77999877929688,123.23999786376953,123.36000061035156,98.55768585205078,4333500
2016-08-11,123.8499984741211,124.13999938964844,123.47000122070312,123.7699966430664,98.88525390625,4052000
2016-08-12,123.47000122070312,123.7699966430664,122.94999694824219,123.22000122070312,98.44583892822266,4234800
2016-08-15,123.12000274658203,123.2699966430664,122.27999877929688,122.30999755859375,97.71881866455078,6469500
2016-08-16,122.11000061035156,122.31999969482422,120.05999755859375,120.33000183105469,96.13690185546875,11289100
2016-08-17,120.5,121.33000183105469,119.8499984741211,121.30999755859375,96.91984558105469,10442800
2016-08-18,121.16999816894531,121.38999938964844,119.9000015258789,120.72000122070312,96.44847106933594,8728000
2016-08-19,119.91000366210938,119.98999786376953,119.31999969482422,119.91999816894531,96.44847106933594,7798300
2016-08-22,119.9000015258789,119.9000015258789,118.94999694824219,119.12999725341797,95.81310272216797,6544900
2016-08-23,119.66999816894531,119.95999908447266,119.0199966430664,119.44000244140625,96.06243133544922,5603200
2016-08-24,119.4800033569336,119.61000061035156,118.62000274658203,118.70999908447266,95.47530364990234,6303900
2016-08-25,118.86000061035156,119.20999908447266,118.33000183105469,118.56999969482422,95.36270904541016,5566000
2016-08-26,118.83999633789062,119.73999786376953,118.55999755859375,119.04000091552734,95.74073028564453,6482700
2016-08-29,119.30000305175781,120.12999725341797,119.05999755859375,119.91999816894531,96.44847106933594,5074900
2016-08-30,120.66999816894531,120.66999816894531,119.26000213623047,119.47000122070312,96.0865707397461,3820500
2016-08-31,119.54000091552734,119.62000274658203,119.01000213623047,119.33999633789062,95.98199462890625,5693100
2016-09-01,119.19000244140625,119.38999938964844,118.5999984741211,119.08000183105469,95.77288818359375,4551800
2016-09-02,119.36000061035156,119.80999755859375,118.9000015258789,119.31999969482422,95.96590423583984,5806400
2016-09-06,119.77999877929688,119.97000122070312,119.36000061035156,119.75,96.31172943115234,5280700
2016-09-07,119.83999633789062,119.94999694824219,119.44000244140625,119.61000061035156,96.19915771484375,4753800
2016-09-08,119.37000274658203,119.81999969482422,119.13999938964844,119.47000122070312,96.0865707397461,4833000
2016-09-09,119.02999877929688,119.16000366210938,118.18000030517578,118.2300033569336,95.0892562866211,7957300
2016-09-12,117.76000213623047,119.44999694824219,117.37999725341797,119.16000366210938,95.83724212646484,7239800
2016-09-13,118.41999816894531,118.83000183105469,117.48999786376953,117.61000061035156,94.5905990600586,7957900
2016-09-14,117.8499984741211,118.33000183105469,117.45999908447266,117.86000061035156,94.79167938232422,6124900
2016-09-15,117.80999755859375,118.94000244140625,117.31999969482422,118.62999725341797,95.41096496582031,5812100
2016-09-16,118.51000213623047,119.13999938964844,118.12000274658203,118.25,95.10533905029297,12408800
2016-09-19,118.36000061035156,118.66000366210938,117.63999938964844,117.66000366210938,94.6308364868164,5457600
2016-09-20,118.16999816894531,118.23999786376953,117.69000244140625,117.94999694824219,94.86405944824219,5187700
2016-09-21,117.94999694824219,119.0,117.63999938964844,118.91000366210938,95.63616180419922,6337300
2016-09-22,119.25,119.83999633789062,119.13999938964844,119.45999908447266,96.07852172851562,5340500
2016-09-23,119.41000366210938,119.5999984741211,118.70999908447266,118.80999755859375,95.55574035644531,4773000
2016-09-26,118.62999725341797,118.63999938964844,117.55999755859375,117.77999877929688,94.72733306884766,5998900
2016-09-27,118.38999938964844,119.22000122070312,117.72000122070312,119.22000122070312,95.88548278808594,5349500
2016-09-28,119.05000305175781,119.5199966430664,118.80999755859375,119.38999938964844,96.022216796875,5076100
2016-09-29,118.87999725341797,119.2699966430664,117.04000091552734,117.2699966430664,94.31716918945312,6190200
2016-09-30,117.77999877929688,118.62000274658203,117.38999938964844,118.12999725341797,95.00884246826172,7941100
2016-10-03,118.0,119.01000213623047,117.43000030517578,118.80999755859375,95.55574035644531,6098600
2016-10-04,118.83999633789062,119.4800033569336,118.27999877929688,118.81999969482422,95.56378936767578,5733900
2016-10-05,119.22000122070312,119.44000244140625,118.5999984741211,119.18000030517578,95.85331726074219,5778700
2016-10-06,118.5,118.8499984741211,117.91999816894531,118.75,95.50748443603516,4448500
2016-10-07,119.16999816894531,119.56999969482422,118.69000244140625,119.23999786376953,95.90157318115234,4799300
2016-10-10,119.51000213623047,120.19999694824219,119.3499984741211,119.80000305175781,96.35198211669922,3657000
2016-10-11,119.41000366210938,119.62999725341797,117.05999755859375,117.63999938964844,94.6147232055664,6394200
2016-10-12,117.95999908447266,118.43000030517578,117.5,117.97000122070312,94.88015747070312,4685200
2016-10-13,117.54000091552734,119.19999694824219,117.27999877929688,118.26000213623047,95.1134033203125,7387400
2016-10-14,118.5,118.80000305175781,117.55999755859375,117.55999755859375,94.5503921508789,5640500
2016-10-17,117.5,118.55000305175781,117.5,118.48999786376953,95.2983627319336,6956400
2016-10-18,117.37999725341797,118.4800033569336,115.16000366210938,115.41000366210938,92.82119750976562,12598300
2016-10-19,115.56999969482422,115.88999938964844,114.45999908447266,114.58999633789062,92.16170501708984,7400900
2016-10-20,114.83000183105469,115.69999694824219,114.58999633789062,114.87000274658203,92.38690185546875,6973000
2016-10-21,114.11000061035156,114.23999786376953,112.98999786376953,113.44000244140625,91.23680114746094,8422000
2016-10-24,113.93000030517578,114.19000244140625,113.44000244140625,113.61000061035156,91.37352752685547,6141900
2016-10-25,113.63999938964844,114.16000366210938,113.08999633789062,113.95999908447266,91.65499877929688,5595000
2016-10-26,113.63999938964844,115.22000122070312,113.5999984741211,114.55999755859375,92.13758087158203,6429200
2016-10-27,114.9800033569336,116.55000305175781,114.79000091552734,115.69999694824219,93.05445098876953,7548700
2016-10-28,115.81999969482422,115.91000366210938,114.56999969482422,115.33000183105469,92.75685119628906,8813300
2016-10-31,115.27999877929688,116.2300033569336,114.5,115.98999786376953,93.28770446777344,8552500
2016-11-01,114.76000213623047,115.94000244140625,114.62999725341797,115.33999633789062,92.76490783691406,7591900
2016-11-02,115.5199966430664,115.76000213623047,114.83000183105469,114.86000061035156,92.37886810302734,6591300
2016-11-03,114.87999725341797,115.44000244140625,114.75,115.02999877929688,92.51557159423828,6227100
2016-11-04,115.04000091552734,115.94000244140625,115.04000091552734,115.11000061035156,92.5799331665039,7160600
2016-11-07,115.88999938964844,116.72000122070312,115.83999633789062,116.66000366210938,93.82653045654297,6398200
2016-11-08,116.4800033569336,117.56999969482422,116.47000122070312,117.05000305175781,94.14022064208984,6675300
2016-11-09,120.0,122.5,118.0999984741211,120.30999755859375,96.76214599609375,16220000
2016-11-10,120.7699966430664,121.0999984741211,119.0199966430664,119.54000091552734,96.14286804199219,11904500
2016-11-11,119.48999786376953,119.48999786376953,118.12999725341797,118.47000122070312,95.28227996826172,8134800
2016-11-14,118.58000183105469,118.98999786376953,116.5,116.5999984741211,93.77827453613281,10054900
2016-11-15,116.4000015258789,116.69000244140625,115.81999969482422,116.31999969482422,93.55307006835938,7446700
2016-11-16,116.6500015258789,116.77999877929688,116.08000183105469,116.36000061035156,93.58525848388672,6594800
2016-11-17,116.68000030517578,116.68000030517578,116.12000274658203,116.56999969482422,93.75416564941406,5730300
2016-11-18,115.79000091552734,115.91999816894531,114.80999755859375,115.36000061035156,93.4221420288086,7717800
2016-11-21,115.44000244140625,115.68000030517578,114.80000305175781,115.0,93.1305923461914,5843300
2016-11-22,114.58999633789062,115.0,112.2699966430664,112.73999786376953,91.30038452148438,11649700
2016-11-23,112.25,113.43000030517578,111.55999755859375,113.06999969482422,91.56761932373047,7892600
2016-11-25,113.5999984741211,114.2300033569336,113.37999725341797,114.12999725341797,92.42604064941406,3433300
2016-11-28,113.79000091552734,114.12000274658203,113.05000305175781,113.12999725341797,91.61619567871094,9065700
2016-11-29,112.94999694824219,113.41000366210938,112.16999816894531,112.4800033569336,91.0898208618164,7799600
2016-11-30,112.19000244140625,112.5199966430664,111.30000305175781,111.30000305175781,90.13420867919922,11178500
2016-12-01,111.36000061035156,111.54000091552734,111.0,111.37999725341797,90.19900512695312,8143300
2016-12-02,111.72000122070312,112.52999877929688,111.44000244140625,111.95999908447266,90.66870880126953,6167700
2016-12-05,112.4000015258789,112.41999816894531,111.7300033569336,111.94000244140625,90.65249633789062,5451600
2016-12-06,112.23999786376953,113.19999694824219,111.8499984741211,112.05999755859375,90.74970245361328,6530400
2016-12-07,111.88999938964844,111.88999938964844,109.31999969482422,111.0999984741211,89.97225952148438,11761100
2016-12-08,110.54000091552734,111.19999694824219,109.93000030517578,110.98999786376953,89.88317108154297,7774900
2016-12-09,111.41000366210938,112.43000030517578,111.19999694824219,112.26000213623047,90.91165924072266,7672100
2016-12-12,112.69000244140625,115.4000015258789,112.58000183105469,115.36000061035156,93.4221420288086,9544600
2016-12-13,115.52999877929688,115.97000122070312,115.01000213623047,115.88999938964844,93.8513412475586,7051600
2016-12-14,116.12000274658203,117.30000305175781,114.58000183105469,114.98999786376953,93.12248992919922,9378700
2016-12-15,115.33000183105469,115.91999816894531,114.88999938964844,115.88999938964844,93.8513412475586,6738100
2016-12-16,116.41000366210938,116.45999908447266,115.45999908447266,115.87999725341797,93.84323120117188,11291100
2016-12-19,116.06999969482422,116.66000366210938,115.94000244140625,116.0199966430664,93.95662689208984,6310800
2016-12-20,115.9800033569336,116.25,114.91000366210938,115.66000366210938,93.66506958007812,5715200
2016-12-21,116.19999694824219,116.19999694824219,114.73999786376953,115.30999755859375,93.38165283203125,5907600
2016-12-22,115.0,115.52999877929688,113.87999725341797,115.44000244140625,93.48690795898438,4602300
2016-12-23,115.4000015258789,116.31999969482422,115.30000305175781,115.95999908447266,93.90804290771484,2992500
2016-12-27,115.88999938964844,116.0,115.37999725341797,115.91000366210938,93.8675537109375,3232600
2016-12-28,115.87999725341797,116.16000366210938,115.05000305175781,115.0999984741211,93.21155548095703,3278300
2016-12-29,115.2300033569336,115.87000274658203,115.01000213623047,115.48999786376953,93.52738952636719,2993600
2016-12-30,115.80000305175781,115.98999786376953,114.9800033569336,115.20999908447266,93.30067443847656,5506700
2017-01-03,115.77999877929688,116.0,115.2300033569336,115.83999633789062,93.81083679199219,5953000
2017-01-04,115.5,116.2300033569336,115.30999755859375,115.6500015258789,93.656982421875,5828900
2017-01-05,116.0,116.97000122070312,115.44000244140625,116.86000061035156,94.63687133789062,6217200
2017-01-06,116.66999816894531,117.0,115.76000213623047,116.30000305175781,94.18335723876953,5221400
2017-01-09,116.3499984741211,116.61000061035156,115.88999938964844,116.27999877929688,94.16716003417969,5457500
2017-01-10,116.02999877929688,117.0,115.87000274658203,116.16000366210938,94.07002258300781,5312800
2017-01-11,116.08000183105469,116.25,114.0199966430664,114.7300033569336,92.91194152832031,8887200
2017-01-12,114.2699966430664,114.7300033569336,113.37000274658203,114.62000274658203,92.82286071777344,6627300
2017-01-13,114.94000244140625,115.0199966430664,114.44000244140625,114.5999984741211,92.80664825439453,4935200
2017-01-17,113.94000244140625,115.05000305175781,113.66999816894531,114.87000274658203,93.02532196044922,6255400
2017-01-18,114.87000274658203,115.0999984741211,114.41000366210938,114.69999694824219,92.88765716552734,5014600
2017-01-19,114.68000030517578,114.9000015258789,113.91999816894531,114.19999694824219,92.48271942138672,5540800
2017-01-20,114.48999786376953,115.02999877929688,114.08000183105469,114.1500015258789,92.44224548339844,7502400
2017-01-23,114.51000213623047,114.7699966430664,113.80000305175781,113.91000366210938,92.24788665771484,7989800
2017-01-24,112.91000366210938,113.30000305175781,111.1500015258789,111.76000213623047,90.50675201416016,12450300
2017-01-25,111.93000030517578,112.80000305175781,110.76000213623047,112.80000305175781,91.34895324707031,9385500
2017-01-26,112.0,112.83999633789062,111.5999984741211,111.83999633789062,90.57152557373047,10164300
2017-01-27,112.0,113.54000091552734,111.9000015258789,113.37999725341797,91.81867218017578,8886100
2017-01-30,113.4000015258789,113.5999984741211,112.8499984741211,113.12999725341797,91.61619567871094,6969400
2017-01-31,112.79000091552734,113.4000015258789,112.43000030517578,113.25,91.71337890625,8713400
2017-02-01,112.4800033569336,113.31999969482422,112.47000122070312,113.2300033569336,91.69719696044922,7082300
2017-02-02,112.81999969482422,113.62000274658203,112.7699966430664,113.56999969482422,91.9725341796875,7826300
2017-02-03,113.5,113.66000366210938,112.66000366210938,113.63999938964844,92.02923583984375,7267600
2017-02-06,113.45999908447266,113.58999633789062,112.62000274658203,113.4000015258789,91.83484649658203,6178400
2017-02-07,113.5999984741211,113.62000274658203,113.05000305175781,113.4800033569336,91.89964294433594,5507900
2017-02-08,113.30000305175781,113.69000244140625,113.1500015258789,113.4000015258789,91.83484649658203,5272000
2017-02-09,113.4000015258789,114.6500015258789,113.4000015258789,114.08000183105469,92.38555908203125,5854600
2017-02-10,114.31999969482422,115.98999786376953,114.2300033569336,115.23999786376953,93.32494354248047,6438500
2017-02-13,115.27999877929688,116.12000274658203,115.22000122070312,115.87999725341797,93.84323120117188,5710800
2017-02-14,115.44000244140625,116.4000015258789,115.31999969482422,116.36000061035156,94.23196411132812,5539100
2017-02-15,115.9000015258789,117.45999908447266,115.58999633789062,117.19999694824219,94.9122314453125,5979700
2017-02-16,117.0,118.27999877929688,117.0,118.08000183105469,95.62488555908203,7119300
2017-02-17,118.19000244140625,118.9000015258789,118.05000305175781,118.86000061035156,96.25653076171875,8691400
2017-02-21,118.4000015258789,119.88999938964844,118.31999969482422,119.66000366210938,96.90440368652344,8595100
2017-02-22,119.27999877929688,119.7699966430664,119.25,119.5199966430664,96.79103088378906,5103900
2017-02-23,119.5199966430664,121.9000015258789,119.4800033569336,121.69999694824219,98.55644989013672,9980900
2017-02-24,121.5,122.73999786376953,120.9000015258789,122.7300033569336,100.04825592041016,10835000
2017-02-27,122.12999725341797,122.87999725341797,122.0999984741211,122.4000015258789,99.77925109863281,5946200
2017-02-28,122.01000213623047,122.6500015258789,121.94000244140625,122.20999908447266,99.62435913085938,8885500
2017-03-01,122.48999786376953,124.44999694824219,122.41999816894531,123.86000061035156,100.96944427490234,9393900
2017-03-02,123.75,124.36000061035156,123.0199966430664,123.62999725341797,100.78193664550781,6950200
2017-03-03,123.62999725341797,123.93000030517578,123.2300033569336,123.79000091552734,100.9123764038086,5585200
2017-03-06,123.01000213623047,124.43000030517578,122.5999984741211,123.70999908447266,100.8471450805664,6670700
2017-03-07,122.58000183105469,124.45999908447266,122.38999938964844,123.83000183105469,100.94497680664062,6644000
2017-03-08,123.75,124.68000030517578,123.5,124.0999984741211,101.16506958007812,7909900
2017-03-09,124.58000183105469,126.20999908447266,124.16999816894531,125.94999694824219,102.67318725585938,8571100
2017-03-10,126.04000091552734,126.48999786376953,125.54000091552734,126.20999908447266,102.88512420654297,7395400
2017-03-13,125.83000183105469,126.94999694824219,125.79000091552734,126.68000030517578,103.26825714111328,7162500
2017-03-14,126.86000061035156,127.75,126.7699966430664,127.05000305175781,103.56990814208984,7679700
2017-03-15,127.05000305175781,129.0,126.5999984741211,128.9600067138672,105.12691497802734,8360600
2017-03-16,128.44000244140625,128.6999969482422,127.7699966430664,128.4600067138672,104.71929931640625,7610700
2017-03-17,128.4499969482422,128.94000244140625,127.94999694824219,128.05999755859375,104.39322662353516,13300800
2017-03-20,128.0399932861328,128.4199981689453,127.97000122070312,128.07000732421875,104.4013671875,5827500
2017-03-21,128.3800048828125,128.4499969482422,127.13999938964844,127.25,103.7329330444336,7578600
2017-03-22,127.05000305175781,127.6500015258789,126.20999908447266,126.26000213623047,102.92588806152344,10272700
2017-03-23,126.0999984741211,127.0,125.66000366210938,125.9000015258789,102.63240814208984,8508100
2017-03-24,125.86000061035156,126.36000061035156,125.12999725341797,125.4800033569336,102.2900390625,6490300
2017-03-27,125.16000366210938,126.13999938964844,125.1500015258789,125.80000305175781,102.55089569091797,5004300
2017-03-28,125.62000274658203,125.77999877929688,124.77999877929688,125.66000366210938,102.43677520751953,5287600
2017-03-29,125.05000305175781,125.33000183105469,124.36000061035156,124.91999816894531,101.83353424072266,3971800
2017-03-30,124.73999786376953,125.43000030517578,124.27999877929688,124.66000366210938,101.62158203125,4711700
2017-03-31,124.11000061035156,124.83000183105469,124.02999877929688,124.55000305175781,101.53191375732422,5657600
2017-04-03,124.7300033569336,125.30999755859375,124.27999877929688,124.69000244140625,101.64604187011719,4956400
2017-04-04,124.51000213623047,124.7699966430664,124.22000122070312,124.68000030517578,101.63788604736328,5358500
2017-04-05,124.72000122070312,125.5999984741211,124.41000366210938,124.80000305175781,101.7357177734375,5646300
2017-04-06,124.8499984741211,125.45999908447266,124.5,125.05000305175781,101.93952178955078,4324200
2017-04-07,125.12000274658203,125.47000122070312,124.83000183105469,124.91999816894531,101.83353424072266,3615100
2017-04-10,124.87000274658203,124.94999694824219,124.2300033569336,124.33999633789062,101.36072540283203,4594200
2017-04-11,124.26000213623047,124.79000091552734,123.94999694824219,124.22000122070312,101.26289367675781,4161500
2017-04-12,124.54000091552734,125.45999908447266,124.36000061035156,125.4000015258789,102.2248306274414,5556600
2017-04-13,125.12999725341797,125.6500015258789,124.95999908447266,124.98999786376953,101.89059448242188,5396500
2017-04-17,125.0199966430664,125.80999755859375,124.93000030517578,125.72000122070312,102.48567962646484,5367500
2017-04-18,123.18000030517578,123.37000274658203,120.94999694824219,121.81999969482422,99.30643463134766,13485700
2017-04-19,122.0999984741211,122.27999877929688,121.11000061035156,121.37000274658203,98.93962097167969,6993100
2017-04-20,121.86000061035156,122.1500015258789,121.3499984741211,121.87000274658203,99.34721374511719,6330100
2017-04-21,121.77999877929688,122.04000091552734,121.54000091552734,121.76000213623047,99.25753021240234,6021700
2017-04-24,122.5199966430664,123.20999908447266,122.1500015258789,122.88999938964844,100.17868041992188,5679000
2017-04-25,123.33999633789062,123.75,123.01000213623047,123.43000030517578,100.61888122558594,5090000
2017-04-26,123.79000091552734,124.26000213623047,123.4800033569336,123.51000213623047,100.68412780761719,5021800
2017-04-27,123.58000183105469,124.30999755859375,123.4000015258789,123.73999786376953,100.87161254882812,4225200
2017-04-28,123.8499984741211,123.9000015258789,123.12999725341797,123.47000122070312,100.65149688720703,4381800
2017-05-01,123.4000015258789,123.77999877929688,123.0,123.33999633789062,100.5455093383789,4556400
2017-05-02,123.5199966430664,123.73999786376953,122.88999938964844,123.69999694824219,100.83899688720703,4881600
2017-05-03,123.58999633789062,123.69999694824219,123.04000091552734,123.33000183105469,100.53736877441406,3736500
2017-05-04,123.69000244140625,123.94999694824219,123.2300033569336,123.94999694824219,101.04279327392578,3753700
2017-05-05,123.80000305175781,123.80000305175781,122.86000061035156,123.51000213623047,100.68412780761719,4139800
2017-05-08,123.52999877929688,123.80000305175781,123.0199966430664,123.25,100.47215270996094,3608600
2017-05-09,123.2300033569336,123.47000122070312,122.87999725341797,123.20999908447266,100.4395523071289,3762500
2017-05-10,122.91000366210938,123.05999755859375,122.37999725341797,122.80999755859375,100.11346435546875,4237400
2017-05-11,122.5,123.20999908447266,122.33999633789062,123.19999694824219,100.43138122558594,4095900
2017-05-12,123.11000061035156,124.0999984741211,123.01000213623047,123.63999938964844,100.79010009765625,4097100
2017-05-15,124.41000366210938,127.36000061035156,124.33000183105469,126.98999786376953,103.52095794677734,9854600
2017-05-16,127.33999633789062,128.3699951171875,127.05999755859375,127.7699966430664,104.15681457519531,7233800
2017-05-17,127.7699966430664,127.88999938964844,126.44999694824219,126.66999816894531,103.26010131835938,6480800
2017-05-18,126.45999908447266,127.87000274658203,125.95999908447266,126.97000122070312,103.50467681884766,6571300
2017-05-19,127.02999877929688,127.38999938964844,126.44000244140625,127.0,103.52912902832031,6957200
2017-05-22,126.62999725341797,127.6500015258789,126.62999725341797,127.26000213623047,103.74107360839844,4858200
2017-05-23,127.30999755859375,128.14999389648438,127.30999755859375,127.5199966430664,103.9530258178711,3972500
2017-05-24,127.79000091552734,128.0,127.29000091552734,127.51000213623047,103.94487762451172,3965200
2017-05-25,126.73999786376953,127.62000274658203,126.33000183105469,127.52999877929688,104.65060424804688,5294300
2017-05-26,127.2300033569336,127.66999816894531,126.83000183105469,126.91999816894531,104.15001678466797,4005200
2017-05-30,126.69999694824219,127.38999938964844,126.19000244140625,127.11000061035156,104.30593872070312,3665400
2017-05-31,127.3499984741211,128.8000030517578,127.3499984741211,128.25,105.24141693115234,8813500
2017-06-01,128.32000732421875,128.77999877929688,128.1199951171875,128.77999877929688,105.67633056640625,5790900
2017-06-02,129.0500030517578,130.13999938964844,128.8300018310547,130.0800018310547,106.74310302734375,6562600
2017-06-05,129.97000122070312,130.52000427246094,129.8000030517578,130.36000061035156,106.9728775024414,4634700
2017-06-06,130.17999267578125,131.3300018310547,130.02999877929688,130.8300018310547,107.35855865478516,5619100
2017-06-07,131.0,131.47999572753906,130.5800018310547,130.75,107.29290008544922,5765200
2017-06-08,130.75,131.39999389648438,129.9600067138672,130.5500030517578,107.12877655029297,8101700
2017-06-09,130.3699951171875,131.6999969482422,130.30999755859375,131.52999877929688,107.93296813964844,5992500
2017-06-12,131.52999877929688,131.8300018310547,131.4199981689453,131.82000732421875,108.17095184326172,8020700
2017-06-13,131.75,132.72999572753906,131.39999389648438,132.02000427246094,108.33505249023438,5733800
2017-06-14,132.50999450683594,133.55999755859375,132.50999450683594,132.77000427246094,108.95050811767578,7329400
2017-06-15,132.0,133.35000610351562,131.80999755859375,133.0399932861328,109.17207336425781,5265000
2017-06-16,133.72000122070312,134.60000610351562,133.0399932861328,134.35000610351562,110.24705505371094,12639600
2017-06-19,134.14999389648438,134.67999267578125,133.49000549316406,134.07000732421875,110.01727294921875,7488700
2017-06-20,133.89999389648438,134.75999450683594,133.89999389648438,134.22000122070312,110.14038848876953,5201200
2017-06-21,134.2899932861328,135.11000061035156,134.02000427246094,134.91000366210938,110.70658874511719,5841100
2017-06-22,135.4499969482422,137.0,135.27000427246094,136.0500030517578,111.64205932617188,7311000
2017-06-23,135.4499969482422,136.50999450683594,135.32000732421875,136.42999267578125,111.95389556884766,9007100
2017-06-26,136.47999572753906,136.89999389648438,136.1999969482422,136.33999633789062,111.88001251220703,5561800
2017-06-27,136.5,136.72999572753906,134.99000549316406,135.00999450683594,110.78863525390625,6120500
2017-06-28,135.9499969482422,136.1999969482422,133.57000732421875,133.82000732421875,109.81214141845703,6557900
2017-06-29,133.39999389648438,133.72999572753906,132.30999755859375,132.63999938964844,108.84383392333984,5750000
2017-06-30,132.6999969482422,133.1999969482422,132.27999877929688,132.2899932861328,108.55661010742188,5264400
2017-07-03,132.7899932861328,133.32000732421875,132.64999389648438,132.89999389648438,109.05718994140625,2931000
2017-07-05,132.97999572753906,134.05999755859375,132.4199981689453,133.63999938964844,109.6644287109375,4302700
2017-07-06,133.61000061035156,133.97000122070312,132.41000366210938,132.52000427246094,108.74535369873047,4282200
2017-07-07,132.91000366210938,133.0,131.69000244140625,132.5399932861328,108.76177978515625,4994100
2017-07-10,132.74000549316406,132.8699951171875,131.22999572753906,131.5500030517578,107.9493637084961,4019600
2017-07-11,131.42999267578125,131.7899932861328,130.47999572753906,131.22999572753906,107.6867904663086,3733100
2017-07-12,132.0399932861328,132.88999938964844,131.77000427246094,132.22999572753906,108.50739288330078,5053200
2017-07-13,132.10000610351562,132.22000122070312,130.99000549316406,131.86000061035156,108.2037582397461,4424400
2017-07-14,132.0,133.0,131.74000549316406,132.60000610351562,108.81099700927734,4383100
2017-07-17,132.7100067138672,132.92999267578125,131.75,132.14999389648438,108.4417495727539,4939400
2017-07-18,131.6199951171875,134.9499969482422,131.0800018310547,134.4600067138672,110.33731079101562,10256000
2017-07-19,134.83999633789062,135.41000366210938,134.52000427246094,135.2100067138672,110.95279693603516,5503300
2017-07-20,135.72999572753906,137.0800018310547,135.6199951171875,136.57000732421875,112.06878662109375,6088600
2017-07-21,135.3300018310547,136.27000427246094,135.10000610351562,135.30999755859375,111.03480529785156,6773500
2017-07-24,134.99000549316406,135.16000366210938,132.85000610351562,133.00999450683594,109.1474380493164,8306700
2017-07-25,133.74000549316406,133.85000610351562,131.4499969482422,131.8800048828125,108.22017669677734,6262900
2017-07-26,131.66000366210938,132.24000549316406,130.75,130.9499969482422,107.45702362060547,5382200
2017-07-27,130.85000610351562,131.14999389648438,129.57000732421875,130.8300018310547,107.35855865478516,5838100
2017-07-28,131.13999938964844,131.99000549316406,130.52000427246094,131.85000610351562,108.19551849365234,4970900
2017-07-31,132.13999938964844,133.5800018310547,132.10000610351562,132.72000122070312,108.90947723388672,5440800
2017-08-01,133.1699981689453,133.35000610351562,132.27999877929688,132.50999450683594,108.73715209960938,3837600
2017-08-02,132.0800018310547,132.5,131.5,132.16000366210938,108.44995880126953,4032100
2017-08-03,131.91000366210938,133.39999389648438,131.50999450683594,133.35000610351562,109.42645263671875,4327300
2017-08-04,133.74000549316406,134.00999450683594,132.8000030517578,133.17999267578125,109.28695678710938,3192800
2017-08-07,133.08999633789062,133.47999572753906,132.50999450683594,132.86000061035156,109.02437591552734,3010800
2017-08-08,132.5,132.8000030517578,131.39999389648438,132.27000427246094,108.54019927978516,5535800
2017-08-09,132.80999755859375,133.41000366210938,132.3699951171875,133.22999572753906,109.32796478271484,6332300
2017-08-10,133.0399932861328,133.85000610351562,132.3699951171875,133.08999633789062,109.21308898925781,5607900
2017-08-11,133.63999938964844,134.49000549316406,132.75,133.10000610351562,109.22129821777344,4270600
2017-08-14,134.1999969482422,134.3699951171875,132.8699951171875,133.47999572753906,109.53313446044922,3041100
2017-08-15,133.85000610351562,133.94000244140625,133.1999969482422,133.3800048828125,109.45105743408203,3931800
2017-08-16,134.0800018310547,134.97000122070312,133.86000061035156,134.1699981689453,110.09933471679688,4469900
2017-08-17,134.17999267578125,134.74000549316406,133.02999877929688,133.0399932861328,109.17207336425781,5741400
2017-08-18,132.6699981689453,133.77999877929688,132.3800048828125,132.6300048828125,108.83562469482422,4792800
2017-08-21,132.27999877929688,133.64999389648438,132.19000244140625,133.4499969482422,109.50851440429688,4660000
2017-08-22,133.27000427246094,134.7899932861328,132.89999389648438,134.6999969482422,110.53424835205078,4150300
2017-08-23,134.42999267578125,134.49000549316406,132.64999389648438,132.8000030517578,108.97514343261719,5129900
2017-08-24,132.82000732421875,133.0800018310547,132.27000427246094,132.88999938964844,109.0489501953125,5398400
2017-08-25,131.91000366210938,132.55999755859375,131.6199951171875,131.67999267578125,108.74341583251953,4133300
2017-08-28,131.67999267578125,132.1199951171875,131.49000549316406,131.74000549316406,108.79297637939453,5349200
2017-08-29,131.57000732421875,132.4499969482422,131.3000030517578,132.2100067138672,109.18109893798828,3277900
2017-08-30,132.0,132.0,130.89999389648438,131.07000732421875,108.23969268798828,5430800
2017-08-31,131.38999938964844,132.5,131.25,132.3699951171875,109.3132553100586,7407100
2017-09-01,132.60000610351562,132.64999389648438,130.94000244140625,131.02999877929688,108.2066421508789,3820800
2017-09-05,130.72000122070312,131.17999267578125,129.72000122070312,129.89999389648438,107.27348327636719,5146600
2017-09-06,130.5399932861328,131.0,130.2100067138672,130.6699981689453,107.90933990478516,5601900
2017-09-07,130.86000061035156,132.52000427246094,130.25,132.19000244140625,109.16459655761719,3800200
2017-09-08,132.0,132.33999633789062,130.8699951171875,130.97999572753906,108.16535949707031,4854400
2017-09-11,131.3699951171875,133.33999633789062,131.02000427246094,133.2100067138672,110.00694274902344,5724200
2017-09-12,133.8300018310547,133.8800048828125,131.92999267578125,132.6300048828125,109.52794647216797,5465200
2017-09-13,132.6699981689453,133.75,131.85000610351562,132.4499969482422,109.37928771972656,4679500
2017-09-14,132.13999938964844,134.47000122070312,131.99000549316406,134.17999267578125,110.80796813964844,6274500
2017-09-15,134.7899932861328,135.4499969482422,134.17999267578125,134.4499969482422,111.03096008300781,15522000
2017-09-18,134.44000244140625,135.77000427246094,134.11000061035156,135.3800048828125,111.7989501953125,5260800
2017-09-19,135.02000427246094,135.7899932861328,134.35000610351562,135.22000122070312,111.66681671142578,4903800
2017-09-20,133.25,134.2899932861328,132.33999633789062,133.22000122070312,110.01518249511719,8705500
2017-09-21,133.30999755859375,133.82000732421875,131.3800048828125,131.75,108.80123138427734,6051800
2017-09-22,131.99000549316406,132.38999938964844,131.27000427246094,131.38999938964844,108.50395202636719,4334900
2017-09-25,131.47000122070312,131.75999450683594,130.8300018310547,131.1699981689453,108.32225799560547,6017400
2017-09-26,131.5,131.94000244140625,130.82000732421875,130.94000244140625,108.13233947753906,4516200
2017-09-27,131.0,131.08999633789062,129.42999267578125,129.75,107.14960479736328,5796100
2017-09-28,129.91000366210938,130.27000427246094,129.2899932861328,129.47000122070312,106.91836547851562,3992700
2017-09-29,129.5800018310547,130.47000122070312,129.0500030517578,130.00999450683594,107.36432647705078,5736900
2017-10-02,130.16000366210938,131.3300018310547,130.02000427246094,131.22000122070312,108.36356353759766,4492900
2017-10-03,131.64999389648438,132.39999389648438,131.36000061035156,132.10000610351562,109.09027862548828,3900800
2017-10-04,132.39999389648438,133.17999267578125,132.10000610351562,132.88999938964844,109.74266052246094,3589000
2017-10-05,132.88999938964844,133.30999755859375,132.36000061035156,133.19000244140625,109.99040985107422,3741100
2017-10-06,133.0,133.25,132.47999572753906,133.22000122070312,110.01518249511719,2469500
2017-10-09,133.66000366210938,133.82000732421875,133.1699981689453,133.4499969482422,110.20509338378906,3750500
2017-10-10,133.55999755859375,134.1300048828125,132.9199981689453,133.89999389648438,110.57675170898438,4184600
2017-10-11,134.8800048828125,137.0800018310547,134.3699951171875,136.64999389648438,112.84774017333984,8269400
2017-10-12,136.33999633789062,137.52000427246094,136.02000427246094,136.8300018310547,112.99639129638672,5172800
2017-10-13,136.60000610351562,137.4199981689453,136.33999633789062,136.42999267578125,112.66606140136719,4106600
2017-10-16,136.4499969482422,137.25999450683594,135.5399932861328,136.1199951171875,112.41004943847656,5120100
2017-10-17,137.6699981689453,141.1199951171875,137.05999755859375,140.7899932861328,116.26660919189453,11717300
2017-10-18,140.7899932861328,141.5800018310547,140.07000732421875,140.67999267578125,116.17578125,6827700
2017-10-19,140.7100067138672,142.97999572753906,140.5399932861328,142.0399932861328,117.29889678955078,9181300
2017-10-20,142.3800048828125,143.6199951171875,141.8300018310547,142.39999389648438,117.59618377685547,5634500
2017-10-23,142.1300048828125,144.35000610351562,142.0800018310547,143.6199951171875,118.60364532470703,6686000
2017-10-24,143.3800048828125,143.3800048828125,140.92999267578125,141.63999938964844,116.96854400634766,6585800
2017-10-25,141.16000366210938,143.22999572753906,140.9600067138672,142.36000061035156,117.56315612792969,6563600
2017-10-26,142.50999450683594,143.75,141.3800048828125,141.80999755859375,117.10893249511719,5841100
2017-10-27,141.0,142.6999969482422,140.1999969482422,141.77999877929688,117.08416748046875,5140100
2017-10-30,141.0800018310547,141.2100067138672,139.32000732421875,140.0,115.61420440673828,6034300
2017-10-31,140.02000427246094,140.25999450683594,138.97999572753906,139.41000366210938,115.12700653076172,4832100
2017-11-01,139.8300018310547,140.58999633789062,139.33999633789062,139.97999572753906,115.59770965576172,5006800
2017-11-02,140.11000061035156,140.2899932861328,139.11000061035156,139.92999267578125,115.55641174316406,3494100
2017-11-03,139.72999572753906,140.39999389648438,139.3000030517578,140.0800018310547,115.68030548095703,2737000
2017-11-06,140.00999450683594,140.49000549316406,139.72000122070312,139.75999450683594,115.416015625,4220700
2017-11-07,140.0800018310547,140.14999389648438,138.91000366210938,139.77000427246094,115.4242935180664,4201900
2017-11-08,139.6999969482422,141.8699951171875,139.4600067138672,141.32000732421875,116.70431518554688,4440700
2017-11-09,140.86000061035156,141.41000366210938,139.8000030517578,140.35000610351562,115.90323638916016,3517100
2017-11-10,140.1300048828125,140.1300048828125,138.61000061035156,139.55999755859375,115.2508544921875,4240800
2017-11-13,139.00999450683594,140.02000427246094,138.4199981689453,139.75999450683594,115.416015625,4322300
2017-11-14,139.57000732421875,140.27999877929688,138.9199981689453,139.49000549316406,115.19303131103516,4078200
2017-11-15,139.22999572753906,139.8300018310547,138.75,139.10000610351562,114.87097930908203,4811500
2017-11-16,139.4199981689453,139.67999267578125,138.63999938964844,138.8699951171875,114.68104553222656,4193800
2017-11-17,138.3000030517578,138.86000061035156,137.88999938964844,138.0,113.96260070800781,4247400
2017-11-20,138.14999389648438,138.55999755859375,137.74000549316406,137.92999267578125,113.90478515625,4266300
2017-11-21,138.4499969482422,139.25999450683594,138.19000244140625,138.33999633789062,114.24337768554688,5660600
2017-11-22,138.3000030517578,138.3800048828125,136.60000610351562,137.2899932861328,113.3762435913086,3917000
2017-11-24,137.5,138.3800048828125,137.30999755859375,138.00999450683594,113.9708480834961,2606800
2017-11-27,137.50999450683594,138.30999755859375,137.47999572753906,138.10000610351562,114.74356079101562,3933100
2017-11-28,138.3000030517578,140.52999877929688,138.25,140.02000427246094,116.33883666992188,5052800
2017-11-29,140.22000122070312,140.6300048828125,138.9499969482422,139.80999755859375,116.16434478759766,5851400
2017-11-30,140.05999755859375,140.27999877929688,138.47999572753906,139.3300018310547,115.7655258178711,8941900
2017-12-01,139.57000732421875,140.52999877929688,138.60000610351562,139.97999572753906,116.30561828613281,5990500
2017-12-04,140.6199951171875,141.5,138.92999267578125,139.00999450683594,115.49962615966797,5916700
2017-12-05,139.7899932861328,140.80999755859375,139.1999969482422,139.6699981689453,116.04801940917969,6745300
2017-12-06,140.83999633789062,141.9600067138672,140.19000244140625,141.05999755859375,117.20291900634766,5591700
2017-12-07,140.00999450683594,141.5,139.25999450683594,140.00999450683594,116.33051300048828,4713100
2017-12-08,140.0,140.75999450683594,139.8000030517578,140.58999633789062,116.81241607666016,5101300
2017-12-11,140.89999389648438,141.1699981689453,139.8300018310547,141.13999938964844,117.2694091796875,4358600
2017-12-12,142.60000610351562,143.57000732421875,142.0399932861328,142.60000610351562,118.48248291015625,8016700
2017-12-13,142.5,143.42999267578125,142.2100067138672,142.88999938964844,118.72344970703125,6118400
2017-12-14,143.52000427246094,143.6199951171875,141.61000061035156,141.64999389648438,117.69316864013672,5337900
2017-12-15,142.47999572753906,143.13999938964844,141.77999877929688,142.4600067138672,118.36618041992188,12517000
2017-12-18,142.55999755859375,143.8000030517578,141.39999389648438,141.8000030517578,117.81778717041016,5833200
2017-12-19,141.88999938964844,142.3800048828125,141.36000061035156,141.77999877929688,117.8011703491211,6580100
2017-12-20,142.25999450683594,142.5800018310547,141.0800018310547,141.16000366210938,117.28604888916016,6289800
2017-12-21,141.58999633789062,142.1699981689453,141.02000427246094,141.05999755859375,117.20291900634766,6284700
2017-12-22,141.0,141.35000610351562,140.0399932861328,140.1199951171875,116.42192840576172,4665600
2017-12-26,140.4600067138672,140.5399932861328,139.67999267578125,140.08999633789062,116.39700317382812,3271100
2017-12-27,140.4199981689453,141.14999389648438,140.1999969482422,140.57000732421875,116.79583740234375,3753600
2017-12-28,140.6999969482422,141.0,140.3300018310547,140.55999755859375,116.78750610351562,2485000
2017-12-29,140.97999572753906,141.2100067138672,139.5800018310547,139.72000122070312,116.08955383300781,4452900
2018-01-02,139.66000366210938,139.9499969482422,138.72000122070312,139.22999572753906,115.68242645263672,6842100
2018-01-03,139.36000061035156,140.67999267578125,138.89999389648438,140.55999755859375,116.78750610351562,5350500
2018-01-04,140.4499969482422,141.13999938964844,140.22000122070312,140.5500030517578,116.7791976928711,4837600
2018-01-05,140.69000244140625,141.82000732421875,140.27999877929688,141.7100067138672,117.74303436279297,6158800
2018-01-08,141.6999969482422,142.0,140.9199981689453,141.88999938964844,117.892578125,5129800
2018-01-09,142.3699951171875,145.67999267578125,142.25999450683594,144.13999938964844,119.76203918457031,8897000
2018-01-10,143.5500030517578,144.16000366210938,143.32000732421875,143.97000122070312,119.62080383300781,6558600
2018-01-11,144.1300048828125,144.89999389648438,143.69000244140625,144.7899932861328,120.30209350585938,4962200
2018-01-12,144.99000549316406,146.4199981689453,144.89999389648438,145.75999450683594,121.10802459716797,5450600
2018-01-16,146.4199981689453,148.05999755859375,146.02999877929688,146.86000061035156,122.02198791503906,8804000
2018-01-17,147.83999633789062,148.32000732421875,145.47999572753906,146.97999572753906,122.1217041015625,10619700
2018-01-18,146.92999267578125,147.44000244140625,145.97000122070312,146.9199981689453,122.07189178466797,5554800
2018-01-19,147.4600067138672,147.64999389648438,146.4199981689453,147.36000061035156,122.4374008178711,8738800
2018-01-22,147.00999450683594,148.13999938964844,146.72000122070312,148.13999938964844,123.08552551269531,7010400
2018-01-23,146.9600067138672,147.44000244140625,141.6199951171875,141.8300018310547,117.84274291992188,17473600
2018-01-24,143.5,143.55999755859375,141.8000030517578,142.07000732421875,118.04209899902344,13034400
2018-01-25,142.30999755859375,144.66000366210938,142.2100067138672,144.39999389648438,119.97808074951172,7938800
2018-01-26,144.5,145.60000610351562,144.1300048828125,145.3300018310547,120.75077056884766,8065600
2018-01-29,144.85000610351562,144.94000244140625,143.52999877929688,143.67999267578125,119.37982177734375,8013400
2018-01-30,143.39999389648438,143.82000732421875,142.42999267578125,142.42999267578125,118.34122467041016,8376100
2018-01-31,142.57000732421875,142.57000732421875,138.10000610351562,138.19000244140625,114.81834411621094,13137400
2018-02-01,137.52999877929688,140.6699981689453,137.0,140.02000427246094,116.33883666992188,9393600
2018-02-02,139.02000427246094,140.36000061035156,137.3800048828125,137.67999267578125,114.39459991455078,9262500
2018-02-05,136.5800018310547,137.0,122.1500015258789,130.38999938964844,108.3375244140625,19954100
2018-02-06,130.00999450683594,132.99000549316406,128.0,131.8300018310547,109.5339584350586,19193500
2018-02-07,131.88999938964844,133.42999267578125,131.35000610351562,131.4199981689453,109.19329071044922,10550400
2018-02-08,130.91000366210938,131.25,126.11000061035156,126.36000061035156,104.98909759521484,11680200
2018-02-09,127.5199966430664,130.9199981689453,125.44000244140625,129.52999877929688,107.62295532226562,15030900
2018-02-12,130.0,131.32000732421875,127.68000030517578,130.27000427246094,108.23782348632812,9963900
2018-02-13,129.2100067138672,130.60000610351562,128.6999969482422,129.9600067138672,107.9802474975586,6339000
2018-02-14,129.44000244140625,130.00999450683594,128.38999938964844,129.6699981689453,107.73928833007812,6259700
2018-02-15,130.10000610351562,131.27999877929688,129.39999389648438,131.22999572753906,109.03543853759766,5606400
2018-02-16,130.9600067138672,134.4499969482422,130.83999633789062,133.14999389648438,110.63072967529297,7970100
2018-02-20,132.8699951171875,133.4499969482422,130.66000366210938,130.8699951171875,108.73634338378906,6563500
2018-02-21,130.8000030517578,132.42999267578125,129.86000061035156,129.91000366210938,107.93869018554688,6578000
2018-02-22,130.10000610351562,131.02000427246094,129.47999572753906,129.91000366210938,107.93869018554688,5732200
2018-02-23,130.08999633789062,132.0800018310547,130.02000427246094,132.02000427246094,109.69183349609375,5126800
2018-02-26,131.7100067138672,133.41000366210938,131.0,132.07000732421875,110.43605041503906,6684400
2018-02-27,132.2100067138672,133.08999633789062,131.60000610351562,131.6699981689453,110.10160827636719,7158600
2018-02-28,131.9499969482422,132.3300018310547,129.8699951171875,129.8800048828125,108.60479736328125,7985900
2018-03-01,129.11000061035156,130.1199951171875,126.5199966430664,127.27999877929688,106.43069458007812,9424000
2018-03-02,126.91000366210938,129.11000061035156,126.91000366210938,128.82000732421875,107.71846008300781,6910400
2018-03-05,128.6300048828125,130.3000030517578,128.17999267578125,129.7899932861328,108.52949523925781,5799800
2018-03-06,130.0,130.1999969482422,127.91999816894531,128.22000122070312,107.21672821044922,5546500
2018-03-07,127.4800033569336,129.3300018310547,127.2699966430664,129.0399932861328,107.90237426757812,6391700
2018-03-08,129.3300018310547,132.3000030517578,129.3300018310547,132.05999755859375,110.42770385742188,6423400
2018-03-09,132.50999450683594,133.82000732421875,131.55999755859375,133.8000030517578,111.88270568847656,7557800
2018-03-12,133.8000030517578,134.22999572753906,132.32000732421875,132.6300048828125,110.90432739257812,4942000
2018-03-13,133.8000030517578,135.38999938964844,133.4499969482422,134.35000610351562,112.34261322021484,9152300
2018-03-14,135.24000549316406,135.6999969482422,131.89999389648438,132.32000732421875,110.6451187133789,6770600
2018-03-15,132.5500030517578,134.24000549316406,132.47000122070312,133.05999755859375,111.26387786865234,6147200
2018-03-16,133.16000366210938,134.39999389648438,132.10000610351562,133.67999267578125,111.7823257446289,14233500
2018-03-19,133.35000610351562,133.47000122070312,129.36000061035156,130.24000549316406,108.90583801269531,6017000
2018-03-20,130.77999877929688,131.77999877929688,129.3800048828125,131.2100067138672,109.7169418334961,6214300
2018-03-21,131.39999389648438,132.77999877929688,130.66000366210938,131.19000244140625,109.70020294189453,5158700
2018-03-22,130.47000122070312,130.67999267578125,127.0999984741211,127.37999725341797,106.5143051147461,7560100
2018-03-23,127.62999725341797,127.80000305175781,124.9000015258789,125.0999984741211,104.60779571533203,8452500
2018-03-26,126.41000366210938,127.54000091552734,125.20999908447266,127.38999938964844,106.5226821899414,8358200
2018-03-27,127.11000061035156,129.10000610351562,126.38999938964844,127.20999908447266,106.37216186523438,7789900
2018-03-28,127.62999725341797,129.02000427246094,127.20999908447266,127.44999694824219,106.57286071777344,6868500
2018-03-29,127.97000122070312,128.75999450683594,126.81999969482422,128.14999389648438,107.15817260742188,6119400
2018-04-02,127.81999969482422,127.87999725341797,123.54000091552734,124.55999755859375,104.15623474121094,8916900
2018-04-03,125.18000030517578,128.49000549316406,124.68000030517578,128.35000610351562,107.3254165649414,8035000
2018-04-04,126.9000015258789,131.1199951171875,126.38999938964844,130.41000366210938,109.04796600341797,7717100
2018-04-05,130.41000366210938,131.1999969482422,129.5,130.7100067138672,109.29886627197266,5621700
2018-04-06,130.22000122070312,130.63999938964844,126.41000366210938,128.10000610351562,107.11638641357422,6399300
2018-04-09,128.64999389648438,131.13999938964844,127.68000030517578,129.47999572753906,108.27031707763672,6395800
2018-04-10,130.25,130.91000366210938,129.2899932861328,130.25,108.91416931152344,6019300
2018-04-11,129.13999938964844,130.35000610351562,129.02999877929688,129.6300048828125,108.39574432373047,4575400
2018-04-12,130.08999633789062,131.30999755859375,129.86000061035156,130.42999267578125,109.06468963623047,4559800
2018-04-13,131.08999633789062,131.4199981689453,129.6300048828125,130.6199951171875,109.22357177734375,4742300
2018-04-16,131.41000366210938,132.8800048828125,131.27999877929688,131.75999450683594,110.17682647705078,6379600
2018-04-17,132.11000061035156,132.1999969482422,128.80999755859375,130.5399932861328,109.15666961669922,11008700
2018-04-18,129.69000244140625,129.89999389648438,126.94000244140625,127.72000122070312,106.7986068725586,9383600
2018-04-19,127.62999725341797,128.27000427246094,126.88999938964844,127.55000305175781,106.65647888183594,5959500
2018-04-20,128.0,128.3000030517578,126.16999816894531,126.66000366210938,105.91226196289062,7743900
2018-04-23,126.87999725341797,127.30000305175781,125.77999877929688,126.83000183105469,106.05439758300781,7501900
2018-04-24,126.94000244140625,127.45999908447266,125.30999755859375,126.19000244140625,105.51924133300781,6577500
2018-04-25,125.91000366210938,126.8499984741211,125.27999877929688,126.76000213623047,105.99589538574219,5859600
2018-04-26,126.62000274658203,129.22000122070312,126.62000274658203,128.00999450683594,107.0411376953125,8211100
2018-04-27,127.7300033569336,128.7899932861328,127.5,128.27000427246094,107.25853729248047,4266800
2018-04-30,128.86000061035156,128.97999572753906,126.48999786376953,126.48999786376953,105.77010345458984,8219400
2018-05-01,126.31999969482422,126.63999938964844,124.97000122070312,126.01000213623047,105.36872100830078,5122600
2018-05-02,125.5199966430664,126.18000030517578,123.19999694824219,123.5,103.2698974609375,7390800
2018-05-03,123.30000305175781,123.69000244140625,121.27999877929688,123.02999877929688,102.87687683105469,7282900
2018-05-04,122.5999984741211,124.51000213623047,121.80000305175781,124.19000244140625,103.84686279296875,6127600
2018-05-07,124.13999938964844,125.23999786376953,123.31999969482422,123.58999633789062,103.34514617919922,6707900
2018-05-08,122.86000061035156,123.48999786376953,121.69000244140625,122.61000061035156,102.52568817138672,5951800
2018-05-09,122.98999786376953,124.05000305175781,122.52999877929688,123.51000213623047,103.27823638916016,6808600
2018-05-10,124.22000122070312,126.05000305175781,124.0,125.3499984741211,104.81684875488281,4948000
2018-05-11,125.7699966430664,127.5999984741211,125.76000213623047,127.23999786376953,106.39725494384766,5716700
2018-05-14,127.3499984741211,127.61000061035156,125.5999984741211,126.05999755859375,105.41053009033203,6101600
2018-05-15,125.54000091552734,125.83000183105469,124.4000015258789,125.12999725341797,104.63285827636719,5875700
2018-05-16,125.44000244140625,125.9000015258789,125.0,125.3499984741211,104.81684875488281,3818100
2018-05-17,125.48999786376953,125.58999633789062,123.55000305175781,123.8499984741211,103.56256103515625,6473400
2018-05-18,123.77999877929688,124.44000244140625,123.27999877929688,124.23999786376953,103.88866424560547,5433900
2018-05-21,124.62000274658203,124.98999786376953,123.31999969482422,123.72000122070312,103.45384979248047,5558700
2018-05-22,123.80000305175781,124.23999786376953,122.76000213623047,122.91000366210938,102.77652740478516,7172700
2018-05-23,122.87000274658203,123.97000122070312,122.73999786376953,123.44999694824219,103.22806549072266,4940800
2018-05-24,123.22000122070312,123.38999938964844,121.55000305175781,122.25,102.22464752197266,6923600
2018-05-25,121.55999755859375,122.80000305175781,121.12999725341797,121.47000122070312,102.32573699951172,4594800
2018-05-29,120.5,120.80000305175781,118.62000274658203,119.4000015258789,100.58197021484375,9821900
2018-05-30,120.12000274658203,121.58000183105469,119.54000091552734,120.97000122070312,101.90453338623047,6423700
2018-05-31,120.91999816894531,121.25,119.54000091552734,119.62000274658203,100.7673110961914,10337500
2018-06-01,120.37999725341797,121.31999969482422,119.97000122070312,121.26000213623047,102.14883422851562,5741000
2018-06-04,121.8499984741211,122.37000274658203,121.0199966430664,121.94999694824219,102.73007202148438,4853000
2018-06-05,122.05000305175781,122.55999755859375,120.9000015258789,121.4800033569336,102.33415985107422,5125400
2018-06-06,121.97000122070312,122.79000091552734,121.45999908447266,122.79000091552734,103.43768310546875,6799300
2018-06-07,123.0,123.48999786376953,122.2699966430664,123.33000183105469,103.89258575439453,7414100
2018-06-08,123.36000061035156,124.8499984741211,123.33000183105469,124.05999755859375,104.50751495361328,6208100
2018-06-11,124.2699966430664,124.33999633789062,122.55000305175781,122.66000366210938,103.32818603515625,5571400
2018-06-12,123.16000366210938,123.18000030517578,121.94999694824219,122.54000091552734,103.22708129882812,5227300
2018-06-13,123.1500015258789,124.08999633789062,122.45999908447266,122.62999725341797,103.30289459228516,5836900
2018-06-14,122.70999908447266,123.1500015258789,122.08999633789062,122.41000366210938,103.11758422851562,5239200
2018-06-15,122.0999984741211,122.7300033569336,121.23999786376953,122.61000061035156,103.28607177734375,13173500
2018-06-18,121.61000061035156,121.80999755859375,120.25,121.31999969482422,102.1993637084961,6787400
2018-06-19,120.66000366210938,123.16999816894531,120.56999969482422,122.56999969482422,103.25236511230469,8572400
2018-06-20,122.41999816894531,122.66000366210938,121.66000366210938,122.04000091552734,102.80587768554688,6277200
2018-06-21,121.83000183105469,122.23999786376953,121.11000061035156,121.44999694824219,102.30887603759766,4417200
2018-06-22,121.68000030517578,123.37999725341797,121.6500015258789,122.83999633789062,103.47979736328125,9501400
2018-06-25,122.81999969482422,123.43000030517578,121.51000213623047,122.58999633789062,103.26921081542969,8170500
2018-06-26,122.48999786376953,122.88999938964844,121.5999984741211,122.3499984741211,103.0670394897461,5496400
2018-06-27,122.12999725341797,122.97000122070312,121.44999694824219,121.61000061035156,102.44365692138672,5666000
2018-06-28,121.77999877929688,122.41000366210938,121.06999969482422,122.0,102.77217864990234,5296800
2018-06-29,122.23999786376953,123.18000030517578,121.19000244140625,121.33999633789062,102.2162094116211,7308700
2018-07-02,121.33999633789062,121.7300033569336,120.11000061035156,121.58000183105469,102.41840362548828,5481400
2018-07-03,121.6500015258789,123.45999908447266,121.26000213623047,122.70999908447266,103.37031555175781,4248100
2018-07-05,123.5999984741211,125.12000274658203,123.2300033569336,125.0,105.29936981201172,7319100
2018-07-06,125.16000366210938,125.91999816894531,124.61000061035156,125.75,105.93116760253906,7297900
2018-07-09,126.22000122070312,126.75,125.5999984741211,126.05000305175781,106.18391418457031,6706100
2018-07-10,126.37000274658203,127.5199966430664,126.11000061035156,127.37999725341797,107.30428314208984,5075600
2018-07-11,127.41000366210938,127.44000244140625,126.05999755859375,126.23999786376953,106.34394073486328,4827400
2018-07-12,127.70999908447266,128.2100067138672,127.16999816894531,127.76000213623047,107.6243896484375,6199000
2018-07-13,125.31999969482422,127.5,125.31999969482422,125.93000030517578,106.08280944824219,8250200
2018-07-16,126.0,126.0999984741211,124.16000366210938,124.69000244140625,105.03823852539062,7314400
2018-07-17,128.52999877929688,130.5399932861328,127.55999755859375,129.11000061035156,108.7616195678711,12858700
2018-07-18,128.80999755859375,129.0500030517578,127.16999816894531,127.80000305175781,107.65808868408203,7152000
2018-07-19,127.52999877929688,127.69999694824219,125.87000274658203,125.94000244140625,106.09123229980469,5984600
2018-07-20,125.30000305175781,126.13999938964844,125.12000274658203,125.8499984741211,106.0154037475586,5835500
2018-07-23,125.75,126.68000030517578,125.44999694824219,126.62999725341797,106.6724853515625,4631100
2018-07-24,127.23999786376953,129.6199951171875,127.1500015258789,129.36000061035156,108.97221374511719,7158800
2018-07-25,129.13999938964844,129.22999572753906,127.6500015258789,128.6199951171875,108.34884643554688,6523000
2018-07-26,129.89999389648438,131.22000122070312,129.85000610351562,130.27999877929688,109.74720764160156,7640600
2018-07-27,129.97999572753906,132.27000427246094,129.94000244140625,131.5500030517578,110.81705474853516,6620400
2018-07-30,131.77999877929688,132.49000549316406,131.25,132.1699981689453,111.33934783935547,11013100
2018-07-31,132.27999877929688,132.63999938964844,131.77000427246094,132.52000427246094,111.63419342041016,7598900
2018-08-01,132.38999938964844,132.9600067138672,132.0800018310547,132.63999938964844,111.73528289794922,5770400
2018-08-02,132.88999938964844,133.0,131.08999633789062,131.25,110.56436157226562,6563300
2018-08-03,131.17999267578125,132.6999969482422,130.89999389648438,131.9499969482422,111.1540298461914,6498700
2018-08-06,131.63999938964844,132.52999877929688,131.00999450683594,132.02000427246094,111.2129898071289,5840000
2018-08-07,131.8800048828125,132.1699981689453,131.3000030517578,131.4600067138672,110.74128723144531,4664600
2018-08-08,131.49000549316406,131.8000030517578,130.88999938964844,131.1699981689453,110.4969482421875,3721500
2018-08-09,131.5399932861328,131.72000122070312,130.6699981689453,131.1999969482422,110.522216796875,4057800
2018-08-10,131.19000244140625,131.6300048828125,130.25999450683594,130.75,110.14315032958984,4324000
2018-08-13,130.72000122070312,130.89999389648438,129.85000610351562,130.22000122070312,109.69669342041016,3778000
2018-08-14,129.6699981689453,130.47000122070312,129.35000610351562,129.5,109.09016418457031,4542800
2018-08-15,129.75,130.74000549316406,128.92999267578125,130.42999267578125,109.87358093261719,5377300
2018-08-16,131.02000427246094,132.8800048828125,130.57000732421875,132.47999572753906,111.60049438476562,7861500
2018-08-17,132.4499969482422,135.0,132.19000244140625,134.47000122070312,113.27687072753906,6700900
2018-08-20,134.92999267578125,137.1199951171875,134.0,136.8800048828125,115.3070297241211,7935000
2018-08-21,137.0,137.42999267578125,135.3000030517578,135.35000610351562,114.0181655883789,5832100
2018-08-22,135.55999755859375,135.67999267578125,134.4199981689453,134.61000061035156,113.3947982788086,4688400
2018-08-23,134.61000061035156,135.49000549316406,134.10000610351562,135.11000061035156,113.81598663330078,5057600
2018-08-24,135.11000061035156,136.14999389648438,134.8300018310547,135.9499969482422,114.52359771728516,4809400
2018-08-27,135.5,136.0500030517578,134.2100067138672,134.9199981689453,114.41337585449219,4325900
2018-08-28,134.77999877929688,134.89999389648438,133.88999938964844,134.32000732421875,113.90455627441406,6037500
2018-08-29,134.32000732421875,134.94000244140625,133.94000244140625,134.86000061035156,114.36248779296875,4648700
2018-08-30,134.6999969482422,135.60000610351562,134.60000610351562,134.9499969482422,114.43879699707031,4821900
2018-08-31,134.60000610351562,135.0,133.97000122070312,134.69000244140625,114.21831512451172,6139500
2018-09-04,134.69000244140625,134.75,133.44000244140625,133.72000122070312,113.3957748413086,4406800
2018-09-05,133.47999572753906,135.94000244140625,133.4600067138672,135.86000061035156,115.21049499511719,6174800
2018-09-06,135.5,137.30999755859375,135.17999267578125,136.8699951171875,116.06698608398438,6562000
2018-09-07,136.77999877929688,137.69000244140625,135.75,137.32000732421875,116.44860076904297,6375200
2018-09-10,137.52999877929688,138.47000122070312,137.05999755859375,137.2100067138672,116.35533142089844,4892200
2018-09-11,137.63999938964844,138.91000366210938,137.22000122070312,138.50999450683594,117.45772552490234,7856800
2018-09-12,138.89999389648438,139.99000549316406,138.55999755859375,139.36000061035156,118.17851257324219,6767700
2018-09-13,139.88999938964844,140.47999572753906,139.02000427246094,139.88999938964844,118.62798309326172,6456100
2018-09-14,140.0,140.35000610351562,139.10000610351562,139.49000549316406,118.28875732421875,4534800
2018-09-17,139.3300018310547,140.39999389648438,139.17999267578125,139.9600067138672,118.6873550415039,5295500
2018-09-18,140.27000427246094,140.83999633789062,139.8300018310547,140.5399932861328,119.1791763305664,4581200
2018-09-19,140.75999450683594,140.99000549316406,140.0500030517578,140.4600067138672,119.11135864257812,5049900
2018-09-20,140.82000732421875,142.13999938964844,140.50999450683594,141.97999572753906,120.40031433105469,5019300
2018-09-21,142.17999267578125,143.1300048828125,141.69000244140625,142.8800048828125,121.16351318359375,13283400
2018-09-24,142.10000610351562,142.5,140.22999572753906,140.47000122070312,119.11981201171875,6708000
2018-09-25,140.52999877929688,140.9600067138672,138.39999389648438,138.63999938964844,117.56793975830078,7982800
2018-09-26,138.9499969482422,140.0,137.9600067138672,138.16000366210938,117.16092681884766,7133300
2018-09-27,138.4499969482422,139.5800018310547,137.57000732421875,138.22000122070312,117.21183776855469,6450500
2018-09-28,138.10000610351562,138.55999755859375,137.41000366210938,138.1699981689453,117.16939544677734,6638500
2018-10-01,138.25999450683594,139.85000610351562,138.0,139.69000244140625,118.45838928222656,4871800
2018-10-02,139.7899932861328,140.72999572753906,139.64999389648438,140.47999572753906,119.12831115722656,6439100
2018-10-03,140.5399932861328,141.27000427246094,138.8800048828125,139.02999877929688,117.89866638183594,5411800
2018-10-04,138.5500030517578,139.52999877929688,137.32000732421875,139.35000610351562,118.17001342773438,4738700
2018-10-05,139.8000030517578,140.25,138.55999755859375,139.10000610351562,117.95804595947266,4309300
2018-10-08,138.89999389648438,139.67999267578125,138.6199951171875,139.38999938964844,118.20396423339844,5174100
2018-10-09,138.74000549316406,139.6199951171875,137.80999755859375,139.1999969482422,118.04286193847656,4475300
2018-10-10,139.35000610351562,140.4600067138672,137.72999572753906,137.72999572753906,116.7962646484375,7265600
2018-10-11,137.91000366210938,138.66000366210938,132.8800048828125,133.83999633789062,113.49752044677734,11603200
2018-10-12,134.39999389648438,134.41000366210938,132.22999572753906,133.8699951171875,113.52295684814453,6998000
2018-10-15,133.8800048828125,135.3000030517578,133.50999450683594,133.9499969482422,113.59081268310547,6398700
2018-10-16,134.75,137.99000549316406,134.75,136.55999755859375,115.80411529541016,9592800
2018-10-17,136.22999572753906,140.0,136.2100067138672,139.4600067138672,118.26335144042969,8261100
2018-10-18,139.1999969482422,139.80999755859375,137.7100067138672,139.5,118.29723358154297,7583900
2018-10-19,138.33999633789062,140.0,137.91000366210938,139.0500030517578,117.91564178466797,5924800
2018-10-22,138.61000061035156,139.25999450683594,138.13999938964844,138.67999267578125,117.6019058227539,4864300
2018-10-23,137.7899932861328,139.49000549316406,137.4499969482422,138.92999267578125,117.81391143798828,8282700
2018-10-24,138.52000427246094,140.11000061035156,137.1699981689453,137.47000122070312,116.5758056640625,8279200
2018-10-25,137.4600067138672,139.08999633789062,135.0500030517578,138.47000122070312,117.4238052368164,9720700
2018-10-26,137.94000244140625,139.3000030517578,135.3300018310547,136.97000122070312,116.15178680419922,11371400
2018-10-29,136.99000549316406,139.10000610351562,136.22000122070312,137.5500030517578,116.64363098144531,6783000
2018-10-30,137.92999267578125,141.10000610351562,137.0,140.75,119.3572769165039,9646200
2018-10-31,141.0,141.42999267578125,139.61000061035156,139.99000549316406,118.71276092529297,9968900
2018-11-01,140.07000732421875,141.5800018310547,139.85000610351562,140.82000732421875,119.41664123535156,6913500
2018-11-02,141.97000122070312,142.0,139.66000366210938,140.67999267578125,119.29789733886719,7673200
2018-11-05,141.0,142.74000549316406,139.0,142.1999969482422,120.58686065673828,5601400
2018-11-06,141.52999877929688,142.8300018310547,141.05999755859375,142.57000732421875,120.900634765625,5798900
2018-11-07,143.10000610351562,144.8699951171875,142.97000122070312,144.75,122.74927520751953,7173600
2018-11-08,144.30999755859375,145.7899932861328,144.0,145.3000030517578,123.21566772460938,5497100
2018-11-09,145.0399932861328,145.74000549316406,144.3800048828125,145.33999633789062,123.2496109008789,5343100
2018-11-12,144.99000549316406,146.24000549316406,144.72999572753906,145.6199951171875,123.48706817626953,7013600
2018-11-13,146.19000244140625,146.75,143.4199981689453,144.67999267578125,122.68993377685547,7432300
2018-11-14,145.02000427246094,145.30999755859375,143.55999755859375,144.25,122.32528686523438,6433100
2018-11-15,143.41000366210938,144.50999450683594,142.47999572753906,144.5,122.53730773925781,6657900
2018-11-16,144.7100067138672,146.74000549316406,144.5500030517578,145.99000549316406,123.80083465576172,8494300
2018-11-19,146.42999267578125,148.44000244140625,146.3699951171875,147.72999572753906,125.2763900756836,8714600
2018-11-20,147.5,148.75,146.35000610351562,146.4499969482422,124.19092559814453,8937700
2018-11-21,146.22999572753906,146.22999572753906,140.77999877929688,141.99000549316406,120.40880584716797,10275400
2018-11-23,141.85000610351562,142.72999572753906,141.60000610351562,142.22999572753906,120.61231231689453,3404900
2018-11-26,142.0,142.0500030517578,140.72000122070312,141.3699951171875,120.64643859863281,7590900
2018-11-27,140.57000732421875,143.35000610351562,139.66000366210938,143.22000122070312,122.22528839111328,5962100
2018-11-28,143.8300018310547,146.55999755859375,143.36000061035156,146.44000244140625,124.97322082519531,8411400
2018-11-29,145.6199951171875,147.1999969482422,144.83999633789062,145.85000610351562,124.4697265625,6900000
2018-11-30,145.33999633789062,147.0,145.10000610351562,146.89999389648438,125.36577606201172,12517600
2018-12-03,145.57000732421875,146.6300048828125,144.94000244140625,146.2100067138672,124.77696990966797,8827200
2018-12-04,146.32000732421875,148.99000549316406,145.82000732421875,146.02999877929688,124.62332153320312,9803500
2018-12-06,144.5,146.4499969482422,142.7899932861328,145.91000366210938,124.52094268798828,11572500
2018-12-07,145.49000549316406,147.33999633789062,144.1199951171875,145.42999267578125,124.11127471923828,9444500
2018-12-10,145.38999938964844,145.8800048828125,142.3800048828125,145.25999450683594,123.96623992919922,6848100
2018-12-11,146.2899932861328,148.2100067138672,145.7899932861328,146.5,125.0244140625,9857400
2018-12-12,147.0,148.49000549316406,147.0,147.10000610351562,125.53650665283203,8869200
2018-12-13,146.9600067138672,148.58999633789062,146.8000030517578,147.83999633789062,126.16802978515625,6008300
2018-12-14,144.33999633789062,145.3800048828125,130.1999969482422,133.0,113.50341796875,58140200
2018-12-17,128.32000732421875,131.64999389648438,126.83000183105469,129.13999938964844,110.20925903320312,36933100
2018-12-18,132.0500030517578,132.8000030517578,129.1999969482422,130.4199981689453,111.30162811279297,24640100
2018-12-19,129.8699951171875,131.35000610351562,127.08999633789062,127.61000061035156,108.90354919433594,21232100
2018-12-20,127.72000122070312,129.75,126.76000213623047,128.27000427246094,109.46678924560547,16609600
2018-12-21,127.80000305175781,130.60000610351562,127.12000274658203,128.08999633789062,109.3132095336914,19732900
2018-12-24,127.30000305175781,128.0,121.0,122.83999633789062,104.83277893066406,7531900
2018-12-26,123.41999816894531,126.76000213623047,122.01000213623047,126.70999908447266,108.13545989990234,9253000
2018-12-27,125.87000274658203,127.41000366210938,123.06999969482422,127.41000366210938,108.73286437988281,9918700
2018-12-28,127.91000366210938,128.75,126.75,127.2699966430664,108.6133804321289,6537200
2018-12-31,128.17999267578125,129.5500030517578,127.41999816894531,129.0500030517578,110.13246154785156,7409900
2019-01-02,128.1300048828125,128.3800048828125,126.27999877929688,127.75,109.02302551269531,7631700
2019-01-03,128.13999938964844,128.27000427246094,125.36000061035156,125.72000122070312,107.29061126708984,8654500
2019-01-04,127.12000274658203,128.64999389648438,126.7300033569336,127.83000183105469,109.09130096435547,8831700
2019-01-07,127.62999725341797,128.35000610351562,126.80000305175781,127.01000213623047,108.3915023803711,8404700
2019-01-08,128.17999267578125,130.5,127.7300033569336,129.9600067138672,110.90907287597656,9351600
2019-01-09,129.8300018310547,130.24000549316406,128.3300018310547,128.92999267578125,110.03002166748047,7403500
2019-01-10,127.69000244140625,129.88999938964844,127.69000244140625,129.7100067138672,110.69572448730469,6224400
2019-01-11,129.0,129.83999633789062,128.30999755859375,129.75,110.72984313964844,5300400
2019-01-14,128.74000549316406,128.9600067138672,127.58999633789062,128.27999877929688,109.47531127929688,7374400
2019-01-15,128.52000427246094,129.49000549316406,127.6500015258789,129.36000061035156,110.39701080322266,5194400
2019-01-16,129.41000366210938,129.41000366210938,127.9000015258789,128.0399932861328,109.27050018310547,6264200
2019-01-17,127.70999908447266,129.52000427246094,127.45999908447266,129.08999633789062,110.16658020019531,7632000
2019-01-18,129.89999389648438,131.17999267578125,129.4499969482422,130.69000244140625,111.53205108642578,10593000
2019-01-22,128.1999969482422,129.5,127.01000213623047,128.8000030517578,109.91910552978516,10568100
2019-01-23,128.5,129.3000030517578,127.93000030517578,128.8000030517578,109.91910552978516,9267800
2019-01-24,128.49000549316406,128.6999969482422,125.0,127.02999877929688,108.4085693359375,9917000
2019-01-25,128.1300048828125,128.4499969482422,127.02999877929688,128.22999572753906,109.43266296386719,7585100
2019-01-28,127.80999755859375,129.14999389648438,127.29000091552734,128.99000549316406,110.08126068115234,6927700
2019-01-29,128.9499969482422,130.47000122070312,128.5,130.3300018310547,111.22481536865234,6669300
2019-01-30,130.3699951171875,132.19000244140625,130.3000030517578,131.63999938964844,112.34278106689453,7299300
2019-01-31,131.6300048828125,135.19000244140625,130.8699951171875,133.0800018310547,113.57168579101562,17298100
2019-02-01,134.02000427246094,134.69000244140625,133.47000122070312,134.1999969482422,114.52749633789062,9575200
2019-02-04,133.9600067138672,134.14999389648438,132.2100067138672,132.8800048828125,113.4010238647461,7759000
2019-02-05,133.52000427246094,133.8800048828125,132.75,132.8800048828125,113.4010238647461,6449800
2019-02-06,133.0800018310547,133.57000732421875,132.3000030517578,133.0,113.50341796875,5066100
2019-02-07,132.4499969482422,132.63999938964844,131.52999877929688,132.0500030517578,112.69269561767578,6085300
2019-02-08,131.9499969482422,132.4600067138672,131.5399932861328,132.39999389648438,112.99134826660156,4436700
2019-02-11,132.30999755859375,132.6699981689453,131.25999450683594,132.0,112.6500244140625,4962200
2019-02-12,132.0800018310547,134.3000030517578,132.0800018310547,134.16000366210938,114.49336242675781,6262300
2019-02-13,134.07000732421875,134.97999572753906,133.2100067138672,134.4499969482422,114.74085998535156,7902200
2019-02-14,134.3000030517578,134.82000732421875,133.35000610351562,134.30999755859375,114.62137603759766,3910400
2019-02-15,135.19000244140625,136.41000366210938,135.00999450683594,136.3800048828125,116.387939453125,6665000
2019-02-19,136.13999938964844,136.3800048828125,135.6300048828125,135.69000244140625,115.79910278320312,5935500
2019-02-20,135.97000122070312,136.72999572753906,135.72999572753906,136.35000610351562,116.36236572265625,6089800
2019-02-21,134.97999572753906,135.7899932861328,134.27000427246094,135.4199981689453,115.56869506835938,6665500
2019-02-22,135.2899932861328,136.63999938964844,134.82000732421875,136.60000610351562,116.57569885253906,5223900
2019-02-25,136.35000610351562,137.49000549316406,135.86000061035156,136.1999969482422,117.0052490234375,6846600
2019-02-26,136.44000244140625,136.9600067138672,136.0500030517578,136.11000061035156,116.92790985107422,5106900
2019-02-27,135.52000427246094,136.25,135.38999938964844,135.8699951171875,116.72174835205078,4378100
2019-02-28,135.9499969482422,137.9499969482422,135.69000244140625,136.63999938964844,117.38321685791016,10133200
2019-03-01,137.22000122070312,138.61000061035156,137.00999450683594,138.35000610351562,118.85225677490234,5641600
2019-03-04,138.85000610351562,139.41000366210938,137.50999450683594,138.47999572753906,118.96390533447266,8377700
2019-03-05,138.80999755859375,139.13999938964844,138.36000061035156,138.77000427246094,119.21302032470703,6568900
2019-03-06,139.47000122070312,139.64999389648438,138.60000610351562,139.08999633789062,119.48796081542969,6236900
2019-03-07,138.52999877929688,139.1199951171875,137.6999969482422,138.24000549316406,118.75772857666016,6100400
2019-03-08,138.08999633789062,139.3000030517578,136.4199981689453,138.05999755859375,118.60308837890625,7046700
2019-03-11,138.11000061035156,139.02999877929688,137.52000427246094,138.55999755859375,119.03262329101562,6150400
2019-03-12,138.64999389648438,140.0,138.5,139.17999267578125,119.56525421142578,5552900
2019-03-13,139.58999633789062,139.83999633789062,139.02000427246094,139.41000366210938,119.76283264160156,6446900
2019-03-14,138.33999633789062,138.8000030517578,137.94000244140625,138.02000427246094,118.56874084472656,8493600
2019-03-15,138.0,138.25999450683594,136.8300018310547,137.60000610351562,118.20793914794922,11922500
2019-03-18,137.64999389648438,137.77999877929688,136.72000122070312,137.1699981689453,117.83849334716797,7369600
2019-03-19,137.61000061035156,138.82000732421875,137.47000122070312,138.44000244140625,118.9295425415039,5882500
2019-03-20,138.3300018310547,138.50999450683594,136.64999389648438,137.2899932861328,117.94161224365234,5475700
2019-03-21,137.0,138.77999877929688,136.9499969482422,138.10000610351562,118.63746643066406,5765100
2019-03-22,137.75,138.38999938964844,136.86000061035156,136.91000366210938,117.61517333984375,6528800
2019-03-25,136.91000366210938,137.00999450683594,135.74000549316406,136.61000061035156,117.35746002197266,4500300
2019-03-26,136.92999267578125,139.27000427246094,136.92999267578125,138.57000732421875,119.04122161865234,4758600
2019-03-27,138.58999633789062,139.47999572753906,138.07000732421875,138.6999969482422,119.15289306640625,6764900
2019-03-28,139.05999755859375,139.4600067138672,138.7100067138672,138.8800048828125,119.30755615234375,4602100
2019-03-29,139.27999877929688,139.8800048828125,138.8800048828125,139.7899932861328,120.08927917480469,7168400
2019-04-01,139.99000549316406,140.2899932861328,138.74000549316406,138.97999572753906,119.3934555053711,5885200
2019-04-02,139.00999450683594,139.00999450683594,136.91000366210938,137.7100067138672,118.30242156982422,5517800
2019-04-03,138.1999969482422,138.24000549316406,136.8699951171875,137.1699981689453,117.83849334716797,5947000
2019-04-04,136.8699951171875,137.00999450683594,135.1300048828125,135.57000732421875,116.4640121459961,5844600
2019-04-05,136.0399932861328,136.5800018310547,135.6999969482422,136.17999267578125,116.98806762695312,4759700
2019-04-08,136.0500030517578,136.50999450683594,135.6999969482422,136.13999938964844,116.95368957519531,4329600
2019-04-09,136.0,136.25999450683594,134.55999755859375,135.57000732421875,116.4640121459961,5210300
2019-04-10,135.88999938964844,136.1300048828125,135.3300018310547,135.5800018310547,116.47261810302734,4194100
2019-04-11,135.9600067138672,136.17999267578125,134.4199981689453,135.2100067138672,116.15475463867188,4485200
2019-04-12,135.22000122070312,136.35000610351562,134.75,135.97999572753906,116.81622314453125,5756800
2019-04-15,136.0,136.7899932861328,135.8000030517578,136.52000427246094,117.2801284790039,5380900
2019-04-16,138.32000732421875,140.6999969482422,137.55999755859375,138.02000427246094,118.56874084472656,10745700
2019-04-17,139.0,140.14999389648438,137.6699981689453,138.52000427246094,118.99824523925781,9543700
2019-04-18,139.35000610351562,140.24000549316406,135.75,137.52000427246094,118.1391830444336,10485300
2019-04-22,136.97999572753906,138.49000549316406,136.4600067138672,137.8300018310547,118.40550231933594,4666500
2019-04-23,137.4199981689453,140.85000610351562,137.25,139.89999389648438,120.18376922607422,5790500
2019-04-24,139.64999389648438,140.13999938964844,138.86000061035156,139.1999969482422,119.58244323730469,5676300
2019-04-25,138.52000427246094,139.77000427246094,137.9600067138672,139.64999389648438,119.968994140625,5218100
2019-04-26,139.8800048828125,140.52000427246094,139.30999755859375,140.38999938964844,120.60472869873047,4613600
2019-04-29,140.35000610351562,140.42999267578125,139.5800018310547,139.83999633789062,120.1322250366211,4275200
2019-04-30,140.19000244140625,141.4499969482422,138.9600067138672,141.1999969482422,121.30059051513672,6003700
2019-05-01,140.9499969482422,142.35000610351562,139.75,141.9499969482422,121.94487762451172,6656300
2019-05-02,141.91000366210938,142.14999389648438,140.1199951171875,141.27999877929688,121.3692855834961,8835600
2019-05-03,141.2899932861328,142.08999633789062,141.0800018310547,142.00999450683594,121.99642181396484,5281600
2019-05-06,140.25,142.24000549316406,139.92999267578125,142.08999633789062,122.06515502929688,5818900
2019-05-07,140.82000732421875,141.3800048828125,139.05999755859375,139.97000122070312,120.24392700195312,6606700
2019-05-08,140.1999969482422,140.9199981689453,139.6999969482422,139.7899932861328,120.08927917480469,4667300
2019-05-09,138.9499969482422,139.32000732421875,137.63999938964844,138.72999572753906,119.17869567871094,5604200
2019-05-10,138.42999267578125,139.25,136.41000366210938,139.0500030517578,119.45355224609375,4771600
2019-05-13,137.85000610351562,138.05999755859375,136.52999877929688,137.1999969482422,117.86431121826172,5560000
2019-05-14,137.0399932861328,137.83999633789062,136.72999572753906,136.82000732421875,117.5378646850586,7179400
2019-05-15,136.89999389648438,137.49000549316406,135.3300018310547,136.91000366210938,117.61517333984375,6429400
2019-05-16,137.38999938964844,139.19000244140625,136.97000122070312,138.2100067138672,118.73192596435547,6857200
2019-05-17,137.0,139.02999877929688,136.86000061035156,138.61000061035156,119.0755615234375,6915300
2019-05-20,138.61000061035156,138.9600067138672,137.67999267578125,138.4199981689453,118.912353515625,4771100
2019-05-21,139.1199951171875,139.57000732421875,138.0800018310547,138.1199951171875,118.65460968017578,4859000
2019-05-22,138.35000610351562,138.9499969482422,137.49000549316406,138.75999450683594,119.20445251464844,5456800
2019-05-23,138.5,139.85000610351562,137.6699981689453,139.7899932861328,120.08927917480469,6951800
2019-05-24,139.5,139.5,138.55999755859375,138.85000610351562,120.0979232788086,5473300
2019-05-28,139.0,140.49000549316406,137.0500030517578,137.07000732421875,118.5583267211914,11919600
2019-05-29,135.88999938964844,135.88999938964844,128.52000427246094,131.3300018310547,113.59352111816406,23247400
2019-05-30,131.44000244140625,132.82000732421875,131.1699981689453,132.11000061035156,114.26817321777344,7360600
2019-05-31,131.52000427246094,132.0,129.61000061035156,131.14999389648438,113.43781280517578,7811000
2019-06-03,131.5,132.39999389648438,131.0399932861328,131.44000244140625,113.68867492675781,8434600
2019-06-04,132.60000610351562,134.3000030517578,132.5800018310547,133.72999572753906,115.66938781738281,6648900
2019-06-05,134.6999969482422,135.1300048828125,133.86000061035156,134.3800048828125,116.23163604736328,6860600
2019-06-06,134.89999389648438,137.66000366210938,134.58999633789062,136.67999267578125,118.22095489501953,9115800
2019-06-07,137.58999633789062,139.58999633789062,137.13999938964844,138.5500030517578,119.83844757080078,6533900
2019-06-10,138.60000610351562,139.14999389648438,137.60000610351562,139.02000427246094,120.24498748779297,4994700
2019-06-11,139.67999267578125,140.66000366210938,139.5,139.77999877929688,120.90233612060547,8230500
2019-06-12,140.3000030517578,142.91000366210938,140.3000030517578,141.67999267578125,122.54570007324219,9216500
2019-06-13,141.72000122070312,141.9499969482422,140.2100067138672,140.7100067138672,121.70674896240234,7500800
2019-06-14,141.22999572753906,141.49000549316406,140.0399932861328,140.08999633789062,121.17047119140625,6548100
2019-06-17,140.0,140.24000549316406,139.2100067138672,139.44000244140625,120.6082534790039,5562800
2019-06-18,140.55999755859375,140.92999267578125,139.7899932861328,140.22999572753906,121.29154968261719,7122700
2019-06-19,140.00999450683594,140.97000122070312,139.91000366210938,140.4499969482422,121.48185729980469,6393400
2019-06-20,141.25,142.39999389648438,141.0,142.2100067138672,123.00414276123047,7335800
2019-06-21,141.4600067138672,142.42999267578125,141.00999450683594,142.08999633789062,122.90037536621094,11272200
2019-06-24,142.4199981689453,143.6999969482422,142.08999633789062,143.05999755859375,123.73937225341797,5894700
2019-06-25,143.27000427246094,144.97999572753906,143.19000244140625,144.24000549316406,124.76002502441406,7517000
2019-06-26,143.85000610351562,143.85000610351562,140.75999450683594,141.85000610351562,122.69276428222656,7674100
2019-06-27,142.22999572753906,142.5,140.60000610351562,140.69000244140625,121.68943786621094,5233500
2019-06-28,140.74000549316406,141.10000610351562,138.50999450683594,139.27999877929688,120.4698715209961,12792400
2019-07-01,140.1999969482422,140.25999450683594,138.72000122070312,139.36000061035156,120.5390396118164,5872300
2019-07-02,139.22000122070312,140.02999877929688,138.69000244140625,140.02999877929688,121.11856079101562,4501200
2019-07-03,141.0,142.17999267578125,140.7899932861328,142.13999938964844,122.94361877441406,3436300
2019-07-05,141.74000549316406,141.86000061035156,140.3699951171875,140.57000732421875,121.58565521240234,4652400
2019-07-08,140.1199951171875,141.0800018310547,139.63999938964844,140.97000122070312,121.93161010742188,4078100
2019-07-09,141.4600067138672,142.47000122070312,140.91000366210938,141.41000366210938,122.31221771240234,4217400
2019-07-10,141.77999877929688,141.99000549316406,140.6699981689453,141.2100067138672,122.13920593261719,4874400
2019-07-11,140.94000244140625,141.2100067138672,139.02000427246094,140.11000061035156,121.18778228759766,5817400
2019-07-12,140.1199951171875,140.1199951171875,132.32000732421875,134.3000030517578,116.16242218017578,17780100
2019-07-15,135.38999938964844,136.36000061035156,134.4499969482422,134.7100067138672,116.51705932617188,10038200
2019-07-16,132.92999267578125,133.8300018310547,131.75,132.5,114.60552215576172,10214500
2019-07-17,132.49000549316406,133.5800018310547,131.41000366210938,131.86000061035156,114.05194854736328,8862100
2019-07-18,132.1300048828125,132.50999450683594,131.1699981689453,132.07000732421875,114.23358917236328,6203100
2019-07-19,132.25,132.38999938964844,130.19000244140625,130.30999755859375,112.71128845214844,8340200
2019-07-22,130.0,130.14999389648438,127.83999633789062,128.63999938964844,111.26680755615234,12624800
2019-07-23,128.61000061035156,129.4499969482422,128.16000366210938,128.83999633789062,111.43982696533203,5803600
2019-07-24,128.8800048828125,129.7899932861328,128.57000732421875,129.77999877929688,112.25286865234375,6838600
2019-07-25,130.05999755859375,131.52999877929688,129.6699981689453,131.1199951171875,113.41189575195312,8897800
2019-07-26,131.3000030517578,131.3000030517578,130.49000549316406,130.72999572753906,113.07454681396484,4894600
2019-07-29,131.0,133.30999755859375,130.2100067138672,133.02000427246094,115.05531311035156,7832000
2019-07-30,132.47000122070312,132.49000549316406,131.27000427246094,132.0800018310547,114.24225616455078,5509600
2019-07-31,131.63999938964844,132.0,130.17999267578125,130.22000122070312,112.63346862792969,8559200
2019-08-01,130.25999450683594,130.74000549316406,129.02000427246094,130.2899932861328,112.6939697265625,7870700
2019-08-02,130.86000061035156,131.47000122070312,129.77000427246094,131.07000732421875,113.36866760253906,6574900
2019-08-05,130.91000366210938,131.4600067138672,129.00999450683594,130.16000366210938,112.5815658569336,9480000
2019-08-06,130.33999633789062,131.22000122070312,129.58999633789062,130.77000427246094,113.10914611816406,7880600
2019-08-07,129.36000061035156,130.91000366210938,128.19000244140625,130.2100067138672,112.62480163574219,6771700
2019-08-08,130.97999572753906,131.9499969482422,130.22999572753906,131.67999267578125,113.89627075195312,5260500
2019-08-09,131.8000030517578,132.75999450683594,131.22999572753906,132.0399932861328,114.20763397216797,4677300
2019-08-12,131.5,132.6999969482422,131.2899932861328,131.92999267578125,114.11247253417969,6852100
2019-08-13,132.3000030517578,134.10000610351562,132.0,133.4199981689453,115.4012680053711,5013200
2019-08-14,132.52999877929688,132.5399932861328,130.1300048828125,130.25999450683594,112.66802978515625,7736200
2019-08-15,130.1699981689453,131.07000732421875,129.25,130.5399932861328,112.91023254394531,7251200
2019-08-16,131.47000122070312,131.6699981689453,130.60000610351562,131.36000061035156,113.61946105957031,5858900
2019-08-19,132.5,132.57000732421875,131.82000732421875,132.25,114.3892822265625,4958000
2019-08-20,131.9600067138672,132.66000366210938,130.4600067138672,130.60000610351562,112.96212768554688,7302000
2019-08-21,131.6999969482422,132.41000366210938,130.85000610351562,131.52999877929688,113.76651763916016,6912800
2019-08-22,131.60000610351562,132.1300048828125,130.8000030517578,131.27000427246094,113.54161834716797,7213500
2019-08-23,131.07000732421875,131.25999450683594,127.12999725341797,127.7300033569336,110.47972869873047,15714000
2019-08-26,127.41999816894531,128.0800018310547,126.62999725341797,127.80000305175781,111.36857604980469,8889500
2019-08-27,129.8800048828125,132.39999389648438,129.10000610351562,129.63999938964844,112.97199249267578,20183800
2019-08-28,127.86000061035156,128.8699951171875,127.01000213623047,128.67999267578125,112.13542938232422,9878800
2019-08-29,128.83999633789062,129.1999969482422,126.83000183105469,128.24000549316406,111.75201416015625,6749900
2019-08-30,128.27000427246094,129.10000610351562,127.62000274658203,128.36000061035156,111.8565673828125,7371100
2019-09-03,127.98999786376953,128.97999572753906,127.51000213623047,128.74000549316406,112.1877212524414,5710200
2019-09-04,129.49000549316406,129.58999633789062,128.0800018310547,128.86000061035156,112.29230499267578,4807200
2019-09-05,129.89999389648438,129.89999389648438,128.30999755859375,128.5800018310547,112.04830169677734,4754100
2019-09-06,128.8800048828125,129.22999572753906,128.07000732421875,128.2100067138672,111.72586822509766,6758300
2019-09-09,128.0,128.16000366210938,126.58999633789062,126.94999694824219,110.62786102294922,7684700
2019-09-10,127.33999633789062,129.5500030517578,126.33999633789062,129.5500030517578,112.8935775756836,8239500
2019-09-11,129.86000061035156,131.27999877929688,129.0800018310547,131.1699981689453,114.3052978515625,6203600
2019-09-12,131.36000061035156,131.77000427246094,130.05999755859375,130.42999267578125,113.66043090820312,5250000
2019-09-13,131.3300018310547,131.57000732421875,129.9600067138672,130.77999877929688,113.96543884277344,5369800
2019-09-16,130.11000061035156,130.75,129.3300018310547,129.5399932861328,112.88484954833984,5101700
2019-09-17,129.60000610351562,130.5,129.11000061035156,129.6699981689453,112.9981460571289,4976400
2019-09-18,129.89999389648438,130.55999755859375,128.77999877929688,130.41000366210938,113.64300537109375,4373600
2019-09-19,129.6300048828125,131.19000244140625,129.36000061035156,130.11000061035156,113.38158416748047,4730100
2019-09-20,131.0,132.0,130.2899932861328,131.64999389648438,114.72359466552734,12053100
2019-09-23,131.02000427246094,132.0500030517578,130.49000549316406,131.74000549316406,114.80200958251953,5183700
2019-09-24,132.10000610351562,132.77999877929688,131.33999633789062,131.5500030517578,114.63642883300781,7102600
2019-09-25,131.5,131.57000732421875,130.22999572753906,130.99000549316406,114.14842987060547,4522900
2019-09-26,131.08999633789062,131.30999755859375,128.02999877929688,128.85000610351562,112.28360748291016,7545800
2019-09-27,128.61000061035156,129.39999389648438,126.69999694824219,128.60000610351562,112.06573486328125,6006500
2019-09-30,129.07000732421875,130.27999877929688,129.0,129.3800048828125,112.74544525146484,6552100
2019-10-01,130.02000427246094,130.8000030517578,129.77000427246094,129.99000549316406,113.27703094482422,7673000
2019-10-02,132.75999450683594,134.6999969482422,131.22000122070312,132.0,115.02857208251953,12051800
2019-10-03,131.63999938964844,132.3699951171875,130.00999450683594,131.19000244140625,114.32274627685547,6997600
2019-10-04,131.33999633789062,133.72000122070312,131.25,133.66000366210938,116.47514343261719,7233300
2019-10-07,133.08999633789062,133.82000732421875,132.13999938964844,133.16000366210938,116.0394515991211,5427200
2019-10-08,132.4499969482422,133.25999450683594,131.49000549316406,131.83999633789062,114.8891372680664,7870400
2019-10-09,131.13999938964844,131.25,128.52000427246094,129.22000122070312,112.60601043701172,7787700
2019-10-10,128.9499969482422,130.1199951171875,128.6300048828125,129.05999755859375,112.46658325195312,5119700
2019-10-11,131.13999938964844,132.6199951171875,130.82000732421875,131.3300018310547,114.4447250366211,7161400
2019-10-14,131.36000061035156,131.36000061035156,130.4199981689453,130.72000122070312,113.91314697265625,5700000
2019-10-15,133.0,134.25,132.10000610351562,132.83999633789062,115.76055908203125,10008800
2019-10-16,134.89999389648438,136.58999633789062,133.8000030517578,135.1699981689453,117.7909927368164,12434200
2019-10-17,135.9600067138672,137.49000549316406,135.64999389648438,136.1699981689453,118.66243743896484,8434000
2019-10-18,133.30999755859375,134.38999938964844,127.69999694824219,127.69999694824219,111.28144073486328,25868700
2019-10-21,128.6699981689453,129.6699981689453,127.05999755859375,128.02000427246094,111.56028747558594,13823600
2019-10-22,128.75999450683594,130.5399932861328,128.08999633789062,129.1999969482422,112.58856964111328,7613700
2019-10-23,129.66000366210938,130.47999572753906,129.07000732421875,129.89999389648438,113.19857788085938,6693400
2019-10-24,130.4199981689453,130.5800018310547,126.0999984741211,127.5,111.10714721679688,12111600
2019-10-25,127.83000183105469,129.10000610351562,127.30999755859375,128.35000610351562,111.84786224365234,6947300
2019-10-28,128.6199951171875,130.0,128.50999450683594,129.17999267578125,112.5711441040039,7876300
2019-10-29,129.6999969482422,129.97000122070312,128.55999755859375,129.1199951171875,112.51887512207031,4506300
2019-10-30,133.3000030517578,133.52999877929688,131.72999572753906,132.83999633789062,115.76055908203125,9627600
2019-10-31,132.3800048828125,132.83999633789062,130.88999938964844,132.0399932861328,115.06341552734375,7686700
2019-11-01,132.0500030517578,133.0,131.13999938964844,131.1999969482422,114.3314208984375,5541800
2019-11-04,131.8000030517578,131.9499969482422,130.08999633789062,130.22999572753906,113.48613739013672,6140300
2019-11-05,130.52999877929688,131.47000122070312,129.67999267578125,130.4199981689453,113.65171813964844,6257300
2019-11-06,130.4199981689453,131.47999572753906,129.6999969482422,130.9600067138672,114.12229919433594,5450000
2019-11-07,131.72999572753906,132.3800048828125,131.00999450683594,131.42999267578125,114.53185272216797,5873700
2019-11-08,131.3000030517578,133.0399932861328,130.97000122070312,133.0,115.9000244140625,5003000
2019-11-11,132.27000427246094,132.52000427246094,131.3300018310547,131.97999572753906,115.01113891601562,4371400
2019-11-12,132.0,132.08999633789062,131.02000427246094,131.35000610351562,114.462158203125,5228700
2019-11-13,131.0399932861328,131.49000549316406,130.72000122070312,131.27000427246094,114.3924331665039,5885400
2019-11-14,131.02999877929688,131.36000061035156,130.13999938964844,130.9600067138672,114.12229919433594,4217500
2019-11-15,131.25,134.97000122070312,130.77999877929688,134.94000244140625,117.59058380126953,10495100
2019-11-18,134.22000122070312,135.69000244140625,132.66000366210938,134.8300018310547,117.4947280883789,9291800
2019-11-19,135.0,135.19000244140625,134.2100067138672,134.82000732421875,117.48600006103516,5192200
2019-11-20,135.11000061035156,136.33999633789062,134.07000732421875,135.94000244140625,118.46200561523438,7594400
2019-11-21,135.94000244140625,136.85000610351562,135.0,136.44000244140625,118.89772033691406,6424900
2019-11-22,136.64999389648438,138.6300048828125,136.5,138.07000732421875,120.31818389892578,9235800
2019-11-25,137.05999755859375,137.64999389648438,136.24000549316406,137.17999267578125,120.37078857421875,6111900
2019-11-26,136.47000122070312,137.33999633789062,135.14999389648438,137.1699981689453,120.36201477050781,10636500
2019-11-27,137.16000366210938,138.25,136.89999389648438,137.75,120.87097930908203,5523000
2019-11-29,137.60000610351562,138.27000427246094,136.94000244140625,137.49000549316406,120.64280700683594,3278900
2019-12-02,137.72000122070312,137.85000610351562,136.85000610351562,137.36000061035156,120.52875518798828,4717100
2019-12-03,136.91000366210938,137.4499969482422,136.16000366210938,137.16000366210938,120.35327911376953,5741400
2019-12-04,138.5,139.74000549316406,138.0399932861328,139.3800048828125,122.30122375488281,7257300
2019-12-05,139.35000610351562,139.75,137.9499969482422,139.55999755859375,122.45916748046875,5472900
2019-12-06,139.4600067138672,141.5800018310547,139.4600067138672,140.3800048828125,123.1786880493164,6640400
2019-12-09,140.38999938964844,140.80999755859375,140.05999755859375,140.5,123.28398132324219,4241000
2019-12-10,140.8000030517578,141.0,139.91000366210938,139.99000549316406,122.83647918701172,5310300
2019-12-11,140.92999267578125,141.97999572753906,140.6300048828125,140.97999572753906,123.70515441894531,6631500
2019-12-12,141.32000732421875,142.05999755859375,140.72999572753906,141.33999633789062,124.02105712890625,5012400
2019-12-13,141.10000610351562,141.8000030517578,140.30999755859375,141.3800048828125,124.05615234375,4257200
2019-12-16,141.72999572753906,142.85000610351562,141.49000549316406,141.7899932861328,124.41590881347656,5353100
2019-12-17,143.0,144.0500030517578,142.52000427246094,143.55999755859375,125.96906280517578,10722400
2019-12-18,143.72000122070312,143.8800048828125,142.74000549316406,143.19000244140625,125.6443862915039,7849200
2019-12-19,143.88999938964844,145.8800048828125,143.61000061035156,145.35000610351562,127.53974914550781,9414700
2019-12-20,146.8800048828125,147.83999633789062,144.8000030517578,146.05999755859375,128.1626739501953,14532800
2019-12-23,145.74000549316406,146.75999450683594,145.33999633789062,146.44000244140625,128.49612426757812,6558700
2019-12-24,146.0,146.00999450683594,145.25999450683594,145.92999267578125,128.04861450195312,4238900
2019-12-26,145.97000122070312,146.17999267578125,145.16000366210938,145.8300018310547,127.96090698242188,3019300
2019-12-27,146.1999969482422,146.5500030517578,145.5399932861328,145.75,127.89070129394531,3432700
2019-12-30,145.77999877929688,146.1999969482422,145.02999877929688,145.3000030517578,127.4958267211914,2923300
2019-12-31,145.10000610351562,146.00999450683594,144.77999877929688,145.8699951171875,127.9959716796875,4435000
2020-01-02,145.8699951171875,146.02000427246094,145.0800018310547,145.97000122070312,128.083740234375,5777000
2020-01-03,143.5,145.3699951171875,143.0,144.27999877929688,126.60079956054688,5752400
2020-01-06,144.0,144.1999969482422,142.85000610351562,144.10000610351562,126.44290161132812,7731300
2020-01-07,144.00999450683594,145.4499969482422,141.3800048828125,144.97999572753906,127.21503448486328,7382900
2020-01-08,144.8699951171875,145.97999572753906,143.6999969482422,144.9600067138672,127.19747924804688,6605800
2020-01-09,145.75999450683594,146.02999877929688,144.99000549316406,145.38999938964844,127.57479095458984,6112700
2020-01-10,145.75,146.17999267578125,144.89999389648438,145.05999755859375,127.28522491455078,5042600
2020-01-13,145.47999572753906,145.7899932861328,144.72000122070312,145.6999969482422,127.8468246459961,4593200
2020-01-14,145.0500030517578,146.61000061035156,144.72999572753906,146.52000427246094,128.5663299560547,7037500
2020-01-15,146.39999389648438,147.39999389648438,146.24000549316406,147.00999450683594,128.99632263183594,4960300
2020-01-16,147.4199981689453,148.83999633789062,146.1999969482422,148.1999969482422,130.04046630859375,6476000
2020-01-17,148.41000366210938,149.41000366210938,147.92999267578125,149.1699981689453,130.8916015625,9083600
2020-01-21,148.5800018310547,150.1699981689453,148.5,149.27000427246094,130.97933959960938,9543900
2020-01-22,146.6999969482422,149.17999267578125,146.0,148.25,130.08436584472656,10305300
2020-01-23,148.0399932861328,148.77000427246094,146.75999450683594,148.52999877929688,130.3300323486328,8671900
2020-01-24,148.5800018310547,148.9499969482422,147.92999267578125,148.32000732421875,130.14576721191406,9051900
2020-01-27,147.52000427246094,149.4600067138672,147.0,148.75,130.52308654785156,7587100
2020-01-28,148.4600067138672,150.57000732421875,148.14999389648438,149.5,131.1811981201172,7336600
2020-01-29,149.4499969482422,151.19000244140625,149.1300048828125,150.5399932861328,132.09376525878906,6288600
2020-01-30,150.02999877929688,150.50999450683594,149.0500030517578,150.36000061035156,131.93580627441406,6470600
2020-01-31,149.75,150.0,148.63999938964844,148.8699951171875,130.62838745117188,8651700
2020-02-03,149.4199981689453,150.49000549316406,149.24000549316406,150.1699981689453,131.76905822753906,5765200
2020-02-04,151.49000549316406,152.75,151.1999969482422,151.60000610351562,133.0238494873047,6541400
2020-02-05,151.72000122070312,154.02000427246094,151.30999755859375,153.99000549316406,135.1210174560547,5979900
2020-02-06,154.25,154.5,152.74000549316406,153.52999877929688,134.71734619140625,6201200
2020-02-07,153.33999633789062,153.4600067138672,151.5500030517578,151.88999938964844,133.27833557128906,5700300
2020-02-10,151.67999267578125,151.91000366210938,150.88999938964844,151.86000061035156,133.2519989013672,4835600
2020-02-11,152.2899932861328,152.3800048828125,151.5399932861328,151.99000549316406,133.3660430908203,3715300
2020-02-12,151.8699951171875,152.14999389648438,150.9199981689453,151.08999633789062,132.5763397216797,5166800
2020-02-13,150.16000366210938,151.0399932861328,149.8800048828125,150.08999633789062,131.69886779785156,5480200
2020-02-14,150.55999755859375,150.63999938964844,149.14999389648438,150.1300048828125,131.73399353027344,5716300
2020-02-18,150.47000122070312,150.74000549316406,149.05999755859375,149.13999938964844,130.86529541015625,7230700
2020-02-19,149.2100067138672,149.75999450683594,148.5800018310547,148.94000244140625,130.6898193359375,6115200
2020-02-20,148.61000061035156,149.3800048828125,147.39999389648438,148.3699951171875,130.18963623046875,7464700
2020-02-21,148.08999633789062,150.24000549316406,147.5399932861328,149.92999267578125,131.55845642089844,7776800
2020-02-24,146.5,149.0,145.25,145.91000366210938,128.8474884033203,10588900
2020-02-25,145.99000549316406,146.75,143.8300018310547,144.64999389648438,127.73477935791016,10529000
2020-02-26,145.35000610351562,146.22000122070312,143.58999633789062,143.67999267578125,126.87825775146484,10093800
2020-02-27,142.55999755859375,144.77000427246094,138.9499969482422,139.1199951171875,122.85149383544922,12566700
2020-02-28,135.36000061035156,137.2899932861328,130.82000732421875,134.47999572753906,118.75409698486328,19820300
2020-03-02,134.77999877929688,140.1300048828125,134.00999450683594,140.02000427246094,123.64628601074219,11508200
2020-03-03,140.0,140.99000549316406,133.10000610351562,135.58999633789062,119.73432922363281,13662500
2020-03-04,137.67999267578125,143.63999938964844,137.13999938964844,143.47999572753906,126.70166015625,10560500
2020-03-05,140.8000030517578,142.67999267578125,139.83999633789062,142.00999450683594,125.40355682373047,11339200
2020-03-06,138.47999572753906,143.00999450683594,137.41000366210938,142.02999877929688,125.42120361328125,12239100
2020-03-09,136.3300018310547,139.67999267578125,134.89999389648438,136.44000244140625,120.48490905761719,13848600
2020-03-10,139.97000122070312,141.9499969482422,134.22999572753906,141.63999938964844,125.07679748535156,12698100
2020-03-11,138.08999633789062,138.75,131.5,131.8000030517578,116.38748168945312,17763400
2020-03-12,127.30999755859375,133.75999450683594,124.5,125.41000366210938,110.74473571777344,21539200
2020-03-13,129.32000732421875,134.9199981689453,124.6500015258789,134.2899932861328,118.58631896972656,20084200
2020-03-16,123.56999969482422,133.75999450683594,122.43000030517578,127.12999725341797,112.26359558105469,18877900
2020-03-17,128.5500030517578,136.77000427246094,127.80999755859375,136.58999633789062,120.61734771728516,18911800
2020-03-18,131.02000427246094,135.6699981689453,128.7100067138672,134.9600067138672,119.177978515625,17521100
2020-03-19,134.99000549316406,134.99000549316406,126.1500015258789,127.05000305175781,112.19295501708984,18482300
2020-03-20,126.83000183105469,127.44000244140625,118.12999725341797,119.88999938964844,105.87023162841797,19785100
2020-03-23,117.0,118.55999755859375,109.16000366210938,111.13999938964844,98.1434555053711,20815200
2020-03-24,118.76000213623047,119.6500015258789,113.86000061035156,119.18000030517578,105.24327850341797,17604800
2020-03-25,118.91000366210938,123.95999908447266,116.69999694824219,119.4000015258789,105.4375228881836,13986100
2020-03-26,120.56999969482422,127.0999984741211,120.37999725341797,126.56999969482422,111.76909637451172,15066800
2020-03-27,121.6500015258789,127.62000274658203,120.58000183105469,123.16000366210938,108.7578353881836,12133200
2020-03-30,128.4600067138672,133.99000549316406,127.5,133.00999450683594,117.45600128173828,21754000
2020-03-31,134.99000549316406,135.7100067138672,130.0500030517578,131.1300048828125,115.79582977294922,15746100
2020-04-01,127.69999694824219,130.22999572753906,125.5,128.80999755859375,113.74714660644531,12606100
2020-04-02,129.1199951171875,134.0,127.22000122070312,133.14999389648438,117.57962799072266,11594500
2020-04-03,132.3800048828125,134.7899932861328,131.5800018310547,134.1699981689453,118.48037719726562,10071200
2020-04-06,137.00999450683594,140.97000122070312,135.5399932861328,139.75999450683594,123.41665649414062,14994400
2020-04-07,139.86000061035156,142.02999877929688,137.25999450683594,137.47999572753906,121.40328216552734,11567100
2020-04-08,137.75,144.1300048828125,137.3000030517578,143.25999450683594,126.50735473632812,10758200
2020-04-09,144.00999450683594,145.4199981689453,140.27999877929688,141.22999572753906,124.71477508544922,11125400
2020-04-13,140.0,141.49000549316406,137.83999633789062,139.77000427246094,123.42549133300781,8153200
2020-04-14,145.4199981689453,147.4199981689453,144.0500030517578,146.02999877929688,128.95347595214844,13838000
2020-04-15,145.5500030517578,147.91000366210938,143.5399932861328,147.66000366210938,130.39285278320312,11962300
2020-04-16,148.30999755859375,150.67999267578125,146.44000244140625,149.6699981689453,132.1678009033203,12181700
2020-04-17,151.99000549316406,152.3000030517578,149.60000610351562,152.02000427246094,134.24302673339844,10920000
2020-04-20,150.92999267578125,153.0,150.08999633789062,151.6699981689453,133.9339141845703,12226200
2020-04-21,150.1199951171875,151.63999938964844,148.57000732421875,149.67999267578125,132.1766357421875,9951100
2020-04-22,152.80999755859375,155.0,151.72999572753906,152.99000549316406,135.09954833984375,11515600
2020-04-23,154.25,157.0,153.6999969482422,155.50999450683594,137.32484436035156,10665000
2020-04-24,155.57000732421875,156.3000030517578,153.63999938964844,154.86000061035156,136.7509002685547,8653400
2020-04-27,154.80999755859375,156.0500030517578,154.0,154.2899932861328,136.24757385253906,8924000
2020-04-28,151.25,153.10000610351562,150.6999969482422,151.38999938964844,133.6866455078125,8558700
2020-04-29,151.3800048828125,151.6300048828125,149.16000366210938,150.24000549316406,132.671142578125,9285200
2020-04-30,148.4600067138672,150.42999267578125,147.16000366210938,150.0399932861328,132.4945068359375,14829600
2020-05-01,149.6199951171875,149.6699981689453,146.7899932861328,148.2899932861328,130.94915771484375,7309000
2020-05-04,148.77000427246094,149.0800018310547,147.08999633789062,148.27000427246094,130.9315185546875,7198400
2020-05-05,149.0,150.77999877929688,148.63999938964844,149.5,132.0177001953125,6562300
2020-05-06,150.0,150.32000732421875,148.0399932861328,148.0800018310547,130.76377868652344,6191600
2020-05-07,149.3699951171875,149.52999877929688,147.1300048828125,147.58999633789062,130.33103942871094,5570500
2020-05-08,148.9199981689453,149.17999267578125,147.88999938964844,148.6999969482422,131.31121826171875,4712100
2020-05-11,148.4499969482422,150.10000610351562,148.1199951171875,149.11000061035156,131.67327880859375,5887500
2020-05-12,150.10000610351562,150.33999633789062,147.02999877929688,147.13999938964844,129.9337158203125,7039200
2020-05-13,146.0800018310547,148.9499969482422,146.00999450683594,147.1300048828125,129.92478942871094,6970500
2020-05-14,145.38999938964844,147.75999450683594,144.25999450683594,147.63999938964844,130.3751678466797,6871400
2020-05-15,147.8699951171875,150.47999572753906,145.66000366210938,150.44000244140625,132.84779357910156,10340400
2020-05-18,152.49000549316406,153.6199951171875,150.4600067138672,150.52000427246094,132.9184112548828,7388400
2020-05-19,150.10000610351562,151.10000610351562,148.39999389648438,149.02000427246094,131.5938262939453,6107300
2020-05-20,149.75,150.38999938964844,147.27000427246094,147.67999267578125,130.41050720214844,5713400
2020-05-21,148.5,148.5,145.82000732421875,146.7100067138672,129.55392456054688,6487300
2020-05-22,144.57000732421875,146.2899932861328,144.05999755859375,144.3699951171875,128.37135314941406,6140900
2020-05-26,146.19000244140625,146.44000244140625,144.3000030517578,144.55999755859375,128.54026794433594,7072300
2020-05-27,144.32000732421875,145.25,143.00999450683594,144.88999938964844,128.83372497558594,7950000
2020-05-28,146.02000427246094,148.11000061035156,145.80999755859375,146.97000122070312,130.6832275390625,6189600
2020-05-29,147.9600067138672,149.35000610351562,145.3300018310547,148.75,132.26596069335938,8504000
2020-06-01,147.2899932861328,148.33999633789062,146.00999450683594,147.19000244140625,130.8788604736328,6141800
2020-06-02,147.05999755859375,148.35000610351562,146.1199951171875,148.25,131.8213653564453,6078300
2020-06-03,148.52000427246094,149.13999938964844,146.4499969482422,148.64999389648438,132.17701721191406,6339500
2020-06-04,146.8000030517578,148.3699951171875,145.5800018310547,146.72999572753906,130.46978759765625,8170500
2020-06-05,147.69000244140625,149.63999938964844,146.60000610351562,147.3000030517578,130.97665405273438,9725400
2020-06-08,145.8800048828125,147.61000061035156,145.74000549316406,146.77000427246094,130.50537109375,7555600
2020-06-09,148.25,149.3300018310547,145.64999389648438,145.9600067138672,129.7851104736328,8247200
2020-06-10,146.60000610351562,150.02999877929688,146.60000610351562,147.8000030517578,131.42123413085938,10137100
2020-06-11,148.5800018310547,149.1699981689453,140.75,140.8699951171875,125.25923919677734,11913300
2020-06-12,142.83999633789062,143.7100067138672,140.27999877929688,142.14999389648438,126.39733123779297,8687400
2020-06-15,141.0,142.39999389648438,139.38999938964844,141.25,125.59709930419922,8649600
2020-06-16,144.08999633789062,145.4199981689453,142.77000427246094,144.4600067138672,128.45138549804688,7579100
2020-06-17,144.89999389648438,145.4199981689453,143.47000122070312,144.02000427246094,128.06008911132812,5100100
2020-06-18,142.52000427246094,144.1199951171875,141.8699951171875,143.41000366210938,127.5177001953125,4797400
2020-06-19,145.7899932861328,145.8800048828125,143.25,143.8300018310547,127.89117431640625,12206900
2020-06-22,143.47000122070312,143.66000366210938,142.02999877929688,143.38999938964844,127.49994659423828,5285600
2020-06-23,143.74000549316406,144.0800018310547,142.67999267578125,142.86000061035156,127.0286636352539,5921600
2020-06-24,141.49000549316406,142.19000244140625,138.72000122070312,139.82000732421875,124.32557678222656,8211200
2020-06-25,140.57000732421875,140.57000732421875,137.5399932861328,139.6699981689453,124.19216918945312,7421200
2020-06-26,139.52999877929688,139.60000610351562,137.02000427246094,137.80999755859375,122.53828430175781,12849700
2020-06-29,138.74000549316406,139.6999969482422,137.97999572753906,139.0399932861328,123.63197326660156,5309800
2020-06-30,139.39999389648438,141.02000427246094,137.83999633789062,140.6300048828125,125.04581451416016,7738300
2020-07-01,140.69000244140625,141.38999938964844,140.05999755859375,140.3800048828125,124.82351684570312,6174800
2020-07-02,141.25,141.83999633789062,140.3300018310547,140.97000122070312,125.34809875488281,5152200
2020-07-06,142.1699981689453,143.77000427246094,141.8800048828125,142.97999572753906,127.13534545898438,6156400
2020-07-07,141.38999938964844,143.97000122070312,141.22999572753906,142.85000610351562,127.019775390625,5622600
2020-07-08,142.8699951171875,143.38999938964844,141.6999969482422,143.27000427246094,127.39322662353516,6257400
2020-07-09,142.75999450683594,144.42999267578125,140.5800018310547,142.49000549316406,126.69966125488281,5738600
2020-07-10,142.75,142.8699951171875,141.42999267578125,142.3699951171875,126.59297943115234,4282400
2020-07-13,143.61000061035156,146.63999938964844,143.27999877929688,145.2100067138672,129.1182403564453,6951900
2020-07-14,145.32000732421875,148.38999938964844,145.25999450683594,147.9199981689453,131.5279083251953,7447100
2020-07-15,149.72999572753906,150.2100067138672,148.22999572753906,148.25999450683594,131.8302459716797,8512800
2020-07-16,148.67999267578125,149.33999633789062,146.67999267578125,149.25,132.7105255126953,9304700
2020-07-17,150.0,150.5800018310547,148.69000244140625,149.35000610351562,132.79945373535156,7441100
2020-07-20,150.22999572753906,150.32000732421875,148.42999267578125,149.60000610351562,133.02178955078125,6191500
2020-07-21,149.60000610351562,151.6699981689453,149.5,149.74000549316406,133.146240234375,5575900
2020-07-22,149.92999267578125,150.41000366210938,147.85000610351562,150.00999450683594,133.38633728027344,5910200
2020-07-23,150.2100067138672,150.85000610351562,149.27999877929688,149.61000061035156,133.03062438964844,6566300
2020-07-24,150.5,150.60000610351562,147.02999877929688,148.1199951171875,131.70578002929688,5405900
2020-07-27,147.3699951171875,148.9199981689453,146.86000061035156,147.17999267578125,130.8699493408203,5675200
2020-07-28,147.39999389648438,147.99000549316406,146.75,146.8300018310547,130.55870056152344,4842200
2020-07-29,146.38999938964844,147.47000122070312,146.07000732421875,146.5399932861328,130.3008575439453,4489100
2020-07-30,147.44000244140625,147.5,146.13999938964844,146.83999633789062,130.56759643554688,5922500
2020-07-31,146.66000366210938,147.4499969482422,143.9600067138672,145.75999450683594,129.6072998046875,8259600
2020-08-03,146.38999938964844,147.7899932861328,146.14999389648438,147.35000610351562,131.0211181640625,4078700
2020-08-04,146.99000549316406,147.22000122070312,145.82000732421875,147.22000122070312,130.9054718017578,4162200
2020-08-05,149.10000610351562,149.30999755859375,147.8000030517578,148.39999389648438,131.9547119140625,5467500
2020-08-06,148.39999389648438,149.25,146.5,147.5500030517578,131.1989288330078,4837900
2020-08-07,147.50999450683594,148.64999389648438,147.14999389648438,148.60000610351562,132.1326141357422,3635100
2020-08-10,148.86000061035156,149.00999450683594,147.72000122070312,148.02999877929688,131.62574768066406,4096600
2020-08-11,149.13999938964844,149.22999572753906,146.3699951171875,146.97000122070312,130.6832275390625,6388400
2020-08-12,147.5399932861328,150.24000549316406,147.49000549316406,149.66000366210938,133.07510375976562,5257300
2020-08-13,148.5399932861328,149.19000244140625,147.52999877929688,148.0,131.5990447998047,5155500
2020-08-14,147.61000061035156,149.33999633789062,147.5800018310547,148.24000549316406,131.8124542236328,4240200
2020-08-17,148.32000732421875,150.22999572753906,148.22999572753906,148.99000549316406,132.4793701171875,4306900
2020-08-18,149.25999450683594,150.10000610351562,148.57000732421875,150.08999633789062,133.45745849609375,4322600
2020-08-19,149.5800018310547,151.5800018310547,149.32000732421875,150.38999938964844,133.72422790527344,7816300
2020-08-20,149.75,151.5800018310547,149.5500030517578,151.4199981689453,134.6400909423828,4874700
2020-08-21,151.77999877929688,153.64999389648438,150.58999633789062,152.75999450683594,135.83155822753906,6722800
2020-08-24,152.74000549316406,152.89999389648438,150.35000610351562,152.14999389648438,136.1896209716797,5387900
2020-08-25,152.77999877929688,153.07000732421875,151.5399932861328,152.05999755859375,136.10903930664062,3863500
2020-08-26,151.86000061035156,152.64999389648438,150.63999938964844,152.3000030517578,136.32388305664062,8008300
2020-08-27,152.4199981689453,153.25999450683594,151.88999938964844,152.97999572753906,136.93252563476562,5575400
2020-08-28,152.74000549316406,153.6999969482422,151.89999389648438,153.63999938964844,137.52333068847656,5395700
2020-08-31,153.0,154.39999389648438,152.25999450683594,153.41000366210938,137.3174285888672,6362700
2020-09-01,153.8699951171875,154.0800018310547,150.07000732421875,151.52000427246094,135.62570190429688,6307700
2020-09-02,150.7899932861328,154.3300018310547,149.25,153.8300018310547,137.69338989257812,6881900
2020-09-03,154.8300018310547,155.47000122070312,148.3000030517578,149.5500030517578,133.8623504638672,8672800
2020-09-04,150.1699981689453,150.9499969482422,147.1300048828125,148.58999633789062,133.0030517578125,7200100
2020-09-08,150.25,150.88999938964844,146.89999389648438,147.25999450683594,131.81256103515625,8756800
2020-09-09,148.14999389648438,151.10000610351562,148.1199951171875,149.6999969482422,133.9966278076172,6960700
2020-09-10,149.25,149.77999877929688,146.52000427246094,146.91000366210938,131.4993133544922,6191800
2020-09-11,147.0500030517578,148.52999877929688,146.6300048828125,147.77999877929688,132.27801513671875,3934700
2020-09-14,148.1199951171875,149.47000122070312,148.00999450683594,148.35000610351562,132.78822326660156,4375800
2020-09-15,149.4499969482422,150.58999633789062,148.52000427246094,148.88999938964844,133.2716064453125,3658800
2020-09-16,149.38999938964844,150.05999755859375,148.35000610351562,148.39999389648438,132.83297729492188,4323000
2020-09-17,148.0399932861328,148.6300048828125,146.0500030517578,147.1699981689453,131.73202514648438,5461400
2020-09-18,146.50999450683594,149.64999389648438,146.1999969482422,149.17999267578125,133.53115844726562,12174000
2020-09-21,147.5800018310547,147.92999267578125,142.9600067138672,145.10000610351562,129.87913513183594,7574500
2020-09-22,144.69000244140625,145.35000610351562,143.72000122070312,144.2100067138672,129.08255004882812,5295900
2020-09-23,147.47999572753906,147.5500030517578,144.3800048828125,144.44000244140625,129.2884063720703,8784400
2020-09-24,144.55999755859375,145.25,143.33999633789062,144.6699981689453,129.49424743652344,5614800
2020-09-25,144.0,146.25,143.88999938964844,145.66000366210938,130.38040161132812,5531200
2020-09-28,146.72999572753906,148.2899932861328,146.4199981689453,147.11000061035156,131.67831420898438,5843200
2020-09-29,147.60000610351562,147.9199981689453,146.05999755859375,147.05999755859375,131.63352966308594,6768600
2020-09-30,147.4499969482422,149.72999572753906,146.83999633789062,148.8800048828125,133.26266479492188,8487700
2020-10-01,149.30999755859375,149.64999389648438,146.4600067138672,147.32000732421875,131.8662872314453,6457800
2020-10-02,146.2100067138672,148.41000366210938,145.8300018310547,146.24000549316406,130.89959716796875,5485600
2020-10-05,147.0,148.3800048828125,146.4199981689453,148.22999572753906,132.68080139160156,4992800
2020-10-06,148.27999877929688,148.61000061035156,145.8699951171875,146.25999450683594,130.91746520996094,5118200
2020-10-07,146.49000549316406,148.22999572753906,145.80999755859375,147.8800048828125,132.36752319335938,5603100
2020-10-08,148.5,149.85000610351562,148.0399932861328,148.88999938964844,133.2716064453125,4413500
2020-10-09,149.64999389648438,151.47999572753906,149.4499969482422,150.97000122070312,135.13339233398438,5054100
2020-10-12,151.60000610351562,153.13999938964844,151.02000427246094,151.83999633789062,135.91213989257812,7273200
2020-10-13,149.0,150.1199951171875,147.77000427246094,148.36000061035156,132.79721069335938,11057600
2020-10-14,148.82000732421875,149.02999877929688,147.38999938964844,148.10000610351562,132.56448364257812,7706400
2020-10-15,147.47999572753906,147.89999389648438,146.3300018310547,147.19000244140625,131.7499237060547,5978600
2020-10-16,147.60000610351562,148.75999450683594,147.00999450683594,148.10000610351562,132.56448364257812,6097000
2020-10-19,148.52999877929688,148.89999389648438,144.1300048828125,144.32000732421875,129.18096923828125,7250800
2020-10-20,144.66000366210938,145.75,144.1199951171875,144.5500030517578,129.38687133789062,5325400
2020-10-21,144.1199951171875,145.33999633789062,143.91000366210938,143.92999267578125,128.83192443847656,5221300
2020-10-22,144.16000366210938,145.69000244140625,143.83999633789062,145.0800018310547,129.86123657226562,5279700
2020-10-23,145.8800048828125,147.47000122070312,144.35000610351562,145.24000549316406,130.00450134277344,4154400
2020-10-26,144.42999267578125,144.77000427246094,142.75,143.97000122070312,128.86770629882812,6929500
2020-10-27,143.74000549316406,144.2899932861328,142.9199981689453,143.14999389648438,128.1337127685547,4890100
2020-10-28,141.42999267578125,141.97999572753906,138.17999267578125,138.36000061035156,123.84618377685547,8426100
2020-10-29,138.0,138.6999969482422,136.0500030517578,137.19000244140625,122.79890441894531,7205400
2020-10-30,136.67999267578125,137.5399932861328,133.64999389648438,137.11000061035156,122.72728729248047,7364100
2020-11-02,138.97999572753906,139.00999450683594,137.49000549316406,138.69000244140625,124.14154815673828,7088000
2020-11-03,140.02000427246094,140.9600067138672,137.77999877929688,138.5,123.97147369384766,6363000
2020-11-04,139.49000549316406,142.5399932861328,138.6999969482422,139.39999389648438,124.77708435058594,10263500
2020-11-05,140.5500030517578,141.8300018310547,139.25999450683594,139.75999450683594,125.09930419921875,8016200
2020-11-06,140.39999389648438,143.19000244140625,139.64999389648438,142.25,127.32811737060547,5942500
2020-11-09,148.42999267578125,148.99000549316406,144.9199981689453,146.0800018310547,130.75634765625,12351600
2020-11-10,147.25,148.75,146.25999450683594,148.27999877929688,132.7255859375,7386500
2020-11-11,149.1699981689453,149.1999969482422,146.86000061035156,147.8000030517578,132.2959442138672,6382400
2020-11-12,147.61000061035156,148.64999389648438,146.75,148.3000030517578,132.7434844970703,4710300
2020-11-13,149.08999633789062,150.41000366210938,148.41000366210938,149.89999389648438,134.17564392089844,5893500
2020-11-16,150.9199981689453,151.3000030517578,149.8000030517578,150.85000610351562,135.02598571777344,6266400
2020-11-17,150.0,150.6300048828125,149.1199951171875,149.35000610351562,133.68333435058594,7297700
2020-11-18,148.8699951171875,149.75999450683594,147.3699951171875,147.3699951171875,131.9110107421875,6661000
2020-11-19,147.3000030517578,147.4600067138672,145.58999633789062,147.13999938964844,131.70516967773438,7987700
2020-11-20,147.0500030517578,147.94000244140625,146.1300048828125,146.36000061035156,131.0070037841797,6354900
2020-11-23,146.00999450683594,146.00999450683594,143.0399932861328,143.8699951171875,129.67300415039062,7318300
2020-11-24,144.0,144.75999450683594,143.61000061035156,143.8699951171875,129.67300415039062,11034800
2020-11-25,144.05999755859375,144.1699981689453,142.86000061035156,143.67999267578125,129.50177001953125,7594600
2020-11-27,144.5,144.66000366210938,143.22000122070312,144.0,129.79022216796875,3059000
2020-11-30,144.22999572753906,144.86000061035156,143.05999755859375,144.67999267578125,130.403076171875,15663200
2020-12-01,146.2899932861328,149.1300048828125,145.86000061035156,147.4499969482422,132.89974975585938,9738200
2020-12-02,147.85000610351562,149.7100067138672,147.6999969482422,148.13999938964844,133.52166748046875,7745500
2020-12-03,148.0399932861328,149.5800018310547,147.69000244140625,149.0,134.29681396484375,7310500
2020-12-04,149.7899932861328,150.30999755859375,149.27000427246094,150.27000427246094,135.4414825439453,6747100
2020-12-07,149.35000610351562,149.91000366210938,148.50999450683594,148.97000122070312,134.269775390625,6634700
2020-12-08,150.0,152.13999938964844,149.5500030517578,151.5500030517578,136.5951690673828,8339800
2020-12-09,152.8300018310547,153.5,151.75999450683594,153.10000610351562,137.9922332763672,8440100
2020-12-10,152.82000732421875,152.97999572753906,151.67999267578125,152.25,137.22608947753906,7392900
2020-12-11,151.52999877929688,153.41000366210938,151.22999572753906,152.9499969482422,137.85699462890625,5977400
2020-12-14,153.25,153.47999572753906,148.99000549316406,149.07000732421875,134.35989379882812,8547300
2020-12-15,150.0,150.75,149.52999877929688,150.57000732421875,135.71188354492188,7612600
2020-12-16,150.1999969482422,150.9199981689453,149.5500030517578,149.6699981689453,134.90069580078125,8486100
2020-12-17,150.08999633789062,153.88999938964844,149.9600067138672,153.6199951171875,138.46090698242188,9920300
2020-12-18,153.64999389648438,155.10000610351562,151.6699981689453,154.50999450683594,139.26307678222656,17137200
2020-12-21,152.00999450683594,153.41000366210938,150.0500030517578,153.02000427246094,137.92015075683594,7893400
2020-12-22,152.39999389648438,153.89999389648438,151.86000061035156,152.72000122070312,137.6497344970703,4699500
2020-12-23,152.8000030517578,153.60000610351562,151.89999389648438,151.94000244140625,136.9467010498047,4607300
2020-12-24,151.85000610351562,153.0399932861328,151.82000732421875,152.47000122070312,137.4243927001953,2114900
2020-12-28,153.32000732421875,153.8699951171875,152.3000030517578,153.19000244140625,138.07334899902344,3855500
2020-12-29,154.11000061035156,154.92999267578125,153.8000030517578,154.13999938964844,138.92958068847656,5212000
2020-12-30,154.74000549316406,156.3800048828125,154.60000610351562,156.0500030517578,140.6510772705078,5412800
2020-12-31,156.52999877929688,157.66000366210938,155.11000061035156,157.3800048828125,141.84988403320312,5099900
2021-01-04,157.24000549316406,157.3800048828125,154.1300048828125,156.5,141.0567169189453,11765900
2021-01-05,156.25,158.75999450683594,155.07000732421875,158.33999633789062,142.71511840820312,9602300
2021-01-06,157.24000549316406,160.22999572753906,156.72000122070312,159.8300018310547,144.05810546875,8230100
2021-01-07,159.0,161.02999877929688,158.35000610351562,160.3699951171875,144.5447998046875,7747200
2021-01-08,160.50999450683594,161.10000610351562,159.8800048828125,160.0399932861328,144.24740600585938,8228900
2021-01-11,160.55999755859375,161.32000732421875,158.77000427246094,159.3699951171875,143.6434783935547,7066200
2021-01-12,159.14999389648438,159.66000366210938,157.3300018310547,158.1300048828125,142.5258331298828,6903200
2021-01-13,158.22999572753906,158.4600067138672,156.75,157.88999938964844,142.30953979492188,6643100
2021-01-14,160.4499969482422,161.9499969482422,159.61000061035156,160.64999389648438,144.79718017578125,10030800
2021-01-15,160.3000030517578,161.41000366210938,159.11000061035156,160.3000030517578,144.4817352294922,7630800
2021-01-19,162.0,163.0399932861328,161.10000610351562,162.77999877929688,146.71702575683594,9057600
2021-01-20,163.1999969482422,164.13999938964844,161.8000030517578,162.3800048828125,146.35646057128906,6839900
2021-01-21,161.32000732421875,162.47999572753906,160.05999755859375,161.72999572753906,145.77059936523438,6818000
2021-01-22,162.36000061035156,165.16000366210938,161.8699951171875,163.5500030517578,147.41102600097656,8137000
2021-01-25,165.00999450683594,166.08999633789062,163.66000366210938,165.97999572753906,149.60125732421875,9924400
2021-01-26,169.6999969482422,173.64999389648438,169.38999938964844,170.47999572753906,153.65716552734375,14205700
2021-01-27,169.1199951171875,170.9199981689453,167.4499969482422,167.8800048828125,151.31375122070312,14207300
2021-01-28,168.1999969482422,170.86000061035156,167.8000030517578,169.16000366210938,152.46742248535156,8944400
2021-01-29,164.25999450683594,166.0,160.5500030517578,163.1300048828125,147.032470703125,22505900
2021-02-01,165.30999755859375,165.30999755859375,162.60000610351562,162.7100067138672,146.65391540527344,9971400
2021-02-02,163.3800048828125,163.66000366210938,161.17999267578125,161.25,145.33799743652344,11443300
2021-02-03,160.94000244140625,161.52000427246094,159.57000732421875,160.5,144.6619873046875,8601900
2021-02-04,161.0,162.08999633789062,159.75999450683594,161.99000549316406,146.00497436523438,7758100
2021-02-05,164.86000061035156,165.44000244140625,163.86000061035156,164.4499969482422,148.22219848632812,9495300
2021-02-08,165.02999877929688,165.9199981689453,163.8800048828125,164.9199981689453,148.6458282470703,6035300
2021-02-09,165.1999969482422,166.58999633789062,164.97000122070312,166.27000427246094,149.86260986328125,5544200
2021-02-10,167.88999938964844,167.94000244140625,165.6999969482422,166.80999755859375,150.34933471679688,5921300
2021-02-11,167.0,167.3800048828125,165.60000610351562,166.05999755859375,149.67332458496094,4871300
2021-02-12,164.39999389648438,166.85000610351562,164.0,166.5800018310547,150.1420135498047,4413100
2021-02-16,166.5800018310547,167.0500030517578,164.63999938964844,165.07000732421875,148.78103637695312,5656100
2021-02-17,164.97000122070312,166.08999633789062,164.36000061035156,165.66000366210938,149.31280517578125,6676700
2021-02-18,164.9600067138672,166.16000366210938,164.3000030517578,165.74000549316406,149.38490295410156,5189100
2021-02-19,165.60000610351562,165.9600067138672,162.91000366210938,162.97999572753906,146.8972930908203,8190900
2021-02-22,161.8699951171875,162.5399932861328,160.2899932861328,161.8699951171875,146.80657958984375,6447100
2021-02-23,161.47999572753906,163.19000244140625,160.39999389648438,160.44000244140625,145.5096435546875,7042800
2021-02-24,162.39999389648438,164.38999938964844,160.9199981689453,162.58999633789062,147.45957946777344,10286100
2021-02-25,163.1300048828125,163.6999969482422,161.99000549316406,162.75999450683594,147.61373901367188,9719700
2021-02-26,162.0,162.41000366210938,157.97000122070312,158.4600067138672,143.7139129638672,14417500
2021-03-01,161.4499969482422,161.52999877929688,159.08999633789062,159.32000732421875,144.49388122558594,10551400
2021-03-02,159.77999877929688,160.77999877929688,158.60000610351562,159.02000427246094,144.22178649902344,7610900
2021-03-03,158.25,158.89999389648438,156.05999755859375,156.22000122070312,141.68234252929688,8499600
2021-03-04,155.99000549316406,156.10000610351562,151.47000122070312,153.07000732421875,138.8254852294922,11033200
2021-03-05,153.97999572753906,156.69000244140625,153.1300048828125,156.10000610351562,141.57351684570312,8331600
2021-03-08,157.0,159.3300018310547,155.97999572753906,157.39999389648438,142.75254821777344,6546700
2021-03-09,156.88999938964844,160.75,156.88999938964844,157.6999969482422,143.02464294433594,7461300
2021-03-10,158.82000732421875,159.89999389648438,157.36000061035156,159.14999389648438,144.33970642089844,6635600
2021-03-11,159.5399932861328,160.6300048828125,158.9199981689453,159.13999938964844,144.3306427001953,6305600
2021-03-12,159.27999877929688,160.30999755859375,159.19000244140625,159.60000610351562,144.7478485107422,5474800
2021-03-15,159.75,160.66000366210938,158.5,160.4199981689453,145.4915313720703,5524100
2021-03-16,160.4600067138672,161.67999267578125,160.24000549316406,161.3699951171875,146.35311889648438,6369100
2021-03-17,160.8300018310547,161.72999572753906,159.52999877929688,160.77000427246094,145.8089141845703,6001400
2021-03-18,160.2100067138672,161.49000549316406,159.9600067138672,160.47000122070312,145.53684997558594,4801800
2021-03-19,160.69000244140625,161.5,159.47000122070312,160.0399932861328,145.1468963623047,14891500
2021-03-22,158.30999755859375,160.64999389648438,158.0,160.5,145.5640869140625,7544100
2021-03-23,160.2100067138672,161.1999969482422,158.8800048828125,160.35000610351562,145.4280242919922,7178300
2021-03-24,160.10000610351562,162.47999572753906,159.82000732421875,161.91000366210938,146.84288024902344,6370100
2021-03-25,162.44000244140625,162.4499969482422,160.63999938964844,161.97000122070312,146.8972930908203,6269800
2021-03-26,162.08999633789062,165.10000610351562,161.3800048828125,164.92999267578125,149.58180236816406,7619200
2021-03-29,163.8300018310547,167.02999877929688,163.6300048828125,166.0399932861328,150.5885009765625,8535100
2021-03-30,165.02000427246094,165.66000366210938,164.22999572753906,165.00999450683594,149.6543731689453,7236300
2021-03-31,164.9600067138672,165.38999938964844,163.6999969482422,164.35000610351562,149.0557861328125,8281500
2021-04-01,162.60000610351562,163.83999633789062,162.25999450683594,162.8300018310547,147.67721557617188,7229700
2021-04-05,163.63999938964844,164.75,162.66000366210938,163.42999267578125,148.2213897705078,7387100
2021-04-06,164.0800018310547,164.52000427246094,163.0,163.38999938964844,148.18511962890625,5074200
2021-04-07,163.5500030517578,164.27999877929688,163.32000732421875,163.61000061035156,148.38467407226562,4608000
2021-04-08,164.0,164.11000061035156,162.85000610351562,162.97000122070312,147.80421447753906,5039400
2021-04-09,162.1199951171875,162.92999267578125,159.77999877929688,161.25,146.24427795410156,8418300
2021-04-12,161.08999633789062,162.0800018310547,160.33999633789062,161.63999938964844,146.59796142578125,5022800
2021-04-13,156.86000061035156,159.92999267578125,156.52999877929688,159.47999572753906,144.63900756835938,18424100
2021-04-14,157.8300018310547,160.11000061035156,157.5399932861328,159.9199981689453,145.0380401611328,7718300
2021-04-15,160.72000122070312,162.38999938964844,160.22999572753906,160.38999938964844,145.46429443359375,7524600
2021-04-16,161.33999633789062,162.50999450683594,160.55999755859375,162.24000549316406,147.14215087890625,9049400
2021-04-19,162.5,163.11000061035156,160.83999633789062,162.69000244140625,147.55026245117188,8353500
2021-04-20,161.0,167.7899932861328,161.0,166.47999572753906,150.98756408691406,14050700
2021-04-21,166.3699951171875,166.91000366210938,165.2899932861328,166.58999633789062,151.0873260498047,6333200
2021-04-22,165.83999633789062,166.27999877929688,164.6199951171875,165.17999267578125,149.8085174560547,7233000
2021-04-23,164.52999877929688,166.05999755859375,164.0,165.52000427246094,150.11692810058594,6015300
2021-04-26,165.2100067138672,165.41000366210938,163.75999450683594,164.1199951171875,148.84718322753906,6027800
2021-04-27,163.75999450683594,163.91000366210938,162.47000122070312,163.17999267578125,147.9946746826172,6217700
2021-04-28,162.86000061035156,163.1999969482422,161.64999389648438,161.97999572753906,146.90634155273438,7448000
2021-04-29,161.89999389648438,164.25999450683594,161.80999755859375,164.1999969482422,148.91976928710938,6394300
2021-04-30,164.14999389648438,164.3300018310547,162.52000427246094,162.72999572753906,147.58653259277344,9079100
2021-05-03,163.60000610351562,165.32000732421875,163.1199951171875,165.2100067138672,149.83575439453125,6594100
2021-05-04,164.8300018310547,167.85000610351562,164.6699981689453,167.77000427246094,152.1575164794922,10179500
2021-05-05,167.5,168.39999389648438,166.7899932861328,167.07000732421875,151.52268981933594,7792300
2021-05-06,166.7899932861328,167.88999938964844,166.24000549316406,167.74000549316406,152.1303253173828,5529900
2021-05-07,168.3000030517578,169.17999267578125,167.8300018310547,168.5,152.81961059570312,5316200
2021-05-10,169.89999389648438,171.52999877929688,169.22999572753906,170.27000427246094,154.42489624023438,8357500
2021-05-11,170.64999389648438,170.8699951171875,168.27999877929688,168.8800048828125,153.1642303466797,8217900
2021-05-12,168.5399932861328,169.8000030517578,167.9499969482422,168.1999969482422,152.54750061035156,6758300
2021-05-13,166.97000122070312,170.6999969482422,166.97000122070312,169.9600067138672,154.1437225341797,8018600
2021-05-14,171.47999572753906,171.61000061035156,170.1699981689453,170.22000122070312,154.3795166015625,5797700
2021-05-17,170.39999389648438,171.88999938964844,170.30999755859375,170.38999938964844,154.53372192382812,5722600
2021-05-18,169.97999572753906,171.3699951171875,169.52999877929688,170.4499969482422,154.58810424804688,5846000
2021-05-19,169.91000366210938,170.16000366210938,168.0399932861328,170.0800018310547,154.2525634765625,5533800
2021-05-20,169.94000244140625,171.58999633789062,169.69000244140625,171.07000732421875,155.15045166015625,4853200
2021-05-21,171.3300018310547,172.74000549316406,170.8699951171875,170.9600067138672,155.05067443847656,6501800
2021-05-24,170.89999389648438,171.35000610351562,169.77000427246094,170.5500030517578,155.6438751220703,5195100
2021-05-25,170.6699981689453,171.02999877929688,169.74000549316406,170.0800018310547,155.21493530273438,7444700
2021-05-26,170.0,170.0800018310547,168.27999877929688,169.07000732421875,154.293212890625,5726400
2021-05-27,169.25999450683594,170.1699981689453,168.3800048828125,168.80999755859375,154.05593872070312,8114700
2021-05-28,169.52000427246094,171.00999450683594,169.1699981689453,169.25,154.45748901367188,6400800
2021-06-01,170.14999389648438,170.1999969482422,165.3800048828125,165.52999877929688,151.06259155273438,10448400
2021-06-02,165.3000030517578,166.72999572753906,165.11000061035156,166.1999969482422,151.674072265625,6806000
2021-06-03,165.88999938964844,167.14999389648438,165.7100067138672,166.0399932861328,151.5280303955078,5808800
2021-06-04,167.00999450683594,167.57000732421875,165.8699951171875,165.97000122070312,151.46414184570312,6510300
2021-06-07,166.0,166.32000732421875,164.6300048828125,164.83999633789062,150.43292236328125,5362800
2021-06-08,165.27999877929688,165.66000366210938,162.07000732421875,163.38999938964844,149.10963439941406,7746800
2021-06-09,163.99000549316406,165.77999877929688,163.66000366210938,165.58999633789062,151.11737060546875,5552600
2021-06-10,166.0,167.5800018310547,165.9499969482422,167.0800018310547,152.47711181640625,6463100
2021-06-11,167.07000732421875,167.0800018310547,164.22000122070312,164.9600067138672,150.54241943359375,7389900
2021-06-14,164.5,165.4600067138672,163.89999389648438,165.3699951171875,150.91659545898438,4931300
2021-06-15,165.22999572753906,165.86000061035156,164.38999938964844,164.49000549316406,150.113525390625,5062900
2021-06-16,164.8000030517578,165.75,163.47999572753906,164.42999267578125,150.05873107910156,6988500
2021-06-17,164.19000244140625,165.6999969482422,163.5,165.22000122070312,150.77967834472656,5874700
2021-06-18,163.27000427246094,164.19000244140625,161.7899932861328,161.97999572753906,147.8228759765625,12993000
2021-06-21,162.77000427246094,164.25999450683594,162.25,163.83999633789062,149.52032470703125,6592300
2021-06-22,163.7100067138672,164.0399932861328,163.27999877929688,163.6199951171875,149.31951904296875,5627800
2021-06-23,163.69000244140625,163.69000244140625,162.47999572753906,162.6300048828125,148.41604614257812,4493400
2021-06-24,163.27000427246094,164.1999969482422,162.8000030517578,163.3699951171875,149.09141540527344,4549200
2021-06-25,162.94000244140625,164.77999877929688,162.88999938964844,164.2100067138672,149.85801696777344,10963800
2021-06-28,164.44000244140625,165.07000732421875,163.52000427246094,164.02000427246094,149.68455505371094,5604000
2021-06-29,164.0,164.63999938964844,163.41000366210938,164.02999877929688,149.69369506835938,3749500
2021-06-30,164.0,164.97000122070312,163.6699981689453,164.74000549316406,150.34169006347656,6151700
2021-07-01,164.74000549316406,166.00999450683594,164.6300048828125,165.9600067138672,151.45501708984375,6320200
2021-07-02,166.02000427246094,169.3000030517578,165.63999938964844,168.97999572753906,154.21107482910156,9059900
2021-07-06,167.91000366210938,168.86000061035156,166.99000549316406,167.97000122070312,153.28936767578125,6098500
2021-07-07,167.47999572753906,169.5,167.47999572753906,169.41000366210938,154.60350036621094,6293500
2021-07-08,168.6999969482422,169.4600067138672,167.5800018310547,169.0800018310547,154.30235290527344,5755500
2021-07-09,169.3699951171875,170.3699951171875,169.24000549316406,169.75,154.91378784179688,6120900
2021-07-12,169.72999572753906,171.17999267578125,168.5399932861328,169.47999572753906,154.66738891601562,7840500
2021-07-13,168.97000122070312,169.75999450683594,168.6699981689453,169.27000427246094,154.47572326660156,4691200
2021-07-14,170.0,170.8300018310547,169.0399932861328,170.4199981689453,155.52520751953125,6162900
2021-07-15,169.3000030517578,169.89999389648438,167.72000122070312,168.3699951171875,153.65435791015625,6656900
2021-07-16,168.33999633789062,169.08999633789062,167.9499969482422,168.10000610351562,153.40797424316406,5834900
2021-07-19,166.47999572753906,168.19000244140625,165.32000732421875,166.8800048828125,152.2946319580078,8219700
2021-07-20,166.89999389648438,170.80999755859375,166.83999633789062,168.4499969482422,153.72740173339844,9902800
2021-07-21,169.3000030517578,169.69000244140625,167.47999572753906,169.49000549316406,154.67648315429688,7585200
2021-07-22,169.36000061035156,171.07000732421875,168.64999389648438,169.97999572753906,155.12368774414062,5281900
2021-07-23,171.0,172.17999267578125,170.3800048828125,171.7899932861328,156.77548217773438,5014900
2021-07-26,171.82000732421875,172.13999938964844,170.86000061035156,171.8699951171875,156.84849548339844,4484900
2021-07-27,171.8000030517578,172.72000122070312,170.6699981689453,172.66000366210938,157.56944274902344,7089300
2021-07-28,172.72999572753906,173.3800048828125,172.0800018310547,172.17999267578125,157.13137817382812,5750700
2021-07-29,172.74000549316406,173.33999633789062,171.08999633789062,172.17999267578125,157.13137817382812,4214100
2021-07-30,172.5399932861328,172.97999572753906,171.83999633789062,172.1999969482422,157.14964294433594,5346400
2021-08-02,172.47000122070312,172.83999633789062,171.3000030517578,172.27000427246094,157.21353149414062,3721500
2021-08-03,172.72999572753906,174.5,172.44000244140625,174.38999938964844,159.1482391357422,6033000
2021-08-04,174.1999969482422,174.58999633789062,173.25999450683594,173.36000061035156,158.20828247070312,4793100
2021-08-05,173.85000610351562,173.85000610351562,172.4199981689453,173.69000244140625,158.50942993164062,4291000
2021-08-06,173.94000244140625,173.94000244140625,172.4499969482422,173.11000061035156,157.98011779785156,4581100
2021-08-09,173.72000122070312,174.25,172.92999267578125,173.7100067138672,158.52767944335938,3950200
2021-08-10,173.25999450683594,174.11000061035156,172.77999877929688,173.77000427246094,158.5824432373047,3678300
2021-08-11,174.25,174.47000122070312,173.55999755859375,173.8000030517578,158.6098175048828,4221300
2021-08-12,173.82000732421875,175.2899932861328,173.58999633789062,175.1999969482422,159.887451171875,4300400
2021-08-13,175.2899932861328,176.2899932861328,175.1199951171875,176.25,160.8456573486328,5882100
2021-08-16,176.5500030517578,177.88999938964844,175.9499969482422,177.83999633789062,162.29669189453125,4782800
2021-08-17,177.30999755859375,179.50999450683594,177.30999755859375,179.47000122070312,163.7842559814453,6041900
2021-08-18,179.5,179.5,177.1300048828125,177.19000244140625,161.70352172851562,7134100
2021-08-19,176.6199951171875,179.3300018310547,176.07000732421875,178.57000732421875,162.9629364013672,5615000
2021-08-20,178.88999938964844,179.9199981689453,178.07000732421875,179.44000244140625,163.7568817138672,5428700
2021-08-23,178.38999938964844,178.92999267578125,177.5399932861328,177.61000061035156,163.0500030517578,6461700
2021-08-24,176.99000549316406,177.2100067138672,175.27999877929688,175.38999938964844,161.01199340820312,5734800
2021-08-25,175.69000244140625,175.89999389648438,173.88999938964844,174.22999572753906,159.9470672607422,5700300
2021-08-26,173.9499969482422,174.72000122070312,173.0500030517578,173.3000030517578,159.09329223632812,5031600
2021-08-27,174.27999877929688,174.27999877929688,172.75,172.92999267578125,158.7536163330078,7046100
2021-08-30,172.7899932861328,174.27999877929688,172.77999877929688,173.66000366210938,159.42379760742188,3252700
2021-08-31,173.49000549316406,174.49000549316406,172.47999572753906,173.1300048828125,158.93724060058594,7106800
2021-09-01,172.89999389648438,173.74000549316406,172.05999755859375,173.74000549316406,159.49725341796875,5327400
2021-09-02,174.33999633789062,175.19000244140625,173.91000366210938,174.92999267578125,160.58969116210938,4544300
2021-09-03,175.10000610351562,175.22000122070312,173.80999755859375,175.0399932861328,160.690673828125,4096900
2021-09-07,174.35000610351562,175.02999877929688,171.6699981689453,172.32000732421875,158.19366455078125,6859900
2021-09-08,171.6199951171875,172.97999572753906,171.0800018310547,171.89999389648438,157.80804443359375,4661700
2021-09-09,171.19000244140625,171.47999572753906,167.6999969482422,168.07000732421875,154.2920684814453,7114600
2021-09-10,168.5500030517578,169.08999633789062,166.8699951171875,166.97000122070312,153.28224182128906,6699300
2021-09-13,167.9199981689453,168.1199951171875,165.1300048828125,165.8000030517578,152.20811462402344,6273500
2021-09-14,166.39999389648438,166.5399932861328,164.50999450683594,164.8000030517578,151.2901153564453,5259600
2021-09-15,165.0,165.9600067138672,164.30999755859375,165.4199981689453,151.85926818847656,7935300
2021-09-16,165.64999389648438,166.4600067138672,164.19000244140625,165.22000122070312,151.67567443847656,5665400
2021-09-17,164.3000030517578,164.91000366210938,163.55999755859375,164.75,151.24420166015625,13419800
2021-09-20,163.47999572753906,165.1699981689453,162.1699981689453,163.80999755859375,150.3812713623047,7270800
2021-09-21,164.61000061035156,165.97999572753906,164.24000549316406,164.52999877929688,151.042236328125,6663600
2021-09-22,165.35000610351562,165.9499969482422,163.6300048828125,163.92999267578125,150.491455078125,5657100
2021-09-23,164.39999389648438,165.77000427246094,164.14999389648438,164.86000061035156,151.34519958496094,4697900
2021-09-24,164.75,165.64999389648438,163.88999938964844,164.36000061035156,150.88616943359375,4399300
2021-09-27,164.0,164.36000061035156,162.85000610351562,163.1699981689453,149.7937469482422,5775500
2021-09-28,163.10000610351562,163.91000366210938,161.77000427246094,162.80999755859375,149.46327209472656,7610400
2021-09-29,163.0,164.66000366210938,162.77999877929688,164.02000427246094,150.57406616210938,5124100
2021-09-30,164.63999938964844,165.39999389648438,161.41000366210938,161.5,148.26065063476562,6972300
2021-10-01,161.52999877929688,161.89999389648438,158.6199951171875,160.47000122070312,147.31509399414062,8568300
2021-10-04,159.99000549316406,161.0,157.6699981689453,159.22000122070312,146.1675567626953,8620700
2021-10-05,159.86000061035156,161.11000061035156,159.14999389648438,159.5800018310547,146.498046875,5129000
2021-10-06,159.8699951171875,159.9499969482422,157.83999633789062,159.91000366210938,146.8009796142578,7312600
2021-10-07,160.02000427246094,162.61000061035156,160.02000427246094,161.33999633789062,148.11378479003906,5309200
2021-10-08,161.32000732421875,161.61000061035156,160.25,160.92999267578125,147.7373504638672,4343200
2021-10-11,160.86000061035156,161.85000610351562,159.94000244140625,160.25,147.11309814453125,4101600
2021-10-12,160.0,160.17999267578125,157.33999633789062,157.69000244140625,144.76296997070312,6686400
2021-10-13,157.82000732421875,160.0800018310547,157.75,159.1999969482422,146.149169921875,6901100
2021-10-14,159.7100067138672,161.13999938964844,159.60000610351562,160.11000061035156,146.9845733642578,4579200
2021-10-15,161.02999877929688,161.80999755859375,160.41000366210938,161.3000030517578,148.0770263671875,6918400
2021-10-18,160.25,160.88999938964844,159.1999969482422,160.1199951171875,146.99374389648438,7465500
2021-10-19,160.89999389648438,165.14999389648438,160.72999572753906,163.8699951171875,150.4363555908203,10081300
2021-10-20,163.97999572753906,164.75,163.25999450683594,163.77999877929688,150.35374450683594,6003200
2021-10-21,164.3000030517578,164.38999938964844,162.27999877929688,163.39999389648438,150.0048828125,4524100
2021-10-22,163.05999755859375,164.05999755859375,162.9600067138672,163.72000122070312,150.29867553710938,4304300
2021-10-25,163.72000122070312,164.30999755859375,161.7100067138672,164.0800018310547,150.629150390625,6715400
2021-10-26,164.55999755859375,166.02999877929688,164.0500030517578,165.75,152.16220092773438,6939100
2021-10-27,165.67999267578125,165.75999450683594,163.30999755859375,163.74000549316406,150.3170166015625,7018800
2021-10-28,163.77000427246094,165.1999969482422,162.32000732421875,162.85000610351562,149.5,6278800
2021-10-29,162.35000610351562,163.25,160.61000061035156,162.8800048828125,149.52752685546875,8526800
2021-11-01,163.16000366210938,163.97999572753906,159.39999389648438,163.02000427246094,149.65606689453125,5846400
2021-11-02,163.6999969482422,166.97999572753906,162.97999572753906,165.58999633789062,152.01535034179688,8450600
2021-11-03,165.0399932861328,165.77000427246094,163.42999267578125,165.05999755859375,151.5287628173828,6717800
2021-11-04,164.94000244140625,164.99000549316406,162.6699981689453,164.60000610351562,151.1065216064453,8224400
2021-11-05,162.47999572753906,164.60000610351562,162.1999969482422,163.42999267578125,150.0324249267578,6215900
2021-11-08,163.67999267578125,164.1699981689453,162.00999450683594,162.8699951171875,149.51832580566406,5578800
2021-11-09,162.61000061035156,163.58999633789062,162.02000427246094,162.50999450683594,149.18785095214844,6112800
2021-11-10,162.52999877929688,164.83999633789062,162.35000610351562,164.27000427246094,150.80355834960938,6225100
2021-11-11,163.49000549316406,163.80999755859375,162.49000549316406,163.05999755859375,149.69277954101562,4118800
2021-11-12,167.42999267578125,167.6199951171875,164.61000061035156,165.00999450683594,151.48289489746094,18995200
2021-11-15,165.0,165.4600067138672,163.22000122070312,163.52000427246094,150.1150665283203,7496200
2021-11-16,163.17999267578125,164.35000610351562,162.6199951171875,162.6699981689453,149.33473205566406,7594700
2021-11-17,162.8699951171875,163.86000061035156,161.7899932861328,163.27999877929688,149.8947296142578,5414500
2021-11-18,163.4499969482422,164.47000122070312,162.1300048828125,162.39999389648438,149.0868682861328,6358700
2021-11-19,163.0399932861328,163.19000244140625,161.77999877929688,162.88999938964844,149.5366973876953,7620700
2021-11-22,161.02999877929688,162.63999938964844,159.64999389648438,159.6999969482422,147.56849670410156,7634500
2021-11-23,159.52000427246094,161.0,158.77999877929688,160.69000244140625,148.48330688476562,7734000
2021-11-24,160.13999938964844,160.6199951171875,159.3800048828125,160.24000549316406,148.06747436523438,5230900
2021-11-26,160.60000610351562,161.16000366210938,158.66000366210938,159.1999969482422,147.10646057128906,8523100
2021-11-29,159.5,160.4199981689453,158.4199981689453,159.75,147.6147003173828,9188500
2021-11-30,158.50999450683594,159.0,155.85000610351562,155.92999267578125,144.08486938476562,14981700
2021-12-01,156.8800048828125,160.0800018310547,156.25,158.0800018310547,146.07154846191406,9835800
2021-12-02,157.25999450683594,159.2899932861328,156.75,157.08999633789062,145.15675354003906,11334700
2021-12-03,157.91000366210938,159.6699981689453,157.58999633789062,159.3800048828125,147.2727813720703,8750500
2021-12-06,160.19000244140625,163.52000427246094,159.8300018310547,162.94000244140625,150.56236267089844,9692000
2021-12-07,164.0,164.27000427246094,162.41000366210938,163.36000061035156,150.9504852294922,8311300
2021-12-08,163.47000122070312,164.57000732421875,162.63999938964844,164.33999633789062,151.8560028076172,6216400
2021-12-09,164.17999267578125,165.97999572753906,163.49000549316406,165.89999389648438,153.29750061035156,8574200
2021-12-10,165.57000732421875,166.69000244140625,164.64999389648438,165.49000549316406,152.91867065429688,6572200
2021-12-13,164.75,169.1999969482422,163.8000030517578,168.4499969482422,155.65379333496094,11142300
2021-12-14,168.3300018310547,170.97000122070312,167.16000366210938,170.2899932861328,157.3540496826172,10482400
2021-12-15,169.85000610351562,171.3000030517578,169.4199981689453,171.13999938964844,158.13949584960938,8552200
2021-12-16,171.25999450683594,173.50999450683594,170.83999633789062,173.00999450683594,159.86740112304688,8998600
2021-12-17,169.63999938964844,170.77999877929688,167.66000366210938,168.22999572753906,155.4505157470703,16726200
2021-12-20,167.80999755859375,168.50999450683594,166.5500030517578,167.75,155.00698852539062,7954500
2021-12-21,168.05999755859375,168.10000610351562,165.97999572753906,167.2100067138672,154.5080108642578,7954200
2021-12-22,167.05999755859375,168.1699981689453,166.1199951171875,167.92999267578125,155.17327880859375,4178200
2021-12-23,167.8800048828125,168.9499969482422,167.36000061035156,168.25,155.46897888183594,3501500
2021-12-27,169.13999938964844,169.85000610351562,168.6999969482422,169.6699981689453,156.78115844726562,3704800
2021-12-28,169.7899932861328,170.63999938964844,169.58999633789062,170.35000610351562,157.4095001220703,3187000
2021-12-29,170.0,171.99000549316406,169.91000366210938,171.5500030517578,158.51832580566406,3662000
2021-12-30,172.1199951171875,172.8800048828125,171.75,172.30999755859375,159.22055053710938,4231800
2021-12-31,172.52999877929688,172.67999267578125,171.02999877929688,171.07000732421875,158.07479858398438,4409500
2022-01-03,170.2100067138672,171.60000610351562,169.10000610351562,171.5399932861328,158.50909423828125,6012200
2022-01-04,171.05999755859375,172.2899932861328,170.60000610351562,171.0800018310547,158.0840301513672,6748400
2022-01-05,172.0,173.47000122070312,171.6199951171875,172.22000122070312,159.13743591308594,7016100
2022-01-06,172.14999389648438,172.5,170.8000030517578,171.6300048828125,158.59226989746094,7301600
2022-01-07,171.4600067138672,174.3000030517578,171.1300048828125,173.9499969482422,160.7360076904297,6986000
2022-01-10,173.69000244140625,173.69000244140625,172.16000366210938,173.08999633789062,159.94134521484375,7698400
2022-01-11,172.99000549316406,173.38999938964844,170.11000061035156,171.25,158.24111938476562,8341100
2022-01-12,169.61000061035156,170.0800018310547,168.33999633789062,169.7899932861328,156.8920135498047,8116200
2022-01-13,169.0,170.4199981689453,168.4600067138672,168.75999450683594,155.94027709960938,6159400
2022-01-14,168.6300048828125,168.64999389648438,167.14999389648438,167.83999633789062,155.09011840820312,5847700
2022-01-18,167.10000610351562,167.72000122070312,166.00999450683594,167.10000610351562,154.4063720703125,7815600
2022-01-19,167.1999969482422,168.72000122070312,166.32000732421875,166.5800018310547,153.92584228515625,5926500
2022-01-20,167.2899932861328,167.86000061035156,164.92999267578125,165.25,152.69688415527344,6011300
2022-01-21,166.19000244140625,167.99000549316406,164.47000122070312,164.8699951171875,152.3457489013672,10550300
2022-01-24,164.0,164.1699981689453,158.25999450683594,162.97000122070312,150.59011840820312,14054600
2022-01-25,162.36000061035156,168.41000366210938,161.5800018310547,167.6300048828125,154.8961181640625,14081200
2022-01-26,167.5399932861328,169.22000122070312,166.22999572753906,168.3800048828125,155.58912658691406,9963200
2022-01-27,169.38999938964844,171.91000366210938,169.0,170.58999633789062,157.63125610351562,9066700
2022-01-28,170.86000061035156,171.83999633789062,169.3000030517578,171.7899932861328,158.74008178710938,9783100
2022-01-31,171.5,172.6199951171875,170.82000732421875,172.2899932861328,159.20208740234375,8054800
2022-02-01,171.74000549316406,171.97999572753906,169.42999267578125,170.8800048828125,157.89920043945312,8154700
2022-02-02,169.64999389648438,172.99000549316406,169.64999389648438,172.77000427246094,159.64564514160156,7382800
2022-02-03,172.25999450683594,173.6199951171875,171.0399932861328,172.75999450683594,159.63636779785156,6240400
2022-02-04,171.0,172.97999572753906,170.1199951171875,171.6300048828125,158.59226989746094,6392200
2022-02-07,171.41000366210938,171.74000549316406,170.00999450683594,171.05999755859375,158.0655517578125,6065700
2022-02-08,171.02000427246094,172.0500030517578,170.47999572753906,171.50999450683594,158.4813690185547,6296100
2022-02-09,172.07000732421875,172.24000549316406,171.25,171.49000549316406,158.462890625,5387500
2022-02-10,171.2100067138672,171.22000122070312,169.3000030517578,169.4199981689453,156.5501251220703,10355300
2022-02-11,169.1199951171875,170.14999389648438,167.5399932861328,167.7100067138672,154.97003173828125,13125300
2022-02-14,167.7100067138672,167.97000122070312,163.80999755859375,165.60000610351562,153.0203094482422,8967600
2022-02-15,166.1300048828125,168.10000610351562,166.00999450683594,167.30999755859375,154.60040283203125,6631400
2022-02-16,166.49000549316406,167.83999633789062,165.7100067138672,167.2100067138672,154.5080108642578,8482400
2022-02-17,167.2100067138672,167.4499969482422,164.9199981689453,166.19000244140625,153.56549072265625,6227600
2022-02-18,164.97999572753906,165.36000061035156,162.94000244140625,163.36000061035156,151.91944885253906,6423200
2022-02-22,163.57000732421875,163.74000549316406,160.44000244140625,161.13999938964844,149.8549041748047,6868900
2022-02-23,161.50999450683594,162.63999938964844,160.85000610351562,161.22000122070312,149.92933654785156,8016900
2022-02-24,159.77999877929688,160.1300048828125,155.72000122070312,158.13999938964844,147.06503295898438,12883400
2022-02-25,160.0,166.99000549316406,159.6999969482422,166.0,154.37454223632812,11340400
2022-02-28,162.8699951171875,165.17999267578125,162.3800048828125,164.57000732421875,153.0447235107422,9373500
2022-03-01,163.0399932861328,164.75,162.41000366210938,164.0,152.51461791992188,8737800
2022-03-02,164.41000366210938,167.6300048828125,164.0399932861328,166.0399932861328,154.4117431640625,6793300
2022-03-03,166.6999969482422,169.33999633789062,166.32000732421875,168.47999572753906,156.68087768554688,7333700
2022-03-04,167.63999938964844,169.86000061035156,166.85000610351562,169.47999572753906,157.61085510253906,6302500
2022-03-07,168.3000030517578,173.1199951171875,167.36000061035156,172.2100067138672,160.14967346191406,11663400
2022-03-08,172.0399932861328,173.1199951171875,168.50999450683594,168.72000122070312,156.90403747558594,11100300
2022-03-09,170.00999450683594,170.22999572753906,167.88999938964844,169.36000061035156,157.49925231933594,7248200
2022-03-10,168.55999755859375,170.14999389648438,168.0800018310547,169.66000366210938,157.7782440185547,6171400
2022-03-11,169.1300048828125,171.4600067138672,169.02000427246094,169.35000610351562,157.48997497558594,5188000
2022-03-14,170.67999267578125,174.1199951171875,170.35000610351562,171.69000244140625,159.66607666015625,7729500
2022-03-15,173.3300018310547,176.52000427246094,172.5500030517578,176.13999938964844,163.804443359375,10554400
2022-03-16,175.4600067138672,176.9499969482422,172.55999755859375,174.52000427246094,162.2978973388672,9603300
2022-03-17,175.2100067138672,176.83999633789062,174.1999969482422,176.8000030517578,164.41819763183594,7472100
2022-03-18,177.0,177.0,173.66000366210938,174.83999633789062,162.59547424316406,13809500
2022-03-21,174.66000366210938,177.16000366210938,174.32000732421875,175.8300018310547,163.51611328125,7574900
2022-03-22,175.8300018310547,176.3699951171875,173.91000366210938,175.0,162.7442626953125,8442100
2022-03-23,175.22999572753906,175.5399932861328,174.08999633789062,174.33999633789062,162.13050842285156,5254200
2022-03-24,175.0,175.5399932861328,174.07000732421875,175.24000549316406,162.9674530029297,5012300
2022-03-25,175.69000244140625,177.6999969482422,175.22000122070312,176.9199981689453,164.52980041503906,4809500
2022-03-28,176.64999389648438,178.17999267578125,176.35000610351562,177.8300018310547,165.3760528564453,5604200
2022-03-29,178.6199951171875,179.39999389648438,176.8000030517578,177.74000549316406,165.2923583984375,5933400
2022-03-30,178.44000244140625,179.86000061035156,177.67999267578125,179.58999633789062,167.01280212402344,6277600
2022-03-31,179.58999633789062,180.2100067138672,176.97999572753906,177.22999572753906,164.81809997558594,11490400
2022-04-01,177.0500030517578,178.42999267578125,175.60000610351562,178.19000244140625,165.71083068847656,6525600
2022-04-04,178.19000244140625,178.19000244140625,175.52000427246094,176.47000122070312,164.11131286621094,6860600
2022-04-05,176.47000122070312,179.64999389648438,176.2899932861328,177.61000061035156,165.17149353027344,7446100
2022-04-06,179.38999938964844,182.60000610351562,178.6199951171875,182.22999572753906,169.46791076660156,10330900
2022-04-07,181.6699981689453,182.9499969482422,180.22999572753906,181.75999450683594,169.0308380126953,7385200
2022-04-08,181.3300018310547,183.19000244140625,180.42999267578125,182.1199951171875,169.36561584472656,7144500
2022-04-11,183.0,184.1999969482422,179.60000610351562,179.83999633789062,167.24530029296875,5932000
2022-04-12,179.1999969482422,180.80999755859375,178.1999969482422,179.89999389648438,167.3011016845703,5957500
2022-04-13,179.89999389648438,180.83999633789062,179.24000549316406,180.66000366210938,168.00787353515625,5643100
2022-04-14,180.0,181.39999389648438,179.72999572753906,179.89999389648438,167.3011016845703,6188200
2022-04-18,179.72999572753906,180.38999938964844,176.74000549316406,177.66000366210938,165.21798706054688,6318700
2022-04-19,180.72000122070312,185.94000244140625,179.9499969482422,183.0800018310547,170.25839233398438,14380800
2022-04-20,182.24000549316406,184.32000732421875,181.89999389648438,183.88999938964844,171.01168823242188,8044900
2022-04-21,183.92999267578125,184.8699951171875,182.55999755859375,183.36000061035156,170.51881408691406,6969200
2022-04-22,182.47000122070312,183.14999389648438,181.3800048828125,181.5399932861328,168.8262481689453,8003600
2022-04-25,182.33999633789062,186.69000244140625,182.10000610351562,186.00999450683594,172.9832000732422,11176500
2022-04-26,185.10000610351562,186.57000732421875,184.17999267578125,184.67999267578125,171.74632263183594,10190000
2022-04-27,184.24000549316406,184.82000732421875,181.74000549316406,182.10000610351562,169.3470458984375,11090100
2022-04-28,182.25,184.5,181.9199981689453,183.4600067138672,170.61178588867188,9403900
2022-04-29,182.5,182.5500030517578,180.1999969482422,180.4600067138672,167.8218994140625,8463100
2022-05-02,180.47000122070312,181.41000366210938,177.02999877929688,178.63999938964844,166.12936401367188,7145400
2022-05-03,178.8000030517578,180.6300048828125,177.67999267578125,178.2899932861328,165.80384826660156,5898700
2022-05-04,178.14999389648438,180.5,177.14999389648438,180.1999969482422,167.580078125,5923000
2022-05-05,179.4199981689453,179.7100067138672,175.27000427246094,176.75999450683594,164.38101196289062,7089200
2022-05-06,175.13999938964844,176.8699951171875,174.69000244140625,176.3699951171875,164.01832580566406,6434000
2022-05-09,175.4499969482422,178.55999755859375,174.58999633789062,177.3300018310547,164.91107177734375,7855200
2022-05-10,178.22999572753906,179.17999267578125,176.5,177.08999633789062,164.68789672851562,8186700
2022-05-11,175.9600067138672,178.32000732421875,175.8800048828125,176.1300048828125,163.7951202392578,6138900
2022-05-12,176.47000122070312,177.9499969482422,174.7100067138672,177.8699951171875,165.4132537841797,6898600
2022-05-13,178.6999969482422,178.88999938964844,175.8000030517578,176.85000610351562,164.46470642089844,7732200
2022-05-16,176.85000610351562,179.1300048828125,176.1699981689453,178.0800018310547,165.60858154296875,5516700
2022-05-17,178.72000122070312,179.6999969482422,176.58999633789062,178.82000732421875,166.29676818847656,5751100
2022-05-18,178.83999633789062,179.3699951171875,175.1699981689453,175.5,163.20924377441406,8608800
2022-05-19,174.72000122070312,174.8000030517578,172.69000244140625,173.94000244140625,161.75848388671875,6874500
2022-05-20,174.85000610351562,177.16000366210938,174.0500030517578,176.97999572753906,164.58558654785156,7522100
2022-05-23,177.60000610351562,179.92999267578125,177.4600067138672,179.44000244140625,167.94564819335938,7040800
2022-05-24,179.25,181.74000549316406,179.10000610351562,181.39999389648438,169.7800750732422,6419800
2022-05-25,180.52999877929688,181.5500030517578,179.05999755859375,179.6199951171875,168.1140899658203,6558900
2022-05-26,181.0,181.0,178.60000610351562,179.4600067138672,167.96437072753906,6897600
2022-05-27,179.75999450683594,181.16000366210938,178.22999572753906,181.08999633789062,169.48992919921875,5853600
2022-05-31,178.0,180.1699981689453,175.00999450683594,179.52999877929688,168.02987670898438,16391400
2022-06-01,179.14999389648438,179.8300018310547,175.89999389648438,177.7100067138672,166.3264617919922,5175400
2022-06-02,177.74000549316406,177.80999755859375,174.58999633789062,177.14999389648438,165.80233764648438,8666500
2022-06-03,177.07000732421875,178.6699981689453,176.14999389648438,176.4199981689453,165.11907958984375,4234200
2022-06-06,177.2100067138672,178.5,176.0,176.39999389648438,165.10035705566406,5386500
2022-06-07,176.97999572753906,179.3000030517578,176.39999389648438,178.33999633789062,166.91610717773438,5447800
2022-06-08,178.10000610351562,179.4499969482422,176.8000030517578,177.27999877929688,165.9239959716797,4333100
2022-06-09,177.2100067138672,178.64999389648438,173.63999938964844,173.7100067138672,162.5826873779297,5509600
2022-06-10,172.1699981689453,173.97000122070312,170.6199951171875,172.5500030517578,161.49697875976562,6647300
2022-06-13,170.0800018310547,172.25,170.0800018310547,170.80999755859375,159.86846923828125,7997000
2022-06-14,171.05999755859375,171.11000061035156,167.25999450683594,168.19000244140625,157.41629028320312,7116800
2022-06-15,169.63999938964844,171.44000244140625,168.63999938964844,169.99000549316406,159.10098266601562,7796100
2022-06-16,168.39999389648438,170.2100067138672,167.41000366210938,170.0800018310547,159.18519592285156,7056700
2022-06-17,170.6300048828125,172.1999969482422,169.24000549316406,169.4600067138672,158.60491943359375,12486600
2022-06-21,170.75,173.86000061035156,169.55999755859375,173.00999450683594,161.92752075195312,8219700
2022-06-22,172.0,177.9199981689453,171.69000244140625,175.74000549316406,164.48263549804688,10593100
2022-06-23,177.0,179.82000732421875,176.52000427246094,179.66000366210938,168.1515655517578,10223500
2022-06-24,180.77999877929688,182.52999877929688,179.97999572753906,182.2899932861328,170.61305236816406,9374400
2022-06-27,181.63999938964844,183.35000610351562,181.5,182.1199951171875,170.45396423339844,5908600
2022-06-28,182.1699981689453,182.97000122070312,176.30999755859375,176.94000244140625,165.60577392578125,9245700
2022-06-29,177.22000122070312,178.3000030517578,176.42999267578125,176.99000549316406,165.652587890625,7097900
2022-06-30,176.86000061035156,178.2899932861328,175.02999877929688,177.50999450683594,166.13926696777344,10777200
2022-07-01,177.4499969482422,179.72000122070312,176.69000244140625,179.52000427246094,168.02052307128906,5498400
2022-07-05,178.8300018310547,179.1300048828125,174.61000061035156,178.13999938964844,166.72891235351562,5676400
2022-07-06,178.07000732421875,179.44000244140625,177.41000366210938,178.3000030517578,166.878662109375,5335600
2022-07-07,177.86000061035156,179.1199951171875,177.50999450683594,178.5,167.0658416748047,5725800
2022-07-08,178.3300018310547,179.99000549316406,177.77000427246094,178.27999877929688,166.85995483398438,3828300
2022-07-11,177.6999969482422,179.02000427246094,177.52000427246094,178.35000610351562,166.9254913330078,3645200
2022-07-12,177.97999572753906,178.4499969482422,175.1999969482422,175.85000610351562,164.58560180664062,4708800
2022-07-13,175.66000366210938,176.3300018310547,174.5,175.44000244140625,164.20184326171875,5291700
2022-07-14,172.52999877929688,176.00999450683594,172.3000030517578,175.67999267578125,164.426513671875,5359600
2022-07-15,177.7100067138672,178.50999450683594,176.5500030517578,178.22999572753906,166.81314086914062,5691100
2022-07-18,177.74000549316406,178.19000244140625,173.91000366210938,174.22999572753906,163.06936645507812,7605700
2022-07-19,176.3300018310547,176.75,169.8800048828125,171.69000244140625,160.6920928955078,13256400
2022-07-20,172.1999969482422,172.5500030517578,169.75999450683594,170.7100067138672,159.77487182617188,7455800
2022-07-21,170.0500030517578,171.38999938964844,169.77000427246094,171.30999755859375,160.33639526367188,5729200
2022-07-22,171.60000610351562,172.49000549316406,171.05999755859375,172.1199951171875,161.09451293945312,4257000
2022-07-25,172.1199951171875,172.97999572753906,171.72000122070312,172.4600067138672,161.4127655029297,4437300
2022-07-26,172.55999755859375,174.97999572753906,172.49000549316406,173.67999267578125,162.55458068847656,4525500
2022-07-27,172.6300048828125,174.10000610351562,171.1300048828125,173.1999969482422,162.10536193847656,4648500
2022-07-28,173.39999389648438,176.08999633789062,171.44000244140625,174.1999969482422,163.04132080078125,5513000
2022-07-29,173.7899932861328,174.85000610351562,172.91000366210938,174.52000427246094,163.3408203125,6451400
2022-08-01,174.1699981689453,175.16000366210938,173.5399932861328,173.91000366210938,162.76988220214844,5461400
2022-08-02,175.00999450683594,175.49000549316406,172.6999969482422,172.9199981689453,161.84327697753906,5794200
2022-08-03,172.5500030517578,175.25999450683594,171.77000427246094,174.58999633789062,163.40631103515625,5010000
2022-08-04,174.80999755859375,175.08999633789062,171.60000610351562,171.7899932861328,160.78567504882812,5651600
2022-08-05,171.3000030517578,171.52999877929688,169.7899932861328,171.11000061035156,160.1492462158203,5235500
2022-08-08,171.3000030517578,171.47999572753906,169.44000244140625,170.1999969482422,159.29751586914062,4629800
2022-08-09,170.5399932861328,171.1199951171875,169.72999572753906,170.17999267578125,159.27879333496094,5532500
2022-08-10,171.02000427246094,171.24000549316406,169.52999877929688,170.6699981689453,159.73741149902344,5603400
2022-08-11,168.52000427246094,169.9499969482422,166.97999572753906,167.13999938964844,156.43353271484375,9328700
2022-08-12,167.5399932861328,167.94000244140625,165.14999389648438,165.3000030517578,154.7113800048828,14606900
2022-08-15,166.0,166.75,165.1300048828125,166.08999633789062,155.45079040527344,10072000
2022-08-16,165.86000061035156,168.25,165.60000610351562,167.57000732421875,156.8359832763672,7453600
2022-08-17,166.41000366210938,168.55999755859375,166.41000366210938,167.5800018310547,156.84536743164062,7406600
2022-08-18,167.67999267578125,168.3000030517578,165.92999267578125,166.77000427246094,156.0872344970703,8312100
2022-08-19,167.10000610351562,170.1199951171875,167.0,169.30999755859375,158.46453857421875,8128500
2022-08-22,168.89999389648438,168.9199981689453,167.1699981689453,167.58999633789062,157.9086151123047,5462600
2022-08-23,167.0,167.77000427246094,165.8000030517578,166.1300048828125,156.53294372558594,5566300
2022-08-24,166.55999755859375,166.58999633789062,165.07000732421875,165.5800018310547,156.01473999023438,5684300
2022-08-25,165.9499969482422,167.24000549316406,164.6999969482422,167.1300048828125,157.47518920898438,5678700
2022-08-26,167.4600067138672,167.5,164.1999969482422,164.27000427246094,154.78038024902344,5667100
2022-08-29,163.47000122070312,163.83999633789062,162.02000427246094,163.0,153.58377075195312,5259200
2022-08-30,163.3000030517578,163.5399932861328,162.02999877929688,162.42999267578125,153.04669189453125,6973300
2022-08-31,163.22999572753906,163.5500030517578,161.27000427246094,161.33999633789062,152.01966857910156,8741700
2022-09-01,161.49000549316406,165.5,161.47999572753906,165.33999633789062,155.78858947753906,7509600
2022-09-02,165.86000061035156,166.1999969482422,162.00999450683594,162.74000549316406,153.33880615234375,5803700
2022-09-06,163.94000244140625,166.22000122070312,162.82000732421875,163.17999267578125,153.7533416748047,7394600
2022-09-07,162.91000366210938,164.4199981689453,162.16000366210938,164.07000732421875,154.5919647216797,4590600
2022-09-08,163.8800048828125,165.4199981689453,163.0800018310547,165.38999938964844,155.83570861816406,5838400
2022-09-09,164.99000549316406,166.1999969482422,164.38999938964844,165.7100067138672,156.13722229003906,5500600
2022-09-12,166.11000061035156,166.57000732421875,165.22000122070312,165.63999938964844,156.0712890625,6365300
2022-09-13,163.57000732421875,164.44000244140625,160.80999755859375,161.3300018310547,152.01025390625,6726400
2022-09-14,162.3800048828125,165.36000061035156,162.3800048828125,164.66000366210938,155.14788818359375,9555700
2022-09-15,164.4499969482422,166.07000732421875,164.10000610351562,165.0800018310547,155.54360961914062,7174500
2022-09-16,165.32000732421875,167.6300048828125,164.75,167.60000610351562,157.9180450439453,20201500
2022-09-19,166.3000030517578,166.42999267578125,164.0800018310547,166.27999877929688,156.67430114746094,7380900
2022-09-20,165.22000122070312,165.89999389648438,164.32000732421875,164.97000122070312,155.43997192382812,7143400
2022-09-21,165.02000427246094,166.8000030517578,163.24000549316406,163.27999877929688,153.84759521484375,8071200
2022-09-22,163.14999389648438,167.16000366210938,162.8300018310547,166.17999267578125,156.580078125,7401100
2022-09-23,165.74000549316406,167.47999572753906,164.66000366210938,166.72000122070312,157.0888671875,9598600
2022-09-26,165.8000030517578,166.83999633789062,164.3800048828125,165.6999969482422,156.12779235839844,8735500
2022-09-27,166.36000061035156,167.6699981689453,164.39999389648438,164.94000244140625,155.41171264648438,8686700
2022-09-28,166.25,167.3800048828125,165.10000610351562,166.36000061035156,156.74966430664062,8660900
2022-09-29,166.47999572753906,167.1699981689453,163.88999938964844,164.52999877929688,155.025390625,7008100
2022-09-30,165.0,165.74000549316406,163.32000732421875,163.36000061035156,153.92300415039062,8985200
2022-10-03,164.2899932861328,164.3800048828125,161.6999969482422,163.1999969482422,153.77223205566406,8657000
2022-10-04,163.85000610351562,166.0,162.9199981689453,165.6199951171875,156.0524139404297,6236100
2022-10-05,165.02000427246094,166.0399932861328,164.2100067138672,165.11000061035156,155.57188415527344,4539400
2022-10-06,164.7899932861328,165.0,161.69000244140625,161.91000366210938,152.5567626953125,5890700
2022-10-07,161.77000427246094,162.22000122070312,159.1699981689453,160.1999969482422,150.94552612304688,6363500
2022-10-10,160.6300048828125,161.27999877929688,159.17999267578125,160.41000366210938,151.14340209960938,5315600
2022-10-11,160.3699951171875,164.11000061035156,160.3699951171875,162.72999572753906,153.32936096191406,6212200
2022-10-12,162.94000244140625,164.8800048828125,162.5,162.69000244140625,153.29168701171875,4341700
2022-10-13,160.88999938964844,165.99000549316406,160.75,165.14999389648438,155.60958862304688,6465100
2022-10-14,164.44000244140625,165.67999267578125,163.60000610351562,164.4600067138672,154.95944213867188,5684600
2022-10-17,165.39999389648438,167.2100067138672,165.00999450683594,166.58999633789062,156.96636962890625,6710800
2022-10-18,165.0,167.1699981689453,163.0500030517578,166.00999450683594,156.41990661621094,10883600
2022-10-19,166.0,166.25,163.88999938964844,164.69000244140625,155.1761474609375,10044600
2022-10-20,165.0,165.74000549316406,164.3300018310547,165.11000061035156,155.57188415527344,5659900
2022-10-21,164.7100067138672,169.3699951171875,164.42999267578125,168.7100067138672,158.9639129638672,8487600
2022-10-24,169.80999755859375,172.0800018310547,169.25,170.97999572753906,161.10275268554688,6855500
2022-10-25,170.1699981689453,171.11000061035156,168.52000427246094,170.7100067138672,160.84840393066406,5661900
2022-10-26,171.32000732421875,172.57000732421875,170.52000427246094,172.2100067138672,162.26174926757812,6123800
2022-10-27,172.35000610351562,173.42999267578125,171.72000122070312,172.30999755859375,162.35594177246094,5390900
2022-10-28,173.0,175.38999938964844,172.58999633789062,174.8699951171875,164.76803588867188,6073900
2022-10-31,174.52000427246094,175.16000366210938,173.4199981689453,173.97000122070312,163.92005920410156,7810000
2022-11-01,174.05999755859375,174.6300048828125,170.4199981689453,173.08999633789062,163.09088134765625,6985000
2022-11-02,172.88999938964844,173.94000244140625,170.2899932861328,170.42999267578125,160.58456420898438,6877300
2022-11-03,169.80999755859375,171.47000122070312,168.94000244140625,170.72000122070312,160.85780334472656,4819900
2022-11-04,171.55999755859375,172.5,169.24000549316406,171.47999572753906,161.5738983154297,5300900
2022-11-07,171.6699981689453,173.85000610351562,171.44000244140625,172.97999572753906,162.9872589111328,6621000
2022-11-08,173.1300048828125,174.69000244140625,172.17999267578125,173.83999633789062,163.7975616455078,5148400
2022-11-09,174.27000427246094,175.0,172.33999633789062,172.4499969482422,162.48788452148438,6150000
2022-11-10,174.35000610351562,174.77000427246094,172.0399932861328,174.47000122070312,164.3911590576172,7877500
2022-11-11,172.72999572753906,173.11000061035156,166.82000732421875,169.25,159.4727325439453,11074700
2022-11-14,170.25,173.25999450683594,170.25,171.91000366210938,161.9790496826172,6581500
2022-11-15,172.19000244140625,173.0,170.52000427246094,172.38999938964844,162.43133544921875,9351000
2022-11-16,173.63999938964844,174.99000549316406,173.1300048828125,173.4600067138672,163.4394989013672,5500900
2022-11-17,173.0,174.99000549316406,172.97999572753906,174.86000061035156,164.7586212158203,4464100
2022-11-18,175.0,176.63999938964844,174.6199951171875,176.1999969482422,166.02122497558594,6555700
2022-11-21,175.88999938964844,176.5500030517578,174.8300018310547,175.97000122070312,166.87472534179688,5706600
2022-11-22,176.39999389648438,177.19000244140625,176.3300018310547,176.82000732421875,167.68080139160156,4707900
2022-11-23,176.44000244140625,177.39999389648438,176.00999450683594,177.00999450683594,167.8609619140625,5389200
2022-11-25,177.3800048828125,178.1199951171875,176.86000061035156,177.24000549316406,168.07908630371094,3058600
2022-11-28,176.75,177.77000427246094,176.55999755859375,177.3300018310547,168.1644287109375,6183100
2022-11-29,177.00999450683594,177.25999450683594,174.66000366210938,176.08999633789062,166.988525390625,6700500
2022-11-30,176.3699951171875,178.00999450683594,174.77999877929688,178.0,168.79978942871094,13288000
2022-12-01,179.0,179.9600067138672,177.77000427246094,178.74000549316406,169.50155639648438,6282600
2022-12-02,177.5,178.9600067138672,176.9600067138672,178.8800048828125,169.63430786132812,5823900
2022-12-05,178.36000061035156,179.36000061035156,178.0,178.77999877929688,169.53948974609375,5120600
2022-12-06,179.9199981689453,180.0,175.92999267578125,176.10000610351562,166.9980010986328,7943500
2022-12-07,176.57000732421875,177.8800048828125,176.22999572753906,177.1699981689453,168.01266479492188,5702600
2022-12-08,176.82000732421875,177.47000122070312,176.33999633789062,177.1999969482422,168.04115295410156,4798500
2022-12-09,177.1199951171875,177.88999938964844,175.66000366210938,175.74000549316406,166.65658569335938,4561000
2022-12-12,175.9499969482422,177.8699951171875,175.60000610351562,177.83999633789062,168.64805603027344,4882400
2022-12-13,179.10000610351562,180.1999969482422,178.30999755859375,179.2100067138672,169.94725036621094,9177500
2022-12-14,178.5800018310547,181.0399932861328,178.5800018310547,179.75999450683594,170.4688262939453,9533600
2022-12-15,179.1999969482422,179.83999633789062,176.39999389648438,177.49000549316406,168.31614685058594,7602400
2022-12-16,177.0,177.0,174.86000061035156,175.6699981689453,166.59022521972656,18841800
2022-12-19,175.35000610351562,176.1699981689453,174.07000732421875,175.47999572753906,166.4100341796875,5736000
2022-12-20,176.0,176.44000244140625,175.1699981689453,175.6699981689453,166.59022521972656,6174700
2022-12-21,176.27000427246094,178.17999267578125,175.64999389648438,177.67999267578125,168.49632263183594,5472000
2022-12-22,176.77000427246094,177.50999450683594,175.33999633789062,177.02999877929688,167.87994384765625,5709100
2022-12-23,176.6699981689453,177.52000427246094,175.80999755859375,177.47999572753906,168.306640625,3683400
2022-12-27,178.11000061035156,178.35000610351562,176.99000549316406,177.42999267578125,168.25926208496094,3067300
2022-12-28,177.75999450683594,178.4499969482422,176.64999389648438,176.66000366210938,167.529052734375,2645400
2022-12-29,177.5500030517578,178.3000030517578,177.07000732421875,177.55999755859375,168.38255310058594,2828800
2022-12-30,177.49000549316406,177.77000427246094,175.39999389648438,176.64999389648438,167.5195770263672,4216600
2023-01-03,176.16000366210938,178.3800048828125,176.00999450683594,178.19000244140625,168.97996520996094,6344900
2023-01-04,178.88999938964844,180.19000244140625,178.47999572753906,180.1300048828125,170.8197021484375,9788800
2023-01-05,179.02000427246094,179.99000549316406,178.41000366210938,178.8000030517578,169.55844116210938,6255300
2023-01-06,180.1300048828125,180.92999267578125,179.38999938964844,180.25,170.93348693847656,5706000
2023-01-09,179.3000030517578,179.75999450683594,175.17999267578125,175.5800018310547,166.5048828125,7925300
2023-01-10,175.6999969482422,176.13999938964844,174.32000732421875,175.16000366210938,166.10658264160156,5047500
2023-01-11,175.57000732421875,175.72000122070312,172.11000061035156,174.8800048828125,165.841064453125,6494800
2023-01-12,174.25999450683594,174.7100067138672,172.8000030517578,174.0,165.00653076171875,4269400
2023-01-13,173.19000244140625,174.00999450683594,172.3800048828125,173.42999267578125,164.4660186767578,6088000
2023-01-17,174.0,174.5800018310547,172.08999633789062,172.36000061035156,163.4512939453125,6053300
2023-01-18,171.64999389648438,172.0,169.7100067138672,169.75999450683594,160.98565673828125,7047800
2023-01-19,169.02999877929688,171.27999877929688,168.7100067138672,169.52999877929688,160.767578125,6939500
2023-01-20,170.10000610351562,170.11000061035156,167.47999572753906,168.74000549316406,160.01841735839844,8620600
2023-01-23,169.10000610351562,169.6300048828125,167.9499969482422,168.30999755859375,159.61062622070312,8425400
2023-01-24,169.02000427246094,170.99000549316406,166.00999450683594,168.30999755859375,159.61062622070312,10541800
2023-01-25,167.1699981689453,169.50999450683594,167.0800018310547,169.50999450683594,160.7485809326172,7099800
2023-01-26,169.5500030517578,169.91000366210938,168.64999389648438,168.88999938964844,160.16064453125,6946100
2023-01-27,168.5399932861328,168.8699951171875,167.77000427246094,168.22999572753906,159.53475952148438,6058100
2023-01-30,167.92999267578125,168.5399932861328,161.0800018310547,162.0,153.62677001953125,23259100
2023-01-31,161.6999969482422,163.42999267578125,161.0500030517578,163.4199981689453,154.97335815429688,11612500
2023-02-01,162.99000549316406,165.97999572753906,162.39999389648438,164.9199981689453,156.39585876464844,9865300
2023-02-02,163.0,166.22000122070312,162.82000732421875,165.5399932861328,156.9838104248047,10099000
2023-02-03,166.02999877929688,166.33999633789062,163.88999938964844,164.61000061035156,156.1018524169922,6868500
2023-02-06,164.5500030517578,164.85000610351562,163.10000610351562,163.36000061035156,154.91648864746094,7021000
2023-02-07,161.60000610351562,163.8800048828125,161.4199981689453,163.39999389648438,154.9544219970703,7310800
2023-02-08,163.3000030517578,164.55999755859375,162.89999389648438,163.61000061035156,155.153564453125,6054700
2023-02-09,163.6300048828125,164.8000030517578,161.07000732421875,161.39999389648438,153.05780029296875,7949500
2023-02-10,161.77000427246094,162.7899932861328,161.35000610351562,162.14999389648438,153.7689971923828,7028000
2023-02-13,161.3300018310547,162.82000732421875,161.14999389648438,162.75,154.33799743652344,6414700
2023-02-14,162.74000549316406,162.97000122070312,161.75999450683594,162.0399932861328,153.66468811035156,6316000
2023-02-15,161.9499969482422,161.97999572753906,159.2899932861328,159.3699951171875,151.13270568847656,12621800
2023-02-16,159.07000732421875,159.64999389648438,157.9199981689453,158.24000549316406,150.0611114501953,11177000
2023-02-17,157.02000427246094,161.11000061035156,156.6199951171875,160.38999938964844,153.19395446777344,12401900
2023-02-21,159.64999389648438,160.35000610351562,157.88999938964844,158.0,150.91119384765625,9423900
2023-02-22,158.5,158.85000610351562,157.3699951171875,157.77999877929688,150.7010498046875,9820200
2023-02-23,157.7100067138672,158.58999633789062,156.6699981689453,157.72999572753906,150.65330505371094,9385100
2023-02-24,156.64999389648438,156.85000610351562,155.2100067138672,155.97000122070312,148.97225952148438,8689700
2023-02-27,156.4499969482422,156.89999389648438,155.0800018310547,155.6300048828125,148.64752197265625,7267100
2023-02-28,154.97999572753906,155.27000427246094,153.0399932861328,153.25999450683594,146.3838348388672,9062300
2023-03-01,153.00999450683594,153.24000549316406,151.91000366210938,152.57000732421875,145.72482299804688,6767000
2023-03-02,151.75,152.75999450683594,151.22999572753906,152.4499969482422,145.6101837158203,8762500
2023-03-03,153.3699951171875,154.1199951171875,152.83999633789062,154.02000427246094,147.10975646972656,5747200
2023-03-06,154.66000366210938,155.72999572753906,154.57000732421875,155.55999755859375,148.58065795898438,8148200
2023-03-07,156.08999633789062,156.25,153.35000610351562,154.08999633789062,147.17662048339844,7457700
2023-03-08,153.97999572753906,154.1999969482422,152.47999572753906,152.9600067138672,146.09732055664062,6230500
2023-03-09,153.4600067138672,153.60000610351562,150.7100067138672,151.24000549316406,144.45448303222656,7439400
2023-03-10,151.86000061035156,153.49000549316406,151.10000610351562,151.61000061035156,144.807861328125,8504300
2023-03-13,152.08999633789062,155.91000366210938,151.57000732421875,153.05999755859375,146.1928253173828,10799600
2023-03-14,153.27999877929688,154.02999877929688,151.89999389648438,153.9199981689453,147.01422119140625,8421200
2023-03-15,152.83999633789062,154.88999938964844,152.52999877929688,154.35000610351562,147.42495727539062,7757700
2023-03-16,153.4499969482422,154.3699951171875,152.60000610351562,154.02999877929688,147.1193084716797,7605500
2023-03-17,154.47999572753906,154.9499969482422,152.3000030517578,152.3800048828125,145.54336547851562,20540700
2023-03-20,152.47000122070312,154.07000732421875,152.3800048828125,153.88999938964844,146.98558044433594,7129000
2023-03-21,154.0,154.1300048828125,152.1699981689453,153.88999938964844,146.98558044433594,8376800
2023-03-22,153.85000610351562,154.05999755859375,151.02999877929688,151.0500030517578,144.27304077148438,7943500
2023-03-23,151.17999267578125,151.69000244140625,150.11000061035156,151.1300048828125,144.3494110107422,9051500
2023-03-24,151.47999572753906,152.75999450683594,150.8300018310547,152.64999389648438,145.80120849609375,5696200
2023-03-27,154.1999969482422,154.5399932861328,153.11000061035156,153.3000030517578,146.42205810546875,6772300
2023-03-28,152.38999938964844,153.4499969482422,151.72999572753906,151.82000732421875,145.0084686279297,6115300
2023-03-29,152.24000549316406,153.3800048828125,152.07000732421875,153.30999755859375,146.43161010742188,6012000
2023-03-30,153.5800018310547,153.8000030517578,152.80999755859375,153.42999267578125,146.54623413085938,4555700
2023-03-31,153.7899932861328,155.19000244140625,153.24000549316406,155.0,148.04579162597656,9890000
2023-04-03,154.9499969482422,157.00999450683594,153.94000244140625,156.85000610351562,149.8127899169922,6841900
2023-04-04,156.97000122070312,158.97000122070312,156.58999633789062,158.49000549316406,151.3791961669922,8314500
2023-04-05,164.3699951171875,165.66000366210938,162.75999450683594,165.61000061035156,158.17974853515625,16704200
2023-04-06,165.99000549316406,167.22999572753906,164.8000030517578,165.14999389648438,157.74038696289062,9615400
2023-04-10,164.6300048828125,164.83999633789062,163.63999938964844,164.32000732421875,156.94764709472656,5354000
2023-04-11,164.4199981689453,165.27999877929688,164.0399932861328,164.27000427246094,156.89987182617188,5903800
2023-04-12,163.94000244140625,164.83999633789062,163.10000610351562,163.9199981689453,156.56558227539062,5764100
2023-04-13,164.17999267578125,166.3300018310547,163.80999755859375,166.11000061035156,158.65733337402344,5640600
2023-04-14,165.97000122070312,166.1199951171875,164.05999755859375,165.83999633789062,158.39942932128906,7225100
2023-04-17,165.74000549316406,166.24000549316406,164.94000244140625,165.6699981689453,158.237060546875,8046400
2023-04-18,164.25,164.69000244140625,159.64999389648438,161.00999450683594,153.7861328125,14571500
2023-04-19,161.99000549316406,162.67999267578125,161.1699981689453,162.52999877929688,155.23794555664062,6752000
2023-04-20,162.42999267578125,163.82000732421875,160.9600067138672,163.5800018310547,156.2408447265625,9498800
2023-04-21,164.44000244140625,164.97000122070312,161.97000122070312,162.69000244140625,155.39077758789062,7014200
2023-04-24,162.69000244140625,163.80999755859375,161.8699951171875,163.67999267578125,156.33633422851562,5278900
2023-04-25,164.30999755859375,165.35000610351562,164.16000366210938,165.17999267578125,157.76904296875,6263100
2023-04-26,164.08999633789062,164.38999938964844,162.24000549316406,162.6199951171875,155.3238983154297,5518200
2023-04-27,162.89999389648438,163.41000366210938,162.1300048828125,163.0,155.68685913085938,5739700
2023-04-28,162.80999755859375,163.75999450683594,162.55999755859375,163.6999969482422,156.35546875,6023400
2023-05-01,163.60000610351562,164.3000030517578,162.24000549316406,163.60000610351562,156.25994873046875,4893400
2023-05-02,164.33999633789062,165.47999572753906,163.55999755859375,165.02999877929688,157.62579345703125,7541700
2023-05-03,165.5500030517578,166.17999267578125,162.50999450683594,162.8699951171875,155.5626678466797,5937200
2023-05-04,162.67999267578125,162.89999389648438,161.25,162.1300048828125,154.85589599609375,5128000
2023-05-05,162.83999633789062,163.1300048828125,161.69000244140625,162.67999267578125,155.38121032714844,5193700
2023-05-08,161.99000549316406,162.57000732421875,161.33999633789062,162.30999755859375,155.02781677246094,4994900
2023-05-09,161.75,162.1300048828125,160.7899932861328,161.0500030517578,153.82435607910156,5520500
2023-05-10,161.1999969482422,161.97000122070312,160.05999755859375,161.64999389648438,154.3974151611328,6756600
2023-05-11,161.8300018310547,162.19000244140625,159.38999938964844,160.99000549316406,153.7670440673828,5867600
2023-05-12,161.36000061035156,161.55999755859375,160.00999450683594,160.77999877929688,153.56643676757812,3904200
2023-05-15,160.8000030517578,161.02999877929688,158.94000244140625,159.5500030517578,152.39166259765625,5104500
2023-05-16,159.05999755859375,160.25,158.52999877929688,159.33999633789062,152.19107055664062,5599200
2023-05-17,159.7899932861328,160.05999755859375,157.77000427246094,158.99000549316406,151.85678100585938,6840700
2023-05-18,158.66000366210938,158.92999267578125,157.55999755859375,158.47999572753906,151.36965942382812,5173000
2023-05-19,158.58999633789062,159.92999267578125,158.13999938964844,158.91000366210938,151.78036499023438,6524000
2023-05-22,158.0,159.13999938964844,156.77999877929688,156.8699951171875,150.9623565673828,5675900
2023-05-23,157.10000610351562,158.27000427246094,156.3699951171875,156.80999755859375,150.9046173095703,5793000
2023-05-24,157.0800018310547,157.13999938964844,155.9199981689453,156.66000366210938,150.76028442382812,5015100
2023-05-25,156.0500030517578,156.2899932861328,153.72000122070312,154.41000366210938,148.5950164794922,6886100
2023-05-26,154.69000244140625,155.27999877929688,154.1999969482422,154.35000610351562,148.5372772216797,6845400
2023-05-30,153.97000122070312,155.3800048828125,153.32000732421875,154.3699951171875,148.55650329589844,5593100
2023-05-31,154.6999969482422,155.69000244140625,153.85000610351562,155.05999755859375,149.22055053710938,11324600
2023-06-01,154.5399932861328,155.0399932861328,153.14999389648438,154.5399932861328,148.72012329101562,7901300
2023-06-02,154.72000122070312,157.30999755859375,154.08999633789062,156.97000122070312,151.05859375,7657200
2023-06-05,156.75,158.63999938964844,156.75,158.32000732421875,152.35777282714844,6430500
2023-06-06,159.5800018310547,159.61000061035156,157.39999389648438,158.17999267578125,152.22303771972656,5073600
2023-06-07,158.10000610351562,158.8000030517578,157.44000244140625,158.52000427246094,152.55023193359375,6504300
2023-06-08,158.5,160.4199981689453,157.82000732421875,160.25999450683594,154.22470092773438,5818400
2023-06-09,160.4199981689453,160.72999572753906,159.47000122070312,160.00999450683594,153.98411560058594,6264400
2023-06-12,160.0,160.25,158.72999572753906,159.89999389648438,153.8782501220703,6510600
2023-06-13,159.72999572753906,160.83999633789062,159.14999389648438,160.74000549316406,154.68663024902344,6066800
2023-06-14,161.60000610351562,162.0800018310547,160.97999572753906,161.55999755859375,155.4757537841797,6699100
2023-06-15,162.0500030517578,163.91000366210938,161.42999267578125,163.72999572753906,157.56402587890625,7138300
2023-06-16,164.47999572753906,164.99000549316406,163.8699951171875,164.22999572753906,158.0452117919922,13425100
2023-06-20,164.25999450683594,165.30999755859375,163.80999755859375,164.1300048828125,157.948974609375,7995800
2023-06-21,163.5800018310547,164.9199981689453,162.69000244140625,163.8800048828125,157.7083740234375,7177500
2023-06-22,163.89999389648438,165.72000122070312,163.7899932861328,165.6199951171875,159.38284301757812,5485900
2023-06-23,166.11000061035156,166.27000427246094,165.02999877929688,165.47999572753906,159.24810791015625,9450700
2023-06-26,164.97999572753906,164.97999572753906,161.3300018310547,163.6300048828125,157.46780395507812,6978800
2023-06-27,163.67999267578125,163.8800048828125,162.44000244140625,163.2899932861328,157.14059448242188,4927500
2023-06-28,163.1999969482422,163.1999969482422,161.91000366210938,162.9600067138672,156.82301330566406,6780400
2023-06-29,162.63999938964844,164.32000732421875,162.22999572753906,164.10000610351562,157.9200897216797,4547500
2023-06-30,164.86000061035156,165.94000244140625,164.35000610351562,165.52000427246094,159.28660583496094,7580000
2023-07-03,164.33999633789062,164.38999938964844,162.9600067138672,163.35000610351562,157.1983184814453,4033700
2023-07-05,162.99000549316406,163.9199981689453,162.72999572753906,162.80999755859375,156.6786651611328,7224600
2023-07-06,162.25,162.3699951171875,161.0,161.60000610351562,155.5142364501953,6332500
2023-07-07,160.47000122070312,161.0399932861328,159.1999969482422,159.25,153.2527313232422,7021700
2023-07-10,159.42999267578125,160.3000030517578,159.0,159.50999450683594,153.5029296875,5739200
2023-07-11,159.1300048828125,160.3000030517578,157.60000610351562,158.6300048828125,152.65609741210938,6607000
2023-07-12,158.94000244140625,158.94000244140625,157.8800048828125,158.0800018310547,152.12680053710938,6940400
2023-07-13,158.0,159.1300048828125,157.41000366210938,158.80999755859375,152.8292999267578,6401700
2023-07-14,159.17999267578125,160.22999572753906,158.97999572753906,159.8699951171875,153.84938049316406,5361700
2023-07-17,159.75,159.8699951171875,158.14999389648438,159.07000732421875,153.07952880859375,5486800
2023-07-18,159.07000732421875,160.88999938964844,158.19000244140625,159.05999755859375,153.0698699951172,6332500
2023-07-19,157.91000366210938,160.41000366210938,157.3300018310547,158.74000549316406,152.76193237304688,7522600
2023-07-20,161.94000244140625,169.13999938964844,161.3000030517578,168.3800048828125,162.03890991210938,21892900
2023-07-21,168.17999267578125,170.82000732421875,168.17999267578125,170.19000244140625,163.78074645996094,12076500
2023-07-24,171.5,173.82000732421875,170.99000549316406,171.0800018310547,164.63722229003906,15155400
2023-07-25,170.4499969482422,172.67999267578125,169.75,172.38999938964844,165.8979034423828,13790100
2023-07-26,172.0,173.85000610351562,171.39999389648438,172.72000122070312,166.21546936035156,14288200
2023-07-27,172.17999267578125,174.2899932861328,172.0399932861328,173.69000244140625,167.14895629882812,12446400
2023-07-28,174.0,175.36000061035156,173.22999572753906,174.47999572753906,167.9091796875,14138800
2023-07-31,169.69000244140625,170.22000122070312,166.7100067138672,167.52999877929688,161.22091674804688,22632700
2023-08-01,166.3699951171875,169.08999633789062,166.05999755859375,168.88999938964844,162.52969360351562,15810300
2023-08-02,168.85000610351562,171.24000549316406,168.85000610351562,169.91000366210938,163.51129150390625,14595600
2023-08-03,169.9499969482422,171.32000732421875,169.6699981689453,170.63999938964844,164.21380615234375,17424800
2023-08-04,170.33999633789062,172.67999267578125,167.88999938964844,169.0399932861328,162.6740264892578,23414300
2023-08-07,169.49000549316406,173.33999633789062,169.36000061035156,173.10000610351562,166.5811767578125,17736400
2023-08-08,172.99000549316406,173.5500030517578,171.38999938964844,173.17999267578125,166.6581573486328,27378700
2023-08-09,173.0,174.25,172.0500030517578,173.07000732421875,166.55230712890625,42974400
2023-08-10,174.0,175.97000122070312,171.63999938964844,172.1699981689453,165.68618774414062,48213800
2023-08-11,172.47999572753906,173.9499969482422,171.6199951171875,173.85000610351562,167.3029022216797,45904100
2023-08-14,173.52000427246094,175.60000610351562,171.75,173.44000244140625,166.90834045410156,64036900
2023-08-15,172.8000030517578,174.55999755859375,172.13999938964844,172.94000244140625,166.4271697998047,88958100
2023-08-16,172.52999877929688,174.72999572753906,172.1300048828125,172.38999938964844,165.8979034423828,85832700
2023-08-17,172.86000061035156,175.38999938964844,172.75999450683594,174.00999450683594,167.45689392089844,70904200
2023-08-18,173.1699981689453,173.99000549316406,171.30999755859375,172.49000549316406,165.99415588378906,49617200
2023-08-21,169.69000244140625,169.85000610351562,165.9600067138672,167.35000610351562,161.04769897460938,151319500
2023-08-22,166.86000061035156,167.83999633789062,165.41000366210938,166.02000427246094,159.76779174804688,56835400
2023-08-23,165.89999389648438,166.5,163.47000122070312,164.52999877929688,158.3339080810547,119011400
2023-08-24,164.02999877929688,166.6699981689453,163.86000061035156,165.08999633789062,158.872802734375,70755100
2023-08-25,164.3000030517578,167.77999877929688,164.05999755859375,166.25,161.15069580078125,18185500
2023-08-28,165.0,166.2100067138672,163.1699981689453,164.2899932861328,159.25082397460938,18458000
2023-08-29,164.8699951171875,165.67999267578125,162.77000427246094,164.30999755859375,159.27023315429688,12208600
2023-08-30,165.11000061035156,165.8300018310547,163.67999267578125,163.72999572753906,158.70802307128906,9939100
2023-08-31,163.3699951171875,163.57000732421875,161.27999877929688,161.67999267578125,156.72088623046875,15333000
2023-09-01,161.4199981689453,162.47999572753906,160.00999450683594,160.47999572753906,155.5576934814453,8609500
2023-09-05,160.55999755859375,161.97000122070312,160.27999877929688,160.67999267578125,155.75157165527344,9019800
2023-09-06,159.83999633789062,160.0,157.35000610351562,158.00999450683594,153.16346740722656,9753800
2023-09-07,159.13999938964844,161.05999755859375,158.97999572753906,160.02999877929688,155.12149047851562,9931800
2023-09-08,159.58999633789062,160.67999267578125,159.19000244140625,160.55999755859375,155.63523864746094,6957000
2023-09-11,161.05999755859375,162.69000244140625,160.4499969482422,162.66000366210938,157.6708221435547,6309300
2023-09-12,162.22000122070312,163.92999267578125,161.52999877929688,163.5800018310547,158.5626220703125,6045800
2023-09-13,163.75999450683594,164.9499969482422,163.0,163.99000549316406,158.96005249023438,7397500
2023-09-14,164.67999267578125,165.27000427246094,163.44000244140625,163.74000549316406,158.7176971435547,7758400
2023-09-15,163.97999572753906,164.82000732421875,161.2100067138672,161.4499969482422,156.49794006347656,13388900
2023-09-18,162.1199951171875,163.14999389648438,160.75,162.47000122070312,157.48667907714844,5789000
2023-09-19,162.25,162.85000610351562,161.3800048828125,162.1999969482422,157.22494506835938,5550800
2023-09-20,162.19000244140625,163.5399932861328,161.66000366210938,162.91000366210938,157.91317749023438,3837400
2023-09-21,162.57000732421875,163.5,161.58999633789062,161.66000366210938,156.7014923095703,4526700
2023-09-22,161.3000030517578,161.39999389648438,160.25,160.5,155.57708740234375,4976700
2023-09-25,160.07000732421875,160.36000061035156,158.72999572753906,160.25999450683594,155.34445190429688,6722500
2023-09-26,159.80999755859375,160.0800018310547,158.86000061035156,159.02000427246094,154.14248657226562,4904800
2023-09-27,158.5800018310547,158.75999450683594,155.25999450683594,157.11000061035156,152.2910614013672,10211600
2023-09-28,157.5,157.9600067138672,156.22000122070312,156.8800048828125,152.06813049316406,7861900
2023-09-29,157.3699951171875,157.60000610351562,155.35000610351562,155.75,150.9727783203125,7679900
2023-10-02,155.4199981689453,155.4199981689453,153.32000732421875,155.14999389648438,150.39117431640625,7259700
2023-10-03,154.67999267578125,155.5,153.88999938964844,155.33999633789062,150.57534790039062,5740800
2023-10-04,155.57000732421875,155.92999267578125,154.57000732421875,155.52000427246094,150.7498321533203,4955200
2023-10-05,156.27000427246094,158.0399932861328,156.07000732421875,157.13999938964844,152.3201446533203,5993300
2023-10-06,157.0800018310547,158.3000030517578,156.58999633789062,157.63999938964844,152.80479431152344,5801100
2023-10-09,157.17999267578125,158.8800048828125,157.08999633789062,158.5399932861328,153.6772003173828,4414100
2023-10-10,158.3800048828125,159.27000427246094,157.89999389648438,158.36000061035156,153.50271606445312,5273500
2023-10-11,158.4600067138672,159.0500030517578,156.0399932861328,156.17999267578125,151.38958740234375,6922900
2023-10-12,155.9199981689453,156.55999755859375,155.07000732421875,156.3300018310547,151.53497314453125,5792400
2023-10-13,156.72999572753906,157.36000061035156,156.0500030517578,156.85000610351562,152.03904724121094,5359800
2023-10-16,157.82000732421875,158.25,156.83999633789062,157.52999877929688,152.69818115234375,6408100
2023-10-17,155.97999572753906,158.9499969482422,154.61000061035156,156.08999633789062,151.30235290527344,12244400
2023-10-18,155.41000366210938,155.9499969482422,152.0500030517578,152.72999572753906,148.04541015625,9097300
2023-10-19,151.6699981689453,153.11000061035156,150.14999389648438,152.32000732421875,147.6479949951172,7733800
2023-10-20,152.74000549316406,153.8699951171875,152.3300018310547,153.0,148.30712890625,7206600
2023-10-23,152.86000061035156,153.5,151.2100067138672,151.38999938964844,146.7465057373047,5874000
2023-10-24,150.75,151.9600067138672,150.1300048828125,151.22999572753906,146.59141540527344,6155300
2023-10-25,151.24000549316406,152.1699981689453,150.22999572753906,151.57000732421875,146.92100524902344,5880800
2023-10-26,151.97000122070312,151.97000122070312,148.8800048828125,149.0,144.4298095703125,7612500
2023-10-27,148.49000549316406,148.66000366210938,144.9499969482422,145.60000610351562,141.1341094970703,11385800
2023-10-30,146.08999633789062,147.24000549316406,146.0,147.02999877929688,142.52024841308594,8205300
2023-10-31,147.5399932861328,148.5399932861328,146.63999938964844,148.33999633789062,143.79005432128906,7576900
2023-11-01,149.19000244140625,149.75999450683594,148.4600067138672,148.69000244140625,144.12933349609375,5733000
2023-11-02,147.7100067138672,150.39999389648438,147.5399932861328,150.24000549316406,145.6317901611328,5349100
2023-11-03,151.2100067138672,152.27000427246094,150.14999389648438,151.33999633789062,146.69805908203125,4925500
2023-11-06,151.77999877929688,152.42999267578125,151.3699951171875,151.6999969482422,147.04701232910156,4851400
2023-11-07,151.92999267578125,152.25,150.67999267578125,150.89999389648438,146.2715301513672,4840400
2023-11-08,151.35000610351562,151.8300018310547,150.33999633789062,150.35000610351562,145.73841857910156,5460000
2023-11-09,150.5,150.5,147.25999450683594,147.4199981689453,142.89828491210938,6973600
2023-11-10,148.25,148.5,145.63999938964844,147.25,142.73350524902344,6930700
2023-11-13,147.25,147.89999389648438,146.64999389648438,147.6300048828125,143.1018524169922,5889300
2023-11-14,147.63999938964844,148.5399932861328,146.97000122070312,147.66000366210938,143.13092041015625,6713600
2023-11-15,147.35000610351562,149.4199981689453,147.27000427246094,148.8000030517578,144.23594665527344,6729100
2023-11-16,149.5,150.1699981689453,148.63999938964844,150.10000610351562,145.49609375,6875600
2023-11-17,150.5500030517578,150.7899932861328,149.07000732421875,149.7899932861328,145.19558715820312,7023300
2023-11-20,147.91000366210938,150.39999389648438,147.5399932861328,149.91000366210938,146.4755859375,8851700
2023-11-21,150.10000610351562,151.2899932861328,149.61000061035156,151.1199951171875,147.6578369140625,5916300
2023-11-22,151.6300048828125,152.0399932861328,150.38999938964844,150.82000732421875,147.36473083496094,4633500
2023-11-24,150.86000061035156,152.67999267578125,150.86000061035156,152.5,149.00624084472656,3351400
2023-11-27,152.2899932861328,152.32000732421875,150.97000122070312,151.27999877929688,147.81419372558594,6449700
2023-11-28,151.39999389648438,151.80999755859375,150.83999633789062,151.6300048828125,148.15615844726562,5909000
2023-11-29,151.3300018310547,152.1999969482422,151.07000732421875,152.11000061035156,148.6251678466797,5190000
2023-11-30,152.25999450683594,155.13999938964844,151.9199981689453,154.66000366210938,151.11676025390625,12481900
2023-12-01,156.44000244140625,158.4600067138672,155.47000122070312,158.3800048828125,154.75152587890625,10342500
2023-12-04,158.0,160.02000427246094,158.0,158.8800048828125,155.24008178710938,8920300
2023-12-05,158.8000030517578,159.6300048828125,158.22000122070312,158.5500030517578,154.91763305664062,7268200
2023-12-06,158.52000427246094,158.66000366210938,156.1699981689453,156.6199951171875,153.0318603515625,6642900
2023-12-07,156.5800018310547,156.5800018310547,154.7100067138672,155.39999389648438,151.8397979736328,6532400
2023-12-08,155.4199981689453,155.85000610351562,153.83999633789062,154.4199981689453,150.8822479248047,6253700
2023-12-11,154.5,155.47999572753906,154.35000610351562,155.05999755859375,151.50759887695312,6090400
2023-12-12,155.0,155.32000732421875,153.64999389648438,155.07000732421875,151.5173797607422,5324400
2023-12-13,153.66000366210938,155.94000244140625,151.77000427246094,155.7899932861328,152.22085571289062,10764600
2023-12-14,156.47000122070312,157.16000366210938,155.0500030517578,156.8699951171875,153.276123046875,9240700
2023-12-15,155.49000549316406,156.69000244140625,153.75999450683594,155.16000366210938,151.6053009033203,21712500
2023-12-18,155.2100067138672,156.44000244140625,154.75999450683594,155.44000244140625,151.87889099121094,7231400
2023-12-19,155.3000030517578,156.5,154.94000244140625,156.4600067138672,152.87551879882812,6651500
2023-12-20,156.5399932861328,156.66000366210938,153.11000061035156,153.27000427246094,149.7586212158203,7008300
2023-12-21,153.69000244140625,155.1300048828125,153.3000030517578,154.83999633789062,151.29263305664062,4598600
2023-12-22,155.25,156.52999877929688,155.02000427246094,155.4600067138672,151.8984375,3798500
2023-12-26,155.0,156.35000610351562,154.85000610351562,156.13999938964844,152.56285095214844,4170000
2023-12-27,155.5,156.52000427246094,155.4199981689453,156.35000610351562,152.76805114746094,5288100
2023-12-28,156.0,157.24000549316406,155.99000549316406,156.5800018310547,152.99276733398438,4377500
2023-12-29,156.50999450683594,156.89999389648438,155.97999572753906,156.74000549316406,153.14910888671875,4311100
2024-01-02,156.92999267578125,161.63999938964844,156.7899932861328,159.97000122070312,156.3050994873047,9622100
2024-01-03,160.63999938964844,161.44000244140625,159.8000030517578,160.97000122070312,157.28219604492188,8232000
2024-01-04,161.58999633789062,161.97999572753906,160.4199981689453,160.6300048828125,156.9499969482422,6766600
2024-01-05,160.5,161.33999633789062,159.47000122070312,161.1300048828125,157.43853759765625,5602500
2024-01-08,161.10000610351562,161.66000366210938,159.61000061035156,161.52999877929688,157.82936096191406,6569800
2024-01-09,161.6300048828125,163.27999877929688,160.60000610351562,161.6300048828125,157.9270782470703,6357000
2024-01-10,161.82000732421875,162.6199951171875,161.1999969482422,161.8699951171875,158.1615753173828,4945100
2024-01-11,162.07000732421875,162.1999969482422,160.77999877929688,161.14999389648438,157.45806884765625,4946000
2024-01-12,161.83999633789062,162.47000122070312,161.69000244140625,162.38999938964844,158.66966247558594,4496500
2024-01-16,161.57000732421875,162.25,160.17999267578125,160.52000427246094,156.84251403808594,6923200
2024-01-17,160.25,161.3000030517578,159.8699951171875,160.42999267578125,156.7545623779297,5072100
2024-01-18,160.0,161.3699951171875,159.69000244140625,161.2100067138672,157.51670837402344,5368500
2024-01-19,161.14999389648438,161.9199981689453,160.27999877929688,161.67999267578125,157.9759063720703,7055800
2024-01-22,162.0,163.5800018310547,161.33999633789062,162.47000122070312,158.74781799316406,6824200
2024-01-23,159.66000366210938,160.50999450683594,156.91000366210938,159.80999755859375,156.14877319335938,9149800
2024-01-24,159.75,160.60000610351562,158.16000366210938,158.9600067138672,155.31825256347656,7247900
2024-01-25,159.0,159.6199951171875,158.47000122070312,159.55999755859375,155.9044952392578,5478900
2024-01-26,160.42999267578125,160.74000549316406,159.36000061035156,159.5,155.8458709716797,5591900
2024-01-29,159.00999450683594,160.07000732421875,158.9600067138672,159.36000061035156,155.70907592773438,6483200
2024-01-30,159.35000610351562,159.75999450683594,158.1300048828125,158.77000427246094,155.13259887695312,7200500
2024-01-31,160.39999389648438,160.6199951171875,158.6699981689453,158.89999389648438,155.2595977783203,8256800
2024-02-01,158.16000366210938,158.49000549316406,157.0500030517578,158.36000061035156,154.73199462890625,8012000
2024-02-02,157.97000122070312,158.30999755859375,155.94000244140625,156.61000061035156,153.02207946777344,8295500
2024-02-05,156.61000061035156,156.88999938964844,155.33999633789062,155.8000030517578,152.2306365966797,9121600
2024-02-06,155.8300018310547,158.72999572753906,155.60000610351562,158.05999755859375,154.43885803222656,9229900
2024-02-07,157.8000030517578,159.3699951171875,157.69000244140625,157.97999572753906,154.36070251464844,8690300
2024-02-08,157.33999633789062,157.33999633789062,155.30999755859375,156.39999389648438,152.81687927246094,9755000
2024-02-09,156.27000427246094,157.1999969482422,155.6699981689453,156.75999450683594,153.16864013671875,6529200
2024-02-12,156.5800018310547,158.41000366210938,156.35000610351562,157.85000610351562,154.2336883544922,6701500
2024-02-13,157.63999938964844,158.4499969482422,155.75,156.47000122070312,152.88528442382812,8621000
2024-02-14,156.35000610351562,156.4600067138672,154.83999633789062,155.74000549316406,152.17202758789062,9098800
2024-02-15,155.97999572753906,158.47999572753906,155.88999938964844,157.9199981689453,154.3020782470703,7462500
2024-02-16,156.60000610351562,157.25999450683594,155.6699981689453,156.5500030517578,154.12484741210938,8540700
2024-02-20,156.55999755859375,158.61000061035156,156.44000244140625,157.86000061035156,155.41456604003906,9501700
2024-02-21,158.02000427246094,158.69000244140625,157.1300048828125,158.67999267578125,156.22186279296875,7473300
2024-02-22,158.97999572753906,160.74000549316406,157.77000427246094,160.4499969482422,157.9644317626953,8065000
2024-02-23,160.8800048828125,162.25,160.16000366210938,161.83999633789062,159.33290100097656,6726000
2024-02-26,161.8000030517578,162.00999450683594,160.57000732421875,160.7899932861328,158.29916381835938,5465400
2024-02-27,160.33999633789062,161.0399932861328,159.63999938964844,160.97999572753906,158.48622131347656,5078600
2024-02-28,161.0,161.61000061035156,160.2899932861328,161.5500030517578,159.0474090576172,6071100
2024-02-29,162.0,162.19000244140625,160.94000244140625,161.3800048828125,158.88003540039062,9849100
2024-03-01,161.8300018310547,162.57000732421875,161.08999633789062,162.1199951171875,159.6085662841797,5668000
2024-03-04,161.32000732421875,161.61000061035156,158.27000427246094,159.83999633789062,157.3638916015625,8532900
2024-03-05,160.6199951171875,161.24000549316406,159.1999969482422,159.97000122070312,157.49188232421875,8298200
2024-03-06,159.4600067138672,160.92999267578125,159.22000122070312,159.33999633789062,156.8716278076172,5773700
2024-03-07,160.0,160.36000061035156,158.24000549316406,158.8699951171875,156.40890502929688,5188700
2024-03-08,158.8699951171875,160.38999938964844,158.42999267578125,159.52000427246094,157.04884338378906,5283200
2024-03-11,159.49000549316406,161.32000732421875,158.8800048828125,161.22999572753906,158.73236083984375,4620800
2024-03-12,161.5800018310547,163.11000061035156,161.1300048828125,162.74000549316406,160.21897888183594,8018700
2024-03-13,162.52999877929688,162.67999267578125,159.80999755859375,161.10000610351562,158.6043701171875,6260000
2024-03-14,160.94000244140625,161.5399932861328,158.69000244140625,159.2100067138672,156.74365234375,6988300
2024-03-15,158.05999755859375,159.19000244140625,157.10000610351562,158.17999267578125,155.72959899902344,13165500
2024-03-18,158.57000732421875,158.69000244140625,156.5,156.75999450683594,154.33160400390625,6602300
2024-03-19,156.6699981689453,156.86000061035156,155.66000366210938,156.2100067138672,153.79013061523438,7840600
2024-03-20,155.6999969482422,156.44000244140625,155.2100067138672,155.75999450683594,153.3470916748047,5982300
2024-03-21,155.58999633789062,156.9499969482422,155.10000610351562,155.75,153.33724975585938,5915800
2024-03-22,155.69000244140625,156.36000061035156,155.11000061035156,155.22999572753906,152.82530212402344,7245400
2024-03-25,155.39999389648438,155.97999572753906,154.89999389648438,155.22000122070312,152.81546020507812,7498100
2024-03-26,155.61000061035156,156.22999572753906,154.75999450683594,155.77000427246094,153.35694885253906,6864100
2024-03-27,155.99000549316406,158.22000122070312,155.44000244140625,157.9600067138672,155.5130157470703,8461600
2024-03-28,158.1999969482422,159.13999938964844,158.11000061035156,158.19000244140625,155.7394561767578,6181500
2024-04-01,157.72000122070312,158.14999389648438,156.77000427246094,157.77999877929688,155.33580017089844,4364700
2024-04-02,156.57000732421875,157.8300018310547,155.9499969482422,157.72999572753906,155.2865753173828,6102300
2024-04-03,157.7899932861328,158.0500030517578,154.25,154.25999450683594,151.87033081054688,8098200
2024-04-04,155.30999755859375,155.5,152.41000366210938,152.5,150.13760375976562,6947400
2024-04-05,152.02999877929688,153.00999450683594,151.61000061035156,152.38999938964844,150.029296875,6778100
2024-04-08,151.99000549316406,153.0399932861328,151.55999755859375,151.58999633789062,149.24168395996094,5935400
2024-04-09,151.5500030517578,152.52999877929688,150.94000244140625,152.2899932861328,149.93084716796875,6135600
2024-04-10,151.52999877929688,151.82000732421875,149.75999450683594,150.1999969482422,147.8732147216797,6809500
2024-04-11,150.8000030517578,150.8699951171875,148.38999938964844,148.7899932861328,146.4850616455078,8374400
2024-04-12,148.05999755859375,149.07000732421875,147.14999389648438,147.52000427246094,145.2347412109375,7097500
2024-04-15,148.3699951171875,149.49000549316406,147.3699951171875,147.58999633789062,145.3036651611328,8502300
2024-04-16,145.00999450683594,146.25,143.38999938964844,144.4499969482422,142.21229553222656,12774900
2024-04-17,145.0,145.41000366210938,143.5399932861328,144.77000427246094,142.52734375,9378100
2024-04-18,144.97999572753906,145.8000030517578,143.1300048828125,145.74000549316406,143.48231506347656,9887700
2024-04-19,146.14999389648438,148.1300048828125,144.5399932861328,147.91000366210938,145.61871337890625,9747700
2024-04-22,148.50999450683594,150.27000427246094,147.3000030517578,149.1199951171875,146.80995178222656,10118700
2024-04-23,149.86000061035156,150.49000549316406,148.1999969482422,149.55999755859375,147.24313354492188,10110400
2024-04-24,148.13999938964844,148.99000549316406,146.86000061035156,148.52999877929688,146.22909545898438,9756300
2024-04-25,149.3699951171875,149.5800018310547,146.3300018310547,146.82000732421875,144.54559326171875,7642700
2024-04-26,146.6999969482422,147.17999267578125,145.9499969482422,146.13999938964844,143.87612915039062,6183000
2024-04-29,146.13999938964844,147.22000122070312,145.99000549316406,146.82000732421875,144.54559326171875,6149600
2024-04-30,146.8800048828125,146.8800048828125,144.52999877929688,144.58999633789062,142.35012817382812,8817700
2024-05-01,148.74000549316406,151.85000610351562,147.6199951171875,151.17999267578125,148.83804321289062,14470900
2024-05-02,152.0399932861328,152.3300018310547,149.13999938964844,149.9199981689453,147.59756469726562,8459800
2024-05-03,149.88999938964844,149.88999938964844,147.82000732421875,149.27000427246094,146.95762634277344,6532700
2024-05-06,149.8699951171875,150.0500030517578,147.91000366210938,148.5800018310547,146.2783203125,5042800
2024-05-07,149.3800048828125,149.72999572753906,148.4499969482422,148.72000122070312,146.41615295410156,7333500
2024-05-08,149.1199951171875,149.72999572753906,148.6999969482422,148.9499969482422,146.642578125,7735100
2024-05-09,148.97999572753906,150.10000610351562,148.88999938964844,149.85000610351562,147.52865600585938,6546200
2024-05-10,150.0,150.08999633789062,149.19000244140625,149.91000366210938,147.5877227783203,5710600
2024-05-13,150.0399932861328,152.0,149.7100067138672,151.22000122070312,148.87742614746094,5628500
2024-05-14,151.85000610351562,152.2100067138672,150.6999969482422,151.3800048828125,149.0349578857422,8254200
2024-05-15,151.82000732421875,152.9499969482422,151.3000030517578,152.6699981689453,150.30496215820312,5548000
2024-05-16,153.0,154.3800048828125,152.3300018310547,154.27999877929688,151.8900146484375,7591000
2024-05-17,154.86000061035156,154.86000061035156,153.7100067138672,154.63999938964844,152.24444580078125,6521800
2024-05-20,153.10000610351562,153.38999938964844,151.25999450683594,151.27000427246094,150.1304931640625,7742300
2024-05-21,151.77999877929688,152.58999633789062,150.7899932861328,151.24000549316406,150.10072326660156,5492400
2024-05-22,150.83999633789062,154.0800018310547,150.32000732421875,153.5,152.34368896484375,6609800
2024-05-23,152.75,152.83999633789062,149.3800048828125,149.6999969482422,148.5723114013672,8000400
2024-05-24,149.52999877929688,149.80999755859375,146.75999450683594,146.97000122070312,145.86288452148438,9517000
2024-05-28,146.7899932861328,146.7899932861328,144.14999389648438,144.3800048828125,143.2924041748047,10499800
2024-05-29,143.82000732421875,145.4199981689453,143.7100067138672,144.44000244140625,143.35194396972656,8263800
2024-05-30,144.6199951171875,145.61000061035156,144.02000427246094,145.27999877929688,144.18560791015625,8491100
2024-05-31,145.57000732421875,147.47999572753906,145.19000244140625,146.6699981689453,145.5651397705078,14621200
2024-06-03,147.25,148.89999389648438,146.77000427246094,147.74000549316406,146.62709045410156,7329200
2024-06-04,147.47999572753906,148.30999755859375,146.19000244140625,147.8000030517578,146.68663024902344,8876400
2024-06-05,147.97000122070312,147.99000549316406,145.85000610351562,145.97000122070312,144.87042236328125,5891300
2024-06-06,145.5,147.0,144.66000366210938,146.4199981689453,145.3170166015625,5016300
2024-06-07,146.67999267578125,148.3000030517578,146.33999633789062,147.0800018310547,145.97206115722656,5111600
2024-06-10,146.52999877929688,147.55999755859375,145.60000610351562,147.1300048828125,146.0216827392578,5751300
2024-06-11,146.80999755859375,147.16000366210938,145.44000244140625,146.75999450683594,145.6544647216797,5661200
2024-06-12,147.05999755859375,147.2100067138672,144.77999877929688,145.41000366210938,144.31463623046875,6180500
2024-06-13,145.07000732421875,146.0,143.8800048828125,145.4499969482422,144.3543243408203,6840400
2024-06-14,145.13999938964844,145.97000122070312,144.47999572753906,145.5399932861328,144.4436492919922,4075300
2024-06-17,145.02000427246094,146.42999267578125,144.74000549316406,145.9499969482422,144.85055541992188,6666600
2024-06-18,145.9600067138672,146.38999938964844,145.25999450683594,145.64999389648438,144.55282592773438,6156600
2024-06-20,145.27000427246094,148.0800018310547,145.00999450683594,147.77999877929688,146.66677856445312,8749700
2024-06-21,147.88999938964844,149.0800018310547,147.3699951171875,148.75,147.6294708251953,15176900
2024-06-24,149.0,149.72000122070312,148.1699981689453,149.1199951171875,147.99667358398438,6914700
2024-06-25,149.17999267578125,149.1999969482422,146.94000244140625,147.19000244140625,146.0812225341797,6620300
2024-06-26,146.1999969482422,147.19000244140625,145.77999877929688,146.82000732421875,145.71401977539062,5267800
2024-06-27,146.8000030517578,147.36000061035156,144.83999633789062,145.8000030517578,144.7017059326172,5739200
2024-06-28,146.0399932861328,147.07000732421875,145.64999389648438,146.16000366210938,145.05899047851562,10495700
2024-07-01,146.07000732421875,148.6999969482422,145.6199951171875,146.44000244140625,145.33688354492188,5144400
2024-07-02,146.42999267578125,147.14999389648438,145.74000549316406,146.02999877929688,144.92996215820312,5492000
2024-07-03,146.1999969482422,146.64999389648438,144.74000549316406,145.69000244140625,144.592529296875,3246200
2024-07-05,145.77000427246094,146.5500030517578,144.5,146.47999572753906,145.37657165527344,4888500
2024-07-08,146.39999389648438,147.22000122070312,145.25,145.47999572753906,144.38409423828125,5260200
2024-07-09,145.6699981689453,147.1300048828125,145.17999267578125,147.0500030517578,145.94227600097656,5890400
2024-07-10,147.25999450683594,149.47000122070312,146.67999267578125,149.42999267578125,148.30433654785156,6093200
2024-07-11,149.5800018310547,150.5800018310547,148.63999938964844,149.6999969482422,148.5723114013672,6350400
2024-07-12,150.0,150.8800048828125,149.24000549316406,149.8800048828125,148.75096130371094,5336400
2024-07-15,150.0800018310547,150.25,148.8699951171875,149.24000549316406,148.11578369140625,6711400
2024-07-16,149.69000244140625,151.0800018310547,149.16000366210938,151.00999450683594,149.8724365234375,6469600
2024-07-17,151.5500030517578,157.49000549316406,151.4199981689453,156.5800018310547,155.40049743652344,13801400
2024-07-18,155.60000610351562,157.07000732421875,154.6199951171875,155.4199981689453,154.2492218017578,10166200
2024-07-19,156.50999450683594,156.50999450683594,154.1199951171875,154.69000244140625,153.5247344970703,7398000
2024-07-22,154.77000427246094,155.11000061035156,153.58999633789062,154.24000549316406,153.078125,6840600
2024-07-23,153.30999755859375,153.5,151.57000732421875,152.35000610351562,151.20236206054688,6261900
2024-07-24,152.75999450683594,156.41000366210938,152.3300018310547,156.27999877929688,155.10275268554688,7168200
2024-07-25,156.47999572753906,160.5800018310547,156.0,159.63999938964844,158.43743896484375,10019600
2024-07-26,159.75,161.5800018310547,159.47000122070312,160.63999938964844,159.42990112304688,8356900
2024-07-29,159.97000122070312,160.0,158.0500030517578,158.55999755859375,157.36557006835938,5625000
2024-07-30,158.5399932861328,161.5500030517578,158.36000061035156,161.3300018310547,160.11471557617188,6545700
2024-07-31,159.85000610351562,160.35000610351562,157.74000549316406,157.85000610351562,156.6609344482422,8293200
