Date,Open,High,Low,Close,Adj Close,Volume
2010-01-04,35.13358688354492,35.54389190673828,34.875953674316406,35.314884185791016,21.387222290039062,14563532
2010-01-05,35.59160232543945,35.73473358154297,35.238548278808594,35.45801544189453,21.473892211914062,15452550
2010-01-06,35.5057258605957,36.00190734863281,35.209922790527344,35.935115814208984,21.762840270996094,15971415
2010-01-07,35.75381851196289,36.16412353515625,35.6870231628418,35.992366790771484,21.797504425048828,12488597
2010-01-08,36.135494232177734,36.154579162597656,35.71564865112305,35.97328186035156,21.78594398498535,11283921
2010-01-11,36.14503860473633,36.183204650878906,35.78244400024414,36.11641311645508,21.87262535095215,10041726
2010-01-12,36.08778762817383,36.25,35.610687255859375,35.83015441894531,21.69927215576172,11445942
2010-01-13,36.55534362792969,37.566795349121094,36.35496139526367,37.14694595336914,22.49673080444336,26593419
2010-01-14,37.4427490234375,38.28244400024414,37.30915832519531,38.15839767456055,23.109283447265625,23081466
2010-01-15,38.14885330200195,38.42557144165039,37.22328186035156,37.66221237182617,22.808792114257812,21854258
2010-01-19,37.738548278808594,38.96946716308594,37.63358688354492,38.75954055786133,23.473342895507812,20908334
2010-01-20,38.77862548828125,39.26526641845703,38.139312744140625,39.15076446533203,23.710283279418945,21843150
2010-01-21,39.1984748840332,39.656490325927734,38.21564865112305,38.2442741394043,23.161298751831055,26803019
2010-01-22,38.07251739501953,38.44465637207031,36.9942741394043,37.08969497680664,22.462068557739258,18301853
2010-01-25,37.48091506958008,37.91984558105469,36.946563720703125,36.98473358154297,22.398496627807617,16116039
2010-01-26,36.73664093017578,37.16603088378906,36.41221237182617,36.8129768371582,22.294483184814453,20817158
2010-01-27,36.72710037231445,37.00381851196289,36.22137451171875,36.8702278137207,22.329147338867188,18322289
2010-01-28,36.96564865112305,37.156490325927734,36.20228958129883,36.23091506958008,21.941974639892578,14008197
2010-01-29,36.507633209228516,37.22328186035156,35.935115814208984,36.431297302246094,22.06332778930664,16893655
2010-02-01,36.79389190673828,36.860687255859375,36.32633590698242,36.54580307006836,22.13267707824707,9666647
2010-02-02,36.60305404663086,37.90076446533203,36.35496139526367,37.729007720947266,22.849239349365234,15857288
2010-02-03,37.595420837402344,37.614505767822266,36.70801544189453,36.946563720703125,22.375385284423828,18305311
2010-02-04,36.63167953491211,36.74618148803711,35.13358688354492,35.40076446533203,21.439224243164062,26547307
2010-02-05,35.35305404663086,35.38167953491211,34.17938995361328,35.04771041870117,21.22541046142578,24074970
2010-02-08,34.904579162597656,35.38167953491211,34.56106948852539,34.91412353515625,21.144508361816406,10705949
2010-02-09,35.238548278808594,35.46755599975586,34.656490325927734,34.799617767333984,21.075153350830078,17965864
2010-02-10,34.828243255615234,35.00954055786133,34.122135162353516,34.54198455810547,20.91912841796875,17627884
2010-02-11,34.56106948852539,35.30534362792969,34.22710037231445,35.19084167480469,21.31209373474121,15123478
2010-02-12,34.95228958129883,35.4484748840332,34.4370231628418,35.229007720947266,21.335203170776367,18766955
2010-02-16,35.992366790771484,36.431297302246094,35.553436279296875,35.935115814208984,21.762840270996094,21768951
2010-02-17,36.00190734863281,36.183204650878906,35.45801544189453,35.6297721862793,21.577917098999023,12534918
2010-02-18,35.57251739501953,35.78244400024414,35.33396911621094,35.582061767578125,21.54902458190918,12942590
2010-02-19,35.524810791015625,35.906490325927734,35.4484748840332,35.77289962768555,21.66459083557129,13004003
2010-02-22,36.125953674316406,36.125953674316406,34.92366409301758,35.41984558105469,21.450775146484375,18421115
2010-02-23,35.209922790527344,35.43893051147461,34.73282241821289,34.83778762817383,21.098283767700195,16699670
2010-02-24,35.01908493041992,35.343509674072266,34.60877990722656,35.238548278808594,21.340984344482422,17913988
2010-02-25,34.770992279052734,34.98091506958008,34.39885330200195,34.89503860473633,21.132944107055664,17854252
2010-02-26,35.01908493041992,35.36259460449219,34.770992279052734,35.19084167480469,21.31209373474121,13800483
2010-03-01,35.33396911621094,35.71564865112305,35.33396911621094,35.5629768371582,21.537464141845703,12373107
2010-03-02,35.85877990722656,35.963741302490234,35.610687255859375,35.67748260498047,21.606807708740234,12842402
2010-03-03,35.963741302490234,36.11641311645508,35.40076446533203,35.5057258605957,21.50278091430664,13186879
2010-03-04,35.582061767578125,35.667938232421875,35.19084167480469,35.43893051147461,21.46233367919922,12421839
2010-03-05,35.51526641845703,35.83969497680664,35.238548278808594,35.77289962768555,21.66459083557129,10342502
2010-03-08,35.77289962768555,35.82061004638672,35.41030502319336,35.639312744140625,21.583688735961914,12625570
2010-03-09,35.5057258605957,35.59160232543945,35.143131256103516,35.343509674072266,21.404550552368164,15401198
2010-03-10,35.257633209228516,35.38167953491211,34.828243255615234,34.99045944213867,21.190738677978516,20357505
2010-03-11,34.685115814208984,35.257633209228516,34.446563720703125,35.19084167480469,21.53525733947754,16049177
2010-03-12,35.35305404663086,35.49618148803711,35.04771041870117,35.45801544189453,21.698753356933594,17172738
2010-03-15,35.343509674072266,36.068702697753906,35.30534362792969,36.020992279052734,22.043270111083984,18251863
2010-03-16,36.040077209472656,36.25954055786133,35.6870231628418,36.20228958129883,22.15421485900879,19187937
2010-03-17,36.25,36.35496139526367,35.84923553466797,36.33587646484375,22.235965728759766,12983986
2010-03-18,36.32633590698242,36.6984748840332,36.14503860473633,36.68893051147461,22.45201301574707,13097275
2010-03-19,36.316795349121094,37.06106948852539,36.11641311645508,36.316795349121094,22.224288940429688,32252934
2010-03-22,36.33587646484375,37.25190734863281,36.288169860839844,36.54580307006836,22.364437103271484,16215914
2010-03-23,36.803436279296875,36.975189208984375,36.49809265136719,36.73664093017578,22.48121452331543,12927185
2010-03-24,36.66984558105469,36.74618148803711,36.24045944213867,36.26908493041992,22.195098876953125,12930643
2010-03-25,36.57442855834961,36.58396911621094,36.03053283691406,36.049617767333984,22.060792922973633,13808029
2010-03-26,36.08778762817383,36.20228958129883,35.639312744140625,35.71564865112305,21.856409072875977,14149782
2010-03-29,35.85877990722656,36.26908493041992,35.85877990722656,36.154579162597656,22.125019073486328,11693898
2010-03-30,36.22137451171875,36.22137451171875,35.79198455810547,35.935115814208984,21.990713119506836,10397313
2010-03-31,35.77289962768555,35.86832046508789,35.36259460449219,35.639312744140625,21.8096981048584,13588787
2010-04-01,35.91603088378906,36.14503860473633,35.78244400024414,35.98282241821289,22.019922256469727,10621794
2010-04-05,36.20228958129883,36.23091506958008,35.6202278137207,35.67748260498047,21.83306312561035,10966796
2010-04-06,35.81106948852539,35.81106948852539,35.46755599975586,35.54389190673828,21.751304626464844,12864095
2010-04-07,35.667938232421875,35.696563720703125,34.885494232177734,35.10496139526367,21.482698440551758,19274921
2010-04-08,35.152671813964844,35.32442855834961,34.9427490234375,35.095420837402344,21.47686195373535,12922154
2010-04-09,35.114505767822266,35.54389190673828,35.095420837402344,35.27671813964844,21.587812423706055,10552941
2010-04-12,35.26717758178711,35.39122009277344,35.114505767822266,35.16221237182617,21.517736434936523,11175662
2010-04-13,35.00954055786133,35.238548278808594,34.904579162597656,35.01908493041992,21.430150985717773,12493942
2010-04-14,35.0572509765625,35.0572509765625,34.360687255859375,34.5515251159668,21.144018173217773,20934534
2010-04-15,34.56106948852539,34.828243255615234,34.3129768371582,34.389312744140625,21.044754028320312,21771152
2010-04-16,34.34160232543945,34.51335906982422,33.75,34.07442855834961,20.852062225341797,21576538
2010-04-19,34.04580307006836,34.332061767578125,33.67366409301758,34.2557258605957,20.9630069732666,13147998
2010-04-20,34.39885330200195,34.73282241821289,34.22710037231445,34.40839767456055,21.056434631347656,10639506
2010-04-21,34.4370231628418,34.52289962768555,33.110687255859375,33.14885330200195,20.2856502532959,38975015
2010-04-22,32.98664093017578,33.0629768371582,32.213741302490234,32.22328186035156,19.71923828125,40059695
2010-04-23,32.290077209472656,34.122135162353516,32.00381851196289,33.83587646484375,20.706069946289062,43319185
2010-04-26,33.950382232666016,34.3129768371582,33.3015251159668,33.39694595336914,20.437469482421875,27871979
2010-04-27,33.25381851196289,33.85496139526367,32.83396911621094,32.90076446533203,20.133827209472656,20457694
2010-04-28,32.91984558105469,33.20610809326172,32.63358688354492,32.97710037231445,20.180543899536133,17689716
2010-04-29,33.377864837646484,33.979007720947266,33.377864837646484,33.635494232177734,20.583452224731445,19118454
2010-04-30,33.711830139160156,34.16030502319336,33.42557144165039,33.435115814208984,20.460838317871094,16476342
2010-05-03,33.67366409301758,33.8072509765625,33.435115814208984,33.654579162597656,20.59513282775879,13021190
2010-05-04,33.96946716308594,34.69465637207031,33.96946716308594,34.16984558105469,20.910451889038086,33995967
2010-05-05,33.79771041870117,34.13167953491211,33.3015251159668,33.959922790527344,20.781984329223633,22489661
2010-05-06,33.788169860839844,33.950382232666016,29.293893814086914,32.700382232666016,20.011201858520508,32246750
2010-05-07,32.356868743896484,32.652671813964844,31.440839767456055,31.956106185913086,19.55573081970215,27703775
2010-05-10,32.36641311645508,33.26335906982422,32.33778762817383,32.681297302246094,19.999528884887695,24561976
2010-05-11,31.822519302368164,32.54771041870117,31.517175674438477,31.975191116333008,19.567420959472656,25819786
2010-05-12,32.41412353515625,32.48091506958008,31.898855209350586,32.09923553466797,19.643327713012695,20002442
2010-05-13,32.13740539550781,32.20419692993164,31.5935115814209,31.784351348876953,19.450634002685547,15354353
2010-05-14,31.822519302368164,31.822519302368164,31.18320655822754,31.374046325683594,19.199541091918945,22117621
2010-05-17,31.412214279174805,31.545801162719727,30.706106185913086,31.27862548828125,19.141145706176758,16146222
2010-05-18,31.459924697875977,31.488550186157227,30.82061004638672,30.86832046508789,18.890064239501953,19165195
2010-05-19,30.725191116333008,31.393129348754883,30.601144790649414,31.125953674316406,19.0477294921875,22192134
2010-05-20,30.753816604614258,31.059160232543945,30.295801162719727,30.362594604492188,18.580577850341797,25881198
2010-05-21,29.770992279052734,30.677480697631836,29.61832046508789,30.572519302368164,18.709043502807617,26721694
2010-05-24,30.41030502319336,30.83015251159668,30.162214279174805,30.4007625579834,18.60393524169922,13930016
2010-05-25,29.866411209106445,30.610687255859375,29.675573348999023,30.591602325439453,18.72071647644043,21679766
2010-05-26,30.51526641845703,31.345420837402344,30.38167953491211,30.935115814208984,18.930938720703125,27518803
2010-05-27,31.412214279174805,32.127864837646484,31.27862548828125,32.08015441894531,19.631654739379883,32049098
2010-05-28,32.09923553466797,32.5572509765625,31.965648651123047,32.14694595336914,19.672521591186523,26192454
2010-06-01,31.898855209350586,32.461830139160156,31.784351348876953,31.994274139404297,19.5790958404541,21756061
2010-06-02,32.08969497680664,32.80534362792969,31.994274139404297,32.786258697509766,20.063758850097656,16971522
2010-06-03,32.85305404663086,32.97710037231445,32.433204650878906,32.71946716308594,20.022884368896484,13739385
2010-06-04,32.299617767333984,32.36641311645508,31.479007720947266,31.6507625579834,19.368881225585938,19078316
2010-06-07,31.66984748840332,31.98473358154297,31.583969116210938,31.784351348876953,19.450634002685547,14809288
2010-06-08,31.879770278930664,32.318702697753906,31.583969116210938,32.261451721191406,19.74259376525879,16223983
2010-06-09,32.30915832519531,32.566795349121094,31.956106185913086,32.16603088378906,19.6841983795166,13463761
2010-06-10,32.57633590698242,33.1870231628418,32.433204650878906,33.0629768371582,20.233097076416016,19612901
2010-06-11,32.77671813964844,33.492366790771484,32.66221237182617,33.26335906982422,20.581432342529297,18989865
2010-06-14,33.44465637207031,33.635494232177734,33.34923553466797,33.41603088378906,20.6758975982666,14311802
2010-06-15,33.47328186035156,34.39885330200195,33.42557144165039,34.3702278137207,21.266294479370117,22954658
2010-06-16,34.07442855834961,34.52289962768555,34.064884185791016,34.360687255859375,21.260393142700195,18167394
2010-06-17,34.48473358154297,34.58969497680664,33.683204650878906,34.21755599975586,21.171829223632812,18747358
2010-06-18,34.2557258605957,34.35114669799805,33.85496139526367,34.036258697509766,21.059656143188477,20582510
2010-06-21,34.389312744140625,34.4942741394043,33.31106948852539,33.511451721191406,20.734939575195312,16317989
2010-06-22,33.578243255615234,34.08396911621094,33.463741302490234,33.520992279052734,20.740833282470703,17187095
2010-06-23,33.58778762817383,34.02671813964844,33.33015441894531,33.79771041870117,20.912057876586914,13624629
2010-06-24,33.568702697753906,34.064884185791016,33.55915832519531,33.979007720947266,21.024232864379883,17217592
2010-06-25,33.96946716308594,34.4942741394043,33.66412353515625,34.28435134887695,21.21316146850586,35498904
2010-06-28,34.475189208984375,34.48473358154297,33.94084167480469,34.29389190673828,21.219058990478516,14404341
2010-06-29,33.921756744384766,34.16030502319336,33.39694595336914,33.8072509765625,20.91796112060547,23962206
2010-06-30,33.70228958129883,33.72137451171875,33.15839767456055,33.36832046508789,20.646377563476562,22218753
2010-07-01,33.23473358154297,33.29198455810547,32.10877990722656,32.86259460449219,20.333459854125977,26815386
2010-07-02,32.88167953491211,32.91984558105469,32.10877990722656,32.652671813964844,20.20356559753418,17809188
2010-07-06,32.709922790527344,33.10114669799805,32.49045944213867,33.0629768371582,20.45744514465332,15630396
2010-07-07,33.17748260498047,33.83587646484375,32.843509674072266,33.8072509765625,20.91796112060547,17699882
2010-07-08,34.22710037231445,34.22710037231445,33.711830139160156,34.21755599975586,21.171829223632812,16314426
2010-07-09,34.26526641845703,34.73282241821289,34.08396911621094,34.63740539550781,21.431610107421875,12569083
2010-07-12,34.54198455810547,34.58015441894531,34.1984748840332,34.4370231628418,21.307626724243164,13223245
2010-07-13,34.475189208984375,35.01908493041992,34.3797721862793,34.78053283691406,21.520166397094727,13523497
2010-07-14,34.5515251159668,34.70419692993164,34.18893051147461,34.54198455810547,21.372570037841797,11736657
2010-07-15,34.58969497680664,34.885494232177734,34.2557258605957,34.818702697753906,21.54378890991211,11518673
2010-07-16,34.856868743896484,35.114505767822266,34.23664093017578,34.26526641845703,21.201353073120117,17374792
2010-07-19,34.29389190673828,34.45610809326172,34.05534362792969,34.16030502319336,21.13640594482422,10604188
2010-07-20,33.893131256103516,34.02671813964844,33.58778762817383,34.02671813964844,21.053754806518555,14684262
2010-07-21,33.85496139526367,34.05534362792969,33.377864837646484,33.578243255615234,20.77626609802246,13429491
2010-07-22,33.74045944213867,33.893131256103516,33.39694595336914,33.568702697753906,20.770353317260742,16482944
2010-07-23,33.55915832519531,33.55915832519531,32.83396911621094,33.27289962768555,20.58733367919922,16431802
2010-07-26,33.39694595336914,33.683204650878906,33.21564865112305,33.654579162597656,20.823497772216797,10096956
2010-07-27,33.70228958129883,33.959922790527344,33.39694595336914,33.568702697753906,20.770353317260742,13285810
2010-07-28,33.53053283691406,33.788169860839844,33.03435134887695,33.14885330200195,20.510578155517578,10175870
2010-07-29,33.39694595336914,33.683204650878906,33.01526641845703,33.45419692993164,20.699508666992188,15270722
2010-07-30,32.77671813964844,33.04389190673828,32.270992279052734,32.88167953491211,20.34526824951172,22764656
2010-08-02,33.26335906982422,33.511451721191406,32.96755599975586,33.463741302490234,20.705413818359375,12688031
2010-08-03,33.492366790771484,33.635494232177734,32.90076446533203,33.225189208984375,20.557811737060547,15282146
2010-08-04,33.1870231628418,33.635494232177734,32.96755599975586,33.578243255615234,20.77626609802246,13764013
2010-08-05,33.39694595336914,33.549617767333984,33.110687255859375,33.463741302490234,20.705413818359375,10545710
2010-08-06,33.225189208984375,33.39694595336914,32.91984558105469,33.377864837646484,20.652280807495117,12218422
2010-08-09,33.45419692993164,33.816795349121094,33.45419692993164,33.74045944213867,20.876638412475586,10796496
2010-08-10,33.58778762817383,34.34160232543945,33.225189208984375,34.13167953491211,21.11869239807129,12434206
2010-08-11,33.6927490234375,33.874046325683594,33.225189208984375,33.29198455810547,20.59914207458496,13039321
2010-08-12,33.0629768371582,33.635494232177734,33.01526641845703,33.435115814208984,20.687705993652344,9597479
2010-08-13,33.20610809326172,33.540077209472656,33.0629768371582,33.39694595336914,20.664081573486328,9172306
2010-08-16,33.17748260498047,33.39694595336914,33.0057258605957,33.36832046508789,20.646377563476562,7217052
2010-08-17,33.578243255615234,33.988548278808594,33.33969497680664,33.91221237182617,20.98290252685547,11189496
2010-08-18,33.864505767822266,33.959922790527344,33.42557144165039,33.75,20.882532119750977,9571174
2010-08-19,33.683204650878906,33.72137451171875,32.91984558105469,33.1202278137207,20.492874145507812,12061327
2010-08-20,32.96755599975586,33.10114669799805,32.681297302246094,32.86259460449219,20.333459854125977,12782875
2010-08-23,33.110687255859375,33.606868743896484,32.97710037231445,33.36832046508789,20.646377563476562,10455477
2010-08-24,33.167938232421875,33.20610809326172,32.60496139526367,32.86259460449219,20.333459854125977,11799642
2010-08-25,32.843509674072266,33.1297721862793,32.461830139160156,32.95801544189453,20.392499923706055,11114878
2010-08-26,32.97710037231445,33.110687255859375,32.709922790527344,32.90076446533203,20.357072830200195,8903074
2010-08-27,33.04389190673828,33.50190734863281,32.74809265136719,33.39694595336914,20.664081573486328,10004313
2010-08-30,33.32061004638672,33.597328186035156,33.1297721862793,33.139312744140625,20.504684448242188,7099466
2010-08-31,33.07251739501953,33.74045944213867,32.92938995361328,33.549617767333984,20.758546829223633,17379194
2010-09-01,33.75954055786133,34.122135162353516,33.654579162597656,33.988548278808594,21.030139923095703,13684470
2010-09-02,34.05534362792969,34.13167953491211,32.93893051147461,33.73091506958008,20.870723724365234,12121482
2010-09-03,34.093509674072266,34.1984748840332,33.66412353515625,33.959922790527344,21.012422561645508,12049904
2010-09-07,34.13167953491211,34.13167953491211,33.788169860839844,33.83587646484375,20.9356746673584,26548250
2010-09-08,33.73091506958008,34.35114669799805,33.72137451171875,34.16984558105469,21.142309188842773,23207750
2010-09-09,34.34160232543945,34.57061004638672,34.15076446533203,34.42748260498047,21.30172348022461,12119596
2010-09-10,34.48473358154297,35.02862548828125,34.46564865112305,34.97137451171875,21.638248443603516,11760656
2010-09-13,34.9427490234375,34.9427490234375,34.35114669799805,34.56106948852539,21.608423233032227,11453173
2010-09-14,34.446563720703125,35.01908493041992,34.40839767456055,34.847328186035156,21.787399291992188,13468058
2010-09-15,34.847328186035156,35.181297302246094,34.58015441894531,34.83778762817383,21.781435012817383,12042882
2010-09-16,34.818702697753906,34.933204650878906,34.54198455810547,34.761451721191406,21.73370933532715,9526006
2010-09-17,34.828243255615234,35.152671813964844,34.50381851196289,34.66603088378906,21.674047470092773,17186571
2010-09-20,34.69465637207031,34.961830139160156,34.57061004638672,34.86641311645508,21.799335479736328,11028942
2010-09-21,34.86641311645508,35.24809265136719,34.70419692993164,35.038169860839844,21.90671157836914,12841039
2010-09-22,35.02862548828125,35.35305404663086,34.95228958129883,35.26717758178711,22.049898147583008,12992790
2010-09-23,34.99045944213867,35.29580307006836,34.847328186035156,34.98091506958008,21.87091636657715,11111525
2010-09-24,35.13358688354492,35.67748260498047,35.04771041870117,35.6297721862793,22.27659797668457,12195052
2010-09-27,35.696563720703125,35.76335906982422,35.42938995361328,35.42938995361328,22.15131950378418,11592766
2010-09-28,35.582061767578125,35.76335906982422,35.32442855834961,35.54389190673828,22.22291374206543,13333285
2010-09-29,35.40076446533203,35.553436279296875,35.171756744384766,35.41984558105469,22.145349502563477,9904858
2010-09-30,35.5057258605957,35.85877990722656,34.961830139160156,35.124046325683594,21.960412979125977,14353408
2010-10-01,35.07633590698242,35.152671813964844,34.685115814208984,34.92366409301758,21.83512306213379,12305511
2010-10-04,34.818702697753906,35.066795349121094,34.627864837646484,34.847328186035156,21.787399291992188,9678175
2010-10-05,35.171756744384766,35.4484748840332,35.01908493041992,35.32442855834961,22.085693359375,11181322
2010-10-06,35.343509674072266,35.51526641845703,35.13358688354492,35.314884185791016,22.07972526550293,7903282
2010-10-07,35.639312744140625,35.67748260498047,34.95228958129883,35.02862548828125,21.900753021240234,14564894
2010-10-08,35.13358688354492,35.29580307006836,34.933204650878906,35.21946716308594,22.020063400268555,9097478
2010-10-11,35.171756744384766,35.30534362792969,34.99045944213867,35.171756744384766,21.990234375,5843858
2010-10-12,34.99045944213867,35.13358688354492,34.656490325927734,34.961830139160156,21.858985900878906,11570339
2010-10-13,35.171756744384766,35.67748260498047,35.095420837402344,35.45801544189453,22.16921043395996,10230890
2010-10-14,35.5629768371582,35.667938232421875,35.152671813964844,35.4484748840332,22.163257598876953,10002531
2010-10-15,35.5629768371582,35.725189208984375,35.07633590698242,35.257633209228516,22.043933868408203,15746619
2010-10-18,35.21946716308594,35.53435134887695,35.21946716308594,35.524810791015625,22.210979461669922,11109953
2010-10-19,35.30534362792969,35.35305404663086,34.64694595336914,34.847328186035156,21.787399291992188,10869961
2010-10-20,34.933204650878906,35.54389190673828,34.89503860473633,35.29580307006836,22.067800521850586,10133426
2010-10-21,35.40076446533203,35.4484748840332,34.904579162597656,35.40076446533203,22.13340950012207,10870904
2010-10-22,35.372135162353516,35.4484748840332,35.257633209228516,35.40076446533203,22.13340950012207,6634469
2010-10-25,35.59160232543945,35.95419692993164,35.582061767578125,35.70610809326172,22.324321746826172,11167488
2010-10-26,35.60114669799805,35.6202278137207,35.200382232666016,35.372135162353516,22.115524291992188,7444363
2010-10-27,35.19084167480469,35.19084167480469,34.475189208984375,34.790077209472656,21.751604080200195,12701131
2010-10-28,34.99045944213867,35.36259460449219,34.98091506958008,35.24809265136719,22.037967681884766,10344074
2010-10-29,35.04771041870117,35.0572509765625,34.3702278137207,34.64694595336914,21.662120819091797,15961669
2010-11-01,34.770992279052734,35.04771041870117,34.332061767578125,34.58969497680664,21.62632179260254,10131540
2010-11-02,34.89503860473633,35.171756744384766,34.83778762817383,34.933204650878906,21.841100692749023,10462813
2010-11-03,35.04771041870117,35.08587646484375,34.389312744140625,34.83778762817383,21.781435012817383,9966690
2010-11-04,35.171756744384766,35.257633209228516,34.770992279052734,34.97137451171875,21.864952087402344,12430433
2010-11-05,34.99045944213867,35.0572509765625,33.79771041870117,34.064884185791016,21.298194885253906,23583144
2010-11-08,34.01717758178711,34.16984558105469,33.94084167480469,33.988548278808594,21.250473022460938,14344186
2010-11-09,33.921756744384766,34.10305404663086,33.377864837646484,33.44465637207031,20.910411834716797,22320933
2010-11-10,33.44465637207031,33.568702697753906,33.1870231628418,33.35877990722656,20.856727600097656,19982216
2010-11-11,33.3015251159668,33.788169860839844,33.25381851196289,33.597328186035156,21.005868911743164,14792939
2010-11-12,33.435115814208984,33.45419692993164,32.814884185791016,33.1202278137207,20.70757484436035,24896602
2010-11-15,33.1202278137207,33.35877990722656,32.93893051147461,32.95801544189453,20.606149673461914,13741795
2010-11-16,32.738548278808594,32.86259460449219,32.385494232177734,32.538169860839844,20.343656539916992,23091213
2010-11-17,33.21564865112305,34.01717758178711,32.872135162353516,32.89122009277344,20.564388275146484,20993746
2010-11-18,33.53053283691406,33.72137451171875,33.25381851196289,33.67366409301758,21.053592681884766,16417654
2010-11-19,33.683204650878906,33.74045944213867,33.32061004638672,33.711830139160156,21.07745361328125,16375105
2010-11-22,33.864505767822266,34.007633209228516,33.568702697753906,33.959922790527344,21.23257064819336,15256050
2010-11-23,33.72137451171875,33.75954055786133,33.1202278137207,33.21564865112305,20.767230987548828,19217176
2010-11-24,33.225189208984375,33.55915832519531,33.21564865112305,33.540077209472656,20.97007179260254,11182894
2010-11-26,32.93893051147461,33.29198455810547,32.91984558105469,33.196563720703125,20.755290985107422,7456101
2010-11-29,32.99618148803711,33.14885330200195,32.71946716308594,33.10114669799805,20.695642471313477,13967220
2010-11-30,32.872135162353516,33.10114669799805,32.74809265136719,32.89122009277344,20.564388275146484,40543452
2010-12-01,33.15839767456055,33.511451721191406,33.082061767578125,33.45419692993164,20.9163761138916,34710598
2010-12-02,33.549617767333984,33.74045944213867,33.406490325927734,33.606868743896484,21.011837005615234,39504255
2010-12-03,33.67366409301758,33.70228958129883,33.41603088378906,33.683204650878906,21.0595645904541,11352774
2010-12-06,33.683204650878906,33.73091506958008,33.44465637207031,33.635494232177734,21.02972984313965,11176082
2010-12-07,33.845420837402344,33.988548278808594,33.635494232177734,33.75,21.101322174072266,19084394
2010-12-08,33.72137451171875,33.902671813964844,33.58778762817383,33.77862548828125,21.11922264099121,8952750
2010-12-09,33.874046325683594,34.036258697509766,33.64503860473633,34.036258697509766,21.280298233032227,9241054
2010-12-10,34.064884185791016,34.35114669799805,33.874046325683594,34.34160232543945,21.471210479736328,12588576
2010-12-13,34.1984748840332,34.57061004638672,34.064884185791016,34.446563720703125,21.766647338867188,19718330
2010-12-14,34.54198455810547,35.07633590698242,34.45610809326172,34.875953674316406,22.037982940673828,17262866
2010-12-15,34.73282241821289,35.29580307006836,34.73282241821289,34.98091506958008,22.104312896728516,15964184
2010-12-16,34.91412353515625,35.19084167480469,34.73282241821289,35.152671813964844,22.212841033935547,10479476
2010-12-17,34.961830139160156,35.114505767822266,34.46564865112305,34.80915832519531,21.99577522277832,19634385
2010-12-20,34.98091506958008,34.99045944213867,34.70419692993164,34.828243255615234,22.007835388183594,11236132
2010-12-21,34.99045944213867,35.00954055786133,34.50381851196289,34.52289962768555,21.81489372253418,10432002
2010-12-22,34.57061004638672,34.713741302490234,34.446563720703125,34.56106948852539,21.83901023864746,9043297
2010-12-23,34.58969497680664,34.904579162597656,34.56106948852539,34.627864837646484,21.881216049194336,7592865
2010-12-27,34.48473358154297,34.685115814208984,34.39885330200195,34.57061004638672,21.845046997070312,4548110
2010-12-28,34.70419692993164,34.770992279052734,34.446563720703125,34.54198455810547,21.826950073242188,5679846
2010-12-29,34.58969497680664,34.685115814208984,34.51335906982422,34.5515251159668,21.832971572875977,5243144
2010-12-30,34.45610809326172,34.54198455810547,34.32251739501953,34.360687255859375,21.712392807006836,5359158
2010-12-31,34.3129768371582,34.58969497680664,34.28435134887695,34.389312744140625,21.73047637939453,5755406
2011-01-03,34.627864837646484,35.095420837402344,34.34160232543945,34.389312744140625,21.73047637939453,20498356
2011-01-04,34.58015441894531,34.73282241821289,34.20801544189453,34.685115814208984,21.917400360107422,14594553
2011-01-05,34.389312744140625,34.904579162597656,34.35114669799805,34.885494232177734,22.044010162353516,15217274
2011-01-06,34.885494232177734,35.43893051147461,34.885494232177734,35.36259460449219,22.345483779907227,12565834
2011-01-07,35.46755599975586,35.639312744140625,35.171756744384766,35.639312744140625,22.52034568786621,13365668
2011-01-10,35.553436279296875,35.89694595336914,35.45801544189453,35.49618148803711,22.429903030395508,11238438
2011-01-11,35.53435134887695,35.610687255859375,35.01908493041992,35.257633209228516,22.2791690826416,10725861
2011-01-12,35.49618148803711,35.53435134887695,35.229007720947266,35.4484748840332,22.399751663208008,13507567
2011-01-13,33.959922790527344,34.14122009277344,32.92938995361328,33.10114669799805,20.916494369506836,77860531
2011-01-14,33.04389190673828,33.15839767456055,32.5572509765625,32.66221237182617,20.639131546020508,43755467
2011-01-18,32.50954055786133,32.729007720947266,31.946565628051758,32.318702697753906,20.422067642211914,61805800
2011-01-19,32.5572509765625,32.58587646484375,32.156490325927734,32.356868743896484,20.446184158325195,31174437
2011-01-20,32.25190734863281,32.57633590698242,32.17557144165039,32.49045944213867,20.530597686767578,22645184
2011-01-21,32.614505767822266,32.652671813964844,32.328243255615234,32.347328186035156,20.44015884399414,21779850
2011-01-24,32.433204650878906,32.433204650878906,32.22328186035156,32.25190734863281,20.37986183166504,20575908
2011-01-25,32.22328186035156,32.299617767333984,31.76526641845703,31.832061767578125,20.114559173583984,34185760
2011-01-26,31.879770278930664,32.185115814208984,31.66030502319336,31.67938995361328,20.01808738708496,27418195
2011-01-27,31.822519302368164,31.898855209350586,31.717557907104492,31.72709846496582,20.048233032226562,16217695
2011-01-28,31.956106185913086,31.994274139404297,31.488550186157227,31.555343627929688,19.939701080322266,16927191
2011-01-31,31.76526641845703,31.774808883666992,31.555343627929688,31.6507625579834,19.9999942779541,14836431
2011-02-01,31.812976837158203,32.48091506958008,31.393129348754883,32.4427490234375,20.50044822692871,22434012
2011-02-02,32.347328186035156,32.47137451171875,32.06106948852539,32.270992279052734,20.391921997070312,14453492
2011-02-03,31.479007720947266,31.574426651000977,31.020992279052734,31.393129348754883,19.837200164794922,42170367
2011-02-04,31.383588790893555,31.603052139282227,31.27862548828125,31.383588790893555,19.83116912841797,26485894
2011-02-07,31.431297302246094,31.517175674438477,31.24045753479004,31.488550186157227,19.89749526977539,15175354
2011-02-08,31.63167953491211,31.774808883666992,31.5362606048584,31.746183395385742,20.06029510498047,12437874
2011-02-09,31.70801544189453,31.76526641845703,31.412214279174805,31.574426651000977,19.951759338378906,14831610
2011-02-10,31.603052139282227,31.62213706970215,31.383588790893555,31.526718139648438,19.921611785888672,11355394
2011-02-11,31.459924697875977,31.612594604492188,31.354961395263672,31.555343627929688,19.939701080322266,11196832
2011-02-14,31.459924697875977,31.507633209228516,31.25,31.31679344177246,19.78896141052246,13018990
2011-02-15,31.297710418701172,31.31679344177246,31.154579162597656,31.28816795349121,19.770877838134766,17764858
2011-02-16,31.24045753479004,31.66984748840332,31.18320655822754,31.450382232666016,19.87337303161621,14758146
2011-02-17,31.450382232666016,31.63167953491211,31.202289581298828,31.583969116210938,19.957794189453125,11475600
2011-02-18,31.545801162719727,31.68893051147461,31.297710418701172,31.345420837402344,19.807048797607422,17840418
2011-02-22,31.25,31.297710418701172,30.782442092895508,30.858779907226562,19.49955177307129,18610174
2011-02-23,31.030534744262695,31.116411209106445,30.572519302368164,30.620229721069336,19.34880256652832,17581458
2011-02-24,30.610687255859375,30.687023162841797,30.391220092773438,30.562976837158203,19.31262969970703,14612159
2011-02-25,30.591602325439453,30.782442092895508,30.534351348876953,30.715648651123047,19.40910530090332,9403180
2011-02-28,30.725191116333008,31.116411209106445,30.715648651123047,31.078243255615234,19.63822364807129,17470894
2011-03-01,31.106870651245117,31.469465255737305,30.954198837280273,30.973281860351562,19.5719051361084,23209008
2011-03-02,30.9637393951416,31.192747116088867,30.82061004638672,31.087785720825195,19.64426040649414,13020876
2011-03-03,31.173664093017578,31.72709846496582,31.125953674316406,31.583969116210938,19.957794189453125,39781451
2011-03-04,31.63167953491211,31.832061767578125,31.335878372192383,31.545801162719727,19.933677673339844,40663238
2011-03-07,31.488550186157227,31.545801162719727,31.22137451171875,31.326335906982422,19.794994354248047,40392016
2011-03-08,31.469465255737305,31.574426651000977,31.31679344177246,31.469465255737305,19.885438919067383,12103771
2011-03-09,31.402671813964844,31.946565628051758,31.402671813964844,31.76526641845703,20.07235336303711,14253848
2011-03-10,31.68893051147461,31.73664093017578,31.335878372192383,31.393129348754883,19.837200164794922,16065106
2011-03-11,30.982824325561523,31.402671813964844,30.982824325561523,31.230915069580078,19.965299606323242,12846698
2011-03-14,31.011449813842773,31.106870651245117,30.77290153503418,30.896947860717773,19.751800537109375,14451501
2011-03-15,30.37213706970215,30.572519302368164,30.257633209228516,30.4007625579834,19.434602737426758,16905602
2011-03-16,30.3435115814209,30.4007625579834,29.637405395507812,29.6564884185791,18.95880699157715,24262143
2011-03-17,29.828243255615234,30.171756744384766,29.732824325561523,30.0,19.17840003967285,14366613
2011-03-18,30.324426651000977,30.51526641845703,30.209924697875977,30.44847297668457,19.46509552001953,20414830
2011-03-21,30.620229721069336,31.087785720825195,30.572519302368164,30.9064884185791,19.75790023803711,15995834
2011-03-22,31.030534744262695,31.25954246520996,30.973281860351562,31.040075302124023,19.84329605102539,17273241
2011-03-23,31.011449813842773,31.173664093017578,30.925573348999023,31.135496139526367,19.904300689697266,12905491
2011-03-24,31.326335906982422,31.393129348754883,31.049617767333984,31.22137451171875,19.959196090698242,12035442
2011-03-25,31.22137451171875,31.393129348754883,31.049617767333984,31.078243255615234,19.867700576782227,11066042
2011-03-28,31.049617767333984,31.154579162597656,30.9064884185791,30.9637393951416,19.79449462890625,9491526
2011-03-29,31.001907348632812,31.297710418701172,30.935115814208984,31.27862548828125,19.995798110961914,10397837
2011-03-30,31.517175674438477,31.946565628051758,31.498092651367188,31.774808883666992,20.312997817993164,18077057
2011-03-31,31.555343627929688,31.851144790649414,31.488550186157227,31.498092651367188,20.136096954345703,13218424
2011-04-01,31.5362606048584,31.72709846496582,31.488550186157227,31.555343627929688,20.17270278930664,11993312
2011-04-04,31.812976837158203,31.841602325439453,31.68893051147461,31.746183395385742,20.29469871520996,12070864
2011-04-05,31.62213706970215,31.70801544189453,31.498092651367188,31.641220092773438,20.227598190307617,9685930
2011-04-06,31.755725860595703,31.917938232421875,31.63167953491211,31.822519302368164,20.34349250793457,13667911
2011-04-07,31.898855209350586,31.898855209350586,31.545801162719727,31.803434371948242,20.3313045501709,13178705
2011-04-08,31.965648651123047,32.156490325927734,31.870229721069336,32.127864837646484,20.538705825805664,19267585
2011-04-11,32.13740539550781,32.299617767333984,31.975191116333008,32.0515251159668,20.489898681640625,11719365
2011-04-12,31.889312744140625,32.22328186035156,31.860687255859375,32.02289962768555,20.471601486206055,15280050
2011-04-13,32.08015441894531,32.10877990722656,31.841602325439453,31.937023162841797,20.416696548461914,8199447
2011-04-14,31.812976837158203,32.48091506958008,31.746183395385742,32.30915832519531,20.654600143432617,15740960
2011-04-15,33.3015251159668,33.36832046508789,32.872135162353516,32.92938995361328,21.051101684570312,38676230
2011-04-18,32.63358688354492,32.71946716308594,32.299617767333984,32.375953674316406,20.697294235229492,18642558
2011-04-19,32.385494232177734,32.54771041870117,31.98473358154297,32.20419692993164,20.587493896484375,15922474
2011-04-20,32.50954055786133,32.66221237182617,32.39503860473633,32.48091506958008,20.76439666748047,14903294
2011-04-21,32.700382232666016,32.71946716308594,32.404579162597656,32.48091506958008,20.76439666748047,16567832
2011-04-25,32.156490325927734,32.82442855834961,32.08969497680664,32.757633209228516,20.94129753112793,10088258
2011-04-26,32.86259460449219,33.549617767333984,32.814884185791016,33.45419692993164,21.3865966796875,22532000
2011-04-27,33.58778762817383,34.10305404663086,33.44465637207031,33.99809265136719,21.734302520751953,21360860
2011-04-28,34.007633209228516,34.16030502319336,33.83587646484375,34.13167953491211,21.819700241088867,14096962
2011-04-29,34.332061767578125,34.58969497680664,33.99809265136719,34.303436279296875,21.929500579833984,19843880
2011-05-02,34.770992279052734,34.904579162597656,34.52289962768555,34.64694595336914,22.14909553527832,19269890
2011-05-03,34.58015441894531,34.961830139160156,34.417938232421875,34.742366790771484,22.210100173950195,18571713
2011-05-04,34.69465637207031,35.066795349121094,34.60877990722656,34.885494232177734,22.30159568786621,18234257
2011-05-05,34.78053283691406,34.961830139160156,34.51335906982422,34.58969497680664,22.112499237060547,17279214
2011-05-06,34.856868743896484,35.066795349121094,34.627864837646484,34.72328186035156,22.19790267944336,13386733
2011-05-09,34.45610809326172,34.904579162597656,34.446563720703125,34.80915832519531,22.25279426574707,11247974
2011-05-10,34.875953674316406,35.10496139526367,34.828243255615234,35.08587646484375,22.429697036743164,10061743
2011-05-11,35.08587646484375,35.257633209228516,34.799617767333984,34.95228958129883,22.34429931640625,12463759
2011-05-12,35.01908493041992,35.5629768371582,34.904579162597656,35.49618148803711,22.691997528076172,16706692
2011-05-13,35.33396911621094,35.59160232543945,35.16221237182617,35.38167953491211,22.618799209594727,12047284
2011-05-16,35.36259460449219,35.83969497680664,35.30534362792969,35.59160232543945,22.753002166748047,19638682
2011-05-17,35.48664093017578,35.6297721862793,35.00954055786133,35.5629768371582,22.734697341918945,21363061
2011-05-18,35.54389190673828,35.89694595336914,35.41030502319336,35.85877990722656,22.92380714416504,13604822
2011-05-19,35.877864837646484,35.92557144165039,35.4484748840332,35.667938232421875,22.801799774169922,11948353
2011-05-20,35.667938232421875,35.76335906982422,35.200382232666016,35.36259460449219,22.606592178344727,11870696
2011-05-23,34.99045944213867,35.29580307006836,34.9427490234375,35.209922790527344,22.50899887084961,13201761
2011-05-24,35.200382232666016,35.343509674072266,35.10496139526367,35.181297302246094,22.49070167541504,12074742
2011-05-25,34.98091506958008,35.171756744384766,34.91412353515625,35.00954055786133,22.38089942932129,11801947
2011-05-26,35.00954055786133,35.114505767822266,34.446563720703125,34.713741302490234,22.191802978515625,17826794
2011-05-27,34.70419692993164,34.904579162597656,34.42748260498047,34.5515251159668,22.088092803955078,10996559
2011-05-31,34.72328186035156,35.07633590698242,34.67557144165039,35.066795349121094,22.417497634887695,15506732
2011-06-01,34.92366409301758,35.066795349121094,34.54198455810547,34.58969497680664,22.112499237060547,11847011
2011-06-02,34.52289962768555,34.58969497680664,34.28435134887695,34.4942741394043,22.051498413085938,11086478
2011-06-03,34.15076446533203,34.3797721862793,34.122135162353516,34.17938995361328,21.850194931030273,10359690
2011-06-06,34.064884185791016,34.18893051147461,33.864505767822266,33.931297302246094,21.691598892211914,10100310
2011-06-07,34.16984558105469,34.46564865112305,33.931297302246094,33.94084167480469,21.697696685791016,10531457
2011-06-08,33.902671813964844,34.303436279296875,33.845420837402344,34.15076446533203,21.8319034576416,12646635
2011-06-09,34.23664093017578,34.713741302490234,34.15076446533203,34.35114669799805,21.960002899169922,14247979
2011-06-10,34.23664093017578,34.23664093017578,33.74045944213867,33.82633590698242,21.62449836730957,12472248
2011-06-13,33.42557144165039,33.864505767822266,33.42557144165039,33.711830139160156,21.784812927246094,8365136
2011-06-14,33.88358688354492,34.23664093017578,33.711830139160156,34.007633209228516,21.975967407226562,13224607
2011-06-15,33.845420837402344,33.845420837402344,33.38740539550781,33.55915832519531,21.686155319213867,12733305
2011-06-16,33.53053283691406,33.74045944213867,33.39694595336914,33.568702697753906,21.69232177734375,10610057
2011-06-17,33.77862548828125,34.13167953491211,33.568702697753906,33.76908493041992,21.821815490722656,15770828
2011-06-20,33.67366409301758,34.16984558105469,33.606868743896484,34.15076446533203,22.06846046447754,11300165
2011-06-21,34.26526641845703,34.32251739501953,33.979007720947266,34.14122009277344,22.062286376953125,9013953
2011-06-22,33.94084167480469,34.064884185791016,33.79771041870117,33.845420837402344,21.871143341064453,8071277
2011-06-23,33.520992279052734,33.70228958129883,32.95801544189453,33.36832046508789,21.56283950805664,20409695
2011-06-24,33.41603088378906,33.463741302490234,32.91984558105469,32.96755599975586,21.30385398864746,17395647
2011-06-27,33.0629768371582,33.110687255859375,32.79580307006836,32.9484748840332,21.29153060913086,11374887
2011-06-28,33.0057258605957,33.39694595336914,32.91984558105469,33.31106948852539,21.525842666625977,10468577
2011-06-29,33.34923553466797,33.67366409301758,33.225189208984375,33.492366790771484,21.642993927001953,13420793
2011-06-30,33.606868743896484,33.845420837402344,33.492366790771484,33.67366409301758,21.76015281677246,13363258
2011-07-01,33.55915832519531,34.093509674072266,33.549617767333984,33.96946716308594,21.9512996673584,10356231
2011-07-05,33.88358688354492,34.05534362792969,33.816795349121094,33.864505767822266,21.883474349975586,9417747
2011-07-06,33.874046325683594,33.988548278808594,33.75,33.902671813964844,21.90814971923828,11326050
2011-07-07,34.122135162353516,34.303436279296875,33.82633590698242,34.093509674072266,22.031461715698242,12800482
2011-07-08,34.23664093017578,34.53244400024414,34.13167953491211,34.46564865112305,22.271947860717773,15752383
2011-07-11,34.3129768371582,34.3129768371582,33.88358688354492,34.04580307006836,22.00063133239746,10741895
2011-07-12,34.10305404663086,34.3797721862793,33.950382232666016,33.99809265136719,21.969802856445312,12410835
2011-07-13,34.064884185791016,34.799617767333984,33.99809265136719,34.3797721862793,22.216449737548828,14150201
2011-07-14,34.51335906982422,34.885494232177734,34.3702278137207,34.64694595336914,22.389097213745117,16066888
2011-07-15,34.66603088378906,34.770992279052734,34.04580307006836,34.28435134887695,22.154783248901367,15304678
2011-07-18,34.04580307006836,34.16984558105469,33.6927490234375,33.864505767822266,21.883474349975586,11136782
2011-07-19,33.94084167480469,34.28435134887695,33.6927490234375,34.15076446533203,22.06846046447754,11879918
2011-07-20,34.24618148803711,34.24618148803711,33.893131256103516,33.959922790527344,21.94513702392578,8728058
2011-07-21,34.1984748840332,34.80915832519531,34.08396911621094,34.52289962768555,22.308935165405273,11933576
2011-07-22,34.627864837646484,34.790077209472656,34.29389190673828,34.4370231628418,22.253442764282227,7946250
2011-07-25,34.05534362792969,34.39885330200195,34.04580307006836,34.24618148803711,22.130115509033203,12667805
2011-07-26,34.274810791015625,34.360687255859375,34.01717758178711,34.15076446533203,22.06846046447754,10009762
2011-07-27,33.959922790527344,34.122135162353516,33.50190734863281,33.578243255615234,21.69849395751953,14979378
2011-07-28,33.64503860473633,33.73091506958008,33.29198455810547,33.33015441894531,21.53817367553711,14503796
2011-07-29,33.053436279296875,33.110687255859375,32.49045944213867,32.566795349121094,21.044885635375977,20214348
2011-08-01,32.681297302246094,32.71946716308594,31.297710418701172,31.908397674560547,20.619428634643555,26725048
2011-08-02,31.641220092773438,31.641220092773438,31.078243255615234,31.393129348754883,20.286455154418945,27555483
2011-08-03,31.393129348754883,31.70801544189453,30.725191116333008,31.202289581298828,20.163131713867188,23115002
2011-08-04,30.76335906982422,30.83969497680664,30.0,30.06679344177246,19.429363250732422,27442194
2011-08-05,30.314884185791016,30.534351348876953,29.341602325439453,30.257633209228516,19.552688598632812,31972698
2011-08-08,29.694656372070312,30.104961395263672,28.511449813842773,28.568702697753906,18.461294174194336,39977218
2011-08-09,29.007633209228516,29.809160232543945,28.120229721069336,29.790075302124023,19.250545501708984,38925445
2011-08-10,29.103052139282227,29.494274139404297,28.358779907226562,28.444656372070312,18.381135940551758,35195822
2011-08-11,28.425573348999023,30.104961395263672,28.37786293029785,29.770992279052734,19.238222122192383,31264774
2011-08-12,29.952289581298828,30.45801544189453,29.770992279052734,29.904579162597656,19.324546813964844,20668132
2011-08-15,30.200382232666016,30.687023162841797,30.00954246520996,30.658397674560547,19.811670303344727,19320509
2011-08-16,30.543893814086914,30.858779907226562,30.219465255737305,30.629770278930664,19.793170928955078,16943016
2011-08-17,30.896947860717773,31.049617767333984,30.41030502319336,30.725191116333008,19.854829788208008,14691178
2011-08-18,30.295801162719727,30.333969116210938,29.360687255859375,29.637405395507812,19.15189552307129,24211630
2011-08-19,29.379770278930664,30.019084930419922,29.341602325439453,29.828243255615234,19.27521324157715,21733634
2011-08-22,30.238550186157227,30.534351348876953,29.761449813842773,29.875953674316406,19.30605125427246,19959055
2011-08-23,30.00954246520996,30.73473358154297,29.923664093017578,30.47709846496582,19.694517135620117,23822298
2011-08-24,30.467557907104492,30.81106948852539,30.219465255737305,30.753816604614258,19.873327255249023,14063217
2011-08-25,30.77290153503418,30.77290153503418,30.257633209228516,30.4007625579834,19.64518165588379,16844294
2011-08-26,30.152671813964844,30.591602325439453,29.56106948852539,30.45801544189453,19.68218231201172,19337067
2011-08-29,30.610687255859375,31.078243255615234,30.610687255859375,30.973281860351562,20.015140533447266,12101046
2011-08-30,30.82061004638672,31.393129348754883,30.629770278930664,31.202289581298828,20.163131713867188,13414086
2011-08-31,31.440839767456055,31.784351348876953,31.393129348754883,31.583969116210938,20.409780502319336,15088475
2011-09-01,31.5362606048584,31.956106185913086,31.354961395263672,31.393129348754883,20.286455154418945,13169063
2011-09-02,31.173664093017578,31.25954246520996,30.82061004638672,30.887405395507812,19.95965576171875,14013018
2011-09-06,30.181297302246094,30.82061004638672,30.06679344177246,30.77290153503418,19.88565444946289,18298604
2011-09-07,31.059160232543945,31.498092651367188,31.030534744262695,31.450382232666016,20.323453903198242,14616351
2011-09-08,31.25954246520996,31.66984748840332,31.154579162597656,31.27862548828125,20.212472915649414,34980354
2011-09-09,31.106870651245117,31.106870651245117,30.162214279174805,30.38167953491211,19.63285255432129,29058839
2011-09-12,30.114503860473633,30.582061767578125,29.96183204650879,30.534351348876953,19.731508255004883,15848590
2011-09-13,30.114503860473633,30.44847297668457,30.00954246520996,30.2862606048584,19.806385040283203,15363470
2011-09-14,30.47709846496582,30.9637393951416,30.03816795349121,30.648855209350586,20.043514251708984,16398894
2011-09-15,30.9064884185791,31.011449813842773,30.562976837158203,31.001907348632812,20.274404525756836,13376567
2011-09-16,31.18320655822754,31.297710418701172,30.954198837280273,31.18320655822754,20.392967224121094,20506426
2011-09-19,30.629770278930664,30.86832046508789,30.43893051147461,30.77290153503418,20.1246395111084,13971202
2011-09-20,30.744274139404297,31.326335906982422,30.687023162841797,31.011449813842773,20.280641555786133,14426454
2011-09-21,31.173664093017578,31.402671813964844,30.362594604492188,30.391220092773438,19.875030517578125,15321131
2011-09-22,29.751907348632812,30.03816795349121,29.360687255859375,29.704198837280273,19.425737380981445,24532213
2011-09-23,29.503816604614258,29.799617767333984,29.303434371948242,29.62786293029785,19.375818252563477,19813593
2011-09-26,29.837785720825195,30.238550186157227,29.58969497680664,30.162214279174805,19.725265502929688,16230481
2011-09-27,30.562976837158203,31.011449813842773,30.48664093017578,30.667938232421875,20.055994033813477,15967642
2011-09-28,30.858779907226562,31.18320655822754,30.41984748840332,30.47709846496582,19.931194305419922,15477598
2011-09-29,30.86832046508789,31.31679344177246,30.744274139404297,31.164121627807617,20.380483627319336,20233526
2011-09-30,30.916030883789062,31.793893814086914,30.86832046508789,31.202289581298828,20.40544319152832,25393250
2011-10-03,31.097328186035156,31.22137451171875,30.114503860473633,30.124046325683594,19.700307846069336,24962941
2011-10-04,29.837785720825195,30.0,29.141220092773438,29.914121627807617,19.56302261352539,30077600
2011-10-05,30.0,30.314884185791016,29.58969497680664,30.019084930419922,19.631668090820312,26487152
2011-10-06,29.93320655822754,30.114503860473633,29.57061004638672,29.980915069580078,19.606706619262695,19494058
2011-10-07,30.44847297668457,30.80152702331543,30.124046325683594,30.162214279174805,19.725265502929688,22922590
2011-10-10,31.001907348632812,31.078243255615234,30.572519302368164,30.86832046508789,20.187036514282227,15690342
2011-10-11,30.87786293029785,30.925573348999023,30.362594604492188,30.467557907104492,19.924955368041992,16332975
2011-10-12,30.77290153503418,31.269084930419922,30.677480697631836,31.078243255615234,20.324325561523438,17136267
2011-10-13,30.992366790771484,31.364503860473633,30.782442092895508,31.202289581298828,20.40544319152832,14256468
2011-10-14,31.459924697875977,31.488550186157227,31.192747116088867,31.469465255737305,20.58017349243164,11304357
2011-10-17,31.335878372192383,31.66030502319336,30.77290153503418,30.83015251159668,20.162080764770508,12003582
2011-10-18,30.887405395507812,31.498092651367188,30.715648651123047,31.28816795349121,20.46161460876465,13546134
2011-10-19,31.297710418701172,31.545801162719727,30.935115814208984,31.049617767333984,20.305604934692383,12487339
2011-10-20,31.202289581298828,31.431297302246094,30.83015251159668,31.297710418701172,20.46785545349121,14220941
2011-10-21,31.641220092773438,31.889312744140625,31.574426651000977,31.822519302368164,20.811063766479492,18822499
2011-10-24,31.73664093017578,32.02289962768555,31.612594604492188,31.994274139404297,20.92338752746582,14994050
2011-10-25,31.98473358154297,32.04198455810547,31.31679344177246,31.402671813964844,20.5364933013916,16442701
2011-10-26,31.793893814086914,32.14694595336914,31.564884185791016,32.00381851196289,20.929624557495117,16029265
2011-10-27,32.51908493041992,32.97710037231445,32.270992279052734,32.738548278808594,21.410118103027344,21681024
2011-10-28,33.42557144165039,33.874046325683594,33.03435134887695,33.50190734863281,21.909334182739258,26889898
2011-10-31,33.41603088378906,33.625953674316406,32.91984558105469,32.91984558105469,21.52867889404297,18217803
2011-11-01,32.261451721191406,33.0629768371582,32.156490325927734,32.5,21.25411605834961,28063868
2011-11-02,32.90076446533203,32.9484748840332,32.404579162597656,32.624046325683594,21.335235595703125,13182373
2011-11-03,32.91984558105469,33.139312744140625,32.76717758178711,32.9484748840332,21.547412872314453,15536181
2011-11-04,32.757633209228516,32.83396911621094,32.23282241821289,32.461830139160156,21.229154586791992,11241896
2011-11-07,32.347328186035156,32.76717758178711,32.270992279052734,32.74809265136719,21.416364669799805,10046233
2011-11-08,32.77671813964844,33.024810791015625,32.48091506958008,32.89122009277344,21.50996208190918,15022870
2011-11-09,32.461830139160156,32.97710037231445,32.02289962768555,32.242366790771484,21.085634231567383,22488927
2011-11-10,32.98664093017578,33.53053283691406,32.71946716308594,33.36832046508789,21.82197380065918,27712159
2011-11-11,33.74045944213867,34.58969497680664,33.74045944213867,34.32251739501953,22.445995330810547,31843375
2011-11-14,33.76908493041992,34.11259460449219,33.50190734863281,34.036258697509766,22.258787155151367,14826894
2011-11-15,33.91221237182617,34.22710037231445,33.72137451171875,34.093509674072266,22.29622459411621,9350990
2011-11-16,33.549617767333984,33.988548278808594,33.42557144165039,33.48282241821289,21.896854400634766,13459778
2011-11-17,33.32061004638672,33.568702697753906,32.843509674072266,33.2442741394043,21.74085235595703,17371858
2011-11-18,33.33969497680664,33.606868743896484,33.33969497680664,33.34923553466797,21.80949592590332,13199979
2011-11-21,32.814884185791016,32.97710037231445,32.4427490234375,32.57633590698242,21.304040908813477,17291790
2011-11-22,32.52862548828125,32.652671813964844,32.213741302490234,32.261451721191406,21.098108291625977,17795564
2011-11-23,31.908397674560547,32.03244400024414,31.66984748840332,31.66984748840332,20.711217880249023,14395957
2011-11-25,31.76526641845703,31.870229721069336,31.612594604492188,31.641220092773438,20.692495346069336,5141907
2011-11-28,32.19465637207031,32.738548278808594,32.14694595336914,32.69084167480469,21.378925323486328,16308662
2011-11-29,32.91984558105469,33.31106948852539,32.79580307006836,32.90076446533203,21.516204833984375,12725235
2011-11-30,33.58778762817383,34.16030502319336,33.58778762817383,34.11259460449219,22.308712005615234,19327426
2011-12-01,34.093509674072266,34.34160232543945,33.931297302246094,34.04580307006836,22.26502799987793,13166758
2011-12-02,34.26526641845703,34.26526641845703,33.75,33.85496139526367,22.140220642089844,15180490
2011-12-05,34.14122009277344,34.21755599975586,33.45419692993164,33.64503860473633,22.002939224243164,18033774
2011-12-06,33.8072509765625,33.96946716308594,33.635494232177734,33.77862548828125,22.090295791625977,14559759
2011-12-07,33.66412353515625,34.14122009277344,33.58778762817383,33.979007720947266,22.221343994140625,21849228
2011-12-08,34.036258697509766,34.093509674072266,33.463741302490234,33.578243255615234,21.959259033203125,44441698
2011-12-09,33.6927490234375,34.21755599975586,33.597328186035156,34.04580307006836,22.26502799987793,42265002
2011-12-12,33.950382232666016,34.036258697509766,33.568702697753906,33.788169860839844,22.096542358398438,13216433
2011-12-13,33.606868743896484,33.74045944213867,33.26335906982422,33.38740539550781,22.09654426574707,19198102
2011-12-14,33.33015441894531,34.122135162353516,33.3015251159668,33.931297302246094,22.456499099731445,23624330
2011-12-15,34.274810791015625,35.0,34.24618148803711,34.69465637207031,22.961708068847656,33435602
2011-12-16,34.828243255615234,34.9427490234375,34.3702278137207,34.58969497680664,22.892244338989258,27763930
2011-12-19,34.761451721191406,35.114505767822266,34.67557144165039,34.799617767333984,23.031173706054688,17299126
2011-12-20,35.038169860839844,35.4484748840332,34.828243255615234,35.372135162353516,23.410085678100586,21423740
2011-12-21,35.36259460449219,35.696563720703125,35.32442855834961,35.6202278137207,23.57427978515625,13790108
2011-12-22,35.667938232421875,36.020992279052734,35.5057258605957,35.83969497680664,23.71951675415039,12090252
2011-12-23,35.95419692993164,36.16412353515625,35.91603088378906,36.16412353515625,23.934228897094727,10008505
2011-12-27,36.049617767333984,36.16412353515625,35.98282241821289,36.020992279052734,23.839509963989258,7927386
2011-12-28,35.963741302490234,36.068702697753906,35.6870231628418,35.71564865112305,23.63742446899414,7624410
2011-12-29,35.877864837646484,36.020992279052734,35.77289962768555,36.00190734863281,23.826868057250977,7189909
2011-12-30,35.86832046508789,36.135494232177734,35.75381851196289,35.97328186035156,23.807931900024414,8237175
2012-01-03,36.14503860473633,36.79389190673828,36.078243255615234,36.54580307006836,24.186840057373047,18100427
2012-01-04,36.49809265136719,36.58396911621094,36.16412353515625,36.58396911621094,24.21210479736328,14374682
2012-01-05,36.393131256103516,37.213741302490234,36.29771041870117,36.96564865112305,24.464704513549805,21995005
2012-01-06,36.975189208984375,36.975189208984375,36.66984558105469,36.70801544189453,24.294204711914062,17530630
2012-01-09,36.58396911621094,36.70801544189453,36.154579162597656,36.63167953491211,24.243675231933594,14574431
2012-01-10,36.975189208984375,37.02289962768555,36.64122009277344,36.7557258605957,24.325763702392578,11911778
2012-01-11,36.66030502319336,36.7557258605957,36.488548278808594,36.65076446533203,24.256303787231445,12519198
2012-01-12,36.85114669799805,36.90839767456055,36.66030502319336,36.84160232543945,24.382600784301758,10407898
2012-01-13,36.68893051147461,36.73664093017578,36.27862548828125,36.564884185791016,24.199460983276367,10141915
2012-01-17,36.76526641845703,37.10877990722656,36.61259460449219,37.04198455810547,24.51522445678711,17349326
2012-01-18,36.8797721862793,37.16603088378906,36.8702278137207,37.08969497680664,24.54680633544922,15416709
2012-01-19,37.11832046508789,37.624046325683594,36.95610809326172,37.461830139160156,24.793088912963867,17341046
2012-01-20,37.51908493041992,37.595420837402344,37.13740539550781,37.404579162597656,24.755199432373047,16069927
2012-01-23,37.17557144165039,37.30915832519531,36.90839767456055,36.9942741394043,24.483652114868164,14147895
2012-01-24,37.185115814208984,37.41412353515625,36.8797721862793,37.00381851196289,24.48996353149414,13775646
2012-01-25,36.803436279296875,37.01335906982422,36.507633209228516,36.90839767456055,24.42681121826172,15170010
2012-01-26,37.06106948852539,37.16603088378906,36.774810791015625,37.00381851196289,24.48996353149414,12983462
2012-01-27,36.95610809326172,37.02289962768555,36.46946716308594,36.7557258605957,24.325763702392578,12702389
2012-01-30,36.622135162353516,37.11832046508789,36.51717758178711,37.10877990722656,24.559432983398438,13324586
2012-01-31,37.185115814208984,37.20419692993164,36.44084167480469,36.51717758178711,24.167896270751953,17268525
2012-02-01,36.78435134887695,37.22328186035156,36.564884185791016,36.860687255859375,24.395240783691406,15276801
2012-02-02,37.156490325927734,37.185115814208984,36.25954055786133,36.67938995361328,24.275259017944336,21778174
2012-02-03,36.73664093017578,36.82251739501953,36.33587646484375,36.61259460449219,24.23104476928711,15730690
2012-02-06,36.459922790527344,36.64122009277344,36.38358688354492,36.64122009277344,24.249996185302734,11561850
2012-02-07,36.51717758178711,37.00381851196289,36.49809265136719,36.860687255859375,24.395240783691406,13044875
2012-02-08,36.78435134887695,36.832061767578125,36.46946716308594,36.66030502319336,24.262619018554688,11877194
2012-02-09,36.63167953491211,36.7557258605957,36.393131256103516,36.402671813964844,24.09210968017578,10058390
2012-02-10,36.20228958129883,36.26908493041992,36.049617767333984,36.17366409301758,23.940555572509766,11026113
2012-02-13,36.35496139526367,36.488548278808594,36.24045944213867,36.364505767822266,24.066856384277344,12179437
2012-02-14,36.364505767822266,36.488548278808594,36.211830139160156,36.459922790527344,24.130001068115234,11704378
2012-02-15,36.507633209228516,36.52671813964844,36.154579162597656,36.27862548828125,24.0100154876709,12769670
2012-02-16,36.33587646484375,36.402671813964844,36.068702697753906,36.393131256103516,24.08580207824707,10933574
2012-02-17,36.85114669799805,37.09923553466797,36.564884185791016,36.79389190673828,24.351036071777344,18826586
2012-02-21,36.70801544189453,36.860687255859375,36.33587646484375,36.38358688354492,24.079477310180664,11373106
2012-02-22,36.316795349121094,36.479007720947266,36.16412353515625,36.46946716308594,24.136322021484375,10304984
2012-02-23,36.35496139526367,36.7557258605957,36.35496139526367,36.74618148803711,24.3194580078125,10823954
2012-02-24,36.72710037231445,36.73664093017578,36.393131256103516,36.450382232666016,24.123693466186523,8896996
2012-02-27,36.20228958129883,36.507633209228516,36.097328186035156,36.402671813964844,24.09210968017578,17304052
2012-02-28,36.402671813964844,36.72710037231445,36.25954055786133,36.622135162353516,24.237354278564453,9916071
2012-02-29,36.70801544189453,36.72710037231445,36.374046325683594,36.421756744384766,24.104740142822266,15971520
2012-03-01,36.402671813964844,36.41221237182617,35.935115814208984,36.05915832519531,23.864770889282227,18920068
2012-03-02,35.89694595336914,36.345420837402344,35.83969497680664,36.1927490234375,23.953174591064453,13676819
2012-03-05,36.26908493041992,36.7557258605957,36.25,36.68893051147461,24.281566619873047,19558929
2012-03-06,36.24045944213867,36.622135162353516,35.59160232543945,35.725189208984375,23.64374351501465,19487874
2012-03-07,35.6202278137207,35.71564865112305,35.21946716308594,35.60114669799805,23.5616512298584,17679760
2012-03-08,35.89694595336914,36.078243255615234,35.639312744140625,35.6870231628418,23.618480682373047,42886256
2012-03-09,35.76335906982422,36.16412353515625,35.7442741394043,35.877864837646484,23.744781494140625,46658008
2012-03-12,35.992366790771484,36.364505767822266,35.92557144165039,36.35496139526367,24.060537338256836,11395323
2012-03-13,36.135494232177734,36.54580307006836,35.97328186035156,36.52671813964844,24.44367027282715,15722725
2012-03-14,36.63167953491211,36.64122009277344,36.345420837402344,36.46946716308594,24.405359268188477,12322384
2012-03-15,36.402671813964844,36.49809265136719,36.211830139160156,36.316795349121094,24.30319595336914,12833808
2012-03-16,36.421756744384766,36.57442855834961,36.23091506958008,36.288169860839844,24.28403663635254,19446164
2012-03-19,36.20228958129883,36.29771041870117,36.106868743896484,36.154579162597656,24.194629669189453,10215275
2012-03-20,35.92557144165039,36.183204650878906,35.89694595336914,36.03053283691406,24.11161994934082,14515848
2012-03-21,36.14503860473633,36.14503860473633,35.906490325927734,35.97328186035156,24.073305130004883,12048856
2012-03-22,35.82061004638672,36.1927490234375,35.81106948852539,35.877864837646484,24.009458541870117,13615092
2012-03-23,35.97328186035156,36.3072509765625,35.88740539550781,36.26908493041992,24.271263122558594,11283292
2012-03-26,36.507633209228516,36.92748260498047,36.402671813964844,36.889312744140625,24.686321258544922,12576734
2012-03-27,36.975189208984375,37.213741302490234,36.90839767456055,37.02289962768555,24.775712966918945,13298596
2012-03-28,36.860687255859375,37.14694595336914,36.479007720947266,36.55534362792969,24.462827682495117,17066470
2012-03-29,36.421756744384766,36.54580307006836,36.049617767333984,36.26908493041992,24.271263122558594,18432434
2012-03-30,36.393131256103516,36.66030502319336,36.3072509765625,36.64122009277344,24.520292282104492,14794302
2012-04-02,36.54580307006836,36.79389190673828,36.459922790527344,36.74618148803711,24.590534210205078,11990063
2012-04-03,36.78435134887695,36.946563720703125,36.6984748840332,36.946563720703125,24.724626541137695,11473609
2012-04-04,36.832061767578125,37.16603088378906,36.73664093017578,37.11832046508789,24.839576721191406,15940918
2012-04-05,36.98473358154297,37.127864837646484,36.82251739501953,37.09923553466797,24.826799392700195,14547078
2012-04-09,36.8129768371582,37.19465637207031,36.79389190673828,36.95610809326172,24.731016159057617,12287066
2012-04-10,36.9370231628418,37.10877990722656,36.68893051147461,36.68893051147461,24.552217483520508,14655337
2012-04-11,36.84160232543945,36.92748260498047,36.64122009277344,36.71755599975586,24.57137107849121,11224709
2012-04-12,36.9370231628418,36.9370231628418,36.44084167480469,36.51717758178711,24.43728256225586,13421107
2012-04-13,36.345420837402344,36.35496139526367,36.040077209472656,36.049617767333984,24.124391555786133,21859289
2012-04-16,36.14503860473633,36.316795349121094,36.14503860473633,36.211830139160156,24.232952117919922,14607129
2012-04-17,36.364505767822266,36.774810791015625,36.25,36.74618148803711,24.590534210205078,11738019
2012-04-18,36.67938995361328,36.832061767578125,36.622135162353516,36.64122009277344,24.520292282104492,8033339
2012-04-19,36.78435134887695,36.85114669799805,36.41221237182617,36.60305404663086,24.494752883911133,11256358
2012-04-20,36.55534362792969,37.09923553466797,36.54580307006836,36.95610809326172,24.731016159057617,15591306
2012-04-23,36.78435134887695,36.79389190673828,36.450382232666016,36.51717758178711,24.43728256225586,11183522
2012-04-24,36.58396911621094,36.66984558105469,36.421756744384766,36.51717758178711,24.43728256225586,13084699
2012-04-25,36.54580307006836,36.72710037231445,36.38358688354492,36.66984558105469,24.539445877075195,13457054
2012-04-26,36.71755599975586,36.79389190673828,36.536258697509766,36.70801544189453,24.56499481201172,10683731
2012-04-27,37.02289962768555,37.156490325927734,36.58396911621094,36.6984748840332,24.558603286743164,16259196
2012-04-30,36.8702278137207,37.652671813964844,36.82251739501953,37.4427490234375,25.05668067932129,20759413
2012-05-01,37.156490325927734,37.69084167480469,37.08015441894531,37.566795349121094,25.13968849182129,15290320
2012-05-02,37.51908493041992,37.624046325683594,37.299617767333984,37.49045944213867,25.088600158691406,12082182
2012-05-03,37.50954055786133,37.57633590698242,37.270992279052734,37.375953674316406,25.01198387145996,11076731
2012-05-04,37.318702697753906,37.318702697753906,36.84160232543945,37.06106948852539,24.80126190185547,12505155
2012-05-07,36.74618148803711,37.03244400024414,36.73664093017578,36.774810791015625,24.609703063964844,12129238
2012-05-08,36.7557258605957,36.889312744140625,36.52671813964844,36.860687255859375,24.667150497436523,9183205
2012-05-09,36.58396911621094,36.72710037231445,36.345420837402344,36.345420837402344,24.322343826293945,12539844
2012-05-10,36.54580307006836,36.85114669799805,36.49809265136719,36.63167953491211,24.51390838623047,9906430
2012-05-11,36.450382232666016,36.58396911621094,36.211830139160156,36.288169860839844,24.28403663635254,12692747
2012-05-14,36.11641311645508,36.63167953491211,35.98282241821289,36.46946716308594,24.405359268188477,17053790
2012-05-15,36.33587646484375,36.450382232666016,35.85877990722656,36.011451721191406,24.098852157592773,11164030
2012-05-16,36.22137451171875,36.593509674072266,36.040077209472656,36.479007720947266,24.411745071411133,16105245
2012-05-17,36.459922790527344,36.68893051147461,36.25954055786133,36.288169860839844,24.28403663635254,14573488
2012-05-18,36.450382232666016,36.459922790527344,35.906490325927734,36.08778762817383,24.149938583374023,19587749
2012-05-21,36.00190734863281,36.154579162597656,35.83015441894531,35.877864837646484,24.009458541870117,9746400
2012-05-22,35.935115814208984,36.011451721191406,35.639312744140625,35.7442741394043,23.92005729675293,12919325
2012-05-23,35.7442741394043,35.906490325927734,35.32442855834961,35.6297721862793,23.843435287475586,11776166
2012-05-24,35.6870231628418,35.94465637207031,35.57251739501953,35.877864837646484,24.009458541870117,9066982
2012-05-25,35.84923553466797,36.020992279052734,35.65839767456055,35.83015441894531,23.977523803710938,6907997
2012-05-29,35.963741302490234,36.020992279052734,35.71564865112305,35.86832046508789,24.003080368041992,9214435
2012-05-30,35.6870231628418,35.92557144165039,35.582061767578125,35.6870231628418,23.881738662719727,10132274
2012-05-31,35.88740539550781,36.135494232177734,35.54389190673828,35.85877990722656,23.99668312072754,14088369
2012-06-01,35.47710037231445,35.77289962768555,35.32442855834961,35.47710037231445,23.74126434326172,14013437
2012-06-04,35.47710037231445,35.75381851196289,35.41984558105469,35.7442741394043,23.92005729675293,11439758
2012-06-05,35.6870231628418,35.83015441894531,35.553436279296875,35.78244400024414,23.945592880249023,11067404
2012-06-06,36.020992279052734,36.16412353515625,35.81106948852539,36.16412353515625,24.20101547241211,13219367
2012-06-07,36.32633590698242,36.70801544189453,36.26908493041992,36.57442855834961,24.475595474243164,55932703
2012-06-08,36.71755599975586,36.78435134887695,36.49809265136719,36.6984748840332,24.558603286743164,53368666
2012-06-11,36.85114669799805,36.9942741394043,36.67938995361328,36.70801544189453,24.56499481201172,49061386
2012-06-12,36.84160232543945,37.07061004638672,36.63167953491211,37.07061004638672,24.80763816833496,10969416
2012-06-13,36.64122009277344,37.01335906982422,36.51717758178711,36.64122009277344,24.788270950317383,12121692
2012-06-14,36.7557258605957,37.156490325927734,36.593509674072266,37.01335906982422,25.04002571105957,13529261
2012-06-15,37.23282241821289,37.30915832519531,37.08969497680664,37.156490325927734,25.136859893798828,16823544
2012-06-18,36.946563720703125,37.270992279052734,36.946563720703125,37.07061004638672,25.078765869140625,8651135
2012-06-19,37.16603088378906,37.614505767822266,37.08015441894531,37.433204650878906,25.32406234741211,12472353
2012-06-20,37.375953674316406,37.57633590698242,37.213741302490234,37.41412353515625,25.3111515045166,11939026
2012-06-21,37.5572509765625,37.96755599975586,37.49045944213867,37.643131256103516,25.466073989868164,18166766
2012-06-22,37.786258697509766,38.463741302490234,37.738548278808594,38.33969497680664,25.937307357788086,25306999
2012-06-25,38.082061767578125,38.20610809326172,37.88167953491211,37.96755599975586,25.68555450439453,16084704
2012-06-26,37.99618148803711,38.931297302246094,37.90076446533203,38.225189208984375,25.859848022460938,11988177
2012-06-27,38.2442741394043,38.88358688354492,38.139312744140625,38.67366409301758,26.163257598876953,13757620
2012-06-28,38.55915832519531,38.83587646484375,38.34923553466797,38.816795349121094,26.260080337524414,13165500
2012-06-29,39.01717758178711,39.83778762817383,39.01717758178711,39.83778762817383,26.95079231262207,24811924
2012-07-02,39.360687255859375,39.933204650878906,39.34160232543945,39.933204650878906,27.01534080505371,15022137
2012-07-03,39.818702697753906,40.038169860839844,39.656490325927734,39.89503860473633,26.989521026611328,7912924
2012-07-05,39.761451721191406,39.885494232177734,39.40839767456055,39.72328186035156,26.873327255249023,9695467
2012-07-06,39.4370231628418,39.64694595336914,39.39885330200195,39.60877990722656,26.79587173461914,10543509
2012-07-09,39.799617767333984,40.32442855834961,39.627864837646484,40.200382232666016,27.196104049682617,21190350
2012-07-10,40.24809265136719,40.27671813964844,39.3702278137207,39.475189208984375,26.70549201965332,17512499
2012-07-11,39.48473358154297,39.57061004638672,39.17938995361328,39.32251739501953,26.60221290588379,12955586
2012-07-12,40.906490325927734,41.20228958129883,40.8015251159668,40.94465637207031,27.69961166381836,48160945
2012-07-13,41.08778762817383,41.57442855834961,40.963741302490234,41.479007720947266,28.061100006103516,17782988
2012-07-16,41.24045944213867,41.536258697509766,41.03053283691406,41.364505767822266,27.983644485473633,15964603
2012-07-17,41.3072509765625,42.33778762817383,41.183204650878906,42.16603088378906,28.525882720947266,21110702
2012-07-18,41.917938232421875,42.08969497680664,41.67938995361328,41.92748260498047,28.36450958251953,16989233
2012-07-19,41.9370231628418,42.01335906982422,41.54580307006836,41.92748260498047,28.36450958251953,14661625
2012-07-20,41.622135162353516,41.66030502319336,41.32633590698242,41.421756744384766,28.022369384765625,13641606
2012-07-23,41.24045944213867,41.450382232666016,41.08778762817383,41.288169860839844,27.93199920654297,15069297
2012-07-24,41.24045944213867,41.374046325683594,40.32442855834961,40.73473358154297,27.55759048461914,21354886
2012-07-25,40.94465637207031,41.020992279052734,40.41984558105469,40.667938232421875,27.512399673461914,12818717
2012-07-26,41.078243255615234,41.74618148803711,41.011451721191406,41.345420837402344,27.970726013183594,17085858
2012-07-27,41.74618148803711,43.10114669799805,41.46946716308594,43.03435134887695,29.11331558227539,31419983
2012-07-30,42.595420837402344,42.872135162353516,42.299617767333984,42.4427490234375,28.713085174560547,13571914
2012-07-31,42.41412353515625,42.643131256103516,42.14694595336914,42.14694595336914,28.512977600097656,13242423
2012-08-01,42.41412353515625,42.738548278808594,42.08015441894531,42.25190734863281,28.583980560302734,11781092
2012-08-02,42.02289962768555,42.20419692993164,41.52671813964844,41.89885330200195,28.34512710571289,10318503
2012-08-03,42.404579162597656,42.63358688354492,42.06106948852539,42.127864837646484,28.500059127807617,10496139
2012-08-06,42.17557144165039,42.595420837402344,42.14694595336914,42.45228958129883,28.71953773498535,9532608
2012-08-07,42.5,42.50954055786133,41.96564865112305,41.98473358154297,28.40323829650879,11407899
2012-08-08,41.96564865112305,42.242366790771484,41.82251739501953,42.04198455810547,28.44195556640625,11308968
2012-08-09,41.8797721862793,42.290077209472656,41.6984748840332,42.25190734863281,28.583980560302734,10466586
2012-08-10,41.96564865112305,42.52862548828125,41.946563720703125,42.52862548828125,28.771181106567383,9736025
2012-08-13,42.538169860839844,42.566795349121094,42.22328186035156,42.385494232177734,28.67435073852539,8943318
2012-08-14,42.461830139160156,42.595420837402344,42.25190734863281,42.375953674316406,28.66790008544922,6572742
2012-08-15,42.23282241821289,42.347328186035156,41.98473358154297,42.04198455810547,28.44195556640625,7808229
2012-08-16,42.00381851196289,42.13740539550781,41.84160232543945,41.92748260498047,28.36450958251953,8798903
2012-08-17,42.02289962768555,42.02289962768555,41.11641311645508,41.35496139526367,27.97718620300293,15549071
2012-08-20,41.364505767822266,41.79389190673828,41.25954055786133,41.74618148803711,28.241844177246094,9150612
2012-08-21,41.507633209228516,41.74618148803711,40.94465637207031,40.97328186035156,27.718965530395508,11281615
2012-08-22,40.98282241821289,41.106868743896484,40.83969497680664,40.94465637207031,27.69961166381836,9025900
2012-08-23,40.94465637207031,41.011451721191406,40.65839767456055,40.83969497680664,27.628597259521484,10531876
2012-08-24,40.6870231628418,41.345420837402344,40.6870231628418,41.14503860473633,27.835174560546875,10649252
2012-08-27,41.011451721191406,41.25954055786133,40.877864837646484,41.078243255615234,27.78997802734375,8122943
2012-08-28,41.00190734863281,41.16412353515625,40.79198455810547,40.86832046508789,27.64796257019043,8419842
2012-08-29,40.98282241821289,41.25954055786133,40.73473358154297,41.08778762817383,27.79644775390625,7973289
2012-08-30,40.89694595336914,41.288169860839844,40.6870231628418,41.14503860473633,27.835174560546875,8964173
2012-08-31,41.345420837402344,41.58396911621094,40.94465637207031,41.078243255615234,27.78997802734375,28906355
2012-09-04,41.16412353515625,41.402671813964844,40.906490325927734,41.26908493041992,27.91908073425293,25771368
2012-09-05,41.402671813964844,41.536258697509766,41.106868743896484,41.450382232666016,28.04174041748047,8734870
2012-09-06,41.65076446533203,42.23282241821289,41.622135162353516,42.213741302490234,28.55816650390625,10349419
2012-09-07,42.39503860473633,42.404579162597656,41.90839767456055,42.03244400024414,28.435510635375977,8738538
2012-09-10,41.95610809326172,42.347328186035156,41.8797721862793,42.23282241821289,28.571081161499023,9427284
2012-09-11,42.318702697753906,42.52862548828125,42.25190734863281,42.299617767333984,28.616262435913086,8975596
2012-09-12,42.318702697753906,42.52862548828125,42.28053283691406,42.49045944213867,28.7453556060791,9378028
2012-09-13,42.06106948852539,42.66221237182617,41.9942741394043,42.614505767822266,29.103784561157227,12429175
2012-09-14,42.50954055786133,42.50954055786133,41.450382232666016,41.622135162353516,28.42603302001953,17331195
2012-09-17,41.488548278808594,41.98473358154297,41.488548278808594,41.98473358154297,28.673675537109375,11538899
2012-09-18,41.7557258605957,42.11832046508789,41.68893051147461,42.06106948852539,28.725807189941406,7895632
2012-09-19,42.09923553466797,42.729007720947266,42.07061004638672,42.47137451171875,29.006027221679688,10289369
2012-09-20,42.328243255615234,42.91030502319336,42.318702697753906,42.83396911621094,29.25367546081543,10443320
2012-09-21,42.89122009277344,43.17748260498047,42.80534362792969,42.85305404663086,29.26670265197754,21226821
2012-09-24,42.89122009277344,43.17748260498047,42.738548278808594,43.07251739501953,29.41658592224121,10468786
2012-09-25,43.14885330200195,43.606868743896484,42.80534362792969,43.04389190673828,29.39704132080078,13419850
2012-09-26,43.04389190673828,43.29198455810547,42.93893051147461,42.9484748840332,29.331876754760742,13260134
2012-09-27,43.0057258605957,43.35877990722656,42.9484748840332,43.15839767456055,29.475236892700195,10306346
2012-09-28,42.98664093017578,43.139312744140625,42.729007720947266,43.03435134887695,29.390527725219727,13097170
2012-10-01,42.91030502319336,43.50190734863281,42.91030502319336,43.14885330200195,29.468711853027344,8964278
2012-10-02,43.34923553466797,43.511451721191406,43.03435134887695,43.38740539550781,29.63163948059082,7786116
2012-10-03,43.41603088378906,43.76908493041992,43.196563720703125,43.683204650878906,29.83365821838379,8861678
2012-10-04,43.79771041870117,44.26526641845703,43.75,44.007633209228516,30.055227279663086,9383582
2012-10-05,44.29389190673828,44.3702278137207,43.75954055786133,44.16030502319336,30.159496307373047,12463864
2012-10-08,44.05534362792969,44.332061767578125,43.6927490234375,44.21755599975586,30.198606491088867,7371318
2012-10-09,44.093509674072266,44.40839767456055,43.921756744384766,44.05534362792969,30.087810516357422,10512383
2012-10-10,44.05534362792969,44.26526641845703,43.32061004638672,43.511451721191406,29.716354370117188,9930114
2012-10-11,43.788169860839844,43.816795349121094,43.27289962768555,43.36832046508789,29.618610382080078,7359685
2012-10-12,43.511451721191406,43.893131256103516,43.47328186035156,43.53053283691406,29.729373931884766,7172826
2012-10-15,43.64503860473633,44.4942741394043,43.597328186035156,44.45610809326172,30.36151885986328,10774802
2012-10-16,44.59923553466797,45.10496139526367,44.57061004638672,45.00954055786133,30.739486694335938,12528002
2012-10-17,44.92366409301758,45.32442855834961,44.92366409301758,45.21946716308594,30.88284683227539,10619279
2012-10-18,45.124046325683594,45.8015251159668,45.114505767822266,45.76335906982422,31.25430679321289,11513433
2012-10-19,45.7442741394043,45.79198455810547,44.73282241821289,44.875953674316406,30.648258209228516,13599372
2012-10-22,44.66603088378906,44.875953674316406,44.07442855834961,44.35114669799805,30.289823532104492,14694427
2012-10-23,44.07442855834961,44.39885330200195,43.76908493041992,43.788169860839844,29.905336380004883,13104402
2012-10-24,43.845420837402344,44.07442855834961,43.70228958129883,43.77862548828125,29.89881706237793,10102406
2012-10-25,43.988548278808594,44.21755599975586,43.902671813964844,44.17938995361328,30.172529220581055,11498132
2012-10-26,43.6927490234375,44.627864837646484,43.6927490234375,44.036258697509766,30.074771881103516,12513644
2012-10-31,44.29389190673828,44.57061004638672,43.35877990722656,43.540077209472656,29.73590660095215,14184680
2012-11-01,43.654579162597656,44.360687255859375,43.58778762817383,43.83587646484375,29.937925338745117,12749968
2012-11-02,44.13167953491211,44.417938232421875,43.88358688354492,43.893131256103516,29.97701644897461,11580924
2012-11-05,43.72137451171875,43.893131256103516,43.23473358154297,43.578243255615234,29.76197624206543,9412298
2012-11-06,43.597328186035156,44.1984748840332,43.58778762817383,43.816795349121094,29.924901962280273,9154594
2012-11-07,43.463741302490234,43.578243255615234,42.156490325927734,42.42366409301758,28.97345542907715,25223159
2012-11-08,42.47137451171875,42.71946716308594,41.832061767578125,41.832061767578125,28.569414138793945,17113735
2012-11-09,41.68893051147461,42.290077209472656,41.622135162353516,42.03244400024414,28.70625877380371,14666970
2012-11-12,42.433204650878906,42.48091506958008,41.8702278137207,42.00381851196289,28.686710357666016,7681630
2012-11-13,41.76526641845703,42.42366409301758,41.66984558105469,41.67938995361328,28.46514892578125,10059857
2012-11-14,41.6984748840332,41.889312744140625,40.94465637207031,41.078243255615234,28.054582595825195,14888831
2012-11-15,40.992366790771484,41.16412353515625,40.60114669799805,40.83969497680664,27.89167022705078,12872794
2012-11-16,40.877864837646484,41.25,40.41984558105469,41.097328186035156,28.067628860473633,17435052
2012-11-19,41.33587646484375,41.41221237182617,41.11641311645508,41.35496139526367,28.243568420410156,9630806
2012-11-20,41.431297302246094,41.66984558105469,41.25954055786133,41.564884185791016,28.386938095092773,11428545
2012-11-21,41.79389190673828,41.917938232421875,41.63167953491211,41.8797721862793,28.602001190185547,7637824
2012-11-23,41.975189208984375,42.261451721191406,41.90839767456055,42.25190734863281,28.856128692626953,4692734
2012-11-26,41.98473358154297,42.299617767333984,41.90839767456055,42.17557144165039,28.804012298583984,9831393
2012-11-27,42.01335906982422,42.16603088378906,41.84160232543945,41.8702278137207,28.5954647064209,9294922
2012-11-28,41.74618148803711,42.566795349121094,41.54580307006836,42.5572509765625,29.064678192138672,11124310
2012-11-29,42.89122009277344,42.89122009277344,42.4427490234375,42.66221237182617,29.13636589050293,10018356
2012-11-30,42.5,42.66221237182617,42.09923553466797,42.270992279052734,28.869184494018555,15738026
2012-12-03,42.433204650878906,42.77671813964844,42.385494232177734,42.404579162597656,28.960418701171875,12177865
2012-12-04,42.347328186035156,42.729007720947266,42.347328186035156,42.36641311645508,28.934341430664062,10476751
2012-12-05,42.299617767333984,42.709922790527344,42.20419692993164,42.356868743896484,28.92782974243164,12206056
2012-12-06,42.41412353515625,42.54771041870117,42.347328186035156,42.47137451171875,29.006027221679688,9240216
2012-12-07,42.49045944213867,42.595420837402344,42.13740539550781,42.58587646484375,29.084239959716797,8247236
2012-12-10,42.42366409301758,42.77671813964844,42.385494232177734,42.4427490234375,28.986480712890625,9796180
2012-12-11,42.614505767822266,43.20610809326172,42.461830139160156,43.1202278137207,29.44917869567871,14235508
2012-12-12,43.139312744140625,43.406490325927734,42.95801544189453,43.1870231628418,29.49479103088379,11790000
2012-12-13,42.88167953491211,42.88167953491211,41.889312744140625,41.9370231628418,28.915822982788086,14404131
2012-12-14,41.889312744140625,41.946563720703125,41.421756744384766,41.54580307006836,28.646068572998047,13818928
2012-12-17,41.63167953491211,41.832061767578125,41.51717758178711,41.63167953491211,28.705284118652344,13917650
2012-12-18,41.593509674072266,42.36641311645508,41.374046325683594,42.213741302490234,29.106618881225586,14756888
2012-12-19,42.127864837646484,42.42366409301758,41.61259460449219,41.66030502319336,28.725017547607422,12254369
2012-12-20,40.5057258605957,40.82061004638672,40.07633590698242,40.229007720947266,27.73812484741211,35263104
2012-12-21,40.47710037231445,40.51526641845703,39.5515251159668,39.61832046508789,27.317054748535156,30087242
2012-12-24,39.53244400024414,39.83778762817383,39.417938232421875,39.52289962768555,27.251270294189453,6793870
2012-12-26,39.5515251159668,39.67557144165039,39.332061767578125,39.446563720703125,27.198633193969727,7471716
2012-12-27,39.32251739501953,39.51335906982422,38.931297302246094,39.3129768371582,27.106529235839844,11948877
2012-12-28,39.122135162353516,39.28435134887695,38.76908493041992,38.77862548828125,26.738088607788086,11862731
2012-12-31,38.435115814208984,39.093509674072266,38.1870231628418,39.064884185791016,26.93545913696289,15004635
2013-01-02,39.9427490234375,39.95228958129883,39.064884185791016,39.446563720703125,27.198633193969727,16722831
2013-01-03,39.97137451171875,40.48664093017578,39.22710037231445,40.39122009277344,27.84996795654297,24673483
2013-01-04,40.51526641845703,40.553436279296875,39.904579162597656,40.04771041870117,27.613126754760742,16169068
2013-01-07,40.114505767822266,40.257633209228516,39.933204650878906,40.19084167480469,27.711809158325195,12055773
2013-01-08,40.314884185791016,40.73473358154297,40.24809265136719,40.24809265136719,27.75128936767578,15458943
2013-01-09,40.4484748840332,40.696563720703125,40.26717758178711,40.639312744140625,28.021038055419922,10556609
2013-01-10,40.906490325927734,41.17366409301758,40.79198455810547,40.82061004638672,28.146039962768555,13593084
2013-01-11,40.75381851196289,41.345420837402344,40.75381851196289,41.25,28.44211769104004,12722825
2013-01-14,41.32633590698242,41.564884185791016,41.078243255615234,41.35496139526367,28.514469146728516,11650721
2013-01-15,41.393131256103516,41.54580307006836,40.84923553466797,40.906490325927734,28.205245971679688,12446677
2013-01-16,40.92557144165039,41.068702697753906,40.553436279296875,40.59160232543945,27.988134384155273,12481156
2013-01-17,40.84923553466797,40.88740539550781,40.59160232543945,40.79198455810547,28.12630271911621,16255109
2013-01-18,40.91603088378906,41.011451721191406,40.696563720703125,41.011451721191406,28.277626037597656,17222937
2013-01-22,40.81106948852539,41.24045944213867,40.65839767456055,41.22137451171875,28.42237091064453,12819765
2013-01-23,41.03053283691406,41.106868743896484,40.60114669799805,40.85877990722656,28.172361373901367,14854666
2013-01-24,40.98282241821289,41.23091506958008,40.963741302490234,41.03053283691406,28.290786743164062,13096122
2013-01-25,41.14503860473633,41.46946716308594,40.76335906982422,41.46946716308594,28.593433380126953,13799330
2013-01-28,41.35496139526367,41.507633209228516,40.963741302490234,40.963741302490234,28.24472999572754,12418800
2013-01-29,41.211830139160156,41.73664093017578,41.020992279052734,41.66030502319336,28.725017547607422,16474874
2013-01-30,41.66030502319336,41.76526641845703,41.46946716308594,41.507633209228516,28.6197509765625,13280885
2013-01-31,41.44084167480469,41.64122009277344,41.26908493041992,41.26908493041992,28.455259323120117,15237291
2013-02-01,40.30534362792969,40.79198455810547,39.60877990722656,39.91412353515625,27.52100944519043,39497024
2013-02-04,39.4942741394043,39.75190734863281,38.959922790527344,38.979007720947266,26.876237869262695,30821366
2013-02-05,39.16984558105469,39.58015441894531,39.05534362792969,39.53244400024414,27.257835388183594,22330050
2013-02-06,39.45610809326172,39.5515251159668,39.10305404663086,39.20801544189453,27.034143447875977,18218222
2013-02-07,39.21755599975586,39.40839767456055,39.007633209228516,39.122135162353516,26.974929809570312,16950666
2013-02-08,39.17938995361328,39.29389190673828,39.07442855834961,39.29389190673828,27.093358993530273,15365566
2013-02-11,39.303436279296875,39.59923553466797,39.20801544189453,39.48473358154297,27.224946975708008,11959776
2013-02-12,39.475189208984375,39.66603088378906,39.24618148803711,39.5515251159668,27.271013259887695,10475808
2013-02-13,39.52289962768555,39.58969497680664,39.13167953491211,39.26526641845703,27.073625564575195,16561858
2013-02-14,39.16030502319336,39.332061767578125,38.959922790527344,39.303436279296875,27.099939346313477,17116774
2013-02-15,39.56106948852539,39.59923553466797,39.35114669799805,39.52289962768555,27.251270294189453,16326897
2013-02-19,39.69465637207031,40.286258697509766,39.67557144165039,40.286258697509766,27.777599334716797,13944793
2013-02-20,40.41984558105469,40.79198455810547,40.286258697509766,40.70610809326172,28.06708335876465,17607343
2013-02-21,40.553436279296875,40.6202278137207,40.33396911621094,40.553436279296875,27.961820602416992,12390504
2013-02-22,40.6297721862793,41.288169860839844,40.582061767578125,41.00190734863281,28.27105140686035,16132807
2013-02-25,41.32633590698242,41.459922790527344,40.5629768371582,40.57251739501953,27.9749813079834,20338850
2013-02-26,40.79198455810547,40.83969497680664,40.171756744384766,40.47710037231445,27.909196853637695,14570449
2013-02-27,40.33396911621094,41.17366409301758,40.33396911621094,41.00190734863281,28.27105140686035,13537121
2013-02-28,41.040077209472656,41.23091506958008,40.77289962768555,40.77289962768555,28.113142013549805,14893442
2013-03-01,40.39122009277344,40.71564865112305,40.39122009277344,40.67748260498047,28.047361373901367,15527482
2013-03-04,40.95419692993164,41.364505767822266,40.8015251159668,41.35496139526367,28.514469146728516,14839890
2013-03-05,41.60305404663086,41.65076446533203,41.125953674316406,41.26908493041992,28.455259323120117,15843769
2013-03-06,41.316795349121094,41.73664093017578,41.08778762817383,41.67938995361328,28.738176345825195,19301121
2013-03-07,41.8129768371582,41.917938232421875,41.11641311645508,41.288169860839844,28.468420028686523,14392813
2013-03-08,41.41221237182617,41.507633209228516,40.95419692993164,41.00190734863281,28.27105140686035,30678418
2013-03-11,40.98282241821289,41.66984558105469,40.906490325927734,41.66030502319336,28.725017547607422,40492729
2013-03-12,43.33969497680664,43.33969497680664,42.82442855834961,42.97710037231445,29.63295555114746,58695860
2013-03-13,42.5,42.681297302246094,42.4427490234375,42.54771041870117,29.619674682617188,18781418
2013-03-14,42.66221237182617,42.700382232666016,41.60305404663086,42.242366790771484,29.4070987701416,27136283
2013-03-15,41.82251739501953,42.07061004638672,41.78435134887695,42.07061004638672,29.28753089904785,25499831
2013-03-18,41.774810791015625,41.92748260498047,41.57442855834961,41.63167953491211,28.981971740722656,12699350
2013-03-19,41.6984748840332,41.832061767578125,41.60305404663086,41.6984748840332,29.028467178344727,16248297
2013-03-20,41.98473358154297,42.261451721191406,41.8702278137207,42.09923553466797,29.307451248168945,15693066
2013-03-21,42.01335906982422,42.156490325927734,41.7557258605957,41.78435134887695,29.08824920654297,12476021
2013-03-22,41.85114669799805,42.08969497680664,41.79389190673828,41.889312744140625,29.16132926940918,10463232
2013-03-25,41.9370231628418,41.98473358154297,41.51717758178711,41.68893051147461,29.02182960510254,13746721
2013-03-26,41.9370231628418,42.36641311645508,41.889312744140625,42.356868743896484,29.48679542541504,12694110
2013-03-27,42.10877990722656,42.22328186035156,41.89885330200195,42.08015441894531,29.294179916381836,11497503
2013-03-28,42.03244400024414,42.28053283691406,41.946563720703125,42.17557144165039,29.360599517822266,17440502
2013-04-01,41.98473358154297,42.33778762817383,41.76526641845703,42.318702697753906,29.460233688354492,10377191
2013-04-02,42.47137451171875,42.93893051147461,42.385494232177734,42.85305404663086,29.832229614257812,13400252
2013-04-03,42.93893051147461,44.04580307006836,42.93893051147461,43.28244400024414,30.13115692138672,27114066
2013-04-04,43.31106948852539,43.77862548828125,42.9484748840332,43.2442741394043,30.104576110839844,14637835
2013-04-05,42.97710037231445,43.15839767456055,42.83396911621094,43.0629768371582,29.97837257385254,13206372
2013-04-08,43.024810791015625,43.39694595336914,42.90076446533203,43.39694595336914,30.210866928100586,10640868
2013-04-09,43.635494232177734,43.83587646484375,43.26335906982422,43.42557144165039,30.230792999267578,11108066
2013-04-10,43.8072509765625,44.818702697753906,43.683204650878906,44.69465637207031,31.1142635345459,19634385
2013-04-11,44.54198455810547,45.33396911621094,44.54198455810547,45.04771041870117,31.36004066467285,18379719
2013-04-12,44.53244400024414,44.97137451171875,44.51335906982422,44.95228958129883,31.293615341186523,10547491
2013-04-15,44.742366790771484,45.32442855834961,44.332061767578125,44.332061767578125,30.861845016479492,16083970
2013-04-16,44.50381851196289,44.89503860473633,44.3702278137207,44.80915832519531,31.193984985351562,10674614
2013-04-17,44.58015441894531,44.761451721191406,44.28435134887695,44.61832046508789,31.06111717224121,12342506
2013-04-18,44.713741302490234,44.828243255615234,44.360687255859375,44.42748260498047,30.928258895874023,11813685
2013-04-19,44.713741302490234,45.314884185791016,44.52289962768555,45.314884185791016,31.5460262298584,13315154
2013-04-22,45.27671813964844,45.77289962768555,45.01908493041992,45.725189208984375,31.831684112548828,14950139
2013-04-23,45.75381851196289,46.46946716308594,45.73473358154297,46.402671813964844,32.303314208984375,18500868
2013-04-24,46.44084167480469,46.55534362792969,45.67748260498047,45.75381851196289,31.851600646972656,16292418
2013-04-25,45.75381851196289,45.8015251159668,45.114505767822266,45.181297302246094,31.453041076660156,16702081
2013-04-26,45.10496139526367,45.86832046508789,44.95228958129883,45.67748260498047,31.798463821411133,11110477
2013-04-29,45.6870231628418,45.91603088378906,45.53435134887695,45.6297721862793,31.76524543762207,11921943
2013-04-30,45.5629768371582,45.64885330200195,44.847328186035156,44.847328186035156,31.22055435180664,20692446
2013-05-01,42.74809265136719,44.18893051147461,42.5572509765625,43.597328186035156,30.350366592407227,41648358
2013-05-02,43.79771041870117,43.902671813964844,43.406490325927734,43.635494232177734,30.376930236816406,14929389
2013-05-03,44.13167953491211,44.2557258605957,43.377864837646484,43.578243255615234,30.33708953857422,13492581
2013-05-06,43.42557144165039,43.893131256103516,42.91030502319336,42.91984558105469,29.87873649597168,14772922
2013-05-07,43.03435134887695,43.225189208984375,42.82442855834961,43.196563720703125,30.071359634399414,15226078
2013-05-08,43.053436279296875,43.511451721191406,42.91030502319336,42.92938995361328,29.8853702545166,19187098
2013-05-09,43.17748260498047,43.53053283691406,42.89122009277344,43.406490325927734,30.217506408691406,14856134
2013-05-10,43.45419692993164,43.845420837402344,43.406490325927734,43.845420837402344,30.52305793762207,14592142
2013-05-13,43.74045944213867,44.11259460449219,43.58778762817383,44.05534362792969,30.669206619262695,10738018
2013-05-14,44.007633209228516,44.627864837646484,43.893131256103516,44.51335906982422,30.98805809020996,14057767
2013-05-15,44.58969497680664,45.095420837402344,44.332061767578125,44.58969497680664,31.041194915771484,13831294
2013-05-16,44.446563720703125,44.56106948852539,42.9484748840332,44.24618148803711,30.80205726623535,12536910
2013-05-17,44.16984558105469,44.57061004638672,43.01526641845703,43.88358688354492,30.549650192260742,22773459
2013-05-20,43.85496139526367,43.91221237182617,43.03435134887695,43.139312744140625,30.031509399414062,17533040
2013-05-21,43.167938232421875,45.35305404663086,43.1202278137207,45.16221237182617,31.439769744873047,49277694
2013-05-22,45.41984558105469,46.08778762817383,44.360687255859375,44.57061004638672,31.027908325195312,44670895
2013-05-23,44.332061767578125,45.26717758178711,44.29389190673828,45.16221237182617,31.439769744873047,23663421
2013-05-24,44.89503860473633,45.0,44.46564865112305,45.0,31.32684326171875,16554208
2013-05-28,45.7442741394043,46.41221237182617,45.343509674072266,45.43893051147461,31.632400512695312,18511767
2013-05-29,45.124046325683594,45.29580307006836,44.3797721862793,44.72328186035156,31.134193420410156,16822182
2013-05-30,44.86641311645508,45.21946716308594,44.59923553466797,44.91412353515625,31.26704978942871,15933268
2013-05-31,44.78053283691406,45.49618148803711,44.5515251159668,44.56106948852539,31.021289825439453,22768953
2013-06-03,46.68893051147461,47.09923553466797,46.097328186035156,46.23091506958008,32.18375015258789,39805450
2013-06-04,45.992366790771484,47.86259460449219,45.963741302490234,47.17557144165039,32.84136199951172,38785013
2013-06-05,46.774810791015625,47.45228958129883,46.25,46.49809265136719,32.36973190307617,26119409
2013-06-06,46.41221237182617,46.49809265136719,45.5629768371582,46.374046325683594,32.28337478637695,20850903
2013-06-07,46.536258697509766,46.889312744140625,45.89694595336914,45.98282241821289,32.01103591918945,52852631
2013-06-10,46.421756744384766,46.65076446533203,46.14503860473633,46.24045944213867,32.19038009643555,50887946
2013-06-11,45.86832046508789,45.992366790771484,45.372135162353516,45.38167953491211,31.5925350189209,56749305
2013-06-12,45.696563720703125,45.89694595336914,45.066795349121094,45.08587646484375,31.386613845825195,17662887
2013-06-13,44.59923553466797,45.7442741394043,44.360687255859375,45.70610809326172,32.110618591308594,15482314
2013-06-14,45.582061767578125,46.3072509765625,45.32442855834961,45.75381851196289,32.14412307739258,14286650
2013-06-17,46.11641311645508,46.32633590698242,45.38167953491211,45.610687255859375,32.0435791015625,13084490
2013-06-18,45.6870231628418,45.84923553466797,45.47710037231445,45.5629768371582,32.01005935668945,12384006
2013-06-19,45.524810791015625,45.963741302490234,45.27671813964844,45.40076446533203,31.89609718322754,18857922
2013-06-20,45.24809265136719,45.24809265136719,44.093509674072266,44.18893051147461,31.04472541809082,18680495
2013-06-21,44.72328186035156,45.41984558105469,44.53244400024414,44.847328186035156,31.507286071777344,25453614
2013-06-24,44.34160232543945,44.713741302490234,43.950382232666016,44.28435134887695,31.11176109313965,18948574
2013-06-25,44.39885330200195,44.54198455810547,43.96946716308594,44.11259460449219,30.991100311279297,12600104
2013-06-26,44.46564865112305,44.761451721191406,44.16030502319336,44.5515251159668,31.299476623535156,11984823
2013-06-27,44.875953674316406,45.19084167480469,44.72328186035156,45.114505767822266,31.694990158081055,12198510
2013-06-28,45.286258697509766,45.30534362792969,44.32251739501953,44.32251739501953,31.138582229614258,17124110
2013-07-01,44.14122009277344,44.70419692993164,44.10305404663086,44.1984748840332,31.051433563232422,13741586
2013-07-02,43.979007720947266,44.58969497680664,43.921756744384766,44.417938232421875,31.205615997314453,11859063
2013-07-03,44.35114669799805,44.58969497680664,44.04580307006836,44.417938232421875,31.205615997314453,7203952
2013-07-05,44.78053283691406,45.13358688354492,44.475189208984375,45.0,31.614547729492188,8491944
2013-07-08,45.200382232666016,45.4484748840332,45.07633590698242,45.238548278808594,31.782133102416992,11504315
2013-07-09,45.53435134887695,45.8015251159668,45.42938995361328,45.43893051147461,31.92290687561035,10811902
2013-07-10,45.43893051147461,45.97328186035156,45.41030502319336,45.76335906982422,32.15082931518555,8154174
2013-07-11,46.211830139160156,46.27862548828125,45.92557144165039,46.097328186035156,32.38546371459961,11991216
2013-07-12,46.183204650878906,46.431297302246094,45.98282241821289,46.316795349121094,32.53964614868164,9280564
2013-07-15,46.288169860839844,46.65076446533203,46.049617767333984,46.29771041870117,32.526248931884766,10117811
2013-07-16,46.33587646484375,46.593509674072266,45.83015441894531,46.020992279052734,32.33184051513672,16006733
2013-07-17,46.068702697753906,46.536258697509766,45.92557144165039,45.92557144165039,32.264801025390625,9964174
2013-07-18,45.83015441894531,45.92557144165039,45.181297302246094,45.229007720947266,31.775436401367188,18677456
2013-07-19,45.29580307006836,45.725189208984375,45.038169860839844,45.60114669799805,32.0368766784668,14911678
2013-07-22,45.65839767456055,46.040077209472656,45.372135162353516,45.53435134887695,31.98994255065918,11861998
2013-07-23,45.6202278137207,46.011451721191406,45.36259460449219,45.73473358154297,32.13072204589844,9685616
2013-07-24,45.725189208984375,45.83969497680664,45.33396911621094,45.582061767578125,32.023460388183594,9370378
2013-07-25,45.35305404663086,45.98282241821289,45.181297302246094,45.963741302490234,32.2916145324707,10522339
2013-07-26,45.84923553466797,46.26908493041992,45.59160232543945,46.26908493041992,32.50611877441406,10318818
2013-07-29,46.05915832519531,46.55534362792969,45.94465637207031,46.125953674316406,32.405574798583984,10785597
2013-07-30,46.078243255615234,46.832061767578125,45.64885330200195,45.84923553466797,32.21117401123047,17583554
2013-07-31,46.27862548828125,46.49809265136719,45.77289962768555,45.963741302490234,32.2916145324707,22612067
2013-08-01,46.22137451171875,46.450382232666016,45.83969497680664,46.35496139526367,32.56646728515625,14198094
2013-08-02,46.22137451171875,46.316795349121094,45.97328186035156,46.316795349121094,32.53964614868164,9350466
2013-08-05,46.17366409301758,46.431297302246094,45.86832046508789,46.3072509765625,32.53295135498047,7114977
2013-08-06,46.25954055786133,46.364505767822266,45.88740539550781,46.22137451171875,32.472618103027344,10421836
2013-08-07,46.135494232177734,46.51717758178711,46.135494232177734,46.32633590698242,32.546356201171875,10130282
2013-08-08,46.431297302246094,46.60305404663086,45.98282241821289,46.25,32.49271774291992,9045707
2013-08-09,46.22137451171875,46.54580307006836,46.049617767333984,46.17366409301758,32.439090728759766,8266834
2013-08-12,45.95419692993164,46.57442855834961,45.88740539550781,46.25,32.49271774291992,10411985
2013-08-13,46.29771041870117,46.61259460449219,45.877864837646484,46.211830139160156,32.465904235839844,7812945
2013-08-14,46.32633590698242,46.52671813964844,46.1927490234375,46.345420837402344,32.55976104736328,8940383
2013-08-15,46.068702697753906,46.14503860473633,45.65839767456055,45.77289962768555,32.15754318237305,11885892
2013-08-16,45.60114669799805,45.8015251159668,45.30534362792969,45.51526641845703,31.976533889770508,13834019
2013-08-19,45.29580307006836,45.610687255859375,45.27671813964844,45.40076446533203,31.89609718322754,8780458
2013-08-20,45.46755599975586,46.16412353515625,45.38167953491211,45.38167953491211,31.8826847076416,14771560
2013-08-21,45.38167953491211,45.83969497680664,45.13358688354492,45.286258697509766,31.815643310546875,11318400
2013-08-22,45.4484748840332,45.78244400024414,45.229007720947266,45.6202278137207,32.05028533935547,9044554
2013-08-23,45.78244400024414,45.78244400024414,45.27671813964844,45.54389190673828,31.996639251708984,9616762
2013-08-26,45.610687255859375,45.70610809326172,45.35305404663086,45.43893051147461,31.92290687561035,9662770
2013-08-27,45.152671813964844,45.343509674072266,44.78053283691406,44.95228958129883,31.58101463317871,11362835
2013-08-28,44.63740539550781,45.229007720947266,44.34160232543945,44.933204650878906,31.567607879638672,10283186
2013-08-29,44.818702697753906,45.229007720947266,44.64694595336914,44.9427490234375,31.574323654174805,10160779
2013-08-30,44.933204650878906,45.30534362792969,44.86641311645508,45.124046325683594,31.70169448852539,8725962
2013-09-03,45.343509674072266,45.47710037231445,44.856868743896484,45.04771041870117,31.64805030822754,14894595
2013-09-04,44.97137451171875,45.6870231628418,44.95228958129883,45.49618148803711,31.963132858276367,11596330
2013-09-05,45.60114669799805,45.60114669799805,45.095420837402344,45.33396911621094,31.84916877746582,8277314
2013-09-06,45.39122009277344,45.6297721862793,44.904579162597656,45.314884185791016,31.835752487182617,27944815
2013-09-09,45.41984558105469,45.65839767456055,45.30534362792969,45.553436279296875,32.003353118896484,30580850
2013-09-10,45.667938232421875,46.183204650878906,45.667938232421875,45.78244400024414,32.16423416137695,32287413
2013-09-11,45.83015441894531,46.288169860839844,45.76335906982422,45.935115814208984,32.271488189697266,14021297
2013-09-12,45.610687255859375,45.78244400024414,45.46755599975586,45.65839767456055,32.36619567871094,9958515
2013-09-13,45.6870231628418,45.79198455810547,45.48664093017578,45.60114669799805,32.32561111450195,8049688
2013-09-16,46.040077209472656,46.23091506958008,45.89694595336914,45.98282241821289,32.5961799621582,9880754
2013-09-17,45.906490325927734,46.020992279052734,45.7442741394043,45.81106948852539,32.474422454833984,8073058
2013-09-18,45.6202278137207,46.479007720947266,45.4484748840332,46.183204650878906,32.738216400146484,14681118
2013-09-19,46.25,46.26908493041992,45.89694595336914,46.049617767333984,32.64352798461914,9775744
2013-09-20,46.11641311645508,46.183204650878906,45.67748260498047,45.81106948852539,32.474422454833984,29303128
2013-09-23,45.60114669799805,45.85877990722656,45.36259460449219,45.49618148803711,32.251216888427734,13210774
2013-09-24,45.4484748840332,46.011451721191406,45.343509674072266,45.35305404663086,32.14973831176758,13939029
2013-09-25,45.48664093017578,45.79198455810547,45.24809265136719,45.48664093017578,32.244449615478516,11901402
2013-09-26,45.59160232543945,45.8015251159668,45.33396911621094,45.49618148803711,32.251216888427734,10753633
2013-09-27,45.39122009277344,45.71564865112305,45.124046325683594,45.60114669799805,32.32561111450195,11014794
2013-09-30,45.45801544189453,45.67748260498047,45.124046325683594,45.42938995361328,32.20387268066406,17023712
2013-10-01,46.67938995361328,46.975189208984375,45.94465637207031,46.507633209228516,32.96820068359375,28651482
2013-10-02,46.23091506958008,46.32633590698242,45.91603088378906,46.154579162597656,32.717926025390625,14646114
2013-10-03,46.011451721191406,46.51717758178711,45.8015251159668,46.14503860473633,32.71116638183594,18759724
2013-10-04,46.05915832519531,46.14503860473633,45.7442741394043,46.020992279052734,32.62323760986328,12126198
2013-10-07,45.725189208984375,46.020992279052734,45.49618148803711,45.696563720703125,32.39326095581055,9637198
2013-10-08,45.64885330200195,45.94465637207031,45.45801544189453,45.5629768371582,32.29854965209961,14693694
2013-10-09,45.5057258605957,45.6297721862793,44.98091506958008,45.10496139526367,31.97388458251953,16090363
2013-10-10,45.41984558105469,45.4484748840332,44.80915832519531,45.314884185791016,32.122676849365234,18090995
2013-10-11,45.24809265136719,45.314884185791016,44.99045944213867,45.124046325683594,31.987401962280273,10745668
2013-10-14,44.656490325927734,44.92366409301758,44.3129768371582,44.60877990722656,31.622142791748047,21666876
2013-10-15,44.389312744140625,44.685115814208984,44.29389190673828,44.4370231628418,31.50039291381836,14840728
2013-10-16,44.475189208984375,45.00954055786133,44.4370231628418,45.00954055786133,31.906238555908203,11635630
2013-10-17,44.97137451171875,45.114505767822266,44.742366790771484,44.95228958129883,31.865659713745117,14544668
2013-10-18,45.200382232666016,45.27671813964844,44.34160232543945,44.475189208984375,31.52745819091797,21622755
2013-10-21,44.56106948852539,44.58015441894531,43.96946716308594,44.3797721862793,31.459802627563477,17478544
2013-10-22,44.18893051147461,44.58015441894531,44.02671813964844,44.34160232543945,31.43276023864746,16601892
2013-10-23,44.46564865112305,44.58015441894531,44.35114669799805,44.42748260498047,31.493627548217773,10113934
2013-10-24,44.656490325927734,44.713741302490234,44.07442855834961,44.10305404663086,31.263648986816406,11738753
2013-10-25,44.13167953491211,44.446563720703125,43.75,44.40839767456055,31.4801082611084,18752912
2013-10-28,43.48282241821289,43.72137451171875,43.139312744140625,43.27289962768555,30.67516326904297,28607885
2013-10-29,43.33015441894531,43.578243255615234,43.01526641845703,43.492366790771484,30.83075523376465,16652720
2013-10-30,43.654579162597656,43.66412353515625,43.04389190673828,43.167938232421875,30.60077476501465,10436508
2013-10-31,43.23473358154297,43.377864837646484,43.024810791015625,43.024810791015625,30.49930763244629,15713922
2013-11-01,42.814884185791016,43.27289962768555,42.57633590698242,43.15839767456055,30.594009399414062,21896388
2013-11-04,43.816795349121094,44.15076446533203,43.568702697753906,43.625953674316406,30.92544937133789,16954020
2013-11-05,43.50190734863281,43.683204650878906,43.2442741394043,43.28244400024414,30.68194007873535,10920684
2013-11-06,43.47328186035156,43.91221237182617,43.26335906982422,43.85496139526367,31.08778953552246,12954642
2013-11-07,44.036258697509766,44.122135162353516,43.683204650878906,43.72137451171875,30.993085861206055,12235819
2013-11-08,43.82633590698242,44.72328186035156,43.75954055786133,44.656490325927734,31.655975341796875,18260142
2013-11-11,44.761451721191406,44.99045944213867,44.73282241821289,44.847328186035156,31.791259765625,7895003
2013-11-12,44.799617767333984,45.4484748840332,44.656490325927734,45.41030502319336,32.19032669067383,14620229
2013-11-13,44.59923553466797,45.200382232666016,44.51335906982422,45.171756744384766,32.021236419677734,14836955
2013-11-14,45.343509674072266,45.67748260498047,45.32442855834961,45.6297721862793,32.345909118652344,11822069
2013-11-15,45.4484748840332,46.068702697753906,45.4484748840332,45.86832046508789,32.51500701904297,12567092
2013-11-18,45.83969497680664,46.049617767333984,45.59160232543945,45.81106948852539,32.474422454833984,8310745
2013-11-19,45.84923553466797,45.963741302490234,45.46755599975586,45.86832046508789,32.51500701904297,8745874
2013-11-20,45.78244400024414,46.20228958129883,45.5629768371582,45.92557144165039,32.55559158325195,8647991
2013-11-21,46.011451721191406,46.46946716308594,45.95419692993164,46.393131256103516,32.887027740478516,13453281
2013-11-22,46.26908493041992,46.79389190673828,46.22137451171875,46.6984748840332,33.103485107421875,14638359
2013-11-25,46.70801544189453,47.5572509765625,46.6984748840332,47.385494232177734,33.59049987792969,19159641
2013-11-26,47.385494232177734,47.47137451171875,46.90839767456055,47.30915832519531,33.5363883972168,24040386
2013-11-27,47.318702697753906,47.624046325683594,47.290077209472656,47.54771041870117,33.70549011230469,12120644
2013-11-29,47.50954055786133,47.66221237182617,47.213741302490234,47.54771041870117,33.70549011230469,7231200
2013-12-02,47.461830139160156,48.110687255859375,47.461830139160156,47.88167953491211,33.942230224609375,15541735
2013-12-03,47.538169860839844,47.76717758178711,47.11832046508789,47.48091506958008,33.658138275146484,14257411
2013-12-04,47.328243255615234,47.375953674316406,46.58396911621094,47.0515251159668,33.35375213623047,12001277
2013-12-05,46.66984558105469,46.9942741394043,46.536258697509766,46.57442855834961,33.01555252075195,9140551
2013-12-06,46.8797721862793,47.299617767333984,46.71755599975586,47.127864837646484,33.40787124633789,7758554
2013-12-09,47.11832046508789,47.566795349121094,46.946563720703125,47.290077209472656,33.522850036621094,9779412
2013-12-10,47.02289962768555,47.28053283691406,46.85114669799805,47.16603088378906,33.4349250793457,10727747
2013-12-11,47.242366790771484,47.261451721191406,46.51717758178711,46.70801544189453,33.1102409362793,15200192
2013-12-12,46.345420837402344,46.54580307006836,45.83015441894531,46.106868743896484,32.980560302734375,12169062
2013-12-13,46.507633209228516,46.66030502319336,45.85877990722656,46.16412353515625,33.021514892578125,8799322
2013-12-16,46.08778762817383,46.364505767822266,45.696563720703125,45.88740539550781,32.82357406616211,11893962
2013-12-17,45.73473358154297,45.8015251159668,45.42938995361328,45.70610809326172,32.69390106201172,14567200
2013-12-18,45.67748260498047,46.68893051147461,45.46755599975586,46.66030502319336,33.376441955566406,14200086
2013-12-19,46.51717758178711,46.70801544189453,46.3072509765625,46.55534362792969,33.301353454589844,9182995
2013-12-20,46.622135162353516,47.185115814208984,46.402671813964844,47.06106948852539,33.66310501098633,17611745
2013-12-23,47.17557144165039,47.42366409301758,46.9942741394043,47.09923553466797,33.69041442871094,8660567
2013-12-24,47.16603088378906,47.39503860473633,46.975189208984375,47.14694595336914,33.72454071044922,4457039
2013-12-26,47.17557144165039,47.47137451171875,47.09923553466797,47.4427490234375,33.93612289428711,5313150
2013-12-27,47.49045944213867,47.614505767822266,47.261451721191406,47.50954055786133,33.9838981628418,4448026
2013-12-30,47.461830139160156,47.652671813964844,47.07061004638672,47.652671813964844,34.08627700805664,6625351
2013-12-31,47.461830139160156,47.786258697509766,47.261451721191406,47.757633209228516,34.1613655090332,8881695
2014-01-02,47.595420837402344,47.74809265136719,47.04198455810547,47.22328186035156,33.779144287109375,8265052
2014-01-03,47.22328186035156,47.709922790527344,47.19465637207031,47.45228958129883,33.942955017089844,6743880
2014-01-06,47.52862548828125,47.843509674072266,47.242366790771484,47.461830139160156,33.949771881103516,10408107
2014-01-07,47.671756744384766,48.09160232543945,47.652671813964844,47.814884185791016,34.20232391357422,10475598
2014-01-08,47.80534362792969,47.843509674072266,47.328243255615234,47.50954055786133,33.9838981628418,14353094
2014-01-09,47.538169860839844,47.709922790527344,47.08015441894531,47.25190734863281,33.79962921142578,9771447
2014-01-10,47.54771041870117,47.77671813964844,47.23282241821289,47.595420837402344,34.04534149169922,8533969
2014-01-13,48.568702697753906,50.992366790771484,48.463741302490234,50.6870231628418,36.25678253173828,39081282
2014-01-14,50.124046325683594,50.667938232421875,49.78053283691406,50.57251739501953,36.17487716674805,22207854
2014-01-15,50.238548278808594,50.47710037231445,49.95228958129883,50.114505767822266,35.84724807739258,10991424
2014-01-16,49.761451721191406,50.553436279296875,49.713741302490234,50.095420837402344,35.83360290527344,8142541
2014-01-17,50.209922790527344,50.238548278808594,49.35114669799805,49.57061004638672,35.45820236206055,17563222
2014-01-21,49.64694595336914,49.856868743896484,49.34160232543945,49.45610809326172,35.37629699707031,11565204
2014-01-22,49.39885330200195,49.59923553466797,48.931297302246094,48.99809265136719,35.048667907714844,11164973
2014-01-23,48.864505767822266,49.3797721862793,48.53053283691406,49.23664093017578,35.21931838989258,16639934
2014-01-24,48.921756744384766,49.78053283691406,48.788169860839844,49.59923553466797,35.47867965698242,19137842
2014-01-27,50.43893051147461,51.622135162353516,50.124046325683594,50.124046325683594,35.85407638549805,32490096
2014-01-28,49.97137451171875,50.65839767456055,49.828243255615234,50.4484748840332,36.086151123046875,15801954
2014-01-29,50.286258697509766,50.41984558105469,49.40839767456055,49.818702697753906,35.63566207885742,20274713
2014-01-30,50.0572509765625,51.211830139160156,49.98091506958008,51.05915832519531,36.52295684814453,18205646
2014-01-31,50.86832046508789,51.03053283691406,50.343509674072266,50.54389190673828,36.15439987182617,17071920
2014-02-03,50.48664093017578,50.71564865112305,49.54198455810547,49.69465637207031,35.546939849853516,16232053
2014-02-04,50.181297302246094,51.068702697753906,50.0,51.05915832519531,36.52295684814453,19054631
2014-02-05,51.79389190673828,52.671756744384766,50.70610809326172,51.078243255615234,36.53661346435547,25682602
2014-02-06,50.82061004638672,51.402671813964844,50.38167953491211,51.3072509765625,36.70043182373047,12832550
2014-02-07,51.1927490234375,52.30915832519531,50.992366790771484,52.261451721191406,37.38297653198242,15192961
2014-02-10,51.803436279296875,52.48091506958008,51.73664093017578,52.375953674316406,37.46487808227539,11118861
2014-02-11,52.20419692993164,53.196563720703125,51.946563720703125,53.14885330200195,38.01774597167969,16089525
2014-02-12,52.90076446533203,53.139312744140625,52.33778762817383,52.48091506958008,37.53996658325195,14283926
2014-02-13,51.95610809326172,52.681297302246094,51.917938232421875,52.57633590698242,37.60820388793945,10735083
2014-02-14,52.433204650878906,53.07251739501953,52.433204650878906,52.90076446533203,37.84027862548828,9098631
2014-02-18,52.69084167480469,53.36832046508789,52.60496139526367,53.139312744140625,38.01091766357422,11738753
2014-02-19,52.90076446533203,53.110687255859375,52.47137451171875,52.51908493041992,37.56726837158203,10791361
2014-02-20,52.58587646484375,53.435115814208984,52.50954055786133,53.25381851196289,38.09283447265625,10619489
2014-02-21,53.29198455810547,53.75954055786133,53.26335906982422,53.463741302490234,38.242977142333984,12226597
2014-02-24,53.31106948852539,54.3129768371582,53.31106948852539,53.606868743896484,38.34536361694336,11541100
2014-02-25,53.55915832519531,53.8072509765625,53.2442741394043,53.34923553466797,38.16108322143555,8923196
2014-02-26,53.435115814208984,53.864505767822266,53.35877990722656,53.6927490234375,38.406795501708984,10626196
2014-02-27,53.66412353515625,54.07442855834961,53.435115814208984,54.064884185791016,38.67298889160156,9490164
2014-02-28,54.13167953491211,54.828243255615234,54.05534362792969,54.3797721862793,38.898223876953125,12457157
2014-03-03,53.53053283691406,54.16984558105469,53.38740539550781,53.83587646484375,38.509178161621094,10293246
2014-03-04,54.42748260498047,54.761451721191406,54.303436279296875,54.446563720703125,38.94601058959961,11523703
2014-03-05,54.770992279052734,54.80915832519531,53.931297302246094,54.274810791015625,38.82315444946289,9476330
2014-03-06,54.446563720703125,55.00954055786133,54.39885330200195,54.63740539550781,39.08251953125,11114774
2014-03-07,54.72328186035156,54.933204650878906,54.48473358154297,54.83778762817383,39.22584533691406,11144642
2014-03-10,54.80915832519531,54.98091506958008,54.389312744140625,54.69465637207031,39.12346649169922,7737594
2014-03-11,54.770992279052734,54.80915832519531,53.979007720947266,54.093509674072266,38.69346618652344,11408004
2014-03-12,53.8072509765625,54.32251739501953,53.683204650878906,54.20801544189453,38.7753791809082,9954218
2014-03-13,54.01717758178711,54.18893051147461,53.167938232421875,53.23473358154297,38.37641525268555,10605760
2014-03-14,52.98664093017578,53.45419692993164,52.738548278808594,53.14885330200195,38.31450271606445,12699454
2014-03-17,53.38740539550781,53.864505767822266,53.38740539550781,53.683204650878906,38.699710845947266,9965851
2014-03-18,53.73091506958008,53.96946716308594,53.58778762817383,53.77862548828125,38.768489837646484,7410303
2014-03-19,54.08396911621094,54.303436279296875,53.09160232543945,53.42557144165039,38.51397705078125,10530723
2014-03-20,53.27289962768555,53.32061004638672,52.77671813964844,53.04389190673828,38.23881912231445,8866918
2014-03-21,53.91221237182617,54.007633209228516,52.11832046508789,52.156490325927734,37.59910202026367,24549295
2014-03-24,52.347328186035156,52.347328186035156,51.11641311645508,51.316795349121094,36.9937858581543,16244838
2014-03-25,51.41221237182617,52.93893051147461,51.345420837402344,52.66221237182617,37.963680267333984,14793254
2014-03-26,52.89122009277344,53.874046325683594,52.85305404663086,53.45419692993164,38.53463363647461,13701133
2014-03-27,53.33015441894531,53.540077209472656,52.79580307006836,53.17748260498047,38.33513259887695,11657742
2014-03-28,53.635494232177734,54.35114669799805,53.21564865112305,53.41603088378906,38.50709533691406,9390394
2014-03-31,53.520992279052734,54.23664093017578,53.47328186035156,54.16984558105469,39.05051803588867,14861898
2014-04-01,54.05534362792969,54.23664093017578,53.44465637207031,53.788169860839844,38.77537536621094,8085739
2014-04-02,53.893131256103516,53.96946716308594,53.48282241821289,53.874046325683594,38.8372802734375,7398880
2014-04-03,53.94084167480469,54.15076446533203,53.38740539550781,53.635494232177734,38.66530227661133,8712129
2014-04-04,54.01717758178711,54.122135162353516,53.520992279052734,53.549617767333984,38.6033935546875,10912614
2014-04-07,52.83396911621094,53.58778762817383,52.50954055786133,52.66221237182617,37.963680267333984,11974762
2014-04-08,52.74809265136719,53.0629768371582,52.19465637207031,52.51908493041992,37.86050033569336,11283606
2014-04-09,52.69084167480469,54.53244400024414,52.671756744384766,54.48473358154297,39.27751922607422,16881708
2014-04-10,55.238548278808594,55.47710037231445,53.225189208984375,53.29198455810547,38.41767501831055,18883388
2014-04-11,53.0057258605957,54.007633209228516,52.76717758178711,53.35877990722656,38.465824127197266,14286022
2014-04-14,53.64503860473633,54.13167953491211,52.433204650878906,53.024810791015625,38.22507858276367,11304776
2014-04-15,53.23473358154297,53.73091506958008,52.58587646484375,53.48282241821289,38.55525588989258,11677759
2014-04-16,53.864505767822266,54.34160232543945,53.36832046508789,53.683204650878906,38.699710845947266,10098004
2014-04-17,53.864505767822266,54.389312744140625,53.6927490234375,53.88358688354492,38.844154357910156,11804358
2014-04-21,53.96946716308594,54.67557144165039,53.816795349121094,54.627864837646484,39.38069152832031,6530088
2014-04-22,54.475189208984375,55.64885330200195,54.40839767456055,55.124046325683594,39.7383918762207,14642866
2014-04-23,55.10496139526367,55.124046325683594,54.46564865112305,54.86641311645508,39.55265426635742,8107433
2014-04-24,54.69465637207031,55.171756744384766,54.24618148803711,54.89503860473633,39.57329559326172,7037110
2014-04-25,54.89503860473633,55.038169860839844,54.40839767456055,54.61832046508789,39.373817443847656,6526630
2014-04-28,54.97137451171875,55.200382232666016,53.893131256103516,54.08396911621094,38.988609313964844,17807826
2014-04-29,54.86641311645508,56.16412353515625,54.64694595336914,56.03053283691406,40.39186477661133,14317252
2014-04-30,55.83015441894531,56.29771041870117,55.36259460449219,55.877864837646484,40.28181457519531,14211299
2014-05-01,55.86832046508789,57.09923553466797,55.86832046508789,56.889312744140625,41.010955810546875,12287276
2014-05-02,56.74618148803711,56.803436279296875,55.286258697509766,55.553436279296875,40.04792785644531,12659106
2014-05-05,55.4484748840332,55.98282241821289,55.10496139526367,55.94465637207031,40.329959869384766,8525480
2014-05-06,56.05915832519531,56.078243255615234,54.42748260498047,54.4942741394043,39.284400939941406,14502538
2014-05-07,53.61641311645508,54.24618148803711,52.97710037231445,53.28244400024414,38.41078567504883,24009575
2014-05-08,53.0057258605957,53.20610809326172,52.213741302490234,52.318702697753906,37.71603775024414,15061227
2014-05-09,52.57633590698242,53.15839767456055,51.90839767456055,52.681297302246094,37.97744369506836,12979480
2014-05-12,53.07251739501953,53.07251739501953,52.33778762817383,52.757633209228516,38.032470703125,8473080
2014-05-13,52.77671813964844,53.492366790771484,52.671756744384766,53.196563720703125,38.34888458251953,9389032
2014-05-14,53.082061767578125,53.96946716308594,53.082061767578125,53.788169860839844,38.77537536621094,8171780
2014-05-15,53.25381851196289,53.99809265136719,52.96755599975586,53.33015441894531,38.44518280029297,9346588
2014-05-16,53.110687255859375,53.683204650878906,53.110687255859375,53.31106948852539,38.431427001953125,9496976
2014-05-19,53.1870231628418,53.788169860839844,53.07251739501953,53.76908493041992,38.761619567871094,7880226
2014-05-20,53.64503860473633,53.683204650878906,53.17748260498047,53.435115814208984,38.52085494995117,8232983
2014-05-21,53.625953674316406,54.02671813964844,53.55915832519531,53.988548278808594,38.919837951660156,6970143
2014-05-22,53.816795349121094,54.17938995361328,53.47328186035156,53.902671813964844,38.8579216003418,7522544
2014-05-23,54.036258697509766,54.3702278137207,53.864505767822266,54.20801544189453,39.07802963256836,6343544
2014-05-27,54.32251739501953,54.42748260498047,53.88358688354492,54.093509674072266,38.995487213134766,7652286
2014-05-28,54.11259460449219,54.13167953491211,53.816795349121094,53.816795349121094,38.79600524902344,7171569
2014-05-29,54.303436279296875,55.143131256103516,54.007633209228516,55.0572509765625,39.69023895263672,8922358
2014-05-30,54.885494232177734,55.60114669799805,54.885494232177734,55.209922790527344,39.80030059814453,12071912
2014-06-02,55.257633209228516,55.53435134887695,54.847328186035156,55.27671813964844,39.848453521728516,6733924
2014-06-03,54.885494232177734,55.30534362792969,54.742366790771484,55.257633209228516,39.83469772338867,7417849
2014-06-04,55.13358688354492,55.35305404663086,54.875953674316406,55.27671813964844,39.848453521728516,7205419
2014-06-05,55.314884185791016,55.79198455810547,55.07633590698242,55.43893051147461,39.96538543701172,8007349
2014-06-06,55.53435134887695,55.59160232543945,55.038169860839844,55.200382232666016,39.793418884277344,7024954
2014-06-09,54.856868743896484,55.314884185791016,54.61832046508789,55.286258697509766,39.85533142089844,8470879
2014-06-10,55.26717758178711,55.82061004638672,55.26717758178711,55.81106948852539,40.233646392822266,8031558
2014-06-11,55.83969497680664,56.32633590698242,55.725189208984375,56.11641311645508,40.453773498535156,12258246
2014-06-12,55.610687255859375,56.03053283691406,55.40076446533203,55.6297721862793,40.40526580810547,10022967
2014-06-13,55.4484748840332,55.963741302490234,55.32442855834961,55.57251739501953,40.36367416381836,8801628
2014-06-16,55.40076446533203,55.70610809326172,55.08587646484375,55.41030502319336,40.245853424072266,8102612
2014-06-17,55.29580307006836,55.553436279296875,55.13358688354492,55.40076446533203,40.23892593383789,6567502
2014-06-18,55.372135162353516,55.77289962768555,55.16221237182617,55.73473358154297,40.48149871826172,8213176
2014-06-19,55.7442741394043,55.7442741394043,55.43893051147461,55.6297721862793,40.40526580810547,6300471
2014-06-20,55.92557144165039,56.564884185791016,55.76335906982422,56.22137451171875,40.8349609375,15110064
2014-06-23,56.11641311645508,56.27862548828125,55.73473358154297,55.82061004638672,40.54387283325195,7393011
2014-06-24,55.70610809326172,56.068702697753906,55.229007720947266,55.26717758178711,40.141902923583984,8550108
2014-06-25,55.08587646484375,56.60305404663086,55.07633590698242,56.16412353515625,40.79337692260742,13911466
2014-06-26,56.068702697753906,56.078243255615234,55.582061767578125,55.84923553466797,40.56467819213867,7585738
2014-06-27,55.696563720703125,55.83969497680664,54.847328186035156,54.89503860473633,39.871620178222656,18115414
2014-06-30,54.97137451171875,55.53435134887695,54.89503860473633,55.200382232666016,40.09337615966797,9154280
2014-07-01,55.0572509765625,55.95419692993164,54.847328186035156,55.83015441894531,40.55081558227539,9262224
2014-07-02,55.79198455810547,56.393131256103516,55.696563720703125,56.345420837402344,40.92506408691406,7274168
2014-07-03,56.66984558105469,56.72710037231445,56.364505767822266,56.488548278808594,41.029022216796875,5470665
2014-07-07,56.211830139160156,56.917938232421875,55.81106948852539,55.83969497680664,40.55773162841797,9721458
2014-07-08,55.97328186035156,55.98282241821289,55.257633209228516,55.5057258605957,40.31516647338867,8667065
2014-07-09,55.77289962768555,56.03053283691406,55.51526641845703,55.86832046508789,40.57852554321289,7271758
2014-07-10,55.610687255859375,56.078243255615234,55.08587646484375,55.89694595336914,40.599327087402344,5851718
2014-07-11,55.963741302490234,56.049617767333984,55.49618148803711,55.76335906982422,40.50229263305664,6399926
2014-07-14,55.935115814208984,55.98282241821289,55.40076446533203,55.51526641845703,40.32210159301758,8781297
2014-07-15,55.46755599975586,55.725189208984375,54.856868743896484,55.257633209228516,40.13496780395508,10645689
2014-07-16,55.286258697509766,55.54389190673828,55.08587646484375,55.48664093017578,40.301300048828125,7131640
2014-07-17,55.21946716308594,55.57251739501953,54.933204650878906,54.961830139160156,39.92012023925781,6968886
2014-07-18,55.26717758178711,55.75381851196289,54.98091506958008,55.667938232421875,40.43299865722656,7789470
2014-07-21,55.238548278808594,55.524810791015625,55.066795349121094,55.343509674072266,40.19734573364258,7436294
2014-07-22,55.46755599975586,56.183204650878906,55.46755599975586,55.75381851196289,40.4953498840332,6821642
2014-07-23,55.6297721862793,55.82061004638672,55.39122009277344,55.4484748840332,40.27358627319336,6594435
2014-07-24,55.64885330200195,55.82061004638672,55.26717758178711,55.54389190673828,40.3428840637207,10547282
2014-07-25,55.46755599975586,55.6870231628418,55.26717758178711,55.48664093017578,40.301300048828125,5790305
2014-07-28,55.5057258605957,55.667938232421875,55.200382232666016,55.314884185791016,40.17655944824219,9013534
2014-07-29,56.125953674316406,56.564884185791016,55.47710037231445,55.89694595336914,40.599327087402344,10823744
2014-07-30,55.89694595336914,56.154579162597656,54.97137451171875,55.41984558105469,40.252769470214844,8438286
2014-07-31,55.114505767822266,55.41030502319336,54.122135162353516,54.14122009277344,39.3240852355957,10604712
2014-08-01,53.988548278808594,54.50381851196289,53.70228958129883,54.1984748840332,39.36567687988281,10627768
2014-08-04,54.34160232543945,54.64694595336914,53.77862548828125,54.446563720703125,39.545860290527344,9064676
2014-08-05,54.122135162353516,54.360687255859375,53.26335906982422,53.463741302490234,38.83202362060547,9464698
2014-08-06,53.32061004638672,53.568702697753906,53.167938232421875,53.36832046508789,38.762725830078125,12865038
2014-08-07,53.635494232177734,53.96946716308594,53.024810791015625,53.09160232543945,38.56172561645508,7561844
2014-08-08,53.31106948852539,54.01717758178711,53.03435134887695,53.959922790527344,39.192405700683594,7421412
2014-08-11,54.10305404663086,54.4370231628418,53.874046325683594,54.064884185791016,39.26865005493164,5763057
2014-08-12,53.959922790527344,54.52289962768555,53.931297302246094,54.417938232421875,39.52507781982422,7430530
2014-08-13,54.761451721191406,55.238548278808594,54.54198455810547,55.200382232666016,40.09337615966797,11172414
2014-08-14,55.39122009277344,56.097328186035156,55.343509674072266,56.08778762817383,40.73793029785156,8313050
2014-08-15,56.106868743896484,56.29771041870117,55.372135162353516,55.92557144165039,40.62010955810547,9481046
2014-08-18,56.106868743896484,56.17366409301758,55.67748260498047,55.7442741394043,40.48841857910156,9897207
2014-08-19,56.154579162597656,56.25,55.667938232421875,56.211830139160156,40.82801818847656,7791880
2014-08-20,55.992366790771484,56.84160232543945,55.84923553466797,56.7557258605957,41.22306442260742,7376243
2014-08-21,56.67938995361328,56.92748260498047,56.097328186035156,56.154579162597656,40.78644561767578,8013846
2014-08-22,56.33587646484375,56.64122009277344,56.20228958129883,56.459922790527344,41.00822067260742,5436605
2014-08-25,56.622135162353516,57.127864837646484,56.54580307006836,56.9942741394043,41.39632797241211,5418998
2014-08-26,56.9370231628418,57.63358688354492,56.92748260498047,57.4427490234375,41.72207260131836,9663189
2014-08-27,57.63358688354492,57.80534362792969,57.356868743896484,57.51908493041992,41.77751159667969,6860942
2014-08-28,57.14694595336914,57.47137451171875,57.09923553466797,57.25190734863281,41.58345413208008,5492568
2014-08-29,57.652671813964844,57.652671813964844,57.08969497680664,57.356868743896484,41.659690856933594,5990158
2014-09-02,56.9942741394043,57.347328186035156,56.9370231628418,57.0515251159668,41.43791961669922,6345116
2014-09-03,57.36641311645508,58.07251739501953,57.30915832519531,57.709922790527344,41.916133880615234,9532818
2014-09-04,57.79580307006836,58.20610809326172,57.17557144165039,57.328243255615234,41.63889694213867,11327832
2014-09-05,57.652671813964844,58.377864837646484,57.39503860473633,58.377864837646484,42.401283264160156,11259922
2014-09-08,58.41603088378906,58.520992279052734,58.04389190673828,58.25381851196289,42.31117248535156,8824579
2014-09-09,58.053436279296875,58.23473358154297,57.700382232666016,57.786258697509766,41.97156524658203,7800998
2014-09-10,57.89122009277344,58.082061767578125,57.58587646484375,57.97710037231445,42.11017990112305,9655014
2014-09-11,57.45228958129883,57.671756744384766,57.07061004638672,57.347328186035156,41.95658874511719,8158890
2014-09-12,57.13740539550781,57.375953674316406,56.54580307006836,56.82251739501953,41.5726432800293,7358846
2014-09-15,56.917938232421875,57.242366790771484,56.774810791015625,56.79389190673828,41.551700592041016,8110367
2014-09-16,56.78435134887695,57.30915832519531,56.564884185791016,57.242366790771484,41.87980651855469,9479579
2014-09-17,56.803436279296875,57.261451721191406,56.564884185791016,57.13740539550781,41.80302047729492,10764218
2014-09-18,57.375953674316406,57.57633590698242,57.08015441894531,57.54771041870117,42.10319519042969,8388297
2014-09-19,57.96755599975586,58.10114669799805,57.71946716308594,57.71946716308594,42.22886276245117,15175774
2014-09-22,57.60496139526367,58.1870231628418,57.5,57.80534362792969,42.291690826416016,9767884
2014-09-23,57.39503860473633,57.9484748840332,56.95610809326172,57.51908493041992,42.0822639465332,8396681
2014-09-24,57.54771041870117,57.76717758178711,57.47137451171875,57.595420837402344,42.13812255859375,12015949
2014-09-25,57.51908493041992,57.729007720947266,56.89885330200195,56.90839767456055,41.63547134399414,9109006
2014-09-26,56.98473358154297,57.0515251159668,55.86832046508789,56.66984558105469,41.4609375,11303938
2014-09-29,56.32633590698242,56.98473358154297,56.11641311645508,56.68893051147461,41.47489929199219,9137722
2014-09-30,56.67938995361328,57.23282241821289,56.536258697509766,56.564884185791016,41.38414764404297,9691170
2014-10-01,56.38358688354492,56.507633209228516,55.82061004638672,56.020992279052734,40.98622512817383,9525167
2014-10-02,56.08778762817383,56.35496139526367,55.6202278137207,56.154579162597656,41.08395004272461,8499070
2014-10-03,56.459922790527344,57.347328186035156,56.459922790527344,57.156490325927734,41.81698226928711,9056606
2014-10-06,57.41412353515625,57.49045944213867,56.58396911621094,56.85114669799805,41.59358596801758,7456101
2014-10-07,56.60305404663086,56.67938995361328,55.77289962768555,55.78244400024414,40.81169128417969,9977065
2014-10-08,55.97328186035156,57.47137451171875,55.88740539550781,57.42366409301758,42.012451171875,12909474
2014-10-09,57.25190734863281,57.738548278808594,56.402671813964844,56.49809265136719,41.33528137207031,9008398
2014-10-10,56.593509674072266,57.17557144165039,55.97328186035156,55.97328186035156,40.951316833496094,11826890
2014-10-13,55.86832046508789,55.86832046508789,53.41603088378906,53.568702697753906,39.19207763671875,15518470
2014-10-14,53.979007720947266,54.34160232543945,53.17748260498047,53.75,39.324710845947266,11460718
2014-10-15,52.83396911621094,53.31106948852539,51.803436279296875,52.22328186035156,38.20772933959961,19687518
2014-10-16,51.536258697509766,51.61259460449219,50.08587646484375,50.98282241821289,37.30018615722656,22905298
2014-10-17,51.38358688354492,52.127864837646484,51.078243255615234,51.54580307006836,37.712074279785156,20664569
2014-10-20,51.73664093017578,51.78435134887695,51.450382232666016,51.57442855834961,37.73301696777344,12643177
2014-10-21,52.07061004638672,52.74809265136719,51.832061767578125,52.60496139526367,38.486968994140625,18119815
2014-10-22,52.700382232666016,53.3015251159668,52.48091506958008,52.96755599975586,38.752262115478516,13520982
2014-10-23,53.683204650878906,54.45610809326172,53.61641311645508,54.036258697509766,39.534149169921875,12419953
2014-10-24,54.1984748840332,55.01908493041992,54.036258697509766,54.97137451171875,40.21830749511719,8966059
2014-10-27,54.303436279296875,54.61832046508789,53.35877990722656,53.864505767822266,39.408477783203125,15111007
2014-10-28,54.007633209228516,54.007633209228516,51.622135162353516,53.29198455810547,38.98961639404297,25111338
2014-10-29,53.45419692993164,54.01717758178711,53.082061767578125,53.625953674316406,39.233951568603516,13092559
2014-10-30,53.15839767456055,54.761451721191406,53.14885330200195,54.685115814208984,40.00886154174805,13484197
2014-10-31,55.29580307006836,55.46755599975586,55.01908493041992,55.286258697509766,40.448665618896484,14741273
2014-11-03,55.29580307006836,56.23091506958008,54.933204650878906,56.22137451171875,41.1328239440918,10667487
2014-11-04,56.17366409301758,56.975189208984375,56.17366409301758,56.65076446533203,41.44697189331055,11882643
2014-11-05,57.242366790771484,57.49045944213867,56.66030502319336,56.84160232543945,41.58659362792969,13287382
2014-11-06,56.8702278137207,57.156490325927734,56.479007720947266,56.54580307006836,41.37019729614258,14003481
2014-11-07,56.66984558105469,56.889312744140625,56.35496139526367,56.622135162353516,41.426029205322266,11122424
2014-11-10,55.57251739501953,56.479007720947266,55.0572509765625,56.11641311645508,41.056034088134766,15299228
2014-11-11,56.98473358154297,57.20419692993164,56.49809265136719,56.65076446533203,41.44697189331055,13942173
2014-11-12,56.564884185791016,56.82251739501953,56.393131256103516,56.593509674072266,41.40509033203125,6988902
2014-11-13,56.774810791015625,57.20419692993164,56.46946716308594,56.8129768371582,41.56565475463867,6965951
2014-11-14,56.51717758178711,56.82251739501953,56.078243255615234,56.364505767822266,41.237548828125,7472869
2014-11-17,56.975189208984375,57.156490325927734,56.593509674072266,56.73664093017578,41.50981521606445,8982722
2014-11-18,56.76526641845703,57.375953674316406,56.44084167480469,57.14694595336914,41.80998611450195,8030824
2014-11-19,56.89885330200195,56.9942741394043,56.421756744384766,56.90839767456055,41.63547134399414,7655011
2014-11-20,56.49809265136719,56.67938995361328,56.16412353515625,56.66030502319336,41.45395278930664,7064673
2014-11-21,57.19465637207031,57.270992279052734,56.61259460449219,56.92748260498047,41.649417877197266,11800899
2014-11-24,57.07061004638672,57.07061004638672,56.288169860839844,56.536258697509766,41.36321258544922,8895424
2014-11-25,56.60305404663086,56.92748260498047,56.421756744384766,56.622135162353516,41.426029205322266,10824373
2014-11-26,56.96564865112305,57.03244400024414,56.63167953491211,57.01335906982422,41.71226501464844,6582069
2014-11-28,56.96564865112305,58.082061767578125,56.96564865112305,57.63358688354492,42.1660270690918,6505355
2014-12-01,57.63358688354492,58.511451721191406,57.51908493041992,57.74809265136719,42.24979782104492,8671257
2014-12-02,57.85305404663086,58.1870231628418,57.51908493041992,57.99618148803711,42.43130874633789,6755408
2014-12-03,57.97710037231445,58.139312744140625,57.54771041870117,57.80534362792969,42.291690826416016,10197564
2014-12-04,57.738548278808594,58.568702697753906,57.738548278808594,58.1297721862793,42.529056549072266,7456101
2014-12-05,58.23473358154297,58.94084167480469,58.03435134887695,58.67366409301758,42.92696762084961,11708046
2014-12-08,58.36832046508789,59.35114669799805,58.1870231628418,59.04580307006836,43.19923782348633,11941646
2014-12-09,56.67938995361328,57.385494232177734,56.05915832519531,57.261451721191406,41.893768310546875,19679554
2014-12-10,57.36641311645508,57.74809265136719,56.96564865112305,57.23282241821289,41.87281799316406,13889878
2014-12-11,57.04198455810547,57.80534362792969,56.479007720947266,56.622135162353516,41.73917007446289,11857177
2014-12-12,56.421756744384766,56.917938232421875,55.066795349121094,55.07633590698242,40.599700927734375,12702179
2014-12-15,55.171756744384766,55.40076446533203,54.1984748840332,54.34160232543945,40.05808639526367,12759610
2014-12-16,54.360687255859375,55.6202278137207,54.17938995361328,54.1984748840332,39.95256423950195,11752272
2014-12-17,54.4370231628418,55.152671813964844,53.96946716308594,54.99045944213867,40.536380767822266,13271662
2014-12-18,55.906490325927734,56.27862548828125,55.42938995361328,56.27862548828125,41.4859619140625,14000651
2014-12-19,56.536258697509766,57.156490325927734,56.3072509765625,56.85114669799805,41.90800476074219,18208162
2014-12-22,56.41221237182617,56.832061767578125,55.86832046508789,56.25954055786133,41.471893310546875,10491004
2014-12-23,56.00190734863281,56.29771041870117,54.417938232421875,54.58969497680664,40.2409553527832,14845339
2014-12-24,54.66603088378906,55.209922790527344,54.627864837646484,54.828243255615234,40.41680908203125,5293448
2014-12-26,55.038169860839844,55.36259460449219,54.95228958129883,55.13358688354492,40.641883850097656,4897094
2014-12-29,54.818702697753906,55.26717758178711,54.818702697753906,55.08587646484375,40.606712341308594,6291982
2014-12-30,54.89503860473633,55.124046325683594,54.67557144165039,55.00954055786133,40.55045700073242,5486070
2014-12-31,54.64694595336914,55.200382232666016,54.13167953491211,54.18893051147461,39.945533752441406,7842813
2015-01-02,54.59923553466797,55.143131256103516,54.417938232421875,54.57061004638672,40.226898193359375,7415962
2015-01-05,55.54389190673828,55.8015251159668,54.933204650878906,55.38167953491211,40.82477569580078,16727338
2015-01-06,55.610687255859375,57.729007720947266,55.582061767578125,57.5572509765625,42.42850875854492,25453510
2015-01-07,57.671756744384766,58.79771041870117,57.595420837402344,58.788169860839844,43.33586502075195,19528956
2015-01-08,59.16030502319336,60.0572509765625,59.01717758178711,59.97137451171875,44.20808792114258,20038808
2015-01-09,59.933204650878906,60.238548278808594,59.32251739501953,59.69465637207031,44.004085540771484,13245358
2015-01-12,60.209922790527344,60.59160232543945,59.2557258605957,59.446563720703125,43.82121658325195,12124312
2015-01-13,60.02862548828125,60.70610809326172,58.902671813964844,59.34160232543945,43.743839263916016,10516890
2015-01-14,58.893131256103516,60.02862548828125,58.66412353515625,59.770992279052734,44.06036376953125,10331289
2015-01-15,59.91412353515625,60.10496139526367,58.99809265136719,59.04580307006836,43.52579879760742,10023701
2015-01-16,59.02671813964844,60.26717758178711,58.711830139160156,60.143131256103516,44.334686279296875,11917018
2015-01-20,59.83778762817383,60.40076446533203,59.04580307006836,59.742366790771484,44.039268493652344,13734983
2015-01-21,59.56106948852539,59.904579162597656,59.23664093017578,59.3129768371582,43.722740173339844,9517307
2015-01-22,59.40839767456055,59.83778762817383,58.711830139160156,59.72328186035156,44.02519989013672,8902131
2015-01-23,59.59923553466797,60.114505767822266,59.5515251159668,59.627864837646484,43.954856872558594,6528097
2015-01-26,59.713741302490234,60.095420837402344,59.274810791015625,59.9427490234375,44.18696975708008,7036901
2015-01-27,60.0,60.13358688354492,59.28435134887695,59.69465637207031,44.004085540771484,8347425
2015-01-28,59.9427490234375,60.07633590698242,58.511451721191406,58.635494232177734,43.223331451416016,9293769
2015-01-29,58.72137451171875,59.303436279296875,57.97710037231445,59.24618148803711,43.67351150512695,9527682
2015-01-30,58.711830139160156,59.093509674072266,57.28053283691406,57.51908493041992,42.40037536621094,12667071
2015-02-02,57.729007720947266,58.139312744140625,57.04198455810547,58.09160232543945,42.8223991394043,9711502
2015-02-03,58.10114669799805,58.26335906982422,57.19465637207031,58.225189208984375,42.920875549316406,12028420
2015-02-04,57.22328186035156,57.25190734863281,55.667938232421875,56.345420837402344,41.53519058227539,20380142
2015-02-05,56.55534362792969,56.63167953491211,55.83015441894531,56.459922790527344,41.619598388671875,13268099
2015-02-06,56.393131256103516,57.03244400024414,55.89694595336914,56.097328186035156,41.35231399536133,10338310
2015-02-09,55.963741302490234,56.29771041870117,55.27671813964844,55.65839767456055,41.02874755859375,10494777
2015-02-10,56.29771041870117,56.622135162353516,56.078243255615234,56.154579162597656,41.3945198059082,9997291
2015-02-11,56.068702697753906,56.25954055786133,55.725189208984375,56.049617767333984,41.317138671875,10987127
2015-02-12,56.29771041870117,56.402671813964844,55.906490325927734,56.183204650878906,41.415626525878906,7553670
2015-02-13,56.20228958129883,56.24045944213867,55.92557144165039,56.11641311645508,41.36637878417969,8278466
2015-02-17,56.049617767333984,56.26908493041992,56.011451721191406,56.097328186035156,41.35231399536133,10676290
2015-02-18,55.98282241821289,56.3072509765625,55.5629768371582,56.106868743896484,41.35934829711914,11039842
2015-02-19,56.154579162597656,56.288169860839844,55.16221237182617,55.6297721862793,41.007659912109375,10308338
2015-02-20,55.48664093017578,55.8015251159668,55.08587646484375,55.67748260498047,41.042823791503906,12161830
2015-02-23,55.71564865112305,55.98282241821289,55.5057258605957,55.6297721862793,41.007659912109375,9002215
2015-02-24,55.81106948852539,55.88740539550781,55.39122009277344,55.6870231628418,41.04986572265625,8084377
2015-02-25,55.78244400024414,56.26908493041992,55.40076446533203,55.81106948852539,41.141292572021484,8861050
2015-02-26,55.97328186035156,56.44084167480469,55.97328186035156,56.25954055786133,41.471893310546875,12040577
2015-02-27,56.1927490234375,56.35496139526367,55.81106948852539,55.85877990722656,41.17646789550781,13686775
2015-03-02,55.85877990722656,56.1927490234375,55.610687255859375,55.89694595336914,41.204620361328125,10131226
2015-03-03,55.95419692993164,56.011451721191406,55.29580307006836,55.667938232421875,41.035797119140625,8647362
2015-03-04,55.73473358154297,55.963741302490234,55.038169860839844,55.229007720947266,40.71223831176758,13975290
2015-03-05,55.42938995361328,55.610687255859375,55.152671813964844,55.32442855834961,40.78257369995117,12087737
2015-03-06,55.200382232666016,55.21946716308594,54.122135162353516,54.23664093017578,39.980709075927734,11595806
2015-03-09,54.23664093017578,54.742366790771484,53.72137451171875,54.63740539550781,40.276126861572266,8742416
2015-03-10,54.34160232543945,54.57061004638672,53.902671813964844,53.988548278808594,39.79783248901367,13755000
2015-03-11,54.856868743896484,54.856868743896484,53.406490325927734,53.492366790771484,39.43206024169922,16417234
2015-03-12,53.26335906982422,53.64503860473633,53.110687255859375,53.597328186035156,39.82914352416992,13576106
2015-03-13,53.463741302490234,53.845420837402344,53.09160232543945,53.625953674316406,39.85041427612305,13700399
2015-03-16,53.988548278808594,54.69465637207031,53.988548278808594,54.50381851196289,40.50278091430664,12073798
2015-03-17,54.28435134887695,54.28435134887695,53.66412353515625,53.88358688354492,40.041866302490234,10479371
2015-03-18,53.8072509765625,55.314884185791016,53.635494232177734,55.00954055786133,40.878597259521484,15645068
2015-03-19,54.799617767333984,55.667938232421875,54.417938232421875,55.54389190673828,41.275672912597656,15149783
2015-03-20,55.57251739501953,56.16412353515625,55.114505767822266,55.89694595336914,41.53804397583008,27367472
2015-03-23,55.725189208984375,56.431297302246094,55.38167953491211,56.040077209472656,41.64440155029297,11170108
2015-03-24,56.68893051147461,56.96564865112305,55.83015441894531,55.94465637207031,41.57349395751953,13692434
2015-03-25,56.774810791015625,56.975189208984375,55.51526641845703,55.59160232543945,41.31113052368164,14712243
2015-03-26,55.38167953491211,55.53435134887695,54.78053283691406,54.961830139160156,40.843135833740234,11090879
2015-03-27,55.181297302246094,55.5629768371582,54.99045944213867,55.10496139526367,40.94950485229492,8932628
2015-03-30,55.582061767578125,55.85877990722656,55.48664093017578,55.667938232421875,41.36786651611328,8582072
2015-03-31,55.524810791015625,55.639312744140625,54.847328186035156,54.847328186035156,40.75804901123047,10960718
2015-04-01,54.63740539550781,54.69465637207031,53.64503860473633,54.2557258605957,40.31840515136719,13322386
2015-04-02,54.389312744140625,54.818702697753906,54.24618148803711,54.48473358154297,40.48860168457031,7947508
2015-04-06,54.32251739501953,54.713741302490234,54.11259460449219,54.56106948852539,40.545326232910156,13256362
2015-04-07,55.01908493041992,55.229007720947266,54.67557144165039,54.799617767333984,40.72259521484375,9723658
2015-04-08,55.257633209228516,55.39122009277344,54.40839767456055,54.53244400024414,40.52405548095703,14210566
2015-04-09,54.59923553466797,55.08587646484375,54.4942741394043,54.799617767333984,40.72259521484375,12582288
2015-04-10,54.4370231628418,55.00954055786133,53.74045944213867,54.627864837646484,40.594966888427734,16251860
2015-04-13,54.46564865112305,54.742366790771484,53.91221237182617,54.13167953491211,40.22624588012695,10983983
2015-04-14,54.332061767578125,55.33396911621094,54.01717758178711,55.114505767822266,40.95659637451172,15359698
2015-04-15,55.41030502319336,56.25,55.41030502319336,55.77289962768555,41.44585037231445,12690022
2015-04-16,55.54389190673828,55.71564865112305,55.095420837402344,55.19084167480469,41.01331329345703,6717051
2015-04-17,54.72328186035156,54.73282241821289,53.979007720947266,54.274810791015625,40.332611083984375,12223243
2015-04-20,54.86641311645508,55.343509674072266,54.761451721191406,54.97137451171875,40.85023498535156,10439547
2015-04-21,55.35305404663086,55.372135162353516,54.78053283691406,55.01908493041992,40.885677337646484,9699764
2015-04-22,54.92366409301758,55.238548278808594,54.69465637207031,55.04771041870117,40.906959533691406,8294501
2015-04-23,54.885494232177734,55.200382232666016,54.42748260498047,54.875953674316406,40.779319763183594,8742416
2015-04-24,55.200382232666016,55.524810791015625,54.875953674316406,54.961830139160156,40.843135833740234,8244092
2015-04-27,55.181297302246094,55.372135162353516,54.274810791015625,54.48473358154297,40.48860168457031,11108381
2015-04-28,54.48473358154297,57.709922790527344,54.48473358154297,57.23282241821289,42.53074264526367,36398298
2015-04-29,56.61259460449219,57.66221237182617,56.51717758178711,56.946563720703125,42.318023681640625,18017216
2015-04-30,57.0515251159668,57.385494232177734,56.52671813964844,56.832061767578125,42.23293685913086,13636995
2015-05-01,57.02289962768555,57.614505767822266,56.946563720703125,57.11832046508789,42.44565963745117,9806660
2015-05-04,57.385494232177734,58.15839767456055,57.28053283691406,57.86259460449219,42.99873733520508,9484819
2015-05-05,57.5572509765625,57.91984558105469,57.30915832519531,57.71946716308594,42.89238357543945,12662041
2015-05-06,57.681297302246094,57.814884185791016,57.185115814208984,57.5,42.72929382324219,12126303
2015-05-07,57.299617767333984,57.9484748840332,57.185115814208984,57.538169860839844,42.757652282714844,9433048
2015-05-08,58.20610809326172,58.568702697753906,57.91984558105469,57.95801544189453,43.06965255737305,10630283
2015-05-11,57.88167953491211,57.91030502319336,57.09923553466797,57.25190734863281,42.54494094848633,10185407
2015-05-12,56.82251739501953,56.9942741394043,56.402671813964844,56.71755599975586,42.14784622192383,13825111
2015-05-13,56.889312744140625,57.10877990722656,56.26908493041992,56.46946716308594,41.96347427368164,7672303
2015-05-14,56.74618148803711,57.14694595336914,56.345420837402344,57.04198455810547,42.38893127441406,7469410
2015-05-15,57.19465637207031,57.47137451171875,57.07061004638672,57.47137451171875,42.70803451538086,8033654
2015-05-18,57.41412353515625,57.681297302246094,57.261451721191406,57.261451721191406,42.55202102661133,7535539
2015-05-19,57.213741302490234,58.1297721862793,57.19465637207031,57.74809265136719,42.913639068603516,8518878
2015-05-20,57.89122009277344,58.0629768371582,57.671756744384766,57.69084167480469,42.87110900878906,6324575
2015-05-21,57.77671813964844,58.0057258605957,57.33778762817383,57.347328186035156,42.61582565307617,8424872
2015-05-22,57.318702697753906,57.318702697753906,56.622135162353516,56.66030502319336,42.10529708862305,9421939
2015-05-26,56.564884185791016,56.71755599975586,56.154579162597656,56.26908493041992,41.8145751953125,11378870
2015-05-27,56.38358688354492,57.04198455810547,56.17366409301758,56.73664093017578,42.16203308105469,10193582
2015-05-28,56.72710037231445,57.10877990722656,56.66030502319336,56.96564865112305,42.33220672607422,9987545
2015-05-29,57.13740539550781,58.32061004638672,56.74618148803711,58.10114669799805,43.17601013183594,20976349
2015-06-01,58.0629768371582,58.874046325683594,57.57633590698242,57.96755599975586,43.07674026489258,12374155
2015-06-02,57.681297302246094,57.69084167480469,57.08015441894531,57.48091506958008,42.715118408203125,9424664
2015-06-03,57.88167953491211,58.09160232543945,57.5,57.624046325683594,42.82148361206055,9078195
2015-06-04,57.213741302490234,57.45228958129883,56.55534362792969,56.74618148803711,42.169124603271484,11350154
2015-06-05,56.64122009277344,56.68893051147461,56.106868743896484,56.288169860839844,41.82876205444336,11404126
2015-06-08,56.1927490234375,56.459922790527344,56.068702697753906,56.17366409301758,41.74365997314453,8434094
2015-06-09,56.25954055786133,56.57442855834961,56.020992279052734,56.14503860473633,41.72240447998047,6754570
2015-06-10,56.27862548828125,56.92748260498047,56.211830139160156,56.8797721862793,42.26839065551758,10713914
2015-06-11,56.488548278808594,56.65076446533203,56.14503860473633,56.211830139160156,42.08976745605469,12199034
2015-06-12,56.097328186035156,56.106868743896484,55.143131256103516,55.21946716308594,41.34672164916992,16571290
2015-06-15,54.961830139160156,55.0,54.40839767456055,54.50381851196289,40.81087112426758,10591612
2015-06-16,54.61832046508789,55.08587646484375,54.274810791015625,55.066795349121094,41.232398986816406,7303407
2015-06-17,55.066795349121094,55.5057258605957,54.83778762817383,55.257633209228516,41.37528991699219,8297330
2015-06-18,55.257633209228516,56.17366409301758,55.257633209228516,55.906490325927734,41.86112976074219,7797644
2015-06-19,55.73473358154297,56.14503860473633,55.29580307006836,55.38167953491211,41.468177795410156,13218948
2015-06-22,56.097328186035156,56.488548278808594,55.75381851196289,56.135494232177734,42.0326042175293,8763900
2015-06-23,56.183204650878906,56.345420837402344,55.83969497680664,56.32633590698242,42.17551040649414,8772808
2015-06-24,56.22137451171875,56.32633590698242,55.57251739501953,55.57251739501953,41.61106872558594,8288003
2015-06-25,55.582061767578125,55.91603088378906,55.07633590698242,55.24809265136719,41.36815643310547,10428858
2015-06-26,55.553436279296875,55.84923553466797,55.200382232666016,55.81106948852539,41.78968811035156,13711718
2015-06-29,55.27671813964844,55.553436279296875,54.627864837646484,54.66603088378906,40.932315826416016,10062058
2015-06-30,55.066795349121094,55.066795349121094,54.11259460449219,54.32251739501953,40.675106048583984,12415970
2015-07-01,54.32251739501953,55.21946716308594,54.01717758178711,54.961830139160156,41.153812408447266,9830345
2015-07-02,55.286258697509766,55.65839767456055,54.86641311645508,55.02862548828125,41.203819274902344,8927283
2015-07-06,54.61832046508789,55.19084167480469,54.04580307006836,54.91412353515625,41.11808395385742,8440697
2015-07-07,55.10496139526367,55.43893051147461,54.56106948852539,55.33396911621094,41.43244934082031,9467946
2015-07-08,55.08587646484375,55.095420837402344,54.50381851196289,54.72328186035156,40.975181579589844,9548957
2015-07-09,55.38167953491211,55.5057258605957,54.72328186035156,54.75190734863281,40.99662399291992,9094334
2015-07-10,55.41030502319336,55.582061767578125,54.9427490234375,55.29580307006836,41.40386962890625,8433675
2015-07-13,55.582061767578125,55.86832046508789,55.038169860839844,55.21946716308594,41.34672164916992,9572222
2015-07-14,55.24809265136719,55.610687255859375,55.038169860839844,55.524810791015625,41.57535934448242,7582385
2015-07-15,55.49618148803711,55.877864837646484,55.41030502319336,55.553436279296875,41.59677505493164,6024533
2015-07-16,55.83015441894531,56.17366409301758,55.67748260498047,56.125953674316406,42.02547073364258,5580286
2015-07-17,56.011451721191406,56.22137451171875,55.906490325927734,56.125953674316406,42.02547073364258,7324367
2015-07-20,56.25954055786133,56.488548278808594,56.16412353515625,56.29771041870117,42.15406799316406,5970666
2015-07-21,56.288169860839844,56.316795349121094,55.963741302490234,55.98282241821289,41.91828918457031,7265574
2015-07-22,55.83015441894531,56.32633590698242,55.35305404663086,55.46755599975586,41.532470703125,9031454
2015-07-23,55.84923553466797,55.84923553466797,55.286258697509766,55.41030502319336,41.48961639404297,6750797
2015-07-24,55.066795349121094,55.229007720947266,54.69465637207031,54.78053283691406,41.018062591552734,8223761
2015-07-27,54.799617767333984,54.818702697753906,54.036258697509766,54.3797721862793,40.71797180175781,15601576
2015-07-28,53.931297302246094,55.0,53.27289962768555,54.885494232177734,41.096641540527344,17173681
2015-07-29,55.04771041870117,56.125953674316406,55.0,55.85877990722656,41.82541275024414,13494048
2015-07-30,55.935115814208984,56.125953674316406,55.610687255859375,55.83969497680664,41.811134338378906,7324996
2015-07-31,56.29771041870117,56.61259460449219,56.011451721191406,56.25954055786133,42.12549591064453,9172620
2015-08-03,56.58396911621094,56.72710037231445,55.8015251159668,56.345420837402344,42.189788818359375,7133736
2015-08-04,56.71755599975586,56.74618148803711,55.696563720703125,56.011451721191406,41.939735412597656,7268718
2015-08-05,56.374046325683594,56.564884185791016,56.078243255615234,56.393131256103516,42.22551727294922,5976325
2015-08-06,56.450382232666016,56.536258697509766,55.64885330200195,55.75381851196289,41.74681854248047,7356646
2015-08-07,55.67748260498047,55.77289962768555,55.02862548828125,55.314884185791016,41.418174743652344,10178595
2015-08-10,55.59160232543945,55.92557144165039,55.59160232543945,55.73473358154297,41.732540130615234,5294915
2015-08-11,55.27671813964844,55.524810791015625,54.92366409301758,55.114505767822266,41.268131256103516,7418058
2015-08-12,54.656490325927734,55.610687255859375,54.50381851196289,55.59160232543945,41.625362396240234,7886514
2015-08-13,55.86832046508789,56.72710037231445,55.82061004638672,56.27862548828125,42.139793395996094,11483146
2015-08-14,56.3072509765625,56.84160232543945,56.17366409301758,56.46946716308594,42.282676696777344,9920787
2015-08-17,56.106868743896484,57.01335906982422,55.89694595336914,56.975189208984375,42.66135025024414,6407158
2015-08-18,56.9370231628418,57.20419692993164,56.832061767578125,56.92748260498047,42.6256217956543,7123675
2015-08-19,56.60305404663086,57.318702697753906,56.479007720947266,56.92748260498047,42.6256217956543,8369642
2015-08-20,55.6202278137207,55.86832046508789,54.14122009277344,54.34160232543945,40.689388275146484,24831731
2015-08-21,53.99809265136719,54.99045944213867,53.20610809326172,53.21564865112305,39.8463249206543,18478860
2015-08-24,50.639312744140625,51.90839767456055,43.597328186035156,51.51717758178711,38.57455825805664,26030853
2015-08-25,52.85305404663086,52.872135162353516,48.66412353515625,48.82633590698242,36.559730529785156,23946590
2015-08-26,50.95419692993164,52.10877990722656,50.08587646484375,51.92748260498047,38.88176727294922,23989978
2015-08-27,52.74809265136719,52.86259460449219,51.183204650878906,52.433204650878906,39.26045608520508,16910109
2015-08-28,52.270992279052734,52.872135162353516,52.08969497680664,52.83396911621094,39.560516357421875,13411256
2015-08-31,52.595420837402344,52.76717758178711,51.16412353515625,51.38358688354492,38.47453308105469,13537121
2015-09-01,50.24809265136719,50.79198455810547,49.80915832519531,50.124046325683594,37.53141403198242,16503275
2015-09-02,50.73473358154297,50.83015441894531,49.95228958129883,50.553436279296875,37.852928161621094,13761078
2015-09-03,50.83015441894531,51.097328186035156,50.19084167480469,50.238548278808594,37.61716079711914,12732257
2015-09-04,49.713741302490234,49.847328186035156,48.83587646484375,49.22710037231445,36.859806060791016,15186882
2015-09-08,50.582061767578125,50.59160232543945,49.80915832519531,50.27671813964844,37.64574432373047,15679233
2015-09-09,50.77289962768555,50.88740539550781,49.4370231628418,49.5515251159668,37.10272979736328,11650302
2015-09-10,49.63740539550781,50.76335906982422,49.48473358154297,50.30534362792969,37.66716384887695,14740539
2015-09-11,49.818702697753906,50.04771041870117,49.34160232543945,49.70419692993164,37.53745651245117,12671158
2015-09-14,49.73282241821289,50.314884185791016,49.60877990722656,49.9427490234375,37.71760559082031,9213387
2015-09-15,50.36259460449219,51.421756744384766,50.257633209228516,51.097328186035156,38.58958053588867,12358226
2015-09-16,51.05915832519531,51.49809265136719,50.877864837646484,51.402671813964844,38.820167541503906,9098107
2015-09-17,51.38358688354492,52.00381851196289,50.59160232543945,51.488548278808594,38.88502502441406,23894295
2015-09-18,51.22137451171875,51.402671813964844,49.53244400024414,49.742366790771484,37.566280364990234,30389799
2015-09-21,50.038169860839844,50.038169860839844,48.36832046508789,48.64503860473633,36.73755645751953,18070978
2015-09-22,48.23473358154297,48.66412353515625,47.95801544189453,48.41603088378906,36.564605712890625,13409789
2015-09-23,48.41603088378906,49.08396911621094,48.082061767578125,48.6927490234375,36.77359390258789,10538164
2015-09-24,48.21564865112305,48.53053283691406,47.91984558105469,48.27289962768555,36.456520080566406,11012698
2015-09-25,48.58778762817383,48.96946716308594,46.8797721862793,47.328243255615234,35.743106842041016,16058190
2015-09-28,47.04198455810547,47.10877990722656,45.88740539550781,46.20228958129883,34.89275360107422,21117724
2015-09-29,46.35496139526367,47.04198455810547,45.992366790771484,46.421756744384766,35.058494567871094,13417439
2015-09-30,47.13740539550781,47.270992279052734,46.61259460449219,47.127864837646484,35.591758728027344,13287697
2015-10-01,47.08969497680664,47.299617767333984,46.316795349121094,47.10877990722656,35.57733917236328,15100213
2015-10-02,46.55534362792969,47.85305404663086,46.135494232177734,47.843509674072266,36.13222885131836,25453719
2015-10-05,48.73091506958008,48.96946716308594,48.36832046508789,48.88358688354492,36.91770935058594,16643917
2015-10-06,49.036258697509766,49.036258697509766,47.06106948852539,47.51908493041992,35.8872184753418,17285188
2015-10-07,48.14885330200195,48.77862548828125,47.49045944213867,48.61641311645508,36.7159423828125,15204594
2015-10-08,48.33969497680664,48.845420837402344,47.843509674072266,48.683204650878906,36.766380310058594,13144016
2015-10-09,48.654579162597656,49.15076446533203,48.36832046508789,48.61641311645508,36.7159423828125,11445627
2015-10-12,47.433204650878906,48.520992279052734,47.41412353515625,48.38740539550781,36.54298782348633,12212658
2015-10-13,48.45419692993164,48.578243255615234,47.09923553466797,47.20419692993164,35.649410247802734,15621383
2015-10-14,47.318702697753906,47.82442855834961,47.185115814208984,47.270992279052734,35.69983673095703,14390298
2015-10-15,47.39503860473633,48.74045944213867,46.9942741394043,48.39694595336914,36.550201416015625,14711300
2015-10-16,48.950382232666016,49.35114669799805,48.74045944213867,49.122135162353516,37.09786605834961,11624940
2015-10-19,48.979007720947266,49.18893051147461,48.597328186035156,49.04580307006836,37.04023361206055,8847111
2015-10-20,49.036258697509766,49.11259460449219,47.80534362792969,48.082061767578125,36.3123893737793,10422255
2015-10-21,48.42557144165039,48.64503860473633,47.85305404663086,48.27289962768555,36.456520080566406,11810855
2015-10-22,48.492366790771484,50.152671813964844,47.99618148803711,49.627864837646484,37.47980880737305,19335181
2015-10-23,49.95228958129883,50.81106948852539,49.75190734863281,50.45801544189453,38.106746673583984,16457268
2015-10-26,50.238548278808594,50.73473358154297,50.066795349121094,50.48664093017578,38.128379821777344,11502010
2015-10-27,51.29771041870117,51.622135162353516,50.36259460449219,51.020992279052734,38.53192901611328,14626831
2015-10-28,51.51717758178711,52.614505767822266,51.097328186035156,52.57633590698242,39.70653533935547,15416080
2015-10-29,52.4427490234375,53.09160232543945,51.975189208984375,52.356868743896484,39.54078674316406,9334850
2015-10-30,52.28053283691406,52.738548278808594,52.156490325927734,52.156490325927734,39.389469146728516,11546235
2015-11-02,52.185115814208984,52.79580307006836,51.917938232421875,52.58587646484375,39.7137451171875,11065937
2015-11-03,52.5572509765625,52.843509674072266,51.98473358154297,52.58587646484375,39.7137451171875,9658578
2015-11-04,52.92938995361328,53.21564865112305,52.652671813964844,52.98664093017578,40.01640701293945,8121162
2015-11-05,52.91984558105469,53.1297721862793,52.17557144165039,52.52862548828125,39.670501708984375,9481046
2015-11-06,52.28053283691406,52.36641311645508,51.536258697509766,52.10877990722656,39.35342788696289,11237704
2015-11-09,51.55534362792969,51.917938232421875,51.27862548828125,51.7557258605957,39.08678436279297,9578930
2015-11-10,51.889312744140625,52.09923553466797,51.54580307006836,51.9370231628418,39.223716735839844,7820490
2015-11-11,52.299617767333984,52.48091506958008,51.22137451171875,51.25954055786133,38.71207809448242,8954741
2015-11-12,51.135494232177734,51.49809265136719,50.60114669799805,50.60114669799805,38.214839935302734,8989220
2015-11-13,51.011451721191406,51.25954055786133,50.47710037231445,50.60114669799805,38.214839935302734,11941436
2015-11-16,49.799617767333984,51.345420837402344,49.742366790771484,51.24045944213867,38.69767379760742,7239374
2015-11-17,51.25,51.8129768371582,50.84923553466797,51.25,38.704856872558594,7468677
2015-11-18,51.393131256103516,51.832061767578125,51.24045944213867,51.74618148803711,39.079586029052734,11330347
2015-11-19,51.946563720703125,52.03244400024414,51.450382232666016,51.79389190673828,39.11562728881836,7167482
2015-11-20,52.10877990722656,52.347328186035156,51.52671813964844,51.622135162353516,38.98591613769531,9362098
2015-11-23,51.60305404663086,51.71755599975586,51.316795349121094,51.536258697509766,38.92106628417969,9105129
2015-11-24,51.106868743896484,51.22137451171875,50.667938232421875,51.03053283691406,38.53911209106445,11011546
2015-11-25,51.16412353515625,51.450382232666016,51.011451721191406,51.25954055786133,38.71207809448242,6370687
2015-11-27,50.91603088378906,51.71755599975586,50.91603088378906,51.488548278808594,38.88502502441406,3124717
2015-11-30,51.564884185791016,51.63167953491211,50.57251739501953,50.582061767578125,38.20043182373047,14004634
2015-12-01,51.3072509765625,52.13740539550781,50.992366790771484,52.07061004638672,39.32460403442383,13620646
2015-12-02,52.156490325927734,52.47137451171875,51.288169860839844,51.35496139526367,38.78414535522461,10584066
2015-12-03,51.593509674072266,51.61259460449219,49.847328186035156,50.181297302246094,37.89775848388672,14247665
2015-12-04,50.4484748840332,51.22137451171875,50.41030502319336,51.183204650878906,38.6544303894043,14343976
2015-12-07,51.54580307006836,51.74618148803711,50.7442741394043,51.22137451171875,38.683250427246094,9113408
2015-12-08,51.11641311645508,51.90839767456055,50.78244400024414,51.020992279052734,38.53192901611328,7936714
2015-12-09,50.83969497680664,51.154579162597656,50.114505767822266,50.40076446533203,38.063499450683594,10854346
2015-12-10,50.59160232543945,51.507633209228516,50.40076446533203,51.23091506958008,38.690460205078125,12001591
2015-12-11,50.57251739501953,50.83969497680664,49.63740539550781,49.761451721191406,37.905460357666016,10896999
2015-12-14,49.761451721191406,49.961830139160156,49.28435134887695,49.80915832519531,37.94178771972656,12575162
2015-12-15,50.07633590698242,50.75381851196289,49.83778762817383,50.47710037231445,38.450599670410156,12142023
2015-12-16,50.97328186035156,51.63167953491211,50.57251739501953,51.54580307006836,39.26467514038086,10494986
2015-12-17,51.63167953491211,51.76526641845703,50.24809265136719,50.24809265136719,38.276153564453125,14165921
2015-12-18,49.761451721191406,49.92366409301758,49.24618148803711,49.274810791015625,37.53474807739258,22114686
2015-12-21,49.761451721191406,49.761451721191406,48.85496139526367,49.4942741394043,37.701942443847656,12194633
2015-12-22,49.627864837646484,49.83778762817383,48.931297302246094,49.713741302490234,37.869110107421875,13830351
2015-12-23,49.98091506958008,50.78244400024414,49.961830139160156,50.553436279296875,38.50873947143555,7469515
2015-12-24,50.372135162353516,50.696563720703125,50.200382232666016,50.42938995361328,38.41425704956055,3123145
2015-12-28,50.372135162353516,50.610687255859375,50.16221237182617,50.41984558105469,38.40697479248047,5068442
2015-12-29,50.54389190673828,51.154579162597656,50.48664093017578,50.89694595336914,38.77041244506836,6925708
2015-12-30,50.89694595336914,51.125953674316406,50.64885330200195,50.81106948852539,38.704994201660156,5827194
2015-12-31,50.38167953491211,50.84923553466797,50.24809265136719,50.40076446533203,38.3924446105957,8690959
2016-01-04,49.627864837646484,50.200382232666016,49.24618148803711,50.07633590698242,38.14531707763672,17998981
2016-01-05,50.372135162353516,51.020992279052734,50.257633209228516,50.71564865112305,38.63230895996094,11607124
2016-01-06,50.10496139526367,50.524810791015625,49.818702697753906,50.01908493041992,38.1016960144043,13064263
2016-01-07,49.16030502319336,49.92366409301758,49.08396911621094,49.58015441894531,37.76735305786133,13330560
2016-01-08,50.10496139526367,50.114505767822266,48.53053283691406,48.74045944213867,37.127723693847656,14835698
2016-01-11,48.902671813964844,49.17938995361328,48.29198455810547,48.902671813964844,37.25129318237305,15057035
2016-01-12,49.15076446533203,49.685115814208984,48.64503860473633,49.389312744140625,37.621978759765625,11864408
2016-01-13,49.53244400024414,49.67557144165039,48.26335906982422,48.33969497680664,36.82244110107422,17340837
2016-01-14,48.34923553466797,49.72328186035156,48.27289962768555,49.42748260498047,37.65105056762695,14219788
2016-01-15,48.1870231628418,48.950382232666016,47.80534362792969,48.79771041870117,37.171329498291016,16233939
2016-01-19,49.23664093017578,49.53244400024414,48.48282241821289,48.988548278808594,37.31669998168945,11454116
2016-01-20,47.98664093017578,48.683204650878906,47.04198455810547,48.23473358154297,36.74249267578125,16684579
2016-01-21,48.45419692993164,48.96946716308594,47.79580307006836,48.58778762817383,37.011436462402344,12499706
2016-01-22,49.08396911621094,49.3702278137207,48.61641311645508,48.99809265136719,37.323974609375,11331814
2016-01-25,48.99809265136719,49.08396911621094,48.435115814208984,48.58778762817383,37.011436462402344,9725964
2016-01-26,48.711830139160156,49.23664093017578,48.435115814208984,49.093509674072266,37.396663665771484,9450340
2016-01-27,48.33969497680664,49.20801544189453,47.54771041870117,48.0629768371582,36.61165237426758,13748817
2016-01-28,48.024810791015625,48.225189208984375,46.73664093017578,46.946563720703125,35.761234283447266,18996991
2016-01-29,47.51908493041992,48.34923553466797,47.30915832519531,48.34923553466797,36.8297119140625,17734990
2016-02-01,48.082061767578125,48.64503860473633,47.5572509765625,48.42557144165039,36.88785934448242,11979898
2016-02-02,47.96755599975586,48.196563720703125,47.614505767822266,48.10114669799805,36.640724182128906,15614466
2016-02-03,47.347328186035156,47.814884185791016,46.35496139526367,47.757633209228516,36.37906265258789,20507893
2016-02-04,47.42366409301758,47.461830139160156,45.83015441894531,46.364505767822266,35.31785202026367,21598442
2016-02-05,46.374046325683594,47.4427490234375,46.05915832519531,47.11832046508789,35.89207077026367,17693384
2016-02-08,46.68893051147461,47.07061004638672,45.77289962768555,46.593509674072266,35.49229049682617,13985665
2016-02-09,46.459922790527344,47.299617767333984,46.183204650878906,46.90839767456055,35.73216247558594,11160257
2016-02-10,47.242366790771484,48.10114669799805,47.22328186035156,47.261451721191406,36.001094818115234,11565833
2016-02-11,46.57442855834961,47.127864837646484,46.288169860839844,46.61259460449219,35.5068359375,11620643
2016-02-12,46.73664093017578,46.860687255859375,46.068702697753906,46.78435134887695,35.63766860961914,14251018
2016-02-16,47.13740539550781,47.700382232666016,46.98473358154297,47.5,36.182804107666016,11964178
2016-02-17,47.709922790527344,48.33015441894531,47.671756744384766,48.28244400024414,36.77882766723633,9770818
2016-02-18,48.28244400024414,48.654579162597656,47.9484748840332,48.01526641845703,36.575313568115234,10074319
2016-02-19,47.9484748840332,48.09160232543945,47.58587646484375,47.82442855834961,36.429935455322266,9394482
2016-02-22,47.97710037231445,48.45419692993164,47.83396911621094,48.44465637207031,36.90239334106445,8143274
2016-02-23,48.2442741394043,48.606868743896484,48.1202278137207,48.225189208984375,36.73521423339844,8278676
2016-02-24,47.86259460449219,48.3015251159668,47.356868743896484,48.2442741394043,36.749755859375,7936190
2016-02-25,48.2442741394043,48.66412353515625,48.082061767578125,48.66412353515625,37.0695686340332,9110998
2016-02-26,48.711830139160156,48.788169860839844,48.31106948852539,48.32061004638672,36.80790710449219,9695362
2016-02-29,48.20610809326172,48.50190734863281,47.85305404663086,47.91030502319336,36.495361328125,13507358
2016-03-01,48.082061767578125,49.56106948852539,47.79580307006836,49.3797721862793,37.61470413208008,12686774
2016-03-02,49.26526641845703,50.038169860839844,49.16030502319336,49.875953674316406,37.99268341064453,12548857
2016-03-03,49.790077209472656,49.92366409301758,48.8072509765625,49.713741302490234,37.869110107421875,10279622
2016-03-04,49.475189208984375,49.89503860473633,49.14122009277344,49.69465637207031,37.854576110839844,9521918
2016-03-07,49.46564865112305,50.5057258605957,49.3797721862793,50.229007720947266,38.26161193847656,7824682
2016-03-08,49.961830139160156,50.5057258605957,49.89503860473633,50.04771041870117,38.12350845336914,8665912
2016-03-09,50.171756744384766,50.46755599975586,49.713741302490234,49.961830139160156,38.05808639526367,9589829
2016-03-10,50.27671813964844,50.8015251159668,50.02862548828125,50.610687255859375,38.55234909057617,12856340
2016-03-11,50.59160232543945,51.011451721191406,50.36259460449219,50.76335906982422,39.00693893432617,16277955
2016-03-14,50.71564865112305,50.877864837646484,50.41984558105469,50.64885330200195,38.91896438598633,6846479
2016-03-15,50.07633590698242,50.229007720947266,49.57061004638672,50.01908493041992,38.435035705566406,9495614
2016-03-16,49.91412353515625,49.91412353515625,49.1984748840332,49.56106948852539,38.08310317993164,10460402
2016-03-17,49.5515251159668,49.58969497680664,48.979007720947266,49.16984558105469,37.7824821472168,10038163
2016-03-18,49.3702278137207,50.01908493041992,49.22710037231445,49.856868743896484,38.31039047241211,15116666
2016-03-21,49.933204650878906,50.41030502319336,49.713741302490234,50.38167953491211,38.71366500854492,8014161
2016-03-22,50.171756744384766,51.011451721191406,50.143131256103516,50.60114669799805,38.88230514526367,9748810
2016-03-23,51.14503860473633,51.14503860473633,50.42938995361328,50.64885330200195,38.91896438598633,10424980
2016-03-24,50.372135162353516,50.906490325927734,50.181297302246094,50.639312744140625,38.911624908447266,7929378
2016-03-28,50.6870231628418,50.84923553466797,50.238548278808594,50.41030502319336,38.73565673828125,6337046
2016-03-29,50.48664093017578,50.963741302490234,50.16221237182617,50.877864837646484,39.09492492675781,7730782
2016-03-30,51.03053283691406,51.097328186035156,50.67748260498047,50.78244400024414,39.021602630615234,6711287
2016-03-31,50.64885330200195,51.03053283691406,50.343509674072266,50.48664093017578,38.79432678222656,8735080
2016-04-01,50.095420837402344,51.32633590698242,50.038169860839844,51.24045944213867,39.3735466003418,9099889
2016-04-04,51.44084167480469,52.127864837646484,51.288169860839844,51.90839767456055,39.886810302734375,10741581
2016-04-05,51.61259460449219,52.213741302490234,51.51717758178711,51.7557258605957,39.76948165893555,9432838
2016-04-06,51.860687255859375,53.23473358154297,51.774810791015625,53.082061767578125,40.78865432739258,13079459
2016-04-07,52.80534362792969,53.225189208984375,52.52862548828125,52.88167953491211,40.634674072265625,11042566
2016-04-08,53.196563720703125,53.34923553466797,52.57633590698242,52.82442855834961,40.59068298339844,7322795
2016-04-11,52.83396911621094,53.1870231628418,52.461830139160156,52.52862548828125,40.36339569091797,7404749
2016-04-12,52.45228958129883,53.196563720703125,52.42366409301758,52.80534362792969,40.57601547241211,6221976
2016-04-13,52.91984558105469,53.42557144165039,52.738548278808594,53.39694595336914,41.030616760253906,8849836
2016-04-14,53.45419692993164,54.007633209228516,53.377864837646484,53.864505767822266,41.389896392822266,8757822
2016-04-15,53.94084167480469,53.959922790527344,53.32061004638672,53.568702697753906,41.16259765625,8839251
2016-04-18,53.568702697753906,54.22710037231445,53.35877990722656,53.921756744384766,41.43387985229492,8168322
2016-04-19,54.13167953491211,54.75190734863281,53.64503860473633,54.2557258605957,41.69050216674805,8011122
2016-04-20,54.53244400024414,54.770992279052734,53.85496139526367,53.988548278808594,41.485206604003906,8929903
2016-04-21,53.75954055786133,54.417938232421875,53.73091506958008,54.007633209228516,41.49987030029297,11040994
2016-04-22,54.093509674072266,54.417938232421875,53.921756744384766,54.14122009277344,41.60252380371094,7433988
2016-04-25,53.893131256103516,54.04580307006836,53.435115814208984,53.64503860473633,41.22125244140625,8677650
2016-04-26,53.82633590698242,53.83587646484375,53.31106948852539,53.47328186035156,41.089271545410156,7573477
2016-04-27,53.492366790771484,54.02671813964844,53.492366790771484,53.73091506958008,41.28723907470703,7274587
2016-04-28,53.33015441894531,53.654579162597656,53.0057258605957,53.1870231628418,40.86931228637695,9531246
2016-04-29,53.09160232543945,53.09160232543945,52.06106948852539,52.328243255615234,40.20941925048828,13862944
2016-05-02,52.33778762817383,52.82442855834961,52.19465637207031,52.76717758178711,40.54669189453125,10143487
2016-05-03,52.614505767822266,52.91030502319336,52.33778762817383,52.5572509765625,40.3853874206543,7966058
2016-05-04,52.20419692993164,52.51908493041992,51.975189208984375,52.299617767333984,40.18742370605469,8075888
2016-05-05,51.79389190673828,51.90839767456055,50.89694595336914,51.61259460449219,39.65951156616211,11764010
2016-05-06,51.35496139526367,51.49809265136719,50.6297721862793,51.14503860473633,39.300235748291016,11031562
2016-05-09,51.11641311645508,51.84160232543945,51.05915832519531,51.622135162353516,39.666839599609375,8358219
2016-05-10,51.975189208984375,52.22328186035156,51.89885330200195,52.17557144165039,40.092105865478516,6797538
2016-05-11,52.19465637207031,52.28053283691406,51.774810791015625,51.82251739501953,39.8208122253418,6888399
2016-05-12,52.08969497680664,52.11832046508789,51.459922790527344,51.64122009277344,39.68150329589844,8640026
2016-05-13,51.622135162353516,52.01335906982422,51.364505767822266,51.41221237182617,39.505531311035156,7467210
2016-05-16,51.3072509765625,52.261451721191406,51.135494232177734,52.14694595336914,40.07011795043945,6968257
2016-05-17,51.917938232421875,52.07061004638672,51.507633209228516,51.832061767578125,39.828147888183594,12360112
2016-05-18,51.89885330200195,52.433204650878906,51.68893051147461,52.16603088378906,40.084774017333984,7745978
2016-05-19,51.67938995361328,52.461830139160156,51.60305404663086,52.08015441894531,40.01877975463867,9153127
2016-05-20,52.318702697753906,52.99618148803711,52.127864837646484,52.58587646484375,40.407379150390625,9047489
2016-05-23,52.48091506958008,52.700382232666016,52.270992279052734,52.404579162597656,40.26807403564453,5837674
2016-05-24,52.700382232666016,53.33015441894531,52.652671813964844,53.053436279296875,40.76665496826172,6614138
2016-05-25,53.25381851196289,54.07442855834961,53.21564865112305,53.979007720947266,41.47787857055664,10052626
2016-05-26,53.88358688354492,54.122135162353516,53.75954055786133,53.8072509765625,41.34590148925781,5995084
2016-05-27,53.91221237182617,54.23664093017578,53.654579162597656,53.893131256103516,41.41187286376953,7869222
2016-05-31,53.902671813964844,54.122135162353516,53.511451721191406,53.683204650878906,41.250587463378906,9922988
2016-06-01,53.625953674316406,53.931297302246094,53.38740539550781,53.75,41.30189895629883,7012168
2016-06-02,53.85496139526367,54.2557258605957,53.77862548828125,54.21755599975586,41.66117477416992,7645684
2016-06-03,54.23664093017578,54.35114669799805,53.70228958129883,54.04580307006836,41.529205322265625,5697871
2016-06-06,54.064884185791016,54.742366790771484,54.05534362792969,54.5515251159668,41.91780471801758,7235392
2016-06-07,54.58015441894531,54.80915832519531,54.3129768371582,54.389312744140625,41.79315948486328,6552515
2016-06-08,54.360687255859375,55.21946716308594,54.360687255859375,54.98091506958008,42.24774169921875,8164025
2016-06-09,54.875953674316406,55.171756744384766,54.32251739501953,54.56106948852539,41.92512130737305,9670630
2016-06-10,54.21755599975586,54.46564865112305,53.979007720947266,54.20801544189453,41.653846740722656,9989222
2016-06-13,53.606868743896484,54.08396911621094,53.520992279052734,53.540077209472656,41.476444244384766,6502630
2016-06-14,53.21564865112305,53.73091506958008,53.07251739501953,53.67366409301758,41.57994079589844,9006722
2016-06-15,53.82633590698242,53.931297302246094,53.38740539550781,53.520992279052734,41.46166229248047,8015942
2016-06-16,54.3797721862793,55.02862548828125,53.55915832519531,54.86641311645508,42.5039176940918,23110706
2016-06-17,54.799617767333984,54.799617767333984,53.14885330200195,53.33015441894531,41.31381607055664,18323651
2016-06-20,53.75954055786133,54.007633209228516,53.549617767333984,53.568702697753906,41.49861526489258,9116238
2016-06-21,53.950382232666016,54.07442855834961,53.66412353515625,53.67366409301758,41.57994079589844,6710344
2016-06-22,53.568702697753906,54.64694595336914,53.53053283691406,54.42748260498047,42.16389083862305,13076420
2016-06-23,54.847328186035156,55.038169860839844,54.4942741394043,55.038169860839844,42.63698196411133,7302883
2016-06-24,53.47328186035156,54.45610809326172,53.21564865112305,53.32061004638672,41.30641555786133,18087013
2016-06-27,52.9484748840332,53.1297721862793,52.57633590698242,52.77671813964844,40.88508987426758,13721778
2016-06-28,52.90076446533203,53.1202278137207,52.58587646484375,53.03435134887695,41.08466339111328,13372585
2016-06-29,53.568702697753906,54.52289962768555,53.41603088378906,54.4370231628418,42.17128372192383,10284862
2016-06-30,54.53244400024414,55.038169860839844,54.303436279296875,54.97137451171875,42.58523941040039,9723030
2016-07-01,54.904579162597656,55.343509674072266,54.790077209472656,55.286258697509766,42.82917404174805,8245978
2016-07-05,55.13358688354492,55.5057258605957,55.13358688354492,55.343509674072266,42.8735237121582,7749017
2016-07-06,55.60114669799805,56.55534362792969,55.41030502319336,56.450382232666016,43.730995178222656,15015430
2016-07-07,56.1927490234375,56.316795349121094,55.6202278137207,56.08778762817383,43.450103759765625,9800791
2016-07-08,56.27862548828125,56.84160232543945,56.106868743896484,56.63167953491211,43.87144088745117,9934411
2016-07-11,56.54580307006836,57.01335906982422,56.488548278808594,56.622135162353516,43.864051818847656,7688862
2016-07-12,56.55534362792969,57.0515251159668,56.374046325683594,56.8702278137207,44.05624008178711,8804562
2016-07-13,57.04198455810547,57.20419692993164,56.7557258605957,56.82251739501953,44.019287109375,7119274
2016-07-14,57.127864837646484,57.185115814208984,56.7557258605957,56.917938232421875,44.09319305419922,7698084
2016-07-15,57.06106948852539,57.185115814208984,56.536258697509766,56.89885330200195,44.07841873168945,8554510
2016-07-18,56.29771041870117,56.76526641845703,56.03053283691406,56.316795349121094,43.627506256103516,9190122
2016-07-19,56.374046325683594,56.774810791015625,55.877864837646484,55.97328186035156,43.361392974853516,9307602
2016-07-20,56.29771041870117,56.41221237182617,56.068702697753906,56.097328186035156,43.45749282836914,6786848
2016-07-21,56.29771041870117,56.402671813964844,55.877864837646484,56.097328186035156,43.45749282836914,6337361
2016-07-22,56.288169860839844,56.374046325683594,55.86832046508789,56.125953674316406,43.47966003417969,6570436
2016-07-25,55.94465637207031,56.183204650878906,55.32442855834961,55.877864837646484,43.287471771240234,8422986
2016-07-26,56.011451721191406,56.11641311645508,55.47710037231445,55.6870231628418,43.1396369934082,7494038
2016-07-27,55.71564865112305,56.03053283691406,55.27671813964844,55.91603088378906,43.31704330444336,8267462
2016-07-28,55.83969497680664,55.906490325927734,55.4484748840332,55.75381851196289,43.191383361816406,7639606
2016-07-29,56.3072509765625,56.488548278808594,55.60114669799805,55.97328186035156,43.361392974853516,8898778
2016-08-01,56.135494232177734,56.29771041870117,55.82061004638672,55.97328186035156,43.361392974853516,9297018
2016-08-02,55.992366790771484,56.040077209472656,55.582061767578125,55.65839767456055,43.11745834350586,7153962
2016-08-03,55.5057258605957,55.6297721862793,54.56106948852539,55.00954055786133,42.614803314208984,10099890
2016-08-04,55.095420837402344,55.5629768371582,55.095420837402344,55.19084167480469,42.75526428222656,5807387
2016-08-05,55.19084167480469,61.068702697753906,55.19084167480469,60.935115814208984,47.20523452758789,76374048
2016-08-08,59.790077209472656,60.13358688354492,59.11259460449219,59.98091506958008,46.466026306152344,26248103
2016-08-09,59.98091506958008,60.24809265136719,59.57061004638672,59.627864837646484,46.19252014160156,12821651
2016-08-10,59.24618148803711,60.209922790527344,59.22710037231445,59.770992279052734,46.30340576171875,9259499
2016-08-11,59.742366790771484,60.81106948852539,59.61832046508789,60.71564865112305,47.03521728515625,10862520
2016-08-12,60.24809265136719,60.54389190673828,60.04771041870117,60.4484748840332,46.828250885009766,6544026
2016-08-15,60.4484748840332,60.83015441894531,60.314884185791016,60.41984558105469,46.80606460571289,6969305
2016-08-16,60.114505767822266,60.41984558105469,59.961830139160156,60.152671813964844,46.599082946777344,5952745
2016-08-17,60.143131256103516,60.524810791015625,59.73282241821289,60.39122009277344,46.78388977050781,8668532
2016-08-18,60.19084167480469,60.725189208984375,60.19084167480469,60.71564865112305,47.03521728515625,7259077
2016-08-19,60.286258697509766,60.53435134887695,59.99045944213867,60.45801544189453,46.83563232421875,8887040
2016-08-22,60.35305404663086,60.725189208984375,60.19084167480469,60.639312744140625,46.97607421875,6756666
2016-08-23,60.79198455810547,60.95419692993164,60.46755599975586,60.667938232421875,46.998252868652344,6076723
2016-08-24,60.6870231628418,60.85877990722656,59.64694595336914,59.856868743896484,46.369937896728516,7842079
2016-08-25,59.98091506958008,60.209922790527344,59.417938232421875,59.46564865112305,46.066864013671875,8329190
2016-08-26,59.61832046508789,60.10496139526367,59.332061767578125,59.97137451171875,46.45864486694336,8167902
2016-08-29,60.038169860839844,60.39122009277344,59.770992279052734,60.124046325683594,46.57691192626953,5843438
2016-08-30,60.07633590698242,60.143131256103516,59.64694595336914,59.83778762817383,46.35514831542969,6474544
2016-08-31,60.19084167480469,60.229007720947266,59.56106948852539,59.91412353515625,46.41428756713867,9285804
2016-09-01,59.828243255615234,60.095420837402344,59.53244400024414,60.01908493041992,46.4955940246582,6858846
2016-09-02,59.72328186035156,60.372135162353516,59.72328186035156,60.095420837402344,46.55473327636719,7978634
2016-09-06,60.10496139526367,60.5629768371582,59.89503860473633,60.343509674072266,46.74692916870117,8310954
2016-09-07,60.41030502319336,60.582061767578125,59.73282241821289,59.99045944213867,46.47342300415039,9084169
2016-09-08,59.58969497680664,60.39122009277344,59.475189208984375,60.343509674072266,46.74692916870117,9627242
2016-09-09,59.818702697753906,59.83778762817383,59.46564865112305,59.627864837646484,46.19252014160156,13191700
2016-09-12,59.16030502319336,60.582061767578125,59.07442855834961,60.29580307006836,46.70996856689453,11139716
2016-09-13,59.51335906982422,59.904579162597656,58.55915832519531,58.979007720947266,46.0249137878418,10714123
2016-09-14,59.08396911621094,59.48473358154297,58.492366790771484,58.540077209472656,45.68238067626953,10922046
2016-09-15,58.435115814208984,59.742366790771484,58.32061004638672,59.52289962768555,46.44935607910156,9429694
2016-09-16,59.58969497680664,59.75190734863281,59.21755599975586,59.42748260498047,46.37488555908203,13029050
2016-09-19,59.67557144165039,59.67557144165039,58.511451721191406,58.520992279052734,45.66749954223633,11829510
2016-09-20,59.064884185791016,59.5515251159668,58.864505767822266,59.10305404663086,46.12171936035156,9653757
2016-09-21,59.40839767456055,59.9427490234375,59.02671813964844,59.828243255615234,46.6876335144043,7565512
2016-09-22,60.038169860839844,60.5629768371582,59.95228958129883,60.13358688354492,46.925907135009766,8853294
2016-09-23,59.99045944213867,60.35305404663086,59.828243255615234,60.07633590698242,46.881229400634766,8048430
2016-09-26,59.66603088378906,59.713741302490234,59.04580307006836,59.303436279296875,46.27809143066406,7319022
2016-09-27,59.45610809326172,59.828243255615234,58.99809265136719,59.70419692993164,46.5908203125,7693158
2016-09-28,60.114505767822266,60.57251739501953,59.63740539550781,60.40076446533203,47.134403228759766,12361160
2016-09-29,60.13358688354492,60.13358688354492,58.74045944213867,59.07442855834961,46.09937286376953,11454640
2016-09-30,59.05534362792969,59.856868743896484,59.02671813964844,59.5515251159668,46.471675872802734,14258354
2016-10-03,59.3702278137207,59.70419692993164,58.845420837402344,59.656490325927734,46.55359649658203,7881065
2016-10-04,59.61832046508789,60.066795349121094,59.10305404663086,59.59923553466797,46.50891876220703,8276475
2016-10-05,59.828243255615234,60.152671813964844,59.61832046508789,59.92366409301758,46.7620849609375,8249122
2016-10-06,59.627864837646484,59.818702697753906,58.91221237182617,59.790077209472656,46.65784454345703,11979164
2016-10-07,59.89503860473633,60.10496139526367,59.18893051147461,59.89503860473633,46.73974609375,11292410
2016-10-10,61.26908493041992,61.889312744140625,60.53435134887695,60.97328186035156,47.58116912841797,21322503
2016-10-11,60.6202278137207,60.639312744140625,58.921756744384766,59.093509674072266,46.1142692565918,14625259
2016-10-12,59.54198455810547,59.761451721191406,58.75954055786133,58.83587646484375,45.913230895996094,10607751
2016-10-13,59.39885330200195,60.066795349121094,59.10305404663086,59.64694595336914,46.546146392822266,15239492
2016-10-14,59.847328186035156,59.98091506958008,59.28435134887695,59.29389190673828,46.270633697509766,12790002
2016-10-17,59.20801544189453,59.20801544189453,58.01526641845703,58.70228958129883,45.80897521972656,13681221
2016-10-18,59.064884185791016,59.75190734863281,58.99809265136719,59.24618148803711,46.233402252197266,10467424
2016-10-19,59.28435134887695,59.446563720703125,58.979007720947266,59.036258697509766,46.0695915222168,5850670
2016-10-20,59.11259460449219,59.417938232421875,58.864505767822266,59.08396911621094,46.1068229675293,6626923
2016-10-21,58.73091506958008,59.064884185791016,58.23473358154297,58.39694595336914,45.570701599121094,7762222
2016-10-24,58.58778762817383,58.66412353515625,57.86259460449219,57.96755599975586,45.23562240600586,10420264
2016-10-25,57.50954055786133,59.34160232543945,56.82251739501953,59.11259460449219,46.12916564941406,15917548
2016-10-26,58.91221237182617,59.01717758178711,57.77671813964844,58.082061767578125,45.32496643066406,10435774
2016-10-27,58.34923553466797,59.21755599975586,58.20610809326172,58.48282241821289,45.6377067565918,10847534
2016-10-28,58.225189208984375,58.27289962768555,55.77289962768555,56.14503860473633,43.81340026855469,21335603
2016-10-31,56.38358688354492,56.44084167480469,55.696563720703125,56.03053283691406,43.72405242919922,14939030
2016-11-01,56.29771041870117,56.860687255859375,55.83015441894531,56.58396911621094,44.155921936035156,15036075
2016-11-02,56.35496139526367,56.78435134887695,56.05915832519531,56.14503860473633,43.81340026855469,11239486
2016-11-03,56.46946716308594,56.507633209228516,55.6202278137207,55.75381851196289,43.50810623168945,11866504
2016-11-04,56.00190734863281,56.55534362792969,55.92557144165039,56.125953674316406,43.798500061035156,11861893
2016-11-07,56.79389190673828,57.45228958129883,56.7557258605957,57.299617767333984,44.71438980102539,10981258
2016-11-08,57.08015441894531,57.99618148803711,56.79389190673828,57.738548278808594,45.05691146850586,8323321
2016-11-09,61.03053283691406,62.02289962768555,59.885494232177734,61.24045944213867,47.78966522216797,29187953
2016-11-10,61.58396911621094,62.461830139160156,61.564884185791016,61.98473358154297,48.37046813964844,18719690
2016-11-11,61.14503860473633,61.55534362792969,60.667938232421875,61.020992279052734,47.618412017822266,14734566
2016-11-14,61.068702697753906,61.154579162597656,60.343509674072266,60.6202278137207,47.3056526184082,10610476
2016-11-15,60.76335906982422,60.81106948852539,60.19084167480469,60.73473358154297,47.395023345947266,7640339
2016-11-16,60.78244400024414,61.020992279052734,59.58969497680664,59.761451721191406,46.635494232177734,11297650
2016-11-17,59.64694595336914,59.91412353515625,59.274810791015625,59.828243255615234,46.6876335144043,8762642
2016-11-18,59.70419692993164,59.75190734863281,58.902671813964844,59.036258697509766,46.0695915222168,8066351
2016-11-21,59.10305404663086,59.53244400024414,58.893131256103516,59.446563720703125,46.389774322509766,7164862
2016-11-22,59.63740539550781,59.78053283691406,58.406490325927734,58.874046325683594,45.94300079345703,10052626
2016-11-23,57.566795349121094,58.874046325683594,57.08015441894531,58.816795349121094,45.89833068847656,9588152
2016-11-25,58.988548278808594,59.54198455810547,58.921756744384766,59.360687255859375,46.32276153564453,3669362
2016-11-28,58.950382232666016,59.21755599975586,58.79771041870117,58.96946716308594,46.01746368408203,7806971
2016-11-29,59.11259460449219,59.59923553466797,59.08396911621094,59.34160232543945,46.307861328125,10516575
2016-11-30,59.45610809326172,59.46564865112305,58.196563720703125,58.38740539550781,45.563262939453125,13132174
2016-12-01,58.492366790771484,58.55915832519531,57.872135162353516,57.97710037231445,45.243072509765625,8802047
2016-12-02,58.25381851196289,58.70228958129883,57.85305404663086,58.33015441894531,45.51856994628906,8376769
2016-12-05,58.70228958129883,58.711830139160156,57.09923553466797,57.49045944213867,44.86331558227539,13608490
2016-12-06,57.42366409301758,57.624046325683594,56.8797721862793,57.51908493041992,44.88563537597656,11171261
2016-12-07,56.96564865112305,57.30915832519531,55.935115814208984,57.30915832519531,44.721824645996094,14723981
2016-12-08,56.9942741394043,57.595420837402344,56.774810791015625,57.36641311645508,44.766502380371094,8998757
2016-12-09,57.71946716308594,58.6927490234375,57.63358688354492,58.42557144165039,45.59302520751953,11021187
2016-12-12,58.625953674316406,59.2557258605957,58.492366790771484,58.893131256103516,45.95790481567383,8641808
2016-12-13,58.96946716308594,59.122135162353516,58.44465637207031,58.959922790527344,46.363067626953125,8218626
2016-12-14,59.01717758178711,59.885494232177734,58.76908493041992,58.96946716308594,46.37057876586914,11612574
2016-12-15,59.16030502319336,59.770992279052734,59.007633209228516,59.51335906982422,46.798282623291016,8917851
2016-12-16,59.790077209472656,60.143131256103516,59.20801544189453,59.58015441894531,46.85080337524414,18406758
2016-12-19,58.96946716308594,59.417938232421875,58.082061767578125,58.33969497680664,45.8753662109375,12512072
2016-12-20,58.38740539550781,58.85496139526367,57.60496139526367,57.729007720947266,45.3951416015625,10875201
2016-12-21,57.814884185791016,58.024810791015625,56.622135162353516,56.70801544189453,44.5922966003418,12630706
2016-12-22,56.889312744140625,57.25190734863281,56.450382232666016,56.85114669799805,44.70484924316406,10584800
2016-12-23,57.03244400024414,57.11832046508789,56.536258697509766,56.832061767578125,44.68984603881836,7955892
2016-12-27,57.127864837646484,57.385494232177734,56.832061767578125,57.0515251159668,44.86240768432617,6094749
2016-12-28,56.98473358154297,57.11832046508789,56.49809265136719,56.55534362792969,44.472232818603516,6470981
2016-12-29,56.57442855834961,56.860687255859375,56.27862548828125,56.33587646484375,44.2996711730957,6833065
2016-12-30,56.08778762817383,56.25,55.877864837646484,56.17366409301758,44.172119140625,11289685
2017-01-03,56.44084167480469,57.614505767822266,56.345420837402344,57.39503860473633,45.132530212402344,12564158
2017-01-04,57.729007720947266,58.0057258605957,57.290077209472656,57.375953674316406,45.117523193359375,9863671
2017-01-05,57.461830139160156,57.80534362792969,57.25190734863281,57.356868743896484,45.1025276184082,10581446
2017-01-06,57.33778762817383,57.69084167480469,56.803436279296875,57.50954055786133,45.222572326660156,10730053
2017-01-09,57.538169860839844,58.66412353515625,57.328243255615234,58.3015251159668,45.845340728759766,10201861
2017-01-10,58.39694595336914,58.435115814208984,57.14694595336914,57.17557144165039,44.95995330810547,16036706
2017-01-11,59.48473358154297,60.26717758178711,57.96755599975586,58.8072509765625,46.24302673339844,34281862
2017-01-12,59.66603088378906,60.343509674072266,59.274810791015625,59.360687255859375,46.678218841552734,26079899
2017-01-13,59.475189208984375,59.80915832519531,59.2557258605957,59.48473358154297,46.77577209472656,10447617
2017-01-17,59.08396911621094,59.22710037231445,58.39694595336914,58.66412353515625,46.130470275878906,11101150
2017-01-18,58.568702697753906,58.950382232666016,58.28244400024414,58.36832046508789,45.89787673950195,8522022
2017-01-19,58.25381851196289,58.28244400024414,57.318702697753906,57.566795349121094,45.26759338378906,11944999
2017-01-20,59.54198455810547,60.038169860839844,59.303436279296875,59.66603088378906,46.918331146240234,26451834
2017-01-23,58.979007720947266,59.54198455810547,58.8072509765625,58.979007720947266,46.37808609008789,10691382
2017-01-24,58.76908493041992,58.864505767822266,57.9484748840332,58.406490325927734,45.927886962890625,10990900
2017-01-25,58.511451721191406,58.568702697753906,57.97710037231445,58.28244400024414,45.83034896850586,15255736
2017-01-26,58.225189208984375,58.549617767333984,57.76717758178711,58.39694595336914,45.920387268066406,13317460
2017-01-27,58.568702697753906,59.15076446533203,58.492366790771484,58.921756744384766,46.33306884765625,6972554
2017-01-30,58.70228958129883,58.88358688354492,58.139312744140625,58.61641311645508,46.092960357666016,8230573
2017-01-31,58.26335906982422,59.389312744140625,58.1297721862793,59.15076446533203,46.513153076171875,10292513
2017-02-01,59.21755599975586,59.417938232421875,58.74045944213867,59.2557258605957,46.595680236816406,11547702
2017-02-02,59.770992279052734,61.26908493041992,59.66603088378906,61.24045944213867,48.156375885009766,19901730
2017-02-03,60.935115814208984,61.38358688354492,60.372135162353516,61.345420837402344,48.23891067504883,12209724
2017-02-06,60.992366790771484,61.975189208984375,60.97328186035156,61.96564865112305,48.72663116455078,9598422
2017-02-07,61.79389190673828,61.95610809326172,61.11641311645508,61.25954055786133,48.1713752746582,8840194
2017-02-08,60.97328186035156,61.52671813964844,60.906490325927734,61.374046325683594,48.26142501831055,6190326
2017-02-09,61.374046325683594,61.85114669799805,61.35496139526367,61.44084167480469,48.31394577026367,7391439
2017-02-10,61.374046325683594,61.61259460449219,61.03053283691406,61.211830139160156,48.13387680053711,8940907
2017-02-13,61.3072509765625,61.860687255859375,61.27862548828125,61.803436279296875,48.59907150268555,7494353
2017-02-14,61.67938995361328,62.709922790527344,61.479007720947266,62.652671813964844,49.26687240600586,10629550
2017-02-15,61.92748260498047,62.85305404663086,61.8797721862793,62.17557144165039,48.89170455932617,18662050
2017-02-16,62.156490325927734,62.41412353515625,61.507633209228516,62.270992279052734,48.96674728393555,12938922
2017-02-17,62.213741302490234,62.5572509765625,61.889312744140625,62.39503860473633,49.06428146362305,9482618
2017-02-21,61.92748260498047,62.76717758178711,61.92748260498047,62.48091506958008,49.131805419921875,7740633
2017-02-22,62.5,62.738548278808594,62.10877990722656,62.299617767333984,48.98925018310547,9096221
2017-02-23,62.51908493041992,63.082061767578125,62.356868743896484,62.83396911621094,49.4094352722168,7184669
2017-02-24,62.643131256103516,63.1297721862793,62.624046325683594,63.1297721862793,49.64204406738281,8849626
2017-02-27,62.76717758178711,62.91984558105469,62.5572509765625,62.83396911621094,49.4094352722168,7476222
2017-02-28,62.79580307006836,63.1202278137207,62.643131256103516,62.85305404663086,49.4244384765625,8112044
2017-03-01,63.04389190673828,63.74045944213867,62.872135162353516,63.17748260498047,49.67954635620117,11193374
2017-03-02,63.33969497680664,63.53053283691406,62.97710037231445,63.053436279296875,49.582008361816406,9062790
2017-03-03,63.053436279296875,63.568702697753906,62.79580307006836,63.53053283691406,49.95718002319336,8716111
2017-03-06,63.053436279296875,63.72137451171875,62.88167953491211,63.42557144165039,49.87464141845703,9104500
2017-03-07,62.433204650878906,63.27289962768555,62.20419692993164,62.93893051147461,49.49197006225586,8728478
2017-03-08,62.93893051147461,63.09160232543945,62.28053283691406,62.786258697509766,49.371917724609375,8821645
2017-03-09,62.9484748840332,63.0057258605957,62.51908493041992,62.872135162353516,49.439449310302734,8106280
2017-03-10,63.04389190673828,63.167938232421875,62.5,62.595420837402344,49.22184753417969,9247447
2017-03-13,62.25190734863281,62.299617767333984,61.078243255615234,61.211830139160156,48.48122787475586,14880133
2017-03-14,61.1927490234375,61.55534362792969,61.11641311645508,61.25954055786133,48.51900863647461,8271759
2017-03-15,61.450382232666016,61.9942741394043,61.27862548828125,61.73664093017578,48.896888732910156,9458200
2017-03-16,61.61259460449219,61.82251739501953,61.05915832519531,61.24045944213867,48.50387954711914,10074634
2017-03-17,61.3072509765625,61.73664093017578,60.963741302490234,60.97328186035156,48.29228210449219,15142762
2017-03-20,61.20228958129883,61.35496139526367,61.068702697753906,61.17366409301758,48.45098876953125,13593818
2017-03-21,61.374046325683594,61.65076446533203,60.70610809326172,60.98282241821289,48.299842834472656,11057134
2017-03-22,61.049617767333984,61.17366409301758,60.35305404663086,60.59160232543945,47.98998260498047,10007352
2017-03-23,60.45801544189453,60.89694595336914,60.29580307006836,60.38167953491211,47.82372283935547,9915128
2017-03-24,60.26717758178711,60.6202278137207,59.98091506958008,60.286258697509766,47.74814224243164,9575052
2017-03-27,60.038169860839844,60.5057258605957,59.933204650878906,60.29580307006836,47.75570297241211,8400663
2017-03-28,60.30534362792969,60.49618148803711,60.0,60.43893051147461,47.86906433105469,10673880
2017-03-29,60.75381851196289,61.17366409301758,60.553436279296875,60.725189208984375,48.09579849243164,8525794
2017-03-30,60.59160232543945,60.76335906982422,60.41984558105469,60.54389190673828,47.95219421386719,5577456
2017-03-31,60.36259460449219,60.71564865112305,60.35305404663086,60.6297721862793,48.02021789550781,7979472
2017-04-03,60.524810791015625,60.79198455810547,60.32442855834961,60.5629768371582,47.96731948852539,6962493
2017-04-04,60.67748260498047,60.84923553466797,60.46755599975586,60.75381851196289,48.11845397949219,6650189
2017-04-05,60.77289962768555,61.211830139160156,60.60114669799805,60.65839767456055,48.04288101196289,8083538
2017-04-06,60.57251739501953,61.040077209472656,60.29580307006836,60.343509674072266,47.79349136352539,7915125
2017-04-07,60.38167953491211,60.42938995361328,60.066795349121094,60.238548278808594,47.710357666015625,8091713
2017-04-10,60.372135162353516,60.42938995361328,59.66603088378906,59.685115814208984,47.27202224731445,7595590
2017-04-11,59.627864837646484,59.885494232177734,59.332061767578125,59.713741302490234,47.294708251953125,6858950
2017-04-12,59.51335906982422,60.314884185791016,59.42748260498047,60.16221237182617,47.64989471435547,9965642
2017-04-13,59.91412353515625,60.114505767822266,59.69465637207031,59.742366790771484,47.3173713684082,6217260
2017-04-17,59.83778762817383,59.961830139160156,59.53244400024414,59.92366409301758,47.46095275878906,5590242
2017-04-18,59.59923553466797,59.59923553466797,59.15076446533203,59.417938232421875,47.06040573120117,7749436
2017-04-19,59.40839767456055,59.770992279052734,59.16030502319336,59.770992279052734,47.34004211425781,10845857
2017-04-20,59.790077209472656,59.875953674316406,59.39885330200195,59.685115814208984,47.27202224731445,9392490
2017-04-21,59.50381851196289,59.761451721191406,59.036258697509766,59.05534362792969,46.773223876953125,11002323
2017-04-24,59.63740539550781,59.656490325927734,59.17938995361328,59.29389190673828,46.9621696472168,9270922
2017-04-25,59.627864837646484,60.04771041870117,59.39885330200195,59.446563720703125,47.08308792114258,11205006
2017-04-26,59.761451721191406,60.0,59.57061004638672,59.828243255615234,47.385379791259766,9284546
2017-04-27,59.904579162597656,60.02862548828125,59.58969497680664,59.713741302490234,47.294708251953125,6920258
2017-04-28,59.713741302490234,59.78053283691406,59.29389190673828,59.475189208984375,47.10575866699219,9915862
2017-05-01,59.39885330200195,59.63740539550781,59.2557258605957,59.52289962768555,47.1435432434082,10707521
2017-05-02,59.64694595336914,60.343509674072266,59.45610809326172,59.828243255615234,47.385379791259766,13647580
2017-05-03,59.63740539550781,60.75381851196289,59.52289962768555,60.71564865112305,48.088233947753906,11978430
2017-05-04,60.75381851196289,60.963741302490234,60.32442855834961,60.47710037231445,47.899288177490234,9023280
2017-05-05,60.59160232543945,61.154579162597656,60.524810791015625,61.040077209472656,48.345176696777344,9795237
2017-05-08,60.98282241821289,61.55534362792969,60.906490325927734,61.078243255615234,48.37541198730469,11684676
2017-05-09,61.24045944213867,61.32633590698242,60.26717758178711,60.39122009277344,47.83127975463867,10712970
2017-05-10,60.238548278808594,61.020992279052734,60.200382232666016,61.011451721191406,48.32251739501953,10094126
2017-05-11,61.78435134887695,62.261451721191406,61.364505767822266,61.479007720947266,48.69282531738281,19404663
2017-05-12,61.44084167480469,61.70801544189453,60.372135162353516,60.65839767456055,48.04288101196289,10838521
2017-05-15,60.51526641845703,60.6870231628418,60.43893051147461,60.60114669799805,47.99753952026367,8710347
2017-05-16,60.53435134887695,60.94465637207031,60.24809265136719,60.86832046508789,48.20914840698242,8248494
2017-05-17,60.86832046508789,60.86832046508789,60.0,60.114505767822266,47.61210250854492,8296911
2017-05-18,60.02862548828125,61.54580307006836,60.02862548828125,60.963741302490234,48.284725189208984,12528316
2017-05-19,61.106868743896484,61.106868743896484,60.59160232543945,60.85877990722656,48.201595306396484,9739798
2017-05-22,60.78244400024414,61.488548278808594,60.65839767456055,61.106868743896484,48.39808654785156,6525372
2017-05-23,61.068702697753906,61.63167953491211,61.068702697753906,61.593509674072266,48.78352355957031,6009861
2017-05-24,61.803436279296875,62.213741302490234,61.58396911621094,61.95610809326172,49.070701599121094,7289259
2017-05-25,61.98473358154297,62.13740539550781,61.6984748840332,62.06106948852539,49.153831481933594,7436503
2017-05-26,62.02289962768555,62.22328186035156,61.85114669799805,61.946563720703125,49.063140869140625,3862614
2017-05-30,61.7557258605957,62.156490325927734,61.57442855834961,61.90839767456055,49.03290557861328,5120109
2017-05-31,62.09923553466797,62.49045944213867,62.0515251159668,62.127864837646484,49.20674133300781,8162138
2017-06-01,62.10877990722656,62.270992279052734,61.889312744140625,62.270992279052734,49.32011032104492,7923404
2017-06-02,62.461830139160156,62.57633590698242,62.19465637207031,62.47137451171875,49.47880935668945,6600933
2017-06-05,62.356868743896484,62.39503860473633,61.73664093017578,62.08969497680664,49.176509857177734,6254988
2017-06-06,62.02289962768555,62.06106948852539,61.507633209228516,61.70801544189453,48.874210357666016,8218206
2017-06-07,61.64122009277344,61.68893051147461,61.068702697753906,61.125953674316406,48.4131965637207,7971717
2017-06-08,61.125953674316406,61.3072509765625,59.95228958129883,60.30534362792969,47.76325607299805,19411056
2017-06-09,60.30534362792969,61.488548278808594,60.24809265136719,61.44084167480469,48.66259765625,11266419
2017-06-12,61.44084167480469,61.71755599975586,61.25954055786133,61.44084167480469,48.66259765625,9851514
2017-06-13,60.81106948852539,60.91603088378906,60.143131256103516,60.372135162353516,48.16774368286133,12631544
2017-06-14,60.13358688354492,60.725189208984375,60.13358688354492,60.46755599975586,48.24386978149414,10834853
2017-06-15,60.40076446533203,60.53435134887695,60.0,60.29580307006836,48.106842041015625,8244406
2017-06-16,60.36259460449219,60.79198455810547,59.818702697753906,60.08587646484375,47.93935775756836,15617296
2017-06-19,60.200382232666016,60.88740539550781,60.13358688354492,60.76335906982422,48.47988510131836,8831391
2017-06-20,60.76335906982422,61.98473358154297,60.667938232421875,61.57442855834961,49.12698745727539,10755624
2017-06-21,61.60305404663086,62.595420837402344,61.60305404663086,62.461830139160156,49.83500289916992,11679960
2017-06-22,62.50954055786133,63.33015441894531,62.385494232177734,62.99618148803711,50.26133346557617,14087111
2017-06-23,63.01526641845703,63.34923553466797,62.82442855834961,63.1297721862793,50.367916107177734,14769988
2017-06-26,63.1202278137207,63.35877990722656,62.814884185791016,62.90076446533203,50.185203552246094,7940067
2017-06-27,63.23473358154297,63.23473358154297,62.538169860839844,62.538169860839844,49.895904541015625,8511437
2017-06-28,62.74809265136719,62.88167953491211,62.156490325927734,62.17557144165039,49.60660934448242,7056498
2017-06-29,62.03244400024414,62.09923553466797,61.154579162597656,61.393131256103516,48.98234558105469,8751114
2017-06-30,61.536258697509766,61.76526641845703,61.068702697753906,61.154579162597656,48.792015075683594,8762223
2017-07-03,60.92557144165039,61.66984558105469,60.92557144165039,61.32633590698242,48.92905044555664,4895627
2017-07-05,61.51717758178711,61.832061767578125,60.992366790771484,61.22137451171875,48.845306396484375,6820174
2017-07-06,60.84923553466797,60.98282241821289,60.10496139526367,60.209922790527344,48.038326263427734,11887150
2017-07-07,60.314884185791016,60.43893051147461,59.933204650878906,60.26717758178711,48.08399963378906,7591083
2017-07-10,60.48664093017578,60.49618148803711,59.742366790771484,59.95228958129883,47.83277893066406,7036062
2017-07-11,59.9427490234375,60.095420837402344,59.389312744140625,59.48473358154297,47.45973587036133,7207620
2017-07-12,59.790077209472656,60.238548278808594,59.790077209472656,59.904579162597656,47.794700622558594,8610368
2017-07-13,59.91412353515625,60.10496139526367,59.42748260498047,60.00954055786133,47.87845230102539,7125562
2017-07-14,60.04771041870117,60.49618148803711,59.98091506958008,60.171756744384766,48.007869720458984,6309903
2017-07-17,60.257633209228516,60.41030502319336,59.66603088378906,59.742366790771484,47.66529083251953,7741890
2017-07-18,59.63740539550781,59.761451721191406,59.417938232421875,59.5515251159668,47.51302719116211,6408415
2017-07-19,59.63740539550781,59.95228958129883,59.58015441894531,59.75190734863281,47.67290115356445,5972657
2017-07-20,60.02862548828125,60.343509674072266,59.98091506958008,60.0572509765625,47.916507720947266,6974545
2017-07-21,59.91412353515625,60.114505767822266,59.713741302490234,59.761451721191406,47.680511474609375,7237907
2017-07-24,59.67557144165039,60.01908493041992,59.63740539550781,59.70419692993164,47.63482666015625,8157318
2017-07-25,59.97137451171875,60.114505767822266,59.39885330200195,59.50381851196289,47.4749641418457,6241783
2017-07-26,59.45610809326172,59.48473358154297,58.893131256103516,58.96946716308594,47.04863357543945,9816302
2017-07-27,60.75381851196289,61.593509674072266,59.92366409301758,60.77289962768555,48.48749542236328,22894922
2017-07-28,60.88740539550781,61.41221237182617,60.32442855834961,61.17366409301758,48.80724334716797,13982521
2017-07-31,61.3072509765625,61.364505767822266,60.60114669799805,60.95419692993164,48.632137298583984,12277215
2017-08-01,61.106868743896484,61.32633590698242,60.84923553466797,60.992366790771484,48.6626091003418,6802463
2017-08-02,61.020992279052734,61.03053283691406,60.27671813964844,60.53435134887695,48.29717254638672,7372575
2017-08-03,60.314884185791016,60.81106948852539,60.286258697509766,60.610687255859375,48.358070373535156,7355702
2017-08-04,60.71564865112305,60.77289962768555,60.0572509765625,60.209922790527344,48.038326263427734,5597368
2017-08-07,60.066795349121094,60.200382232666016,59.790077209472656,59.961830139160156,47.84038162231445,7018246
2017-08-08,59.67557144165039,59.847328186035156,59.35114669799805,59.46564865112305,47.44450759887695,8048745
2017-08-09,59.58969497680664,59.847328186035156,59.3702278137207,59.627864837646484,47.57392501831055,6866810
2017-08-10,59.51335906982422,59.713741302490234,59.32251739501953,59.332061767578125,47.33792495727539,8137825
2017-08-11,59.56106948852539,60.07633590698242,59.40839767456055,59.52289962768555,47.49018478393555,6341448
2017-08-14,60.02862548828125,60.114505767822266,59.72328186035156,59.799617767333984,47.71096420288086,5771860
2017-08-15,59.856868743896484,60.143131256103516,59.627864837646484,59.63740539550781,47.581546783447266,6619168
2017-08-16,59.57061004638672,60.04771041870117,59.475189208984375,59.828243255615234,47.73379898071289,6352138
2017-08-17,59.875953674316406,60.13358688354492,58.979007720947266,59.007633209228516,47.07908630371094,9589305
2017-08-18,58.94084167480469,58.988548278808594,58.35877990722656,58.67366409301758,46.812618255615234,8825942
2017-08-21,58.66412353515625,59.1984748840332,58.61641311645508,59.13167953491211,47.17804718017578,7542666
2017-08-22,59.13167953491211,59.63740539550781,59.08396911621094,59.56106948852539,47.52064514160156,5779930
2017-08-23,59.39885330200195,59.73282241821289,59.303436279296875,59.303436279296875,47.315086364746094,6743775
2017-08-24,59.39885330200195,60.02862548828125,59.34160232543945,59.83778762817383,47.74141311645508,8122105
2017-08-25,59.99045944213867,60.39122009277344,59.89503860473633,60.0572509765625,47.916507720947266,5528095
2017-08-28,60.21946716308594,60.553436279296875,60.095420837402344,60.41984558105469,48.20581817626953,7858114
2017-08-29,60.238548278808594,60.314884185791016,59.847328186035156,60.229007720947266,48.05354690551758,6879806
2017-08-30,60.24809265136719,60.27671813964844,60.01908493041992,60.229007720947266,48.05354690551758,5263580
2017-08-31,60.4484748840332,60.992366790771484,60.066795349121094,60.935115814208984,48.616912841796875,13522344
2017-09-01,60.86832046508789,61.16412353515625,60.6870231628418,60.906490325927734,48.594078063964844,6481985
2017-09-05,60.83015441894531,61.17366409301758,60.553436279296875,60.70610809326172,48.4342041015625,7583538
2017-09-06,60.963741302490234,61.38358688354492,60.84923553466797,61.068702697753906,48.72350311279297,7491838
2017-09-07,61.154579162597656,61.46946716308594,60.86832046508789,61.374046325683594,48.96711730957031,7185507
2017-09-08,61.05915832519531,61.57442855834961,61.011451721191406,61.32633590698242,48.92905044555664,7719358
2017-09-11,61.96564865112305,62.318702697753906,61.71755599975586,62.14694595336914,49.58377456665039,10785597
2017-09-12,62.13740539550781,62.614505767822266,62.13740539550781,62.461830139160156,49.83500289916992,7707202
2017-09-13,62.36641311645508,62.54771041870117,62.30915832519531,62.45228958129883,49.827396392822266,5898878
2017-09-14,62.01335906982422,63.139312744140625,61.9370231628418,63.09160232543945,50.701568603515625,10437137
2017-09-15,63.139312744140625,63.33969497680664,62.738548278808594,63.1297721862793,50.73223114013672,15390718
2017-09-18,62.99618148803711,63.36832046508789,62.79580307006836,62.96755599975586,50.60186767578125,11049274
2017-09-19,62.99618148803711,63.1297721862793,62.671756744384766,62.92938995361328,50.571197509765625,7345746
2017-09-20,63.04389190673828,63.27289962768555,62.20419692993164,62.77671813964844,50.448509216308594,9903600
2017-09-21,62.83396911621094,62.91030502319336,62.51908493041992,62.595420837402344,50.30281448364258,6255198
2017-09-22,62.624046325683594,62.69084167480469,62.08969497680664,62.14694595336914,49.942413330078125,7824263
2017-09-25,62.17557144165039,62.404579162597656,62.06106948852539,62.19465637207031,49.98076248168945,5840923
2017-09-26,62.11832046508789,62.328243255615234,61.7557258605957,61.79389190673828,49.65868377685547,7311058
2017-09-27,61.71755599975586,61.78435134887695,61.374046325683594,61.61259460449219,49.51299285888672,7013111
2017-09-28,61.32633590698242,61.6984748840332,61.23091506958008,61.345420837402344,49.29829406738281,7359894
2017-09-29,61.345420837402344,61.57442855834961,60.42938995361328,61.097328186035156,49.09892272949219,11999181
2017-10-02,61.26908493041992,61.71755599975586,60.963741302490234,61.593509674072266,49.49766540527344,7067083
2017-10-03,61.593509674072266,61.622135162353516,60.85877990722656,61.421756744384766,49.35962677001953,6819441
2017-10-04,61.46946716308594,61.66030502319336,61.38358688354492,61.64122009277344,49.536006927490234,6722606
2017-10-05,61.46946716308594,61.832061767578125,61.38358688354492,61.64122009277344,49.536006927490234,9589200
2017-10-06,61.73664093017578,61.92748260498047,61.421756744384766,61.593509674072266,49.49766540527344,7847843
2017-10-09,61.70801544189453,61.774810791015625,61.183204650878906,61.38358688354492,49.32897186279297,5712962
2017-10-10,61.364505767822266,61.51717758178711,61.25,61.507633209228516,49.42864990234375,5157208
2017-10-11,61.393131256103516,61.393131256103516,60.85877990722656,60.85877990722656,48.9072265625,10586477
2017-10-12,60.86832046508789,61.049617767333984,60.64885330200195,60.906490325927734,48.945556640625,6454108
2017-10-13,61.020992279052734,61.22137451171875,60.47710037231445,60.48664093017578,48.6081657409668,7693787
2017-10-16,60.582061767578125,60.81106948852539,60.36259460449219,60.43893051147461,48.569820404052734,7806762
2017-10-17,60.314884185791016,60.41030502319336,60.0,60.32442855834961,48.47780227661133,7365868
2017-10-18,61.154579162597656,61.17366409301758,60.5057258605957,60.60114669799805,48.700172424316406,8265471
2017-10-19,60.725189208984375,61.097328186035156,60.67748260498047,60.83015441894531,48.88420867919922,10554618
2017-10-20,60.92557144165039,61.05915832519531,60.65839767456055,60.95419692993164,48.9838981628418,10798802
2017-10-23,61.097328186035156,61.564884185791016,60.40076446533203,60.49618148803711,48.61582946777344,12137936
2017-10-24,60.41030502319336,60.41030502319336,59.51335906982422,60.21946716308594,48.39345169067383,10711713
2017-10-25,60.209922790527344,60.238548278808594,59.475189208984375,59.58969497680664,47.887359619140625,11545502
2017-10-26,59.4370231628418,59.818702697753906,58.979007720947266,59.15076446533203,47.53463363647461,11260026
2017-10-27,57.77671813964844,57.77671813964844,55.171756744384766,55.57251739501953,44.65907669067383,30980242
2017-10-30,53.196563720703125,53.48282241821289,51.917938232421875,52.20419692993164,41.952232360839844,40860891
2017-10-31,52.643131256103516,53.23473358154297,52.50954055786133,52.566795349121094,42.243629455566406,19313802
2017-11-01,52.99618148803711,53.2442741394043,52.74809265136719,52.80534362792969,42.435325622558594,17206483
2017-11-02,52.93893051147461,53.024810791015625,52.51908493041992,52.83396911621094,42.45832824707031,12909788
2017-11-03,52.76717758178711,53.70228958129883,52.66221237182617,53.492366790771484,42.9874267578125,10281718
2017-11-06,53.47328186035156,53.606868743896484,53.053436279296875,53.32061004638672,42.84939956665039,9136988
2017-11-07,53.32061004638672,53.61641311645508,52.843509674072266,53.04389190673828,42.62703323364258,15008513
2017-11-08,52.95801544189453,54.122135162353516,52.91984558105469,53.988548278808594,43.38618087768555,15859279
2017-11-09,53.959922790527344,54.064884185791016,53.07251739501953,53.635494232177734,43.10245132446289,14818825
2017-11-10,53.711830139160156,53.711830139160156,52.624046325683594,52.93893051147461,42.54269027709961,17547607
2017-11-13,52.77671813964844,52.97710037231445,52.538169860839844,52.57633590698242,42.25128936767578,14135738
2017-11-14,52.45228958129883,52.652671813964844,52.242366790771484,52.47137451171875,42.16694641113281,13315678
2017-11-15,52.25190734863281,52.57633590698242,51.90839767456055,52.290077209472656,42.021263122558594,12290315
2017-11-16,52.347328186035156,52.83396911621094,52.242366790771484,52.643131256103516,42.30497741699219,12572122
2017-11-17,52.48091506958008,52.89122009277344,52.242366790771484,52.671756744384766,42.32798385620117,10358537
2017-11-20,51.564884185791016,51.89885330200195,51.17366409301758,51.622135162353516,41.48448181152344,18003278
2017-11-21,51.8702278137207,52.33778762817383,51.6984748840332,51.78435134887695,41.61484909057617,14369442
2017-11-22,51.74618148803711,52.07061004638672,51.68893051147461,51.8797721862793,41.691532135009766,7730258
2017-11-24,52.00381851196289,52.127864837646484,51.63167953491211,51.860687255859375,41.67618179321289,4549682
2017-11-27,51.917938232421875,52.09923553466797,51.71755599975586,52.0515251159668,41.82954025268555,10584905
2017-11-28,52.41412353515625,52.60496139526367,51.917938232421875,52.41412353515625,42.12094497680664,13446783
2017-11-29,52.51908493041992,53.10114669799805,52.41412353515625,52.82442855834961,42.45067596435547,10980525
2017-11-30,52.66221237182617,53.33015441894531,52.50954055786133,52.738548278808594,42.38164520263672,16139619
2017-12-01,52.86259460449219,53.41603088378906,52.69084167480469,53.31106948852539,42.84175109863281,12672835
2017-12-04,53.36832046508789,54.11259460449219,53.31106948852539,53.64503860473633,43.11012649536133,14085120
2017-12-05,53.578243255615234,53.921756744384766,53.167938232421875,53.21564865112305,42.76506042480469,12405386
2017-12-06,51.946563720703125,53.36832046508789,51.70801544189453,51.860687255859375,41.67618179321289,21217703
2017-12-07,52.33778762817383,53.28244400024414,52.17557144165039,52.261451721191406,41.99825668334961,17250604
2017-12-08,52.77671813964844,53.024810791015625,52.156490325927734,53.024810791015625,42.6116943359375,10923723
2017-12-11,53.75954055786133,54.04580307006836,53.01526641845703,53.75954055786133,43.202144622802734,10239170
2017-12-12,54.26526641845703,54.5515251159668,54.036258697509766,54.45610809326172,43.76192092895508,14454750
2017-12-13,54.332061767578125,54.742366790771484,54.05534362792969,54.303436279296875,43.63922119140625,13982940
2017-12-14,53.816795349121094,54.14122009277344,53.39694595336914,53.44465637207031,43.314430236816406,10623890
2017-12-15,53.654579162597656,53.788169860839844,53.196563720703125,53.66412353515625,43.492286682128906,23664574
2017-12-18,53.79771041870117,54.093509674072266,53.625953674316406,53.64503860473633,43.476837158203125,12151560
2017-12-19,53.64503860473633,54.02671813964844,53.44465637207031,53.654579162597656,43.484561920166016,9921521
2017-12-20,53.70228958129883,53.902671813964844,53.41603088378906,53.540077209472656,43.39176940917969,13766423
2017-12-21,53.511451721191406,54.1984748840332,53.511451721191406,54.007633209228516,43.770687103271484,10439966
2017-12-22,54.007633209228516,54.22710037231445,53.55915832519531,53.77862548828125,43.58509063720703,11890608
2017-12-26,53.902671813964844,54.007633209228516,53.6927490234375,53.75954055786133,43.569618225097656,4616754
2017-12-27,53.8072509765625,54.036258697509766,53.683204650878906,53.75954055786133,43.569618225097656,5931994
2017-12-28,53.75954055786133,54.1984748840332,53.72137451171875,54.007633209228516,43.770687103271484,6061108
2017-12-29,54.22710037231445,54.3797721862793,53.6927490234375,53.6927490234375,43.51548767089844,8841557
2018-01-02,53.99809265136719,54.15076446533203,53.48282241821289,53.64503860473633,43.476837158203125,10556504
2018-01-03,53.654579162597656,53.683204650878906,53.39694595336914,53.568702697753906,43.41496276855469,11090460
2018-01-04,53.85496139526367,54.790077209472656,53.79771041870117,54.4370231628418,44.11870193481445,15751650
2018-01-05,54.761451721191406,54.761451721191406,53.99809265136719,54.3797721862793,44.072296142578125,9955057
2018-01-08,54.58969497680664,54.627864837646484,53.91221237182617,54.064884185791016,43.81709671020508,11642546
2018-01-09,54.20801544189453,54.48473358154297,53.979007720947266,54.1984748840332,43.925357818603516,11142022
2018-01-10,53.959922790527344,54.742366790771484,53.874046325683594,54.67557144165039,44.31202697753906,9497395
2018-01-11,54.67557144165039,54.97137451171875,54.54198455810547,54.961830139160156,44.544029235839844,7447402
2018-01-12,55.29580307006836,56.11641311645508,55.238548278808594,55.97328186035156,45.36375427246094,12935569
2018-01-16,58.921756744384766,60.85877990722656,58.44465637207031,59.22710037231445,48.000823974609375,50399682
2018-01-17,59.4370231628418,59.72328186035156,59.05534362792969,59.18893051147461,47.96989440917969,22940615
2018-01-18,59.16030502319336,59.274810791015625,57.85305404663086,58.33015441894531,47.27389144897461,20861278
2018-01-19,58.66412353515625,58.66412353515625,57.86259460449219,58.47328186035156,47.389896392822266,12745671
2018-01-22,58.15839767456055,58.625953674316406,57.93893051147461,58.44465637207031,47.36669158935547,12835380
2018-01-23,58.23473358154297,59.28435134887695,58.082061767578125,58.874046325683594,47.714691162109375,11718212
2018-01-24,59.16984558105469,59.26526641845703,58.167938232421875,58.377864837646484,47.31256103515625,14129241
2018-01-25,58.492366790771484,58.568702697753906,58.15839767456055,58.492366790771484,47.40536117553711,9853610
2018-01-26,58.67366409301758,59.23664093017578,58.53053283691406,59.1984748840332,47.977630615234375,11060278
2018-01-29,59.11259460449219,59.29389190673828,58.74045944213867,58.8072509765625,47.66056442260742,9198191
2018-01-30,58.0057258605957,58.44465637207031,57.671756744384766,57.872135162353516,46.902687072753906,13666654
2018-01-31,57.98664093017578,58.01526641845703,56.20228958129883,56.536258697509766,45.820030212402344,15582712
2018-02-01,56.459922790527344,57.57633590698242,56.364505767822266,57.11832046508789,46.29175567626953,14009664
2018-02-02,56.68893051147461,57.22328186035156,55.610687255859375,55.877864837646484,45.286441802978516,12852777
2018-02-05,55.60114669799805,56.25,53.26335906982422,53.816795349121094,43.61602783203125,20546774
2018-02-06,52.614505767822266,54.16984558105469,51.84160232543945,52.91984558105469,42.88909149169922,32494498
2018-02-07,52.643131256103516,54.11259460449219,52.566795349121094,53.32061004638672,43.21388244628906,14349740
2018-02-08,53.47328186035156,53.874046325683594,52.20419692993164,52.22328186035156,42.32455825805664,21871760
2018-02-09,52.624046325683594,52.872135162353516,50.91603088378906,52.356868743896484,42.432823181152344,19472364
2018-02-12,52.814884185791016,53.33015441894531,52.4427490234375,52.89122009277344,42.86589431762695,13259506
2018-02-13,52.700382232666016,52.83396911621094,52.261451721191406,52.385494232177734,42.45602035522461,17857291
2018-02-14,51.82251739501953,52.57633590698242,51.73664093017578,52.385494232177734,42.45602035522461,11996142
2018-02-15,52.89122009277344,53.42557144165039,52.318702697753906,53.42557144165039,43.298954010009766,10584695
2018-02-16,53.406490325927734,54.3797721862793,53.35877990722656,53.711830139160156,43.53095245361328,12294402
2018-02-20,53.549617767333984,53.568702697753906,52.433204650878906,52.461830139160156,42.51789093017578,14113416
2018-02-21,52.50954055786133,52.90076446533203,52.0515251159668,52.0515251159668,42.18535232543945,11244935
2018-02-22,52.09923553466797,52.54771041870117,51.92748260498047,52.07061004638672,42.20082092285156,11334958
2018-02-23,52.30915832519531,52.48091506958008,52.07061004638672,52.356868743896484,42.432823181152344,9499177
2018-02-26,52.48091506958008,53.61641311645508,52.48091506958008,53.492366790771484,43.35308837890625,12725026
2018-02-27,53.34923553466797,53.39694595336914,52.19465637207031,52.213741302490234,42.31681442260742,9734453
2018-02-28,52.538169860839844,52.643131256103516,51.72710037231445,51.73664093017578,41.93016052246094,11807606
2018-03-01,51.774810791015625,52.299617767333984,50.97328186035156,51.24045944213867,41.52802658081055,13648523
2018-03-02,51.03053283691406,51.9370231628418,50.6870231628418,51.8702278137207,42.03842544555664,9355706
2018-03-05,51.7557258605957,52.20419692993164,51.60305404663086,51.90839767456055,42.06935119628906,13743577
2018-03-06,51.9942741394043,52.20419692993164,51.35496139526367,51.8129768371582,41.992034912109375,9716951
2018-03-07,51.374046325683594,52.08015441894531,51.288169860839844,51.975189208984375,42.12349319458008,12817564
2018-03-08,52.02289962768555,52.30915832519531,51.8702278137207,52.25190734863281,42.347747802734375,7705001
2018-03-09,52.50954055786133,52.66221237182617,52.19465637207031,52.614505767822266,42.641632080078125,9240006
2018-03-12,53.17748260498047,53.55915832519531,52.709922790527344,52.82442855834961,42.811763763427734,11269039
2018-03-13,53.1870231628418,53.196563720703125,52.48091506958008,52.83396911621094,42.819488525390625,12272080
2018-03-14,52.738548278808594,52.89122009277344,51.82251739501953,52.290077209472656,42.74928665161133,11692222
2018-03-15,52.433204650878906,53.17748260498047,52.375953674316406,52.71946716308594,43.10032653808594,10560277
2018-03-16,52.66221237182617,53.29198455810547,52.5572509765625,53.1202278137207,43.4279670715332,22010620
2018-03-19,53.110687255859375,53.1297721862793,51.7557258605957,52.127864837646484,42.616668701171875,12391762
2018-03-20,52.242366790771484,52.42366409301758,51.8702278137207,52.13740539550781,42.624473571777344,8153440
2018-03-21,52.25190734863281,52.74809265136719,51.92748260498047,52.185115814208984,42.66347885131836,10489746
2018-03-22,51.7557258605957,52.461830139160156,51.55534362792969,51.64122009277344,42.21881866455078,13387990
2018-03-23,51.832061767578125,52.20419692993164,50.89694595336914,50.963741302490234,41.66495132446289,12408634
2018-03-26,51.57442855834961,51.67938995361328,50.54389190673828,51.564884185791016,42.15639877319336,10448770
2018-03-27,51.51717758178711,52.06106948852539,51.020992279052734,51.288169860839844,41.93019104003906,16956535
2018-03-28,51.57442855834961,52.80534362792969,51.54580307006836,52.566795349121094,42.97551727294922,13302788
2018-03-29,52.82442855834961,52.872135162353516,51.975189208984375,51.975189208984375,42.49184799194336,10218524
2018-04-02,51.90839767456055,52.14694595336914,50.53435134887695,50.83015441894531,41.55573654174805,14041104
2018-04-03,50.89694595336914,51.66984558105469,50.41030502319336,51.61259460449219,42.195411682128906,9688341
2018-04-04,51.020992279052734,52.185115814208984,50.95419692993164,52.04198455810547,42.54645538330078,9330030
2018-04-05,52.538169860839844,52.843509674072266,51.946563720703125,52.03244400024414,42.538658142089844,13074638
2018-04-06,51.79389190673828,52.08015441894531,50.47710037231445,50.91603088378906,41.62594985961914,13100838
2018-04-09,52.48091506958008,54.790077209472656,52.06106948852539,53.58778762817383,43.81021499633789,24352376
2018-04-10,54.08396911621094,54.18893051147461,53.47328186035156,53.902671813964844,44.067649841308594,13481891
2018-04-11,53.492366790771484,53.950382232666016,53.33015441894531,53.625953674316406,43.84141540527344,9445834
2018-04-12,54.007633209228516,54.57061004638672,53.568702697753906,54.14122009277344,44.262672424316406,12511967
2018-04-13,54.46564865112305,54.70419692993164,54.04580307006836,54.5515251159668,44.598106384277344,10536278
2018-04-16,55.124046325683594,56.536258697509766,54.5515251159668,55.963741302490234,45.752647399902344,23627998
2018-04-17,57.09923553466797,57.213741302490234,56.25954055786133,56.55534362792969,46.23632049560547,16070451
2018-04-18,56.68893051147461,56.889312744140625,55.906490325927734,56.22137451171875,45.963279724121094,11779730
2018-04-19,56.22137451171875,56.60305404663086,55.7442741394043,55.95419692993164,45.74485778808594,11041204
2018-04-20,56.16412353515625,56.55534362792969,55.97328186035156,56.135494232177734,45.8930778503418,10109951
2018-04-23,57.299617767333984,57.843509674072266,56.70801544189453,57.49045944213867,47.00081253051758,20767587
2018-04-24,57.643131256103516,58.20610809326172,57.03244400024414,57.33778762817383,46.87600326538086,13974975
2018-04-25,57.156490325927734,57.17557144165039,56.23091506958008,56.89885330200195,46.51715087890625,14057034
2018-04-26,57.08015441894531,57.33778762817383,56.402671813964844,56.68893051147461,46.34552001953125,14148105
2018-04-27,56.622135162353516,56.917938232421875,56.593509674072266,56.74618148803711,46.392330169677734,8034073
2018-04-30,56.917938232421875,57.23282241821289,56.17366409301758,56.17366409301758,45.92427062988281,13730267
2018-05-01,56.29771041870117,56.52671813964844,54.274810791015625,55.32442855834961,45.2299919128418,13756782
2018-05-02,55.038169860839844,55.343509674072266,54.40839767456055,54.67557144165039,44.69952392578125,10921837
2018-05-03,54.52289962768555,55.152671813964844,53.788169860839844,54.89503860473633,44.87894821166992,11864932
2018-05-04,54.50381851196289,55.257633209228516,54.22710037231445,55.10496139526367,45.050567626953125,9149983
2018-05-07,55.124046325683594,55.43893051147461,54.46564865112305,54.75190734863281,44.761924743652344,10513955
2018-05-08,54.742366790771484,54.790077209472656,53.683204650878906,54.16030502319336,44.27828598022461,10749546
2018-05-09,54.360687255859375,55.73473358154297,54.22710037231445,55.29580307006836,45.206581115722656,8684042
2018-05-10,55.46755599975586,56.040077209472656,55.27671813964844,55.40076446533203,45.29240798950195,8624097
2018-05-11,55.49618148803711,57.22328186035156,55.46755599975586,56.95610809326172,46.5639533996582,13344498
2018-05-14,57.03244400024414,57.328243255615234,56.70801544189453,56.946563720703125,46.55615234375,9942062
2018-05-15,56.71755599975586,57.06106948852539,56.20228958129883,56.488548278808594,46.18170928955078,7148932
2018-05-16,56.60305404663086,57.261451721191406,56.402671813964844,57.01335906982422,46.61076736450195,8941222
2018-05-17,56.8129768371582,57.04198455810547,56.183204650878906,56.364505767822266,46.08029556274414,8222398
2018-05-18,56.25954055786133,56.73664093017578,54.856868743896484,56.431297302246094,46.13490295410156,10151242
2018-05-21,56.46946716308594,56.60305404663086,55.71564865112305,55.88740539550781,45.690250396728516,8882219
2018-05-22,56.08778762817383,56.431297302246094,55.725189208984375,55.77289962768555,45.59662628173828,9357068
2018-05-23,55.77289962768555,56.76526641845703,55.75381851196289,56.459922790527344,46.15830612182617,10375619
2018-05-24,56.536258697509766,56.68893051147461,56.11641311645508,56.421756744384766,46.127098083496094,7261382
2018-05-25,56.431297302246094,56.73664093017578,56.14503860473633,56.38358688354492,46.09589767456055,6985339
2018-05-29,55.89694595336914,56.1927490234375,55.372135162353516,55.725189208984375,45.55762481689453,9228269
2018-05-30,55.963741302490234,57.06106948852539,55.83969497680664,56.98473358154297,46.58736038208008,11572016
2018-05-31,56.89885330200195,57.13740539550781,56.593509674072266,56.803436279296875,46.439151763916016,12786019
2018-06-01,57.14694595336914,58.024810791015625,56.889312744140625,57.786258697509766,47.242645263671875,11556925
2018-06-04,58.73091506958008,59.66603088378906,58.377864837646484,59.17938995361328,48.3815803527832,20410534
2018-06-05,59.16030502319336,59.475189208984375,58.26335906982422,58.578243255615234,47.890113830566406,13098218
2018-06-06,58.6927490234375,59.10305404663086,58.41603088378906,59.093509674072266,48.311363220214844,7912190
2018-06-07,59.16030502319336,59.1984748840332,58.6927490234375,59.15076446533203,48.358184814453125,7910933
2018-06-08,59.16984558105469,59.78053283691406,59.13167953491211,59.713741302490234,48.81843948364258,10142754
2018-06-11,59.89503860473633,59.98091506958008,59.23664093017578,59.475189208984375,48.6234016418457,7542666
2018-06-12,59.51335906982422,59.742366790771484,59.16984558105469,59.58015441894531,48.7092170715332,8308230
2018-06-13,59.70419692993164,60.07633590698242,59.4942741394043,59.72328186035156,48.82624435424805,9873732
2018-06-14,59.22710037231445,59.52289962768555,58.41603088378906,58.74045944213867,48.39386749267578,12528211
2018-06-15,58.76908493041992,59.2557258605957,58.41603088378906,59.18893051147461,48.763343811035156,17246517
2018-06-18,58.540077209472656,58.549617767333984,57.814884185791016,58.196563720703125,47.94576644897461,9990270
2018-06-19,57.872135162353516,58.50190734863281,57.85305404663086,58.23473358154297,47.97721481323242,10501589
2018-06-20,58.26335906982422,58.66412353515625,58.0057258605957,58.47328186035156,48.17375183105469,12757094
2018-06-21,58.463741302490234,58.463741302490234,58.024810791015625,58.377864837646484,48.09513854980469,9336527
2018-06-22,58.47328186035156,59.08396911621094,58.41603088378906,58.654579162597656,48.323116302490234,12885998
2018-06-25,58.597328186035156,58.79771041870117,57.86259460449219,58.28244400024414,48.01653289794922,11057238
2018-06-26,58.04389190673828,58.225189208984375,57.83396911621094,57.93893051147461,47.733524322509766,12571913
2018-06-27,57.91984558105469,58.28244400024414,57.06106948852539,57.13740539550781,47.07316589355469,10948770
2018-06-28,57.356868743896484,57.96755599975586,57.242366790771484,57.538169860839844,47.40335464477539,10691591
2018-06-29,57.757633209228516,58.654579162597656,57.58587646484375,57.91984558105469,47.71780014038086,14956951
2018-07-02,57.77671813964844,57.786258697509766,57.17557144165039,57.69084167480469,47.52912902832031,9546337
2018-07-03,57.95801544189453,58.492366790771484,57.77671813964844,57.92938995361328,47.72565460205078,5106590
2018-07-05,58.58778762817383,59.122135162353516,58.29198455810547,58.816795349121094,48.45676040649414,9517098
2018-07-06,58.96946716308594,59.64694595336914,58.959922790527344,59.35114669799805,48.89699172973633,8543191
2018-07-09,59.59923553466797,59.818702697753906,59.16030502319336,59.17938995361328,48.7554931640625,8724600
2018-07-10,59.53244400024414,59.761451721191406,59.26526641845703,59.446563720703125,48.97559356689453,11266524
2018-07-11,59.29389190673828,59.35114669799805,58.76908493041992,59.064884185791016,48.66115188598633,6055344
2018-07-12,59.58015441894531,59.961830139160156,59.29389190673828,59.790077209472656,49.258609771728516,8424453
2018-07-13,59.417938232421875,60.152671813964844,59.39885330200195,60.00954055786133,49.43941116333008,7705106
2018-07-16,60.04771041870117,60.066795349121094,59.475189208984375,59.72328186035156,49.203575134277344,4729938
2018-07-17,59.66603088378906,59.933204650878906,59.59923553466797,59.66603088378906,49.156410217285156,5292086
2018-07-18,59.73282241821289,60.095420837402344,59.51335906982422,60.0572509765625,49.47871780395508,6645578
2018-07-19,59.86641311645508,60.0572509765625,59.39885330200195,59.64694595336914,49.14067459106445,7631641
2018-07-20,59.21755599975586,59.67557144165039,59.16984558105469,59.656490325927734,49.1485481262207,7204686
2018-07-23,59.70419692993164,59.904579162597656,59.64694595336914,59.818702697753906,49.28219223022461,7266413
2018-07-24,60.01908493041992,60.53435134887695,59.9427490234375,60.51526641845703,49.85606002807617,9931058
2018-07-25,60.524810791015625,61.61259460449219,60.45801544189453,61.536258697509766,50.69722366333008,11023598
2018-07-26,61.65076446533203,62.213741302490234,61.05915832519531,61.078243255615234,50.31986618041992,11677235
2018-07-27,59.58969497680664,61.08778762817383,59.52289962768555,60.582061767578125,49.91109085083008,8815357
2018-07-30,60.86832046508789,61.92748260498047,60.6202278137207,61.84160232543945,50.948768615722656,10129130
2018-07-31,61.92748260498047,63.09160232543945,61.90839767456055,62.85305404663086,51.782066345214844,16184683
2018-08-01,62.700382232666016,63.110687255859375,62.45228958129883,62.49045944213867,51.48333740234375,7949604
2018-08-02,62.30915832519531,62.433204650878906,61.89885330200195,62.23282241821289,51.27106857299805,7226379
2018-08-03,62.213741302490234,62.99618148803711,61.9942741394043,62.91030502319336,51.829227447509766,7333066
2018-08-06,63.0629768371582,63.435115814208984,62.681297302246094,63.1870231628418,52.05720520019531,8600202
2018-08-07,63.0629768371582,63.921756744384766,63.0057258605957,63.53053283691406,52.340213775634766,8471298
2018-08-08,63.463741302490234,63.921756744384766,63.1202278137207,63.635494232177734,52.42668533325195,6821746
2018-08-09,63.8072509765625,63.8072509765625,62.786258697509766,62.97710037231445,51.884254455566406,7495086
2018-08-10,62.88167953491211,63.45419692993164,62.671756744384766,63.04389190673828,51.93928146362305,7796806
2018-08-13,63.10114669799805,63.82633590698242,63.04389190673828,63.66412353515625,52.45027160644531,9973606
2018-08-14,63.55915832519531,63.88358688354492,63.225189208984375,63.41603088378906,52.245872497558594,6912608
2018-08-15,63.67366409301758,64.47518920898438,63.42557144165039,64.28434753417969,52.96125030517578,11413873
2018-08-16,64.50381469726562,65.8396987915039,64.28434753417969,65.69656372070312,54.124725341796875,19378358
2018-08-17,65.62976837158203,66.0687026977539,65.55343627929688,65.8969497680664,54.28981018066406,8223761
2018-08-20,65.8396987915039,67.00381469726562,65.77290344238281,66.95610809326172,55.162410736083984,10919426
2018-08-21,66.99427795410156,67.03244018554688,65.92557525634766,66.00190734863281,54.37628173828125,10285701
2018-08-22,66.0114517211914,66.22137451171875,65.69656372070312,65.87786102294922,54.27408218383789,6176178
2018-08-23,65.71565246582031,66.02098846435547,65.59160614013672,65.81106567382812,54.21904373168945,5806654
2018-08-24,65.8396987915039,66.0782470703125,65.62023162841797,65.87786102294922,54.27408218383789,5194098
2018-08-27,66.16412353515625,66.25,65.39122009277344,65.83015441894531,54.23477554321289,5327822
2018-08-28,65.69656372070312,65.71565246582031,65.24809265136719,65.48664093017578,53.95176315307617,6219251
2018-08-29,65.24809265136719,65.74427795410156,65.14312744140625,65.65839385986328,54.0932731628418,5753206
2018-08-30,65.51526641845703,65.78244018554688,65.21946716308594,65.40076446533203,53.88103103637695,4972341
2018-08-31,65.21946716308594,65.60114288330078,65.03816986083984,65.44847106933594,53.920326232910156,6018978
2018-09-04,65.2385482788086,65.27671813964844,64.8187026977539,64.83778381347656,53.41720199584961,6045178
2018-09-05,64.83778381347656,65.54389190673828,64.79962158203125,65.47709655761719,53.94390869140625,6664337
2018-09-06,65.81106567382812,66.35496520996094,65.66793823242188,66.2022933959961,54.5413703918457,10099995
2018-09-07,65.99236297607422,66.58396911621094,65.69656372070312,66.47901153564453,54.76934814453125,9971930
2018-09-10,66.79389190673828,67.35687255859375,66.34542083740234,66.3740463256836,54.682865142822266,7616759
2018-09-11,66.6030502319336,66.6030502319336,65.90648651123047,65.91603088378906,54.30551528930664,6094644
2018-09-12,66.22137451171875,66.81298065185547,65.9542007446289,66.6603012084961,54.91871643066406,6382320
2018-09-13,66.94656372070312,67.69084167480469,66.39312744140625,67.58587646484375,55.68124771118164,10750594
2018-09-14,67.5,67.5,66.46946716308594,66.77481079101562,55.38839340209961,7792928
2018-09-17,66.65076446533203,67.23282623291016,66.45992279052734,67.19465637207031,55.73664474487305,7018770
2018-09-18,67.18511199951172,67.65267181396484,66.69847106933594,67.19465637207031,55.73664474487305,7126819
2018-09-19,66.93701934814453,67.33778381347656,66.45037841796875,66.77481079101562,55.38839340209961,8325522
2018-09-20,67.12786102294922,67.58587646484375,66.84160614013672,67.53816986083984,56.02158737182617,6435454
2018-09-21,67.66221618652344,68.30152893066406,67.66221618652344,67.84351348876953,56.27486038208008,17850689
2018-09-24,67.6717529296875,68.03434753417969,67.39503479003906,67.53816986083984,56.02158737182617,6747862
2018-09-25,67.60496520996094,68.11068725585938,67.29007720947266,67.41412353515625,55.918704986572266,6770499
2018-09-26,67.6812973022461,67.89122009277344,66.96565246582031,67.10877990722656,55.665428161621094,7260963
2018-09-27,67.10877990722656,67.91984558105469,66.87023162841797,67.48091888427734,55.97410583496094,6315458
2018-09-28,67.48091888427734,67.93893432617188,67.41412353515625,67.69084167480469,56.14822006225586,7135622
2018-10-01,67.81488800048828,68.59732818603516,67.3759536743164,68.25381469726562,56.61518478393555,7994668
2018-10-02,68.67366027832031,68.864501953125,67.83396911621094,68.46373748779297,56.78932189941406,10894589
2018-10-03,68.78816986083984,69.1030502319336,68.08206176757812,68.10114288330078,56.48856735229492,10037325
2018-10-04,67.86259460449219,68.09160614013672,67.23282623291016,67.95801544189453,56.36984634399414,10837054
2018-10-05,67.96755981445312,68.40648651123047,67.34732818603516,67.77671813964844,56.21946716308594,7790308
2018-10-08,67.6812973022461,68.41603088378906,67.64312744140625,68.18701934814453,56.559791564941406,9279830
2018-10-09,68.18701934814453,69.33206176757812,67.71946716308594,69.02671813964844,57.25630569458008,8249122
2018-10-10,69.1603012084961,69.55152893066406,67.16603088378906,67.22328186035156,55.76039505004883,13259191
2018-10-11,67.1469497680664,67.29962158203125,64.71373748779297,65.2385482788086,54.11410140991211,13491952
2018-10-12,65.55343627929688,66.85114288330078,65.28626251220703,66.61259460449219,55.25383377075195,10648938
2018-10-15,66.02098846435547,66.99427795410156,65.77290344238281,66.27862548828125,54.976806640625,6896783
2018-10-16,66.65076446533203,68.04389190673828,66.55534362792969,67.95801544189453,56.36984634399414,10719992
2018-10-17,67.83396911621094,68.64503479003906,67.5572509765625,68.53053283691406,56.84474182128906,9793036
2018-10-18,68.84542083740234,69.08396911621094,68.14885711669922,68.90267181396484,57.153411865234375,12812848
2018-10-19,68.9885482788086,69.33206176757812,68.64503479003906,69.03626251220703,57.26422119140625,15210043
2018-10-22,69.62786102294922,70.1240463256836,68.55915832519531,69.24618530273438,57.4383544921875,12486186
2018-10-23,68.85496520996094,69.1030502319336,67.95801544189453,68.7977066040039,57.066349029541016,12116871
2018-10-24,68.53053283691406,69.31298065185547,67.01335906982422,67.30915832519531,55.83163070678711,15348170
2018-10-25,63.874046325683594,67.33778381347656,63.07251739501953,66.75572204589844,55.372562408447266,21553692
2018-10-26,66.57442474365234,67.53816986083984,65.72518920898438,67.17557525634766,55.7208251953125,17764229
2018-10-29,68.10114288330078,69.68511199951172,67.3187026977539,68.17748260498047,56.55188751220703,19743901
2018-10-30,68.40648651123047,69.61832427978516,68.22518920898438,69.53244018554688,57.67580032348633,19845976
2018-10-31,70.0477066040039,71.0782470703125,69.43701934814453,70.2385482788086,58.26148986816406,16624529
2018-11-01,70.41984558105469,70.64885711669922,69.34160614013672,69.77098846435547,57.87367630004883,14507988
2018-11-02,70.20037841796875,70.32442474365234,68.3396987915039,68.95992279052734,57.200897216796875,13517838
2018-11-05,68.66412353515625,70.20037841796875,66.90839385986328,69.77098846435547,57.87367630004883,12922364
2018-11-06,69.59923553466797,70.41984558105469,69.41793823242188,69.9522933959961,58.024070739746094,10737913
2018-11-07,70.70610809326172,71.87976837158203,70.45801544189453,71.64122009277344,59.42499542236328,19566684
2018-11-08,71.45992279052734,72.22328186035156,71.2022933959961,72.02290344238281,59.7415771484375,13634690
2018-11-09,72.385498046875,72.5095443725586,71.3740463256836,71.4312973022461,59.25086975097656,15359802
2018-11-12,71.68893432617188,71.82251739501953,70.63931274414062,71.26908111572266,59.11631774902344,14679022
2018-11-13,71.77481079101562,71.82251739501953,70.62023162841797,71.1927490234375,59.0529899597168,16587430
2018-11-14,71.51717376708984,71.52671813964844,70.30534362792969,70.69656372070312,58.64141845703125,9936193
2018-11-15,70.13359069824219,71.44084167480469,69.78053283691406,71.41221618652344,59.23503494262695,12549171
2018-11-16,71.3167953491211,72.75763702392578,71.135498046875,72.57633972167969,60.200645446777344,14384010
2018-11-19,72.72901153564453,73.10114288330078,72.12786102294922,72.8530502319336,60.4301643371582,17210675
2018-11-20,72.52862548828125,72.86259460449219,71.23091888427734,71.35496520996094,59.18754577636719,14240014
2018-11-21,71.4885482788086,71.63167572021484,70.78244018554688,71.364501953125,59.19545364379883,9489116
2018-11-23,70.73473358154297,71.85114288330078,70.62023162841797,71.25,59.100486755371094,3690846
2018-11-26,71.55534362792969,72.28053283691406,71.364501953125,71.98473358154297,59.70994186401367,11407061
2018-11-27,71.63167572021484,73.01526641845703,71.63167572021484,72.84351348876953,60.4222526550293,15325533
2018-11-28,73.28244018554688,73.8167953491211,72.77671813964844,73.6927490234375,61.126686096191406,12625675
2018-11-29,73.65457916259766,74.885498046875,73.5782470703125,74.34160614013672,61.664894104003906,11429174
2018-11-30,74.27481079101562,75.84923553466797,74.1603012084961,75.70610809326172,62.79672622680664,22380669
2018-12-03,75.87786102294922,75.93511199951172,74.69465637207031,75.59160614013672,62.701759338378906,13183106
2018-12-04,75.66793823242188,76.51717376708984,74.52290344238281,74.62786102294922,61.9023551940918,15482942
2018-12-06,73.43511199951172,74.78053283691406,72.34732818603516,74.78053283691406,62.02900314331055,17329518
2018-12-07,74.63740539550781,74.71373748779297,72.614501953125,73.20610809326172,60.72303009033203,13228799
2018-12-10,73.90267181396484,74.21755981445312,72.385498046875,73.8740463256836,61.277076721191406,16163618
2018-12-11,74.35114288330078,74.72328186035156,73.03434753417969,73.5782470703125,61.03172302246094,13867660
2018-12-12,74.20801544189453,75.15267181396484,74.1603012084961,74.43701934814453,61.74403762817383,11219678
2018-12-13,74.66603088378906,75.45801544189453,74.42748260498047,75.39122009277344,62.53553771972656,11272498
2018-12-14,74.26526641845703,74.45610809326172,72.7385482788086,72.97709655761719,60.9574089050293,13896375
2018-12-17,72.4904556274414,73.36832427978516,71.4312973022461,71.78434753417969,59.96110534667969,15831822
2018-12-18,72.13740539550781,72.30915832519531,70.19084167480469,70.92557525634766,59.24378204345703,16163828
2018-12-19,71.2595443725586,71.80343627929688,69.72328186035156,70.39122009277344,58.79743576049805,19765594
2018-12-20,70.08587646484375,70.73473358154297,69.31298065185547,70.1240463256836,58.57427215576172,20321454
2018-12-21,69.60877990722656,71.04007720947266,68.91221618652344,69.56106567382812,58.10400390625,37919994
2018-12-24,69.20801544189453,69.56106567382812,67.64312744140625,67.89122009277344,56.709190368652344,11565833
2018-12-26,67.71946716308594,70.63931274414062,67.71946716308594,70.61068725585938,58.98076629638672,14074011
2018-12-27,69.92366027832031,71.92748260498047,69.42748260498047,71.92748260498047,60.080665588378906,13577154
2018-12-28,72.40457916259766,73.07251739501953,71.40267181396484,71.91793823242188,60.07269287109375,13180696
2018-12-31,72.34732818603516,73.18701934814453,72.19465637207031,72.9103012084961,60.901611328125,9687502
2019-01-02,71.84160614013672,72.5095443725586,71.1832046508789,72.12786102294922,60.24803924560547,15120125
2019-01-03,72.09923553466797,72.4904556274414,70.46755981445312,70.64885711669922,59.01263427734375,13910628
2019-01-04,71.3167953491211,72.99618530273438,71.22137451171875,72.77671813964844,60.79001998901367,14753115
2019-01-07,72.66221618652344,72.96755981445312,71.95610809326172,71.97518920898438,60.120513916015625,15795142
2019-01-08,72.39503479003906,72.71946716308594,71.84160614013672,72.5095443725586,60.566856384277344,11896686
2019-01-09,72.41412353515625,72.81488800048828,71.87023162841797,71.95610809326172,60.10457229614258,11916284
2019-01-10,72.21373748779297,72.21373748779297,70.10496520996094,71.0687026977539,59.36333465576172,19134070
2019-01-11,71.27862548828125,71.50763702392578,70.75381469726562,71.46946716308594,59.69808578491211,9878029
2019-01-14,70.88740539550781,71.03053283691406,69.75190734863281,70.0095443725586,58.47862243652344,15669486
2019-01-15,69.75190734863281,71.45992279052734,69.75190734863281,71.08778381347656,59.37926483154297,13102096
2019-01-16,71.3167953491211,72.29962158203125,71.05915832519531,71.1927490234375,59.466949462890625,15272504
2019-01-17,70.90648651123047,72.29962158203125,70.90648651123047,72.13740539550781,60.25601577758789,16969321
2019-01-18,72.65267181396484,72.83396911621094,72.01335906982422,72.39503479003906,60.47121810913086,14980741
2019-01-22,72.10877990722656,72.70992279052734,71.90839385986328,72.35687255859375,60.43933868408203,10568766
2019-01-23,72.0896987915039,72.24236297607422,71.3167953491211,71.98473358154297,60.12849044799805,14369233
2019-01-24,71.71755981445312,71.71755981445312,69.06488800048828,69.8187026977539,58.319217681884766,21986621
2019-01-25,70.43893432617188,70.45801544189453,68.8167953491211,69.60877990722656,58.14388656616211,14054099
2019-01-28,69.17938995361328,69.72328186035156,68.75,69.58015441894531,58.11996078491211,13376672
2019-01-29,69.56106567382812,70.30534362792969,69.31298065185547,69.8759536743164,58.36704635620117,11966693
2019-01-30,70.09542083740234,70.42938995361328,69.67557525634766,70.0095443725586,58.47862243652344,13941230
2019-01-31,69.79962158203125,71.39312744140625,69.7614517211914,71.02098846435547,59.3234748840332,16797658
2019-02-01,72.4904556274414,73.94084167480469,71.87976837158203,72.94847106933594,60.93349075317383,15941757
2019-02-04,72.47137451171875,73.36832427978516,72.21373748779297,73.34923553466797,61.268245697021484,11824165
2019-02-05,73.83587646484375,74.79007720947266,73.53053283691406,73.61640930175781,61.491424560546875,12955690
2019-02-06,73.32061004638672,74.1603012084961,73.12023162841797,73.84542083740234,61.6827278137207,8375721
2019-02-07,73.41603088378906,73.59732818603516,72.6240463256836,73.30152893066406,61.22840881347656,9661407
2019-02-08,73.23473358154297,73.9885482788086,73.06298065185547,73.96946716308594,61.78633499145508,9266940
2019-02-11,74.23664093017578,74.27481079101562,72.71946716308594,73.19656372070312,61.14072799682617,13803942
2019-02-12,73.75,75.31488800048828,73.5782470703125,74.92366027832031,62.58335494995117,13676086
2019-02-13,74.96183013916016,75.54389190673828,74.85687255859375,75.40076446533203,62.981876373291016,10980106
2019-02-14,75.50572204589844,75.90648651123047,75.08587646484375,75.32442474365234,62.918128967285156,8577042
2019-02-15,76.0114517211914,76.45992279052734,75.63931274414062,76.15457916259766,63.61153793334961,10886100
2019-02-19,76.135498046875,76.45992279052734,75.45801544189453,75.61068725585938,63.15719985961914,9653547
2019-02-20,75.38167572021484,75.8969497680664,75.20037841796875,75.79198455810547,63.30867385864258,8993517
2019-02-21,75.55343627929688,76.364501953125,75.52481079101562,76.17366027832031,63.62748718261719,7740633
2019-02-22,76.11640930175781,77.15648651123047,76.11640930175781,77.07061004638672,64.37670135498047,8337469
2019-02-25,77.15648651123047,77.28053283691406,76.32633972167969,76.69847106933594,64.06586456298828,9741265
2019-02-26,76.83206176757812,77.385498046875,76.33587646484375,77.04198455810547,64.35279083251953,8927912
2019-02-27,76.85114288330078,77.5667953491211,76.74618530273438,76.92748260498047,64.25714874267578,7852978
2019-02-28,76.84160614013672,78.01526641845703,76.84160614013672,77.5667953491211,64.79116821289062,11588365
2019-03-01,78.01526641845703,78.17748260498047,77.4522933959961,77.9103012084961,65.07807159423828,10624205
2019-03-04,78.27290344238281,78.35877990722656,76.84160614013672,77.64312744140625,64.85491180419922,8522755
2019-03-05,77.74809265136719,78.27290344238281,77.5,77.95801544189453,65.1179428100586,8698190
2019-03-06,77.86259460449219,78.01526641845703,76.62213897705078,77.06106567382812,64.36872863769531,8167169
2019-03-07,77.3187026977539,77.39503479003906,76.3740463256836,76.76526641845703,64.12165832519531,10925505
2019-03-08,76.53626251220703,76.90839385986328,75.42938995361328,76.14503479003906,63.60358810424805,11716326
2019-03-11,76.67938995361328,77.3187026977539,76.40267181396484,77.16603088378906,64.45639038085938,9126613
2019-03-12,77.4522933959961,77.82442474365234,77.08015441894531,77.5095443725586,64.74332427978516,9261281
2019-03-13,77.87213897705078,78.25381469726562,77.47137451171875,77.86259460449219,65.03821563720703,8059749
2019-03-14,77.58587646484375,78.01526641845703,77.22328186035156,77.75763702392578,65.39131927490234,8530406
2019-03-15,77.76717376708984,78.15839385986328,77.09923553466797,77.83396911621094,65.45552062988281,17341046
2019-03-18,77.5477066040039,78.08206176757812,77.21373748779297,77.6240463256836,65.27896881103516,14357914
2019-03-19,77.80534362792969,78.24427795410156,77.25190734863281,78.15839385986328,65.72834014892578,10224393
2019-03-20,78.10114288330078,78.9312973022461,77.65267181396484,78.32061004638672,65.8647689819336,11894590
2019-03-21,78.3396987915039,79.36068725585938,78.10114288330078,79.15076446533203,66.56288146972656,9473291
2019-03-22,79.11259460449219,79.62786102294922,78.26335906982422,78.52098846435547,66.03327178955078,10639191
2019-03-25,78.31106567382812,78.95992279052734,78.16793823242188,78.5782470703125,66.08141326904297,7878654
2019-03-26,78.96946716308594,79.6469497680664,78.78816986083984,79.12213897705078,66.538818359375,9242731
2019-03-27,79.12213897705078,79.25572204589844,78.06298065185547,78.52098846435547,66.03327178955078,10020766
2019-03-28,78.99809265136719,79.1030502319336,78.41603088378906,78.84542083740234,66.30612182617188,7161298
2019-03-29,79.19847106933594,79.48473358154297,78.9217529296875,79.36068725585938,66.73941802978516,10147994
2019-04-01,79.89503479003906,80.0095443725586,79.14122009277344,79.48473358154297,66.84373474121094,8820282
2019-04-02,79.63740539550781,79.885498046875,79.1030502319336,79.39885711669922,66.77153015136719,5875088
2019-04-03,79.45610809326172,79.8282470703125,78.95992279052734,79.37023162841797,66.74744415283203,6550734
2019-04-04,79.20801544189453,79.38931274414062,77.4904556274414,78.10114288330078,65.68018341064453,10257719
2019-04-05,78.21565246582031,78.3969497680664,77.39503479003906,77.4332046508789,65.11849212646484,10324162
2019-04-08,77.25190734863281,77.53816986083984,76.66984558105469,77.24236297607422,64.95800018310547,10586267
2019-04-09,76.87976837158203,77.27098846435547,76.58396911621094,77.09923553466797,64.83763122558594,10785282
2019-04-10,77.15648651123047,77.59542083740234,76.95610809326172,77.11832427978516,64.85369110107422,6894268
2019-04-11,77.22328186035156,77.22328186035156,75.75381469726562,76.1832046508789,64.0672836303711,10410518
2019-04-12,76.34542083740234,76.75572204589844,75.66793823242188,75.79198455810547,63.738285064697266,10164762
2019-04-15,75.67748260498047,75.84923553466797,74.8759536743164,74.9332046508789,63.016082763671875,13822491
2019-04-16,75.60114288330078,75.65839385986328,73.8740463256836,74.00763702392578,62.23768997192383,12531250
2019-04-17,74.05534362792969,74.06488800048828,70.37213897705078,70.53434753417969,59.31679916381836,34181463
2019-04-18,70.114501953125,70.65839385986328,68.9217529296875,69.83778381347656,58.731014251708984,32768445
2019-04-22,69.80915832519531,70.42938995361328,69.40839385986328,70.09542083740234,58.94767761230469,14548441
2019-04-23,70.32442474365234,71.80343627929688,70.03816986083984,71.1832046508789,59.862464904785156,19281523
2019-04-24,71.3072509765625,71.66984558105469,70.59160614013672,71.3072509765625,59.96677017211914,12779102
2019-04-25,71.16412353515625,73.30152893066406,71.04962158203125,72.84351348876953,61.25870895385742,13994154
2019-04-26,73.12976837158203,73.46373748779297,72.60496520996094,73.12023162841797,61.491416931152344,8888193
2019-04-29,73.08206176757812,73.64503479003906,72.97709655761719,73.26335906982422,61.611793518066406,7395317
2019-04-30,74.00763702392578,75.28626251220703,72.51908111572266,75.10496520996094,63.160499572753906,11269039
2019-05-01,75.08587646484375,76.0782470703125,74.83778381347656,75.114501953125,63.168540954589844,15288643
2019-05-02,75.0095443725586,76.17366027832031,75.0095443725586,75.87786102294922,63.810508728027344,11579142
2019-05-03,75.8969497680664,76.46946716308594,75.62023162841797,76.33587646484375,64.19567108154297,7942582
2019-05-06,74.9332046508789,76.135498046875,74.71373748779297,75.8396987915039,63.77840805053711,9906534
2019-05-07,75.27671813964844,75.65839385986328,73.8740463256836,74.33206176757812,62.51054763793945,10523387
2019-05-08,74.74236297607422,75.10496520996094,74.33206176757812,74.59923553466797,62.73522186279297,10567508
2019-05-09,74.12213897705078,74.91412353515625,73.7022933959961,74.74236297607422,62.85557556152344,8105861
2019-05-10,74.50381469726562,74.74236297607422,73.29198455810547,74.60877990722656,62.74325942993164,9027158
2019-05-13,73.30152893066406,73.97901153564453,73.30152893066406,73.635498046875,61.92475128173828,9641705
2019-05-14,74.06488800048828,74.50381469726562,73.8167953491211,73.8740463256836,62.12534713745117,8113826
2019-05-15,73.34923553466797,74.31298065185547,73.28244018554688,73.99809265136719,62.229679107666016,7284543
2019-05-16,74.20801544189453,76.23091888427734,74.16984558105469,75.50572204589844,63.497528076171875,9910831
2019-05-17,74.8187026977539,75.44847106933594,74.28434753417969,75.114501953125,63.168540954589844,8259707
2019-05-20,74.77098846435547,75.63931274414062,74.66603088378906,75.26717376708984,63.29692840576172,8281191
2019-05-21,75.45801544189453,76.0782470703125,74.9332046508789,75.85877990722656,63.794456481933594,10873734
2019-05-22,75.71565246582031,77.4332046508789,75.67748260498047,77.27098846435547,64.98206329345703,13491847
2019-05-23,76.90839385986328,77.47137451171875,76.72709655761719,77.30915832519531,65.01416778564453,9831498
2019-05-24,77.57633972167969,78.18701934814453,77.39503479003906,77.4522933959961,65.13452911376953,6071588
2019-05-28,77.65267181396484,78.18701934814453,76.55534362792969,76.58396911621094,64.40431213378906,13779733
2019-05-29,76.45037841796875,76.68893432617188,75.14312744140625,75.72518920898438,63.682106018066406,11278890
2019-05-30,75.91603088378906,76.16412353515625,75.56298065185547,76.03053283691406,63.938899993896484,7483768
2019-05-31,75.69656372070312,76.2595443725586,75.19084167480469,75.58206176757812,63.56174087524414,7142749
2019-06-03,76.00190734863281,77.21373748779297,75.87786102294922,76.58396911621094,64.40431213378906,9218103
2019-06-04,77.05152893066406,77.60496520996094,76.44084167480469,77.36640930175781,65.06230163574219,9368806
2019-06-05,77.65267181396484,78.50190734863281,77.36640930175781,77.94847106933594,65.55181121826172,9821961
2019-06-06,78.3969497680664,78.66412353515625,77.70037841796875,77.70992279052734,65.3511962890625,11393961
2019-06-07,78.07251739501953,79.08396911621094,78.07251739501953,78.6832046508789,66.16968536376953,8797436
2019-06-10,78.89312744140625,78.89312744140625,77.9103012084961,78.7022933959961,66.18573760986328,7536273
2019-06-11,79.09351348876953,79.5896987915039,78.67366027832031,79.17938995361328,66.58696746826172,7789679
2019-06-12,79.33206176757812,80.4103012084961,79.33206176757812,79.8759536743164,67.17274475097656,11057762
2019-06-13,80.20992279052734,80.32442474365234,78.75,79.1030502319336,66.52276611328125,10194001
2019-06-14,78.9217529296875,79.55152893066406,78.6832046508789,78.9885482788086,66.87010192871094,7989952
2019-06-17,78.91221618652344,79.51335906982422,78.75,79.48473358154297,67.2901840209961,6427279
2019-06-18,79.41793823242188,80.79198455810547,79.41793823242188,80.62023162841797,68.25146484375,11425086
2019-06-19,80.39122009277344,81.64122009277344,80.3530502319336,81.45037841796875,68.9542465209961,9825419
2019-06-20,82.04198455810547,82.53816986083984,80.45801544189453,80.72518920898438,68.34032440185547,12490483
2019-06-21,80.57251739501953,80.88740539550781,79.80915832519531,80.69656372070312,68.31607818603516,15034294
2019-06-24,81.0782470703125,82.0896987915039,80.85877990722656,81.59351348876953,69.07542419433594,7891440
2019-06-25,81.63167572021484,82.30915832519531,80.92557525634766,81.33587646484375,68.8573226928711,9348894
2019-06-26,81.27862548828125,81.2977066040039,79.28434753417969,79.71373748779297,67.48404693603516,12604401
2019-06-27,79.83778381347656,80.81106567382812,79.58015441894531,79.9904556274414,67.71830749511719,11721670
2019-06-28,80.1240463256836,80.59160614013672,79.17938995361328,80.0095443725586,67.73448181152344,46684837
2019-07-01,80.46755981445312,81.04007720947266,80.0477066040039,80.86832427978516,68.46149444580078,10260863
2019-07-02,80.59160614013672,81.59351348876953,80.24809265136719,81.59351348876953,69.07542419433594,10381593
2019-07-03,82.11832427978516,83.08206176757812,82.05152893066406,82.91984558105469,70.19828033447266,6533232
2019-07-05,82.70992279052734,82.82442474365234,81.57442474365234,81.67938995361328,69.14811706542969,8767358
2019-07-08,81.11640930175781,81.58396911621094,79.67557525634766,80.19084167480469,67.88795471191406,13693273
2019-07-09,80.38167572021484,81.3072509765625,80.2385482788086,80.97328186035156,68.55036926269531,8490791
2019-07-10,80.91603088378906,81.21183013916016,80.48664093017578,80.93511199951172,68.51802825927734,5996132
2019-07-11,79.67557525634766,79.83778381347656,76.1259536743164,77.29007720947266,65.43222045898438,22146126
2019-07-12,77.1469497680664,77.19465637207031,75.02862548828125,76.0782470703125,64.40630340576172,18910636
2019-07-15,76.90839385986328,77.5477066040039,76.45037841796875,77.25190734863281,65.39991760253906,10922570
2019-07-16,77.59542083740234,78.03434753417969,77.18511199951172,77.8530502319336,65.90882873535156,8448662
2019-07-17,78.20610809326172,78.5687026977539,77.84351348876953,78.16793823242188,66.1754150390625,9848999
2019-07-18,78.635498046875,79.1603012084961,77.86259460449219,78.90267181396484,66.79742431640625,8472661
2019-07-19,78.91221618652344,79.02671813964844,77.4332046508789,77.66221618652344,65.74727630615234,12053782
2019-07-22,77.93893432617188,78.07251739501953,77.33778381347656,77.4904556274414,65.60186767578125,7261697
2019-07-23,77.74809265136719,78.65457916259766,77.18511199951172,78.27290344238281,66.26427459716797,7420469
2019-07-24,78.24427795410156,78.54007720947266,77.40457916259766,78.00572204589844,66.0380630493164,7720197
2019-07-25,77.71946716308594,79.25572204589844,77.33778381347656,78.00572204589844,66.0380630493164,9670106
2019-07-26,77.84351348876953,77.89122009277344,77.2042007446289,77.70037841796875,65.77957153320312,7638977
2019-07-29,78.3396987915039,79.00763702392578,77.87213897705078,78.71183013916016,66.63584899902344,11123682
2019-07-30,80.14312744140625,81.26908111572266,79.02671813964844,79.45610809326172,67.26596069335938,14286965
2019-07-31,79.1030502319336,80.77290344238281,79.0457992553711,79.18893432617188,67.03976440429688,12443428
2019-08-01,79.25572204589844,80.62976837158203,78.85496520996094,79.85687255859375,67.605224609375,10550006
2019-08-02,80.03816986083984,80.88740539550781,79.72328186035156,80.60114288330078,68.23530578613281,10913767
2019-08-05,80.0095443725586,80.47709655761719,78.3969497680664,79.31298065185547,67.144775390625,11885578
2019-08-06,79.31298065185547,80.61068725585938,79.29389190673828,80.48664093017578,68.13836669921875,11025274
2019-08-07,80.3530502319336,80.81106567382812,79.00763702392578,80.39122009277344,68.05760192871094,11509660
2019-08-08,80.86832427978516,81.15457916259766,80.45801544189453,80.84923553466797,68.44534301757812,8699762
2019-08-09,81.2022933959961,82.16603088378906,80.83015441894531,81.6030502319336,69.08349609375,8968260
2019-08-12,81.32633972167969,81.99427795410156,80.64885711669922,81.1259536743164,68.67960357666016,8761909
2019-08-13,81.5457992553711,82.81488800048828,81.5457992553711,82.13740539550781,69.5358657836914,8413658
2019-08-14,81.45992279052734,81.90839385986328,79.53244018554688,79.58015441894531,67.37096405029297,11411148
2019-08-15,79.69465637207031,80.0095443725586,79.09351348876953,79.63740539550781,67.41943359375,9543612
2019-08-16,80.58206176757812,81.45037841796875,80.2957992553711,81.16412353515625,68.71190643310547,9156271
2019-08-19,81.66984558105469,82.5667953491211,81.53626251220703,82.24236297607422,69.62474060058594,7655221
2019-08-20,82.07061004638672,82.75763702392578,81.6603012084961,81.72709655761719,69.18852996826172,6176598
2019-08-21,82.33778381347656,83.25381469726562,82.18511199951172,82.92938995361328,70.20635223388672,6486072
2019-08-22,82.77671813964844,83.20610809326172,82.29962158203125,82.74809265136719,70.05286407470703,6588776
2019-08-23,82.27098846435547,82.95801544189453,80.61068725585938,81.04962158203125,68.614990234375,10608694
2019-08-26,81.46946716308594,81.96565246582031,81.1832046508789,81.94656372070312,69.37431335449219,6041825
2019-08-27,82.46183013916016,82.93893432617188,81.53626251220703,81.6030502319336,69.08349609375,6527049
2019-08-28,81.35496520996094,82.60496520996094,81.14503479003906,82.51908111572266,69.85897827148438,6159934
2019-08-29,83.08206176757812,83.34923553466797,82.23282623291016,82.74809265136719,70.05286407470703,6321012
2019-08-30,83.12976837158203,83.22518920898438,82.22328186035156,82.5095443725586,69.85093688964844,6795127
2019-09-03,82.29007720947266,83.02481079101562,82.09923553466797,82.6812973022461,69.99633026123047,6695882
2019-09-04,83.14885711669922,83.17748260498047,81.50763702392578,82.10877990722656,69.51165008544922,7868070
2019-09-05,82.6717529296875,82.69084167480469,81.58396911621094,82.15648651123047,69.55200958251953,7524954
2019-09-06,82.57633972167969,82.94847106933594,82.35687255859375,82.60496520996094,69.93170166015625,7047695
2019-09-09,82.53816986083984,82.5572509765625,79.12213897705078,79.6469497680664,67.42749786376953,12040786
2019-09-10,78.61640930175781,78.61640930175781,75.2385482788086,77.94847106933594,65.9896240234375,18087432
2019-09-11,78.11068725585938,79.30343627929688,77.88167572021484,79.12213897705078,66.98320770263672,10602197
2019-09-12,79.65648651123047,80.22901153564453,78.99809265136719,79.49427795410156,67.29824829101562,8416698
2019-09-13,79.16984558105469,79.74236297607422,78.35877990722656,78.82633972167969,67.17626190185547,7521496
2019-09-16,78.67366027832031,78.67366027832031,77.94847106933594,78.27290344238281,66.70465087890625,6191270
2019-09-17,78.36832427978516,79.67557525634766,78.36832427978516,78.73091888427734,67.09497833251953,7375405
2019-09-18,78.88359069824219,79.46565246582031,78.60687255859375,79.21755981445312,67.50970458984375,6943734
2019-09-19,79.21755981445312,80.43893432617188,79.08396911621094,80.1240463256836,68.28218078613281,6922774
2019-09-20,80.85877990722656,81.93701934814453,80.45801544189453,81.2595443725586,69.2498779296875,23631247
2019-09-23,81.02098846435547,81.3167953491211,80.47709655761719,80.49618530273438,68.5993423461914,8909572
2019-09-24,80.67748260498047,80.99236297607422,79.57061004638672,79.77098846435547,67.98133087158203,9377085
2019-09-25,79.6469497680664,80.1812973022461,79.15076446533203,79.29389190673828,67.57473754882812,7290936
2019-09-26,79.79007720947266,80.2385482788086,79.23664093017578,80.03816986083984,68.2090072631836,8104918
2019-09-27,80.03816986083984,80.14312744140625,78.7977066040039,79.11259460449219,67.42021942138672,7827093
2019-09-30,79.39885711669922,81.2022933959961,79.39885711669922,80.32442474365234,68.45295715332031,9806974
2019-10-01,80.32442474365234,80.72518920898438,79.71373748779297,79.78053283691406,67.98944854736328,7050001
2019-10-02,79.26526641845703,79.39885711669922,76.85114288330078,77.88167572021484,66.3712387084961,8762433
2019-10-03,78.17748260498047,79.08396911621094,77.89122009277344,78.95037841796875,67.281982421875,5790095
2019-10-04,79.59923553466797,81.22137451171875,79.35114288330078,81.10687255859375,69.1197738647461,7504518
2019-10-07,81.135498046875,81.21183013916016,80.10496520996094,80.52481079101562,68.62374114990234,5086154
2019-10-08,79.9522933959961,80.54389190673828,79.27481079101562,79.47518920898438,67.72924041748047,6416694
2019-10-09,80.31488800048828,80.62023162841797,79.7042007446289,80.32442474365234,68.45295715332031,4660875
2019-10-10,80.28626251220703,80.96373748779297,79.7614517211914,79.92366027832031,68.1114273071289,8580290
2019-10-11,80.43893432617188,81.52671813964844,80.40076446533203,80.47709655761719,68.58308410644531,6229626
2019-10-14,80.50572204589844,81.21183013916016,80.42938995361328,80.81106567382812,68.86767578125,5513214
2019-10-15,81.0114517211914,81.2022933959961,80.71565246582031,81.14503479003906,69.15229797363281,5205102
2019-10-16,81.16412353515625,81.1927490234375,80.55343627929688,80.58206176757812,68.67251586914062,5686134
2019-10-17,80.55343627929688,80.77290344238281,79.90457916259766,79.96183013916016,68.1439437866211,7178486
2019-10-18,79.8759536743164,81.02098846435547,79.8282470703125,80.80152893066406,68.85955810546875,7883056
2019-10-21,81.0782470703125,81.16412353515625,80.22901153564453,80.64885711669922,68.72944641113281,5352136
2019-10-22,78.24427795410156,78.89312744140625,76.57442474365234,77.57633972167969,66.11102294921875,18629038
2019-10-23,77.5667953491211,79.07442474365234,77.4427490234375,79.07442474365234,67.38770294189453,8511961
2019-10-24,79.30343627929688,79.80915832519531,78.28244018554688,78.7977066040039,67.15188598632812,5232769
2019-10-25,78.50190734863281,79.05534362792969,78.27290344238281,78.49236297607422,66.89166259765625,7868384
2019-10-28,78.94084167480469,79.6469497680664,76.6603012084961,78.43511199951172,66.8428955078125,15557665
2019-10-29,80.20037841796875,81.84160614013672,78.91221618652344,81.2022933959961,69.20108032226562,17371019
2019-10-30,81.10687255859375,82.52862548828125,80.45801544189453,82.27098846435547,70.1118392944336,10026845
2019-10-31,82.15648651123047,83.00572204589844,81.59351348876953,82.69084167480469,70.46964263916016,12419429
2019-11-01,83.08206176757812,83.24427795410156,80.90648651123047,81.04962158203125,69.07099151611328,9281298
2019-11-04,81.66984558105469,81.77481079101562,80.03816986083984,80.0572509765625,68.22525787353516,8947195
2019-11-05,79.83778381347656,79.91412353515625,78.94084167480469,79.12213897705078,67.42837524414062,9937974
2019-11-06,79.73282623291016,80.114501953125,79.32251739501953,79.43701934814453,67.69670104980469,9735606
2019-11-07,79.41793823242188,80.14312744140625,78.88359069824219,79.08396911621094,67.39584350585938,9251325
2019-11-08,79.11259460449219,79.8759536743164,78.9217529296875,79.7614517211914,67.97319793701172,6653123
2019-11-11,79.35114288330078,79.80915832519531,79.1603012084961,79.46565246582031,67.72113037109375,3725221
2019-11-12,79.75190734863281,80.93511199951172,79.75190734863281,80.26717376708984,68.40416717529297,8616656
2019-11-13,80.67748260498047,81.21183013916016,80.25763702392578,80.93511199951172,68.97338104248047,6516883
2019-11-14,81.03053283691406,81.27862548828125,79.86640930175781,80.67748260498047,68.75383758544922,7911247
2019-11-15,80.81106567382812,81.67938995361328,80.76335906982422,81.0114517211914,69.03843688964844,9675870
2019-11-18,80.78244018554688,80.93511199951172,80.0095443725586,80.27671813964844,68.41230773925781,10701757
2019-11-19,80.53434753417969,81.05915832519531,80.1240463256836,80.77290344238281,68.83515930175781,9691380
2019-11-20,80.65839385986328,81.56488800048828,80.58206176757812,81.364501953125,69.33932495117188,8160147
2019-11-21,81.77481079101562,81.84160614013672,80.4103012084961,81.5457992553711,69.49380493164062,7195568
2019-11-22,81.72709655761719,82.40457916259766,81.41221618652344,81.53626251220703,69.48567962646484,7800159
2019-11-25,82.09923553466797,82.6240463256836,81.4312973022461,81.77481079101562,69.68899536132812,9021289
2019-11-26,82.06106567382812,83.43511199951172,81.97518920898438,83.3396987915039,71.02259826660156,19233420
2019-11-27,83.3969497680664,83.84542083740234,83.00572204589844,83.59732818603516,71.24215698242188,6037318
2019-11-29,83.17748260498047,83.75,83.04389190673828,83.18701934814453,70.8924789428711,4880222
2019-12-02,83.53053283691406,83.95992279052734,82.58587646484375,83.05343627929688,70.77862548828125,5597997
2019-12-03,82.70992279052734,83.46373748779297,82.53816986083984,83.37786102294922,71.05512237548828,7466162
2019-12-04,83.52098846435547,84.66603088378906,83.18701934814453,84.60877990722656,72.1041030883789,7293766
2019-12-05,84.66603088378906,84.72328186035156,83.94084167480469,84.68511199951172,72.1691665649414,8267462
2019-12-06,84.92366027832031,85.15267181396484,84.68511199951172,84.78053283691406,72.25048828125,7245872
2019-12-09,84.8282470703125,84.92366027832031,84.1603012084961,84.65648651123047,72.14476776123047,8054823
2019-12-10,84.54198455810547,85.42938995361328,84.45610809326172,85.01908111572266,72.45378112792969,8663711
2019-12-11,85.0572509765625,85.39122009277344,84.78053283691406,84.90457916259766,72.35618591308594,6821746
2019-12-12,84.96183013916016,85.8396987915039,84.83778381347656,85.46755981445312,72.83597564697266,6863876
2019-12-13,85.114501953125,85.48664093017578,84.38931274414062,85.10496520996094,73.02429962158203,7571800
2019-12-16,85.54389190673828,85.87786102294922,85.09542083740234,85.20037841796875,73.10615539550781,10355183
2019-12-17,85.2385482788086,85.3530502319336,84.46565246582031,84.9427490234375,72.88509368896484,11690545
2019-12-18,85.25763702392578,85.87786102294922,85.0477066040039,85.51526641845703,73.37635040283203,11578199
2019-12-19,85.77290344238281,85.96373748779297,85.39122009277344,85.86832427978516,73.67926788330078,7602716
2019-12-20,87.27098846435547,88.3969497680664,86.67938995361328,87.385498046875,74.9811019897461,17849641
2019-12-23,87.6240463256836,87.80534362792969,87.25190734863281,87.53816986083984,75.1120834350586,7895946
2019-12-24,87.4427490234375,87.52862548828125,86.89885711669922,87.25190734863281,74.86647033691406,2343223
2019-12-26,87.40457916259766,87.51908111572266,86.89885711669922,87.15648651123047,74.78459167480469,3062675
2019-12-27,87.48091888427734,87.5,87.0896987915039,87.30915832519531,74.91559600830078,3758966
2019-12-30,87.33778381347656,87.4904556274414,86.57442474365234,86.86068725585938,74.5307846069336,3932934
2019-12-31,86.75572204589844,86.82251739501953,86.2977066040039,86.78434753417969,74.46527099609375,4710760
2020-01-02,86.90839385986328,87.91984558105469,86.23091888427734,87.82442474365234,75.35771179199219,8251428
2020-01-03,86.52671813964844,87.8530502319336,86.364501953125,87.07061004638672,74.71089935302734,5903698
2020-01-06,87.05152893066406,87.53816986083984,86.82251739501953,87.4427490234375,75.03022003173828,7522963
2020-01-07,86.64122009277344,86.94656372070312,85.03816986083984,85.114501953125,73.032470703125,11132275
2020-01-08,85.0095443725586,85.40076446533203,84.36068725585938,84.54198455810547,72.5412368774414,15200506
2020-01-09,84.8759536743164,85.92557525634766,84.71373748779297,85.28626251220703,73.1798324584961,9714750
2020-01-10,85.61068725585938,85.98282623291016,85.3530502319336,85.42938995361328,73.30265808105469,5945304
2020-01-13,85.41984558105469,85.52481079101562,84.9427490234375,85.4103012084961,73.28627014160156,10261492
2020-01-14,85.1812973022461,85.81106567382812,84.79962158203125,85.81106567382812,73.63015747070312,8625669
2020-01-15,85.97328186035156,87.41412353515625,85.96373748779297,87.34732818603516,74.94834899902344,9614038
2020-01-16,87.65267181396484,87.84351348876953,86.87976837158203,87.00381469726562,74.65359497070312,7252474
2020-01-17,87.09923553466797,87.4332046508789,86.69847106933594,86.80343627929688,74.48163604736328,10131226
2020-01-21,86.56488800048828,86.80343627929688,85.60114288330078,85.84923553466797,73.66291809082031,10022129
2020-01-22,86.04007720947266,86.3167953491211,85.51526641845703,85.54389190673828,73.4009017944336,7800474
2020-01-23,85.55343627929688,85.55343627929688,84.21755981445312,84.50381469726562,72.50847625732422,13198093
2020-01-24,84.57061004638672,84.7614517211914,81.6603012084961,82.04198455810547,70.3960952758789,14954960
2020-01-27,81.2022933959961,82.5477066040039,80.83015441894531,82.15648651123047,70.49433898925781,10847534
2020-01-28,82.48091888427734,82.7385482788086,81.96565246582031,82.29962158203125,70.61715698242188,9496347
2020-01-29,82.63359069824219,84.12213897705078,82.47137451171875,83.24427795410156,71.4277114868164,8511227
2020-01-30,82.96755981445312,83.13931274414062,82.25190734863281,82.53816986083984,70.82183074951172,11016471
2020-01-31,82.42366027832031,82.70037841796875,81.10687255859375,81.52671813964844,69.9539566040039,9621583
2020-02-03,82.09923553466797,84.17938995361328,82.09923553466797,83.3396987915039,71.50959014892578,9729318
2020-02-04,84.37976837158203,85.114501953125,84.02671813964844,84.31298065185547,72.34471130371094,15091305
2020-02-05,80.80152893066406,82.76717376708984,80.15267181396484,81.89885711669922,70.27328491210938,29290133
2020-02-06,82.08015441894531,82.28053283691406,81.35496520996094,81.75572204589844,70.15047454833984,16110170
2020-02-07,81.95610809326172,82.00381469726562,80.94465637207031,81.1832046508789,69.65921783447266,11419427
2020-02-10,81.1832046508789,82.04198455810547,81.04962158203125,81.73664093017578,70.13410949707031,10590983
2020-02-11,81.92748260498047,82.06106567382812,81.05915832519531,81.34542083740234,69.79840087890625,10252689
2020-02-12,81.14503479003906,81.32633972167969,79.1030502319336,79.43701934814453,68.16090393066406,19630926
2020-02-13,79.13167572021484,79.13167572021484,77.71946716308594,78.21565246582031,67.11290740966797,19388734
2020-02-14,78.46373748779297,79.00763702392578,77.92938995361328,78.864501953125,67.66964721679688,8743464
2020-02-18,79.08396911621094,79.30343627929688,78.49236297607422,78.6832046508789,67.51409912109375,10017308
2020-02-19,79.27481079101562,79.30343627929688,77.83396911621094,78.24427795410156,67.1374740600586,11740220
2020-02-20,78.4542007446289,79.03626251220703,77.97709655761719,78.71183013916016,67.53866577148438,10941330
2020-02-21,78.42557525634766,78.84542083740234,77.96755981445312,78.5687026977539,67.41584777832031,9295970
2020-02-24,76.91793823242188,78.8072509765625,76.87976837158203,77.60496520996094,66.58889770507812,13734145
2020-02-25,77.7957992553711,78.18701934814453,76.1927490234375,76.59351348876953,65.72103881835938,13171683
2020-02-26,76.96565246582031,77.89122009277344,76.11640930175781,76.27862548828125,65.4508285522461,11940283
2020-02-27,77.01335906982422,78.00572204589844,74.42748260498047,74.50381469726562,63.9279670715332,15734253
2020-02-28,73.16793823242188,73.94084167480469,70.78244018554688,73.05343627929688,62.68348693847656,29246117
2020-03-02,73.59732818603516,77.81488800048828,73.54962158203125,77.64312744140625,66.62165069580078,18840525
2020-03-03,77.6717529296875,78.6259536743164,74.34160614013672,75.50572204589844,64.78764343261719,17394599
2020-03-04,77.76717376708984,79.26526641845703,76.22137451171875,79.16984558105469,67.931640625,20224199
2020-03-05,77.7957992553711,78.97901153564453,77.23282623291016,77.84351348876953,66.79358673095703,15017840
2020-03-06,76.3072509765625,78.83587646484375,75.79198455810547,78.43511199951172,67.30123138427734,14208574
2020-03-09,74.42748260498047,77.02290344238281,73.46373748779297,75.34351348876953,64.64846801757812,18942810
2020-03-10,76.79389190673828,78.41603088378906,73.95037841796875,78.26335906982422,67.15385437011719,17527486
2020-03-11,76.17366027832031,76.4885482788086,74.45610809326172,75.62023162841797,64.88591766357422,14274179
2020-03-12,70.99236297607422,74.48473358154297,69.90457916259766,71.04007720947266,60.95591354370117,22664782
2020-03-13,72.72901153564453,73.6927490234375,68.95037841796875,73.23473358154297,63.3581657409668,25857094
2020-03-16,67.52862548828125,72.60496520996094,64.0457992553711,66.71755981445312,57.71990203857422,20808354
2020-03-17,68.36832427978516,72.58587646484375,68.11068725585938,71.0687026977539,61.4842529296875,24745795
2020-03-18,68.17748260498047,71.2404556274414,65.67748260498047,68.34923553466797,59.13153076171875,18558508
2020-03-19,68.08206176757812,69.52290344238281,65.75381469726562,67.4904556274414,58.38856887817383,19268738
2020-03-20,66.364501953125,69.17938995361328,65.36259460449219,68.09160614013672,58.90863800048828,23075912
2020-03-23,67.05152893066406,68.33015441894531,62.261451721191406,63.35877990722656,54.814090728759766,18375003
2020-03-24,65.83015441894531,66.55534362792969,64.11259460449219,65.88740539550781,57.00170135498047,19901939
2020-03-25,65.27671813964844,67.15648651123047,63.6927490234375,65.09542083740234,56.3165283203125,18311494
2020-03-26,65.01908111572266,70.78244018554688,64.98091888427734,70.16221618652344,60.700008392333984,18052848
2020-03-27,68.5114517211914,70.0667953491211,67.98664093017578,68.44465637207031,59.21406555175781,12467218
2020-03-30,70.24809265136719,74.03626251220703,69.54198455810547,73.42557525634766,63.523258209228516,15803316
2020-03-31,72.75763702392578,74.0457992553711,72.06106567382812,73.41603088378906,63.51499938964844,15079672
2020-04-01,71.2404556274414,72.01335906982422,69.6469497680664,70.41984558105469,60.92288589477539,11665288
2020-04-02,72.5,73.58778381347656,70.63931274414062,73.34923553466797,63.45722198486328,12843345
2020-04-03,72.78626251220703,73.89312744140625,71.87023162841797,72.75763702392578,62.94540023803711,10039211
2020-04-06,74.74236297607422,77.1469497680664,74.33206176757812,76.63167572021484,66.2969741821289,14314108
2020-04-07,77.93893432617188,78.21565246582031,74.80915832519531,74.96183013916016,64.85232543945312,10657950
2020-04-08,75.55343627929688,79.19847106933594,74.75190734863281,77.88167572021484,67.37840270996094,11481888
2020-04-09,77.4522933959961,79.47518920898438,76.50763702392578,78.71183013916016,68.09659576416016,13876568
2020-04-13,78.07251739501953,78.6927490234375,76.17366027832031,76.85114288330078,66.48684692382812,7706678
2020-04-14,78.55915832519531,79.38931274414062,77.03244018554688,79.0457992553711,68.38554382324219,12155333
2020-04-15,77.5095443725586,79.1603012084961,76.87023162841797,78.31106567382812,67.74988555908203,10809072
2020-04-16,78.864501953125,79.51335906982422,78.49236297607422,79.19847106933594,68.51760864257812,9145058
2020-04-17,80.10496520996094,80.30534362792969,78.66412353515625,79.63740539550781,68.89735412597656,15433162
2020-04-20,79.02671813964844,80.27671813964844,77.06106567382812,79.29389190673828,68.60017395019531,11675768
2020-04-21,77.88167572021484,78.53053283691406,74.62786102294922,74.96183013916016,64.85232543945312,17876574
2020-04-22,75.57251739501953,76.95610809326172,75.21946716308594,76.3167953491211,66.02455139160156,11933890
2020-04-23,76.51717376708984,78.12976837158203,76.49809265136719,77.17557525634766,66.76754760742188,8152497
2020-04-24,77.86259460449219,78.3396987915039,77.30915832519531,77.70037841796875,67.22154998779297,7686451
2020-04-27,77.5095443725586,80.79198455810547,77.12786102294922,80.13359069824219,69.32661437988281,12786753
2020-04-28,77.46183013916016,78.46373748779297,76.49809265136719,77.46183013916016,67.01518249511719,20273560
2020-04-29,78.42557525634766,78.42557525634766,75.4103012084961,77.07061004638672,66.67672729492188,13687194
2020-04-30,76.16412353515625,76.71755981445312,75.51526641845703,75.70610809326172,65.4962387084961,11638878
2020-05-01,75.24809265136719,75.24809265136719,73.40648651123047,74.11259460449219,64.11761474609375,9518565
2020-05-04,74.44656372070312,74.45610809326172,72.72901153564453,73.3396987915039,63.448970794677734,8850255
2020-05-05,73.71183013916016,75.19084167480469,73.25381469726562,74.43701934814453,64.39830017089844,7401395
2020-05-06,74.7614517211914,75.03816986083984,73.54962158203125,73.58778381347656,63.663597106933594,12414922
2020-05-07,73.47328186035156,73.58778381347656,71.97518920898438,72.13740539550781,62.408817291259766,12602410
2020-05-08,72.99618530273438,73.43511199951172,72.4904556274414,72.90076446533203,63.069236755371094,8791672
2020-05-11,72.5477066040039,74.49427795410156,72.4427490234375,74.34160614013672,64.31575775146484,10622528
2020-05-12,74.57061004638672,75.09542083740234,73.58778381347656,73.65457916259766,63.72138977050781,9544660
2020-05-13,73.14885711669922,75.19084167480469,73.07251739501953,74.32251739501953,64.29924774169922,10935146
2020-05-14,73.7404556274414,76.45992279052734,73.72137451171875,76.38359069824219,66.08233642578125,11407585
2020-05-15,76.44084167480469,76.86068725585938,75.21946716308594,76.1259536743164,65.8594741821289,9367234
2020-05-18,77.29007720947266,77.29007720947266,75.60114288330078,76.0687026977539,65.8099365234375,12552630
2020-05-19,75.83015441894531,76.0782470703125,73.8072509765625,73.99809265136719,64.01856231689453,10591822
2020-05-20,74.45610809326172,74.65648651123047,73.16793823242188,73.36832427978516,63.473731994628906,11027685
2020-05-21,73.24427795410156,73.50190734863281,72.77671813964844,73.04389190673828,63.19306945800781,9000329
2020-05-22,72.6812973022461,73.14885711669922,72.58587646484375,72.87213897705078,63.044464111328125,6357482
2020-05-26,74.67557525634766,75.0,73.38740539550781,73.72137451171875,63.77915573120117,19146017
2020-05-27,73.47328186035156,74.08396911621094,72.51908111572266,73.99809265136719,64.01856231689453,12828987
2020-05-28,75.0,76.61259460449219,74.91412353515625,75.41984558105469,65.24857330322266,13180906
2020-05-29,75.82061004638672,77.23282623291016,74.72328186035156,77.02290344238281,66.63545227050781,13517104
2020-06-01,76.50763702392578,76.77481079101562,75.50572204589844,75.91603088378906,65.67784118652344,6269241
2020-06-02,75.8969497680664,77.15648651123047,75.21946716308594,77.13740539550781,66.73451232910156,11352984
2020-06-03,77.29007720947266,78.5782470703125,77.15648651123047,78.30152893066406,67.74163818359375,13675457
2020-06-04,77.5477066040039,78.3969497680664,77.13740539550781,77.81488800048828,67.32061767578125,9292930
2020-06-05,78.34923553466797,79.32251739501953,77.75763702392578,78.49236297607422,67.90672302246094,10413347
2020-06-08,77.4332046508789,79.38931274414062,77.4332046508789,79.1030502319336,68.43507385253906,9956838
2020-06-09,79.37976837158203,79.68511199951172,78.35877990722656,78.49236297607422,67.90672302246094,8846168
2020-06-10,78.66412353515625,78.9885482788086,77.28053283691406,78.02481079101562,67.50223541259766,9080920
2020-06-11,77.10877990722656,77.91984558105469,73.8072509765625,73.8072509765625,63.853450775146484,14303838
2020-06-12,74.32251739501953,74.36068725585938,72.01335906982422,72.80534362792969,63.48733901977539,17000656
2020-06-15,71.47901153564453,71.91793823242188,70.20037841796875,70.62976837158203,61.59021759033203,17684162
2020-06-16,71.92748260498047,73.864501953125,71.40267181396484,73.44465637207031,64.04484558105469,21437050
2020-06-17,73.8167953491211,73.90267181396484,72.16603088378906,72.7957992553711,63.479026794433594,13983045
2020-06-18,72.16603088378906,72.78626251220703,71.90839385986328,72.72901153564453,63.42079162597656,7750903
2020-06-19,73.59732818603516,74.40839385986328,72.33778381347656,74.33206176757812,64.81868743896484,17691393
2020-06-22,73.82633972167969,74.07442474365234,72.92938995361328,73.23473358154297,63.861793518066406,7474231
2020-06-23,73.95037841796875,75.01908111572266,73.36832427978516,73.58778381347656,64.1696548461914,11428650
2020-06-24,73.21565246582031,73.36832427978516,71.99427795410156,72.39503479003906,63.12956237792969,8084901
2020-06-25,72.18511199951172,73.43511199951172,71.86068725585938,73.06298065185547,63.7120246887207,7583328
2020-06-26,72.8530502319336,73.21565246582031,71.56488800048828,71.74618530273438,62.56374740600586,12328882
2020-06-29,72.42366027832031,73.00572204589844,72.06106567382812,72.63359069824219,63.33757781982422,7230990
2020-06-30,73.23473358154297,74.1030502319336,72.70992279052734,73.78816986083984,64.3443832397461,9940804
2020-07-01,73.88359069824219,75.32442474365234,73.58778381347656,74.54198455810547,65.00174713134766,9948769
2020-07-02,74.97137451171875,75.67748260498047,74.63740539550781,75.1717529296875,65.55088806152344,6827825
2020-07-06,75.61068725585938,76.35496520996094,75.28626251220703,75.93511199951172,66.21656799316406,8058282
2020-07-07,75.38167572021484,76.03053283691406,74.9904556274414,75.114501953125,65.50096893310547,6956414
2020-07-08,75.02862548828125,75.34351348876953,73.9312973022461,74.35114288330078,64.83531951904297,8211394
2020-07-09,74.37023162841797,74.7614517211914,72.5572509765625,73.17748260498047,63.81185531616211,7966058
2020-07-10,73.23473358154297,73.8072509765625,72.90076446533203,73.21565246582031,63.84515380859375,5161400
2020-07-13,73.47328186035156,74.98091888427734,73.21565246582031,73.8072509765625,64.36101531982422,8114245
2020-07-14,73.9885482788086,75.0095443725586,73.8167953491211,74.66603088378906,65.10989379882812,8397100
2020-07-15,75.61068725585938,76.3072509765625,75.22901153564453,75.80152893066406,66.10008239746094,7709717
2020-07-16,76.1259536743164,76.15457916259766,75.14312744140625,75.76335906982422,66.0667953491211,5850774
2020-07-17,76.0687026977539,76.57442474365234,75.67748260498047,76.21183013916016,66.45785522460938,8191378
2020-07-20,76.21183013916016,76.52671813964844,75.44847106933594,75.77290344238281,66.07511138916016,5434194
2020-07-21,76.0687026977539,76.45037841796875,75.1812973022461,75.27671813964844,65.64242553710938,8967526
2020-07-22,75.68701934814453,76.10687255859375,74.44656372070312,75.1717529296875,65.55088806152344,12362103
2020-07-23,75.52481079101562,75.57251739501953,73.95992279052734,74.48473358154297,64.9518051147461,11558916
2020-07-24,74.28434753417969,74.41793823242188,72.86259460449219,73.5687026977539,64.15301513671875,9068763
2020-07-27,72.9103012084961,75.51526641845703,72.81488800048828,75.31488800048828,65.67570495605469,10958307
2020-07-28,75.56298065185547,76.53626251220703,75.3530502319336,76.04007720947266,66.30809783935547,8494564
2020-07-29,75.62023162841797,76.08778381347656,75.13359069824219,75.71565246582031,66.02519226074219,6398040
2020-07-30,75.1240463256836,75.64885711669922,74.07442474365234,75.37213897705078,65.72563171386719,7152600
2020-07-31,77.18511199951172,77.93893432617188,75.52481079101562,76.56488800048828,66.76573181152344,12291154
2020-08-03,78.38740539550781,79.96183013916016,78.11068725585938,78.7595443725586,68.67950439453125,10601463
2020-08-04,78.76908111572266,78.76908111572266,77.35687255859375,77.92938995361328,67.95559692382812,7218729
2020-08-05,78.31106567382812,78.6927490234375,77.4332046508789,77.90076446533203,67.93063354492188,6492465
2020-08-06,77.72901153564453,78.61640930175781,76.88931274414062,77.33778381347656,67.43971252441406,7256562
2020-08-07,77.0896987915039,77.30915832519531,76.364501953125,77.30915832519531,67.41474914550781,6977584
2020-08-10,77.29962158203125,77.4904556274414,76.62213897705078,77.2042007446289,67.32323455810547,5782445
2020-08-11,78.00572204589844,78.12023162841797,76.93701934814453,77.2042007446289,67.32323455810547,7636671
2020-08-12,77.64312744140625,79.11259460449219,77.614501953125,78.89312744140625,68.7959976196289,7295652
2020-08-13,78.36832427978516,79.79962158203125,78.25381469726562,79.71373748779297,69.51156616210938,7455262
2020-08-14,79.56106567382812,80.56298065185547,79.36068725585938,79.65648651123047,69.46166229248047,7390496
2020-08-17,80.41984558105469,81.27862548828125,80.16221618652344,80.87786102294922,70.52671813964844,8764319
2020-08-18,81.00190734863281,81.11640930175781,79.9332046508789,80.68701934814453,70.36029815673828,6551572
2020-08-19,80.68701934814453,81.78434753417969,80.68701934814453,81.135498046875,70.75135803222656,6896050
2020-08-20,80.91603088378906,81.40267181396484,80.52481079101562,81.135498046875,70.75135803222656,6380434
2020-08-21,81.2022933959961,81.27862548828125,80.26717376708984,81.08778381347656,70.70977020263672,6890495
2020-08-24,81.2977066040039,81.55534362792969,80.61068725585938,81.50763702392578,71.07587432861328,7582280
2020-08-25,81.97518920898438,82.33778381347656,81.2977066040039,81.75572204589844,71.29222106933594,10245982
2020-08-26,81.40267181396484,81.75572204589844,80.78244018554688,81.62213897705078,71.17574310302734,7844175
2020-08-27,81.53626251220703,82.21373748779297,81.1832046508789,81.88931274414062,71.40872192382812,6464902
2020-08-28,81.94656372070312,81.94656372070312,81.02098846435547,81.72709655761719,71.26725006103516,6134049
2020-08-31,81.67938995361328,81.99427795410156,81.2404556274414,81.364501953125,70.95105743408203,7929273
2020-09-01,81.44084167480469,81.87023162841797,80.07633972167969,80.56298065185547,70.25212860107422,6797433
2020-09-02,80.61068725585938,83.21565246582031,80.4103012084961,82.94847106933594,72.33232116699219,11571597
2020-09-03,83.67366027832031,83.77862548828125,81.04962158203125,81.57442474365234,71.1341323852539,12983672
2020-09-04,81.63167572021484,82.9103012084961,80.39122009277344,81.33587646484375,70.92610931396484,9359688
2020-09-08,82.00381469726562,82.00381469726562,79.19847106933594,79.51335906982422,69.33685302734375,9095592
2020-09-09,79.9332046508789,81.88931274414062,79.8282470703125,80.99236297607422,70.62654113769531,8862307
2020-09-10,80.84923553466797,80.99236297607422,79.46565246582031,79.74236297607422,69.53654479980469,6907578
2020-09-11,80.0,80.99236297607422,79.9427490234375,80.61068725585938,70.2937240600586,7171254
2020-09-14,80.34351348876953,81.2022933959961,79.89503479003906,80.30534362792969,70.53680419921875,8575994
2020-09-15,80.84923553466797,81.26908111572266,79.8187026977539,80.3530502319336,70.57869720458984,10826678
2020-09-16,80.62976837158203,82.15648651123047,80.62976837158203,81.65076446533203,71.71853637695312,10380230
2020-09-17,81.46946716308594,81.84160614013672,80.58206176757812,81.71755981445312,71.77720642089844,8090455
2020-09-18,81.65076446533203,82.34732818603516,81.04962158203125,81.87976837158203,71.919677734375,12308446
2020-09-21,81.03053283691406,81.4312973022461,78.33015441894531,79.32251739501953,69.67350769042969,10445311
2020-09-22,79.29389190673828,79.74236297607422,78.43511199951172,79.14122009277344,69.51427459716797,8143170
2020-09-23,79.28434753417969,79.98091888427734,78.7977066040039,78.84542083740234,69.25444793701172,7085842
2020-09-24,78.3396987915039,79.65648651123047,78.10114288330078,79.34160614013672,69.6902847290039,7844280
2020-09-25,78.38740539550781,79.42748260498047,78.05343627929688,79.13167572021484,69.50588989257812,6932101
2020-09-28,79.38931274414062,79.86640930175781,78.77862548828125,78.96946716308594,69.3634033203125,6123674
2020-09-29,78.89312744140625,79.34160614013672,77.95801544189453,78.14885711669922,68.64262390136719,6742413
2020-09-30,78.49236297607422,79.50381469726562,78.26335906982422,79.15076446533203,69.52264404296875,11593605
2020-10-01,79.37023162841797,79.52290344238281,77.52862548828125,77.90076446533203,68.42471313476562,8410305
2020-10-02,77.09923553466797,77.99618530273438,76.76526641845703,77.09923553466797,67.72067260742188,5255406
2020-10-05,77.5095443725586,77.80534362792969,76.92748260498047,77.51908111572266,68.08946228027344,8807182
2020-10-06,77.41412353515625,77.42366027832031,75.87786102294922,75.98282623291016,66.74007415771484,10273230
2020-10-07,76.4217529296875,76.66984558105469,75.86832427978516,76.3740463256836,67.0837173461914,9845226
2020-10-08,76.70801544189453,78.08206176757812,76.4885482788086,76.79389190673828,67.45246887207031,9217160
2020-10-09,77.17557525634766,77.36640930175781,76.38359069824219,76.67938995361328,67.3519058227539,5956098
2020-10-12,76.82251739501953,77.02290344238281,76.25,76.67938995361328,67.3519058227539,8276370
2020-10-13,76.62213897705078,77.22328186035156,76.3740463256836,77.01335906982422,67.64524841308594,9125774
2020-10-14,77.1469497680664,77.22328186035156,76.40267181396484,76.82251739501953,67.47761535644531,9166122
2020-10-15,76.14503479003906,76.27862548828125,75.1717529296875,75.43893432617188,66.2623519897461,9151974
2020-10-16,75.66793823242188,76.62213897705078,75.48664093017578,76.17366027832031,66.90769958496094,7903492
2020-10-19,76.45037841796875,76.80343627929688,74.74236297607422,75.0667953491211,65.93548583984375,8614455
2020-10-20,75.3530502319336,75.3530502319336,74.50381469726562,74.68511199951172,65.60021209716797,11144746
2020-10-21,74.67557525634766,75.2385482788086,74.45610809326172,74.49427795410156,65.43258666992188,9689808
2020-10-22,74.52290344238281,75.81106567382812,74.52290344238281,75.58206176757812,66.38805389404297,6075990
2020-10-23,75.62976837158203,76.92748260498047,75.62976837158203,76.17366027832031,66.90769958496094,7309381
2020-10-26,75.69656372070312,76.14503479003906,74.67557525634766,75.22901153564453,66.07796478271484,9122840
2020-10-27,75.31488800048828,76.55534362792969,74.41793823242188,74.41793823242188,65.36553955078125,12241374
2020-10-28,73.59732818603516,74.16984558105469,72.53816986083984,72.69084167480469,63.84852600097656,8989954
2020-10-29,72.6812973022461,73.08206176757812,71.25,72.41412353515625,63.60546875,9314310
2020-10-30,71.92748260498047,72.41412353515625,70.55343627929688,71.76526641845703,63.035545349121094,11096748
2020-11-02,72.94847106933594,73.3396987915039,72.17557525634766,73.19656372070312,64.29275512695312,8145475
2020-11-03,73.9217529296875,74.6469497680664,73.24427795410156,73.3969497680664,64.46875,7693578
2020-11-04,76.27862548828125,79.09351348876953,75.8969497680664,76.92748260498047,67.56980895996094,14731422
2020-11-05,78.30152893066406,79.1030502319336,76.75572204589844,76.77481079101562,67.43572235107422,9277210
2020-11-06,75.81106567382812,77.42366027832031,75.81106567382812,76.67938995361328,67.3519058227539,6945515
2020-11-09,80.8969497680664,81.26908111572266,76.66984558105469,76.81298065185547,67.46923065185547,11184046
2020-11-10,78.03434753417969,78.27290344238281,77.29962158203125,77.39503479003906,67.98048400878906,8593914
2020-11-11,78.12023162841797,78.12023162841797,76.89885711669922,77.34732818603516,67.9385986328125,5741678
2020-11-12,76.86068725585938,77.29007720947266,75.4103012084961,76.2022933959961,66.93284606933594,7464799
2020-11-13,76.56488800048828,78.10114288330078,76.0687026977539,77.3759536743164,67.96370697021484,7694206
2020-11-16,77.5095443725586,78.13931274414062,76.04962158203125,76.50763702392578,67.20104217529297,9503474
2020-11-17,77.34732818603516,78.20610809326172,76.72709655761719,77.76717376708984,68.307373046875,9509133
2020-11-18,77.70037841796875,78.21565246582031,76.55534362792969,76.57442474365234,67.25969696044922,8678174
2020-11-19,77.07061004638672,77.07061004638672,75.69656372070312,76.70801544189453,67.37702941894531,7037110
2020-11-20,76.78434753417969,77.10877990722656,76.0782470703125,76.76526641845703,67.42733001708984,8415440
2020-11-23,76.91793823242188,77.4427490234375,75.74427795410156,76.6030502319336,67.28484344482422,9498548
2020-11-24,76.35496520996094,77.18511199951172,76.02098846435547,76.46946716308594,67.16751098632812,12790840
2020-11-25,76.46946716308594,76.77481079101562,75.9542007446289,76.39312744140625,67.10047912597656,6023590
2020-11-27,76.62213897705078,76.98473358154297,75.91603088378906,76.2022933959961,66.93284606933594,5644528
2020-11-30,76.33587646484375,76.85114288330078,75.77290344238281,76.70801544189453,67.37702941894531,14501910
2020-12-01,77.24236297607422,78.6832046508789,77.11832427978516,77.81488800048828,68.34928131103516,10166543
2020-12-02,78.18701934814453,78.95037841796875,77.5667953491211,78.08206176757812,68.58394622802734,7165805
2020-12-03,78.18701934814453,78.21565246582031,77.11832427978516,77.71946716308594,68.26545715332031,7085109
2020-12-04,77.42366027832031,78.20610809326172,77.39503479003906,78.18701934814453,68.6761474609375,8651554
2020-12-07,78.30152893066406,79.6469497680664,78.29198455810547,78.73091888427734,69.15387725830078,8829190
2020-12-08,78.52098846435547,79.90457916259766,78.49236297607422,79.37023162841797,69.7154312133789,8664969
2020-12-09,79.98091888427734,80.03816986083984,78.7595443725586,79.6469497680664,69.95846557617188,7168320
2020-12-10,79.8282470703125,80.09542083740234,78.9312973022461,79.18893432617188,69.55618286132812,7349205
2020-12-11,79.05534362792969,79.59923553466797,78.7404556274414,79.1603012084961,69.5310287475586,7979158
2020-12-14,78.84542083740234,79.27481079101562,76.3740463256836,76.64122009277344,67.84998321533203,13139300
2020-12-15,76.81298065185547,77.3282470703125,76.33587646484375,76.79389190673828,67.98513793945312,10087838
2020-12-16,76.6030502319336,77.05152893066406,76.00190734863281,76.17366027832031,67.4360580444336,9487649
2020-12-17,76.70801544189453,76.87023162841797,76.03053283691406,76.16412353515625,67.4276123046875,11710038
2020-12-18,76.05915832519531,76.50763702392578,74.85687255859375,75.88740539550781,67.18263244628906,33161759
2020-12-21,75.19084167480469,75.69656372070312,74.17938995361328,75.65839385986328,66.97991180419922,11140764
2020-12-22,75.37213897705078,76.32633972167969,74.65648651123047,75.78244018554688,67.0897216796875,9052414
2020-12-23,75.94465637207031,76.74618530273438,75.92557525634766,76.10687255859375,67.37691497802734,6056078
2020-12-24,76.33587646484375,76.74618530273438,76.21183013916016,76.46946716308594,67.69794464111328,2957456
2020-12-28,76.95610809326172,77.42366027832031,76.45992279052734,76.76526641845703,67.9598159790039,4804242
2020-12-29,77.09923553466797,77.8530502319336,77.06106567382812,77.69084167480469,68.77921295166016,5708037
2020-12-30,77.91984558105469,77.98664093017578,76.85114288330078,76.89885711669922,68.07804870605469,5933357
2020-12-31,76.94656372070312,78.18701934814453,76.69847106933594,78.05343627929688,69.10020446777344,5511118
2021-01-04,78.24427795410156,78.33015441894531,76.22137451171875,77.25190734863281,68.39060974121094,10502637
2021-01-05,76.97518920898438,77.6717529296875,76.25,77.385498046875,68.50890350341797,10956526
2021-01-06,76.88931274414062,78.95037841796875,76.63167572021484,78.60687255859375,69.59016418457031,10521396
2021-01-07,78.76908111572266,80.50572204589844,78.31106567382812,80.1717529296875,70.97554779052734,10447931
2021-01-08,80.50572204589844,80.50572204589844,78.76908111572266,79.22709655761719,70.13925170898438,9563105
2021-01-11,79.67557525634766,81.67938995361328,79.43701934814453,81.10687255859375,71.80340576171875,13488179
2021-01-12,81.22137451171875,81.2404556274414,78.76908111572266,79.28434753417969,70.18993377685547,10128606
2021-01-13,79.55152893066406,79.55152893066406,78.4542007446289,78.5687026977539,69.55636596679688,10093812
2021-01-14,78.64503479003906,79.00763702392578,78.12976837158203,78.40648651123047,69.41277313232422,11366398
2021-01-15,78.09160614013672,79.67557525634766,77.82442474365234,79.56106567382812,70.43489837646484,10203538
2021-01-19,79.74236297607422,80.0572509765625,78.8740463256836,79.37976837158203,70.27442932128906,8467316
2021-01-20,79.43701934814453,79.72328186035156,78.50190734863281,78.6832046508789,69.6577377319336,11097901
2021-01-21,78.06298065185547,78.53053283691406,77.25190734863281,77.46183013916016,68.57648468017578,9043716
2021-01-22,77.18511199951172,77.70037841796875,77.06106567382812,77.27098846435547,68.40751647949219,9436926
2021-01-25,77.01335906982422,77.47137451171875,76.39312744140625,77.4332046508789,68.55113983154297,9957677
2021-01-26,77.4332046508789,77.4332046508789,76.45992279052734,76.57442474365234,67.79084014892578,7748283
2021-01-27,76.2022933959961,76.40267181396484,73.32061004638672,73.54007720947266,65.10456085205078,16230376
2021-01-28,73.54962158203125,74.91412353515625,73.54007720947266,74.35114288330078,65.82259368896484,12972039
2021-01-29,74.41793823242188,74.78053283691406,72.89122009277344,73.54007720947266,65.10456085205078,10671470
2021-02-01,74.41793823242188,74.74236297607422,73.7977066040039,73.8167953491211,65.34954071044922,8224599
2021-02-02,74.22709655761719,75.30534362792969,74.14122009277344,74.20801544189453,65.69589233398438,9866710
2021-02-03,74.08396911621094,74.57061004638672,73.61640930175781,73.77862548828125,65.31574249267578,10034810
2021-02-04,73.44465637207031,73.48282623291016,72.08015441894531,72.5477066040039,64.22601318359375,18867563
2021-02-05,72.92938995361328,73.4542007446289,71.95610809326172,72.3282470703125,64.03173828125,13901825
2021-02-08,72.3759536743164,72.70037841796875,71.2404556274414,71.6030502319336,63.38972473144531,16718534
2021-02-09,71.6603012084961,71.72709655761719,70.9542007446289,71.6030502319336,63.38972473144531,13484616
2021-02-10,71.87023162841797,71.92748260498047,71.1259536743164,71.45992279052734,63.26302719116211,11721566
2021-02-11,71.38359069824219,71.6603012084961,70.83015441894531,71.3167953491211,63.13630294799805,8780982
2021-02-12,71.2977066040039,71.66984558105469,71.1259536743164,71.56488800048828,63.355934143066406,6738116
2021-02-16,71.91793823242188,71.97518920898438,70.65839385986328,70.84923553466797,62.722389221191406,9734453
2021-02-17,71.04962158203125,72.57633972167969,70.96373748779297,72.08015441894531,63.81210708618164,13876463
2021-02-18,71.82251739501953,72.40457916259766,71.6030502319336,71.95610809326172,63.70228576660156,10004627
2021-02-19,71.98473358154297,72.05152893066406,70.85877990722656,70.90648651123047,62.77306365966797,12388198
2021-02-22,71.08778381347656,71.62213897705078,70.3530502319336,71.49809265136719,63.29680633544922,8612464
2021-02-23,71.84160614013672,72.48091888427734,71.04962158203125,71.1259536743164,62.96734619140625,10900458
2021-02-24,71.3740463256836,71.82251739501953,70.98282623291016,71.15457916259766,62.992698669433594,9838834
2021-02-25,70.81106567382812,71.56488800048828,70.68701934814453,71.2022933959961,63.03493118286133,10906955
2021-02-26,71.03053283691406,71.28816986083984,69.21755981445312,69.29389190673828,61.34544372558594,17644862
2021-03-01,69.85687255859375,70.02862548828125,68.8740463256836,69.06488800048828,61.14269256591797,12594864
2021-03-02,69.50381469726562,70.1240463256836,69.08396911621094,69.51335906982422,61.539730072021484,16047290
2021-03-03,69.48473358154297,70.3530502319336,69.1030502319336,69.9427490234375,61.919857025146484,13939972
2021-03-04,69.8282470703125,69.96183013916016,68.43511199951172,68.864501953125,60.965309143066406,15975188
2021-03-05,69.18893432617188,70.0477066040039,68.71183013916016,69.78053283691406,61.77626419067383,12241164
2021-03-08,70.96373748779297,72.09923553466797,70.03816986083984,70.77290344238281,62.654808044433594,15391347
2021-03-09,71.14503479003906,72.00381469726562,70.73473358154297,70.74427795410156,62.62946319580078,14189920
2021-03-10,71.33587646484375,71.78434753417969,70.70610809326172,71.33587646484375,63.1531982421875,12827310
2021-03-11,71.45992279052734,71.90839385986328,71.17366027832031,71.21183013916016,63.043373107910156,13205324
2021-03-12,70.63931274414062,71.45992279052734,70.60114288330078,71.1832046508789,63.57172393798828,11493940
2021-03-15,72.04198455810547,73.05343627929688,71.64122009277344,72.7385482788086,64.96074676513672,17999295
2021-03-16,72.66221618652344,73.635498046875,72.65267181396484,73.29198455810547,65.45500946044922,15697887
2021-03-17,73.21565246582031,73.95037841796875,72.4904556274414,73.7595443725586,65.87259674072266,17533878
2021-03-18,73.72137451171875,74.60877990722656,73.67366027832031,73.73091888427734,65.84700012207031,14274179
2021-03-19,73.71183013916016,74.66603088378906,72.53816986083984,73.95992279052734,66.05152130126953,58225203
2021-03-22,72.3282470703125,74.42748260498047,72.08015441894531,73.95992279052734,66.05152130126953,11352879
2021-03-23,73.55915832519531,73.77862548828125,72.5477066040039,72.77671813964844,64.99485778808594,11651245
2021-03-24,72.58587646484375,73.16793823242188,72.4332046508789,72.74809265136719,64.96928405761719,9135416
2021-03-25,72.91984558105469,73.10114288330078,71.86068725585938,72.58587646484375,64.82441711425781,10700918
2021-03-26,72.66221618652344,73.9217529296875,72.3759536743164,73.84542083740234,65.94927978515625,10389767
2021-03-29,73.77862548828125,74.9522933959961,73.635498046875,74.71373748779297,66.72474670410156,11448562
2021-03-30,74.42748260498047,74.50381469726562,73.27290344238281,73.43511199951172,65.58284759521484,10123366
2021-03-31,73.5687026977539,74.13167572021484,73.12976837158203,73.55915832519531,65.6936264038086,13598219
2021-04-01,73.6259536743164,73.91221618652344,73.30152893066406,73.55915832519531,65.6936264038086,9121373
2021-04-05,73.96946716308594,74.34160614013672,73.26335906982422,73.47328186035156,65.61692810058594,9828144
2021-04-06,73.38740539550781,73.41603088378906,72.17557525634766,72.3187026977539,64.5858154296875,13394698
2021-04-07,72.59542083740234,72.90076446533203,72.25190734863281,72.63359069824219,64.86703491210938,8970566
2021-04-08,72.59542083740234,72.90076446533203,71.83206176757812,72.03244018554688,64.33015441894531,12007984
2021-04-09,72.05152893066406,72.88167572021484,71.97518920898438,72.81488800048828,65.02894592285156,8177439
2021-04-12,72.87213897705078,73.09160614013672,72.5,72.72901153564453,64.95223236083984,9970672
2021-04-13,72.4904556274414,73.24427795410156,72.39503479003906,72.92938995361328,65.13118743896484,8627346
2021-04-14,72.80534362792969,73.27290344238281,72.53816986083984,72.90076446533203,65.10562896728516,8415545
2021-04-15,72.5667953491211,73.78816986083984,72.5667953491211,73.14885711669922,65.32719421386719,14541734
2021-04-16,73.71183013916016,74.18893432617188,73.30152893066406,73.9217529296875,66.01744842529297,12512806
2021-04-19,74.14122009277344,74.22709655761719,73.44465637207031,74.1030502319336,66.17936706542969,8536903
2021-04-20,74.12213897705078,75.51526641845703,74.12213897705078,74.97137451171875,66.954833984375,11009345
2021-04-21,75.31488800048828,75.84923553466797,75.0667953491211,75.60114288330078,67.51728057861328,11817248
2021-04-22,75.38167572021484,75.43893432617188,74.00763702392578,74.38931274414062,66.43499755859375,13330560
2021-04-23,74.29389190673828,74.61832427978516,73.91221618652344,74.31298065185547,66.3668441772461,8598840
2021-04-26,74.29389190673828,74.34160614013672,73.7595443725586,73.97901153564453,66.06858825683594,7834219
2021-04-27,73.8740463256836,74.37023162841797,73.6832046508789,73.8167953491211,65.9237060546875,9095802
2021-04-28,74.05534362792969,74.45610809326172,73.3396987915039,73.55915832519531,65.6936264038086,11628398
2021-04-29,72.04198455810547,72.27098846435547,69.51335906982422,70.30534362792969,62.7877197265625,30602753
2021-04-30,70.20992279052734,71.64122009277344,70.114501953125,71.08778381347656,63.486507415771484,18052114
2021-05-03,70.85877990722656,72.53816986083984,70.82061004638672,72.5,64.74771881103516,12543302
2021-05-04,72.59542083740234,72.96755981445312,72.07061004638672,72.5095443725586,64.7562255859375,10418587
2021-05-05,72.614501953125,74.16984558105469,72.27098846435547,74.14122009277344,66.21343994140625,16795143
2021-05-06,73.89312744140625,74.29389190673828,73.17748260498047,74.21755981445312,66.28162384033203,12871641
2021-05-07,74.43701934814453,75.0572509765625,74.32251739501953,74.8187026977539,66.81847381591797,12237496
2021-05-10,75.20992279052734,75.55343627929688,74.58015441894531,74.5896987915039,66.61397552490234,10939758
2021-05-11,74.26526641845703,75.0572509765625,73.61640930175781,73.91221618652344,66.0089111328125,12148102
2021-05-12,74.15076446533203,74.9332046508789,73.7595443725586,74.42748260498047,66.46910095214844,13379711
2021-05-13,74.32251739501953,75.37213897705078,74.08396911621094,75.08587646484375,67.05708312988281,10830451
2021-05-14,75.43893432617188,75.52481079101562,74.63740539550781,74.7042007446289,66.71623229980469,8273122
2021-05-17,75.0667953491211,76.49809265136719,74.9904556274414,76.21183013916016,68.06265258789062,12532508
2021-05-18,75.70610809326172,76.14503479003906,75.27671813964844,75.74427795410156,67.64509582519531,7943106
2021-05-19,75.31488800048828,75.76335906982422,74.37976837158203,75.72518920898438,67.62804412841797,9132796
2021-05-20,75.31488800048828,76.32633972167969,75.28626251220703,76.0114517211914,67.88370513916016,7345222
2021-05-21,76.26908111572266,76.6603012084961,75.45801544189453,75.55343627929688,67.47465515136719,10863987
2021-05-24,75.88740539550781,76.00190734863281,75.34351348876953,75.4103012084961,67.3468246459961,8737910
2021-05-25,75.38167572021484,75.62023162841797,73.91221618652344,73.95037841796875,66.04301452636719,14331714
2021-05-26,73.99809265136719,74.20801544189453,73.44465637207031,73.6927490234375,65.81291961669922,9686454
2021-05-27,73.95037841796875,74.0457992553711,72.40457916259766,72.4427490234375,64.69660186767578,17675149
2021-05-28,72.53816986083984,72.90076446533203,72.3282470703125,72.41412353515625,64.67102813720703,13969735
2021-06-01,72.57633972167969,72.65267181396484,71.59351348876953,71.73664093017578,64.06598663330078,15798914
2021-06-02,71.86068725585938,72.60496520996094,71.82251739501953,72.39503479003906,64.65398406982422,11830453
2021-06-03,73.22000122070312,74.0,72.9000015258789,73.91000366210938,66.00695037841797,15974400
2021-06-04,74.19999694824219,74.4800033569336,73.9000015258789,74.11000061035156,66.18556213378906,12728500
2021-06-07,74.13999938964844,74.19999694824219,72.77999877929688,72.80000305175781,65.01564025878906,16794400
2021-06-08,72.94999694824219,73.16999816894531,72.08000183105469,72.4000015258789,64.65840911865234,13657700
2021-06-09,73.0,74.30000305175781,72.94999694824219,74.04000091552734,66.123046875,12258700
2021-06-10,75.2300033569336,76.47000122070312,74.73999786376953,76.13999938964844,67.99850463867188,17236700
2021-06-11,76.70999908447266,76.86000061035156,75.61000061035156,76.2699966430664,68.1146011352539,13928400
2021-06-14,75.73999786376953,75.80000305175781,74.87999725341797,75.44999694824219,67.96147155761719,7841400
2021-06-15,75.5,75.7699966430664,74.72000122070312,75.69999694824219,68.18666076660156,14185700
2021-06-16,76.22000122070312,77.55000305175781,76.19000244140625,76.61000061035156,69.00633239746094,17576900
2021-06-17,76.33999633789062,77.47000122070312,75.98999786376953,77.2300033569336,69.56481170654297,14233200
2021-06-18,76.73999786376953,77.22000122070312,76.16000366210938,76.61000061035156,69.00633239746094,19351900
2021-06-21,76.88999938964844,77.29000091552734,76.55000305175781,76.75,69.13243865966797,10880800
2021-06-22,76.58999633789062,76.73999786376953,76.01000213623047,76.19000244140625,68.62802124023438,10957500
2021-06-23,75.8499984741211,76.26000213623047,75.55000305175781,75.58000183105469,68.07856750488281,9539100
2021-06-24,75.7300033569336,76.63999938964844,75.7300033569336,76.36000061035156,68.78116607666016,8601900
2021-06-25,76.05999755859375,77.97000122070312,76.05000305175781,77.19999694824219,69.53777313232422,50285200
2021-06-28,77.25,77.73999786376953,76.79000091552734,76.86000061035156,69.23152160644531,8796200
2021-06-29,77.0,77.33000183105469,76.81999969482422,77.20999908447266,69.54680633544922,7696600
2021-06-30,77.4000015258789,78.08999633789062,77.2300033569336,77.7699966430664,70.05120086669922,13811900
2021-07-01,77.6500015258789,78.1500015258789,77.51000213623047,77.98999786376953,70.2493667602539,9212000
2021-07-02,78.04000091552734,78.7699966430664,77.76000213623047,78.5999984741211,70.79883575439453,7668000
2021-07-06,78.13999938964844,78.3499984741211,77.55999755859375,78.11000061035156,70.35746002197266,6720500
2021-07-07,78.41000366210938,78.61000061035156,78.12999725341797,78.55999755859375,70.7627944946289,8275100
2021-07-08,77.7699966430664,78.30000305175781,77.30999755859375,78.12000274658203,70.36646270751953,8400400
2021-07-09,78.41999816894531,78.69000244140625,77.94000244140625,77.98999786376953,70.2493667602539,6006500
2021-07-12,77.55000305175781,78.43000030517578,77.38999938964844,77.55000305175781,69.8530502319336,11087900
2021-07-13,77.4000015258789,77.7699966430664,77.23999786376953,77.61000061035156,69.9070816040039,6465800
2021-07-14,77.5999984741211,77.72000122070312,76.87999725341797,77.62000274658203,69.91609191894531,7163200
2021-07-15,77.62000274658203,78.04000091552734,77.20999908447266,77.9000015258789,70.16829681396484,7041300
2021-07-16,78.01000213623047,78.37999725341797,77.62999725341797,78.0199966430664,70.27639770507812,7638200
2021-07-19,77.80999755859375,78.33999633789062,76.1500015258789,77.05000305175781,69.40266418457031,9830600
2021-07-20,77.19000244140625,78.12999725341797,75.94999694824219,76.16999816894531,68.61001586914062,11627600
2021-07-21,76.31999969482422,76.45999908447266,75.63999938964844,76.38999938964844,68.80817413330078,7429300
2021-07-22,76.5999984741211,76.79000091552734,76.08000183105469,76.52999877929688,68.93428039550781,8708900
2021-07-23,76.80000305175781,77.68000030517578,76.7300033569336,77.54000091552734,69.84403228759766,6560800
2021-07-26,77.45999908447266,77.61000061035156,76.95999908447266,77.23999786376953,69.57382202148438,5071800
2021-07-27,77.16999816894531,78.12999725341797,76.73999786376953,77.8499984741211,70.12326049804688,8136000
2021-07-28,77.86000061035156,78.66999816894531,77.47000122070312,78.33000183105469,70.55563354492188,11037900
2021-07-29,77.55000305175781,77.91999816894531,76.80999755859375,76.93000030517578,69.2945785522461,11583000
2021-07-30,77.12000274658203,77.76000213623047,76.7699966430664,76.87000274658203,69.24054718017578,13004500
2021-08-02,76.93000030517578,77.26000213623047,76.13999938964844,76.18000030517578,68.61901092529297,9083400
2021-08-03,76.36000061035156,76.80999755859375,76.19000244140625,76.41000366210938,68.8261947631836,9952400
2021-08-04,76.48999786376953,76.48999786376953,75.45999908447266,75.4800033569336,67.98849487304688,10893400
2021-08-05,75.5199966430664,75.69000244140625,74.93000030517578,75.58999633789062,68.08757019042969,8701600
2021-08-06,75.62000274658203,75.66000366210938,74.98999786376953,75.44000244140625,67.95246887207031,8670700
2021-08-09,75.8499984741211,76.22000122070312,75.0,75.31999969482422,67.84436798095703,7867000
2021-08-10,75.1500015258789,75.36000061035156,74.81999969482422,75.19000244140625,67.72728729248047,11243100
2021-08-11,75.58000183105469,75.7699966430664,75.13999938964844,75.20999908447266,67.74528503417969,6952200
2021-08-12,75.12000274658203,76.05999755859375,75.05999755859375,76.04000091552734,68.49291229248047,6077100
2021-08-13,76.36000061035156,76.7699966430664,76.22000122070312,76.72000122070312,69.10543060302734,6810400
2021-08-16,76.7300033569336,78.01000213623047,76.63999938964844,77.93000030517578,70.19532775878906,9368400
2021-08-17,77.9000015258789,79.05999755859375,77.83000183105469,78.83000183105469,71.00599670410156,10311600
2021-08-18,78.87999725341797,79.06999969482422,77.75,77.79000091552734,70.06922149658203,7459100
2021-08-19,77.70999908447266,79.13999938964844,77.70999908447266,78.45999908447266,70.67272186279297,8865400
2021-08-20,78.52999877929688,79.19999694824219,78.22000122070312,78.68000030517578,70.87089538574219,6284200
2021-08-23,79.11000061035156,79.2300033569336,78.33999633789062,78.37999725341797,70.60066223144531,6492600
2021-08-24,78.2699966430664,78.2699966430664,77.54000091552734,77.72000122070312,70.00617218017578,8698100
2021-08-25,77.80999755859375,77.80999755859375,76.4000015258789,77.06999969482422,69.4206771850586,7045800
2021-08-26,77.11000061035156,77.31999969482422,76.51000213623047,76.56999969482422,68.97030639648438,6640400
2021-08-27,76.80999755859375,76.97000122070312,76.16999816894531,76.30000305175781,68.72709655761719,6010000
2021-08-30,76.30000305175781,76.83999633789062,76.20999908447266,76.5,68.90726470947266,7339700
2021-08-31,76.79000091552734,77.0999984741211,76.02999877929688,76.29000091552734,68.71810913085938,10949500
2021-09-01,76.22000122070312,76.80000305175781,75.83000183105469,76.18000030517578,68.61901092529297,9187200
2021-09-02,76.4800033569336,77.13999938964844,76.16999816894531,77.12000274658203,69.4657211303711,6559400
2021-09-03,77.26000213623047,77.37999725341797,76.69000244140625,77.26000213623047,69.5918197631836,6629800
2021-09-07,76.58999633789062,76.87000274658203,75.16999816894531,75.9800033569336,68.43885803222656,13979500
2021-09-08,75.97000122070312,75.97000122070312,74.80000305175781,75.36000061035156,67.88040161132812,8243000
2021-09-09,75.19000244140625,75.19000244140625,73.5999984741211,73.81999969482422,66.49324798583984,14628700
2021-09-10,73.9800033569336,74.20999908447266,73.12000274658203,73.44999694824219,66.15996551513672,11084500
2021-09-13,73.7699966430664,73.83000183105469,72.86000061035156,73.18000030517578,65.91676330566406,11245200
2021-09-14,73.05000305175781,73.13999938964844,72.05999755859375,72.11000061035156,65.53507232666016,15202800
2021-09-15,72.08000183105469,73.1500015258789,71.87999725341797,72.80999755859375,66.1712417602539,12555900
2021-09-16,73.0199966430664,73.0199966430664,71.69000244140625,71.97000122070312,65.4078369140625,14818900
2021-09-17,71.19000244140625,72.0,70.88999938964844,71.68000030517578,65.14427185058594,43406600
2021-09-20,71.16000366210938,72.61000061035156,71.12000274658203,71.93000030517578,65.37147521972656,15989400
2021-09-21,72.4800033569336,72.68000030517578,71.7699966430664,71.97000122070312,65.4078369140625,11995900
2021-09-22,72.33000183105469,72.41000366210938,71.86000061035156,72.04000091552734,65.47145080566406,9028700
2021-09-23,72.68000030517578,74.04000091552734,72.56999969482422,73.05000305175781,66.38936614990234,12813500
2021-09-24,73.58999633789062,74.62999725341797,73.3499984741211,73.61000061035156,66.8982925415039,14714700
2021-09-27,73.51000213623047,74.2699966430664,73.33999633789062,73.36000061035156,66.67109680175781,8630600
2021-09-28,73.55000305175781,73.81999969482422,72.66000366210938,73.31999969482422,66.6347427368164,11836200
2021-09-29,73.61000061035156,75.69999694824219,73.58000183105469,75.08999633789062,68.24336242675781,16054500
2021-09-30,75.58000183105469,76.6500015258789,75.0999984741211,75.11000061035156,68.26152801513672,16248600
2021-10-01,81.55999755859375,84.33999633789062,80.62999725341797,81.4000015258789,73.97801971435547,102497300
2021-10-04,84.16999816894531,84.55999755859375,82.41999816894531,83.0999984741211,75.52299499511719,53553300
2021-10-05,82.77999877929688,83.38999938964844,81.30000305175781,81.5999984741211,74.15977478027344,28977800
2021-10-06,81.5,81.68000030517578,80.1500015258789,80.66000366210938,73.30549621582031,17608000
2021-10-07,81.54000091552734,82.66999816894531,81.02999877929688,81.94000244140625,74.4687728881836,14190500
2021-10-08,81.66999816894531,81.80000305175781,80.52999877929688,80.62999725341797,73.2782211303711,12121100
2021-10-11,81.63999938964844,81.63999938964844,79.87000274658203,79.93000030517578,72.64202880859375,11279700
2021-10-12,80.18000030517578,80.18000030517578,79.25,79.58999633789062,72.33302307128906,10945000
2021-10-13,79.58999633789062,79.66000366210938,78.77999877929688,78.94999694824219,71.75140380859375,9462600
2021-10-14,78.97000122070312,79.66999816894531,77.9800033569336,78.33000183105469,71.18794250488281,14607900
2021-10-15,78.19999694824219,79.05999755859375,77.9800033569336,78.33000183105469,71.18794250488281,12866800
2021-10-18,78.73999786376953,78.73999786376953,77.11000061035156,77.1500015258789,70.11552429199219,13075500
2021-10-19,78.7300033569336,79.5199966430664,78.11000061035156,79.48999786376953,72.2421646118164,15577100
2021-10-20,79.31999969482422,81.25,79.30999755859375,81.06999969482422,73.67811584472656,11465500
2021-10-21,81.11000061035156,81.26000213623047,80.27999877929688,81.16999816894531,73.76897430419922,9893600
2021-10-22,81.1500015258789,81.4800033569336,80.87999725341797,81.1500015258789,73.75080871582031,7543600
2021-10-25,81.02999877929688,81.72000122070312,79.94999694824219,81.66000366210938,74.21430969238281,9365900
2021-10-26,81.9000015258789,82.36000061035156,81.70999908447266,82.25,74.75050354003906,9352500
2021-10-27,82.4800033569336,82.4800033569336,81.30000305175781,81.54000091552734,74.10526275634766,8465400
2021-10-28,83.37999725341797,86.86000061035156,83.16999816894531,86.55000305175781,78.65843200683594,28854700
2021-10-29,86.48999786376953,88.45999908447266,86.16999816894531,88.05000305175781,80.02167510986328,18678600
2021-11-01,88.05000305175781,88.62999725341797,87.29000091552734,87.83999633789062,79.83080291748047,10943900
2021-11-02,88.2300033569336,90.41999816894531,87.4800033569336,89.0199966430664,80.9032211303711,14671400
2021-11-03,88.7699966430664,89.41999816894531,88.20999908447266,88.68000030517578,80.59423828125,10883900
2021-11-04,90.37000274658203,91.4000015258789,89.2699966430664,90.54000091552734,82.28462982177734,19519800
2021-11-05,82.29000091552734,84.0,81.3499984741211,81.61000061035156,74.16886901855469,37623900
2021-11-08,80.41000366210938,82.87999725341797,79.87999725341797,82.68000030517578,75.14129638671875,18655700
2021-11-09,83.62000274658203,83.70999908447266,81.91000366210938,82.72000122070312,75.17765808105469,10512000
2021-11-10,83.30999755859375,84.0199966430664,82.69999694824219,84.01000213623047,76.35002136230469,9855900
2021-11-11,83.91999816894531,84.26000213623047,83.52999877929688,84.0199966430664,76.3591079711914,5761500
2021-11-12,83.83999633789062,84.19999694824219,83.05000305175781,84.0,76.3409423828125,8206700
2021-11-15,84.1500015258789,84.18000030517578,83.4000015258789,83.69000244140625,76.05921173095703,7108200
2021-11-16,83.66999816894531,84.69000244140625,83.25,84.11000061035156,76.44090270996094,10565200
2021-11-17,84.37000274658203,84.66999816894531,82.58999633789062,82.5999984741211,75.068603515625,10286300
2021-11-18,82.30000305175781,83.13999938964844,82.0199966430664,83.05000305175781,75.47756958007812,9833600
2021-11-19,82.37000274658203,82.75,80.62000274658203,80.69999694824219,73.34184265136719,17581100
2021-11-22,81.0,82.06999969482422,80.54000091552734,81.63999938964844,74.19612884521484,10880200
2021-11-23,81.48999786376953,83.58999633789062,81.33999633789062,82.80000305175781,75.25035858154297,12130800
2021-11-24,82.80000305175781,82.9000015258789,81.95999908447266,82.27999877929688,74.77776336669922,8537000
2021-11-26,78.7300033569336,79.93000030517578,77.11000061035156,79.16000366210938,71.94224548339844,18022000
2021-11-29,76.41999816894531,77.5,74.0,74.88999938964844,68.06159973144531,34192400
2021-11-30,74.75,75.02999877929688,73.83999633789062,74.91000366210938,68.07976531982422,30179900
2021-12-01,75.52999877929688,76.91000366210938,74.38999938964844,74.44000244140625,67.65262603759766,21435900
2021-12-02,74.37999725341797,74.77999877929688,73.30000305175781,73.88999938964844,67.15277099609375,15345300
2021-12-03,74.08999633789062,74.25,72.66000366210938,73.33999633789062,66.65292358398438,14508900
2021-12-06,73.30000305175781,73.8499984741211,72.80000305175781,73.41999816894531,66.72562408447266,13506800
2021-12-07,72.02999877929688,72.72000122070312,71.5,72.27999877929688,65.68955993652344,17635100
2021-12-08,72.54000091552734,73.41000366210938,72.08000183105469,73.20999908447266,66.53477478027344,14331400
2021-12-09,73.44000244140625,73.55999755859375,72.69000244140625,72.86000061035156,66.2166976928711,11938000
2021-12-10,73.12000274658203,73.2300033569336,72.25,72.62000274658203,65.99857330322266,11398800
2021-12-13,72.37000274658203,73.44999694824219,71.97000122070312,73.41999816894531,66.72562408447266,17486100
2021-12-14,72.36000061035156,74.04000091552734,72.16000366210938,73.72000122070312,67.63390350341797,18949700
2021-12-15,73.70999908447266,75.38999938964844,73.70999908447266,75.29000091552734,69.07426452636719,14263400
2021-12-16,75.5,76.52999877929688,75.2699966430664,75.91000366210938,69.6430892944336,16601700
2021-12-17,76.55999755859375,77.73999786376953,75.5,75.69000244140625,69.4412612915039,28040600
2021-12-20,75.69999694824219,76.5,74.94999694824219,76.41000366210938,70.10181427001953,11818800
2021-12-21,76.25,76.27999877929688,74.88999938964844,75.54000091552734,69.30362701416016,14947800
2021-12-22,75.44000244140625,76.55999755859375,75.12999725341797,76.16000366210938,69.87245178222656,9256000
2021-12-23,76.30000305175781,76.30000305175781,75.3499984741211,75.7300033569336,69.47795867919922,9894900
2021-12-27,76.0,76.61000061035156,75.7699966430664,76.56999969482422,70.24860382080078,6334700
2021-12-28,76.68000030517578,77.13999938964844,76.20999908447266,76.80999755859375,70.46879577636719,5727100
2021-12-29,76.80000305175781,77.18000030517578,76.47000122070312,76.94999694824219,70.59722900390625,5926100
2021-12-30,77.12000274658203,77.61000061035156,76.97000122070312,77.13999938964844,70.77154541015625,5859100
2021-12-31,77.13999938964844,77.55000305175781,76.62000274658203,76.63999938964844,70.31282043457031,6019500
2022-01-03,76.58000183105469,76.94000244140625,75.3499984741211,76.87000274658203,70.52385711669922,9441200
2022-01-04,76.4000015258789,77.2699966430664,75.88999938964844,77.01000213623047,70.65227508544922,11981700
2022-01-05,77.26000213623047,79.80999755859375,77.26000213623047,78.87999725341797,72.36788940429688,17447900
2022-01-06,78.79000091552734,79.58000183105469,77.94999694824219,78.83000183105469,72.322021484375,11359200
2022-01-07,78.86000061035156,80.52999877929688,78.45999908447266,80.30000305175781,73.67068481445312,15212000
2022-01-10,80.54000091552734,82.44999694824219,79.66999816894531,82.37000274658203,75.56978607177734,19636800
2022-01-11,82.41999816894531,82.55999755859375,80.6500015258789,81.66999816894531,74.92755889892578,11585100
2022-01-12,81.08000183105469,81.41999816894531,80.66999816894531,81.19999694824219,74.49635314941406,13057000
2022-01-13,80.93000030517578,81.72000122070312,80.33000183105469,81.31999969482422,74.60645294189453,9678100
2022-01-14,81.5999984741211,81.8499984741211,80.7699966430664,81.37999725341797,74.66150665283203,9478000
2022-01-18,81.0999984741211,82.16000366210938,80.80999755859375,81.54000091552734,74.80831146240234,14493100
2022-01-19,80.9800033569336,81.9800033569336,80.4800033569336,81.29000091552734,74.57894897460938,11448200
2022-01-20,80.7300033569336,81.86000061035156,80.5199966430664,80.75,74.0835189819336,12069600
2022-01-21,81.2699966430664,81.5199966430664,79.23999786376953,79.9800033569336,73.37709045410156,18461700
2022-01-24,79.7699966430664,80.11000061035156,76.6500015258789,78.83000183105469,72.322021484375,17289000
2022-01-25,78.41999816894531,79.77999877929688,77.77999877929688,79.45999908447266,72.90001678466797,13662400
2022-01-26,79.38999938964844,80.33999633789062,78.7300033569336,79.13999938964844,72.60643768310547,13046600
2022-01-27,78.41999816894531,81.5999984741211,78.41999816894531,80.58000183105469,73.92754364013672,20187200
2022-01-28,79.54000091552734,80.98999786376953,79.18000030517578,80.9000015258789,74.22112274169922,13915300
2022-01-31,81.0199966430664,81.72000122070312,80.80000305175781,81.4800033569336,74.75325775146484,13035000
2022-02-01,81.95999908447266,82.12000274658203,81.08000183105469,81.91999816894531,75.15692138671875,10803300
2022-02-02,81.80000305175781,82.30000305175781,81.26000213623047,82.01000213623047,75.23949432373047,13988200
2022-02-03,81.6500015258789,81.80000305175781,78.4000015258789,79.01000213623047,72.4871597290039,19181400
2022-02-04,78.51000213623047,79.55000305175781,78.19999694824219,78.55999755859375,72.07430267333984,10716200
2022-02-07,78.79000091552734,78.91999816894531,77.44000244140625,77.58000183105469,71.17521667480469,23615300
2022-02-08,77.0999984741211,77.33000183105469,75.81999969482422,76.91000366210938,70.56053161621094,17486500
2022-02-09,77.16999816894531,77.33000183105469,76.41000366210938,76.52999877929688,70.21190643310547,15183100
2022-02-10,76.36000061035156,76.7699966430664,75.93000030517578,76.55999755859375,70.23942565917969,12437600
2022-02-11,76.4000015258789,77.9000015258789,76.16999816894531,76.63999938964844,70.31282043457031,9342300
2022-02-14,76.62999725341797,76.69999694824219,75.11000061035156,76.47000122070312,70.1568832397461,9881100
2022-02-15,77.51000213623047,78.19000244140625,77.31999969482422,77.80999755859375,71.38623046875,11425600
2022-02-16,77.19999694824219,77.80000305175781,76.93000030517578,77.22000122070312,70.84494018554688,9981300
2022-02-17,76.8499984741211,76.93000030517578,76.0,76.36000061035156,70.05593872070312,8889300
2022-02-18,76.31999969482422,76.86000061035156,75.88999938964844,76.37000274658203,70.06510925292969,8780500
2022-02-22,76.45999908447266,76.86000061035156,75.61000061035156,75.94999694824219,69.67977142333984,9052500
2022-02-23,76.19000244140625,76.44000244140625,75.62000274658203,75.83999633789062,69.578857421875,9659100
2022-02-24,75.0999984741211,75.31999969482422,72.87999725341797,73.51000213623047,67.44123077392578,21135600
2022-02-25,74.19999694824219,77.29000091552734,74.16999816894531,76.31999969482422,70.01924133300781,13665900
2022-02-28,75.83000183105469,76.76000213623047,74.77999877929688,76.58000183105469,70.25778198242188,14126100
2022-03-01,76.5,77.76000213623047,75.94999694824219,76.33999633789062,70.03759002685547,9807300
2022-03-02,76.30999755859375,77.22000122070312,76.05999755859375,76.66999816894531,70.34033966064453,9697500
2022-03-03,76.7699966430664,77.54000091552734,76.41000366210938,77.1500015258789,70.78070831298828,8191100
2022-03-04,76.68000030517578,77.86000061035156,76.0199966430664,77.83000183105469,71.40458679199219,12216300
2022-03-07,77.01000213623047,78.29000091552734,76.08000183105469,77.7300033569336,71.31285095214844,14008400
2022-03-08,77.25,78.08999633789062,76.55999755859375,76.94999694824219,70.59722900390625,10184100
2022-03-09,77.62000274658203,78.22000122070312,77.05000305175781,77.79000091552734,71.36788940429688,9746000
2022-03-10,77.62999725341797,78.19999694824219,77.33000183105469,77.88999938964844,71.45964050292969,8972200
2022-03-11,78.31999969482422,79.62999725341797,78.19999694824219,78.26000213623047,71.79911041259766,9424500
2022-03-14,77.9000015258789,78.61000061035156,77.30999755859375,77.77999877929688,71.99346160888672,10085400
2022-03-15,77.68000030517578,79.01000213623047,77.4000015258789,78.63999938964844,72.78948211669922,11403000
2022-03-16,78.95999908447266,79.11000061035156,77.6500015258789,78.12000274658203,72.30815124511719,10944000
2022-03-17,78.1500015258789,79.37000274658203,78.05999755859375,78.94000244140625,73.0671615600586,10279400
2022-03-18,79.18000030517578,79.73999786376953,78.62999725341797,79.11000061035156,73.22450256347656,21064800
2022-03-21,79.66999816894531,80.44999694824219,78.91000366210938,79.05999755859375,73.17823028564453,10478300
2022-03-22,79.2699966430664,79.77999877929688,78.7699966430664,79.30000305175781,73.4003677368164,10016600
2022-03-23,79.30000305175781,80.58000183105469,79.2300033569336,79.7300033569336,73.79840087890625,8470400
2022-03-24,80.04000091552734,80.66999816894531,79.72000122070312,80.41000366210938,74.42779541015625,7605000
2022-03-25,80.58999633789062,81.37999725341797,80.44999694824219,81.33999633789062,75.28860473632812,7125600
2022-03-28,81.37000274658203,81.66999816894531,80.7300033569336,81.20999908447266,75.16828155517578,7071900
2022-03-29,81.66000366210938,81.76000213623047,80.73999786376953,81.56999969482422,75.50150299072266,7398700
2022-03-30,81.83999633789062,82.69999694824219,81.66999816894531,82.4000015258789,76.26976776123047,9326600
2022-03-31,82.9000015258789,83.37999725341797,81.94000244140625,82.05000305175781,75.94578552246094,12466800
2022-04-01,82.19000244140625,83.58000183105469,81.63999938964844,83.5199966430664,77.30642700195312,10086700
2022-04-04,83.5,83.88999938964844,82.7300033569336,83.48999786376953,77.27865600585938,9039600
2022-04-05,83.66000366210938,85.43000030517578,83.51000213623047,83.72000122070312,77.4915542602539,12040900
2022-04-06,84.36000061035156,85.55999755859375,84.12000274658203,84.97000122070312,78.6485595703125,13924300
2022-04-07,85.75,87.11000061035156,84.95999908447266,86.80000305175781,80.3424072265625,13104300
2022-04-08,86.63999938964844,87.83999633789062,86.26000213623047,87.68000030517578,81.15693664550781,11409300
2022-04-11,88.31999969482422,89.4800033569336,86.18000030517578,86.62999725341797,80.18506622314453,14381000
2022-04-12,86.0,86.55000305175781,85.22000122070312,85.62999725341797,79.25945281982422,12543000
2022-04-13,85.80000305175781,86.23999786376953,84.83000183105469,86.12999725341797,79.72225189208984,12743800
2022-04-14,86.12999725341797,87.51000213623047,85.41000366210938,86.91000366210938,80.4442138671875,22096100
2022-04-18,86.41999816894531,87.44999694824219,85.68000030517578,86.06999969482422,79.66670989990234,7995100
2022-04-19,85.97000122070312,86.08999633789062,85.12000274658203,85.79000091552734,79.40754699707031,8494700
2022-04-20,85.5199966430664,86.81999969482422,85.4800033569336,86.45999908447266,80.02770233154297,8719400
2022-04-21,86.41000366210938,87.2300033569336,85.38999938964844,86.2300033569336,79.8148193359375,8562400
2022-04-22,85.86000061035156,86.13999938964844,84.5,84.58999633789062,78.29681396484375,7914000
2022-04-25,84.58999633789062,85.80999755859375,83.52999877929688,85.44000244140625,79.08357238769531,10573400
2022-04-26,85.76000213623047,86.19999694824219,84.38999938964844,84.4800033569336,78.19500732421875,9009600
2022-04-27,84.30000305175781,85.12999725341797,83.5999984741211,84.41000366210938,78.13021087646484,10781300
2022-04-28,85.75,89.37000274658203,85.0,88.58000183105469,81.98998260498047,21092300
2022-04-29,88.66000366210938,90.01000213623047,88.08999633789062,88.69000244140625,82.091796875,15914200
2022-05-02,88.72000122070312,88.83999633789062,86.62999725341797,87.6500015258789,81.1291732788086,12124900
2022-05-03,86.98999786376953,88.23999786376953,86.43000030517578,87.0999984741211,80.62008666992188,8425600
2022-05-04,86.56999969482422,88.7699966430664,86.36000061035156,88.5199966430664,81.93443298339844,10763500
2022-05-05,88.41999816894531,88.66000366210938,87.02999877929688,88.01000213623047,81.46238708496094,9548300
2022-05-06,87.73999786376953,88.91999816894531,87.4800033569336,88.38999938964844,81.81411743164062,12227400
2022-05-09,87.5,88.05999755859375,86.91000366210938,87.63999938964844,81.11991882324219,11901500
2022-05-10,88.12000274658203,89.29000091552734,87.2699966430664,87.80999755859375,81.27725982666016,12370800
2022-05-11,87.41999816894531,90.80999755859375,87.41999816894531,89.19000244140625,82.55461120605469,16338600
2022-05-12,89.8499984741211,90.8499984741211,88.36000061035156,90.83000183105469,84.07260131835938,14210200
2022-05-13,90.69999694824219,91.05000305175781,89.26000213623047,90.41000366210938,83.68383026123047,10308100
2022-05-16,90.79000091552734,92.87000274658203,90.68000030517578,92.31999969482422,85.45172119140625,13999000
2022-05-17,92.30999755859375,94.55999755859375,91.51000213623047,93.0,86.0811538696289,17582800
2022-05-18,92.55999755859375,93.16000366210938,91.7699966430664,92.0999984741211,85.24810028076172,12717600
2022-05-19,91.25,92.61000061035156,90.87999725341797,92.08999633789062,85.23885345458984,11121600
2022-05-20,92.44999694824219,94.08000183105469,92.44999694824219,93.55000305175781,86.59024047851562,11757100
2022-05-23,93.58999633789062,94.91999816894531,93.4000015258789,93.83000183105469,86.84941101074219,9067000
2022-05-24,94.25,94.80000305175781,93.56999969482422,94.63999938964844,87.5991439819336,9021000
2022-05-25,94.36000061035156,94.76000213623047,93.13999938964844,93.75,86.7753677368164,11177700
2022-05-26,94.23999786376953,94.25,91.0,92.30999755859375,85.44247436523438,17249500
2022-05-27,92.27999877929688,93.11000061035156,91.75,93.08000183105469,86.15520477294922,9802000
2022-05-31,91.91000366210938,92.62000274658203,90.87000274658203,92.02999877929688,85.18330383300781,22860800
2022-06-01,91.66999816894531,91.93000030517578,90.04000091552734,91.13999938964844,84.3595199584961,10492500
2022-06-02,91.12999725341797,91.13999938964844,88.73999786376953,90.0,83.30433654785156,11066200
2022-06-03,89.73999786376953,90.68000030517578,89.68000030517578,89.91000366210938,83.22103118896484,7051600
2022-06-06,90.16999816894531,90.66000366210938,89.69000244140625,89.83999633789062,83.15624237060547,8336900
2022-06-07,90.1500015258789,90.81999969482422,89.58000183105469,90.4800033569336,83.7486343383789,10243300
2022-06-08,90.58000183105469,90.6500015258789,89.2699966430664,89.4800033569336,82.82302856445312,10266000
2022-06-09,89.25,89.79000091552734,87.91999816894531,88.0,81.453125,7381100
2022-06-10,87.16999816894531,88.04000091552734,86.70999908447266,87.18000030517578,80.69413757324219,8861600
2022-06-13,85.70999908447266,86.51000213623047,84.62999725341797,85.0,78.67631530761719,12016100
2022-06-14,84.7699966430664,85.04000091552734,83.87000274658203,84.5,78.85363006591797,11226900
2022-06-15,84.55999755859375,85.37000274658203,83.75,84.62999725341797,78.97492980957031,11357100
2022-06-16,83.7699966430664,85.19000244140625,83.05000305175781,84.88999938964844,79.21755981445312,12925200
2022-06-17,84.63999938964844,85.76000213623047,83.38999938964844,84.62000274658203,78.96560668945312,32989100
2022-06-21,86.05000305175781,88.36000061035156,85.2699966430664,88.02999877929688,82.1477279663086,11778600
2022-06-22,88.04000091552734,90.33999633789062,88.02999877929688,89.16000366210938,83.20223999023438,11935400
2022-06-23,90.0,92.1500015258789,89.55999755859375,92.0,85.85246276855469,14718400
2022-06-24,93.25,93.79000091552734,91.69999694824219,93.12999725341797,86.9069595336914,25248400
2022-06-27,93.19999694824219,95.72000122070312,93.05000305175781,94.41000366210938,88.10142517089844,11949000
2022-06-28,94.11000061035156,94.33000183105469,91.47000122070312,91.88999938964844,85.74982452392578,13523300
2022-06-29,92.30999755859375,92.9800033569336,91.88999938964844,92.51000213623047,86.32838439941406,8657100
2022-06-30,91.6500015258789,92.9000015258789,90.91000366210938,91.16999816894531,85.07792663574219,18551400
2022-07-01,91.30000305175781,92.48999786376953,90.38999938964844,92.41999816894531,86.24439239501953,11413800
2022-07-05,92.44000244140625,92.94999694824219,90.52999877929688,92.63999938964844,86.44969940185547,9574400
2022-07-06,93.30999755859375,94.51000213623047,92.69999694824219,93.12999725341797,86.9069595336914,10455300
2022-07-07,92.94000244140625,93.94999694824219,92.55000305175781,93.01000213623047,86.79498291015625,8140100
2022-07-08,92.91000366210938,93.81999969482422,92.41000366210938,92.77999877929688,86.58033752441406,7161500
2022-07-11,92.87999725341797,94.77999877929688,92.83000183105469,94.30000305175781,87.99876403808594,9507700
2022-07-12,93.77999877929688,94.23999786376953,93.13999938964844,93.5999984741211,87.34555053710938,7826500
2022-07-13,93.58999633789062,94.36000061035156,93.0199966430664,93.7699966430664,87.50418853759766,6415600
2022-07-14,92.55000305175781,94.05999755859375,92.05999755859375,93.87999725341797,87.60684204101562,6271000
2022-07-15,94.8499984741211,95.3499984741211,94.37000274658203,94.95999908447266,88.61468505859375,9731900
2022-07-18,94.9000015258789,95.0999984741211,91.91999816894531,92.33999633789062,86.16974639892578,8653700
2022-07-19,93.1500015258789,93.38999938964844,92.12000274658203,92.36000061035156,86.18840789794922,8233600
2022-07-20,92.36000061035156,92.43000030517578,89.22000122070312,89.6500015258789,83.65950012207031,11844000
2022-07-21,89.1500015258789,90.41000366210938,88.91000366210938,90.13999938964844,84.11676025390625,8197000
2022-07-22,90.11000061035156,90.44999694824219,89.45999908447266,90.11000061035156,84.08875274658203,6354500
2022-07-25,90.19999694824219,90.7300033569336,89.75,90.52999877929688,84.48069763183594,6364500
2022-07-26,91.4000015258789,91.94999694824219,90.5999984741211,91.29000091552734,85.1899185180664,6414100
2022-07-27,90.5,91.37000274658203,90.01000213623047,91.2300033569336,85.13392639160156,6966300
2022-07-28,91.04000091552734,91.12999725341797,87.41999816894531,89.94000244140625,83.93012237548828,13909800
2022-07-29,90.08000183105469,91.08000183105469,88.27999877929688,89.33999633789062,83.3702163696289,14938600
2022-08-01,89.33999633789062,90.0199966430664,88.3499984741211,88.52999877929688,82.61434173583984,7343300
2022-08-02,89.05999755859375,89.58999633789062,87.55000305175781,87.61000061035156,81.75581359863281,7443000
2022-08-03,87.25,88.0199966430664,86.76000213623047,87.62000274658203,81.76514434814453,8187600
2022-08-04,87.80999755859375,87.88999938964844,86.63999938964844,86.81999969482422,81.01860046386719,7993800
2022-08-05,86.52999877929688,87.52999877929688,86.0199966430664,87.41000366210938,81.56918334960938,8801200
2022-08-08,87.30000305175781,88.77999877929688,86.91999816894531,88.48999786376953,82.5770034790039,8149400
2022-08-09,88.75,90.23999786376953,86.80999755859375,89.5199966430664,83.5381851196289,13215500
2022-08-10,90.02999877929688,90.12999725341797,88.19000244140625,89.19000244140625,83.2302474975586,8140200
2022-08-11,87.80999755859375,89.81999969482422,87.36000061035156,88.93000030517578,82.98761749267578,7396800
2022-08-12,88.98999786376953,91.02999877929688,88.94999694824219,91.0199966430664,84.93795013427734,12317300
2022-08-15,90.83000183105469,90.83999633789062,89.88999938964844,90.5999984741211,84.5460205078125,6339800
2022-08-16,89.95999908447266,90.9000015258789,89.87000274658203,90.58999633789062,84.53668212890625,5661200
2022-08-17,90.33999633789062,91.88999938964844,90.30000305175781,91.04000091552734,84.95661926269531,6486000
2022-08-18,91.5,91.83999633789062,90.52999877929688,91.4000015258789,85.29255676269531,6111600
2022-08-19,91.55000305175781,93.0199966430664,91.52999877929688,92.08000183105469,85.9271240234375,8828700
2022-08-22,91.80999755859375,92.22000122070312,91.01000213623047,91.16000366210938,85.06861114501953,6652100
2022-08-23,90.87999725341797,90.98999786376953,89.72000122070312,90.19999694824219,84.17273712158203,5208800
2022-08-24,90.19999694824219,90.31999969482422,89.54000091552734,90.01000213623047,83.99543762207031,5553300
2022-08-25,90.51000213623047,90.51000213623047,89.06999969482422,90.2699966430664,84.23804473876953,5884300
2022-08-26,90.27999877929688,90.73999786376953,89.08999633789062,89.26000213623047,83.29556274414062,5695300
2022-08-29,88.83000183105469,89.0,87.55999755859375,87.58999633789062,81.73714447021484,7850200
2022-08-30,87.47000122070312,87.56999969482422,86.58000183105469,86.87999725341797,81.0745849609375,6754000
2022-08-31,87.04000091552734,87.12999725341797,85.16000366210938,85.36000061035156,79.65616607666016,11602000
2022-09-01,85.63999938964844,87.45999908447266,85.36000061035156,87.1500015258789,81.32655334472656,7528600
2022-09-02,87.23999786376953,87.77999877929688,85.87999725341797,86.2300033569336,80.46803283691406,6997500
2022-09-06,86.58000183105469,87.2699966430664,86.16000366210938,86.41999816894531,80.64532470703125,8244300
2022-09-07,86.55999755859375,87.0,85.06999969482422,86.87000274658203,81.06526184082031,6121700
2022-09-08,86.5,87.44999694824219,86.12999725341797,87.41999816894531,81.5785140991211,8109200
2022-09-09,87.58999633789062,88.16999816894531,87.2699966430664,87.33999633789062,81.50386047363281,7480100
2022-09-12,88.12999725341797,89.16999816894531,87.81999969482422,88.16000366210938,82.26905822753906,6351500
2022-09-13,87.31999969482422,87.61000061035156,86.11000061035156,86.27999877929688,80.5146713256836,7650000
2022-09-14,87.0,87.63999938964844,86.37999725341797,86.94999694824219,81.79403686523438,9418700
2022-09-15,87.1500015258789,87.43000030517578,86.19999694824219,86.75,81.60589599609375,8006800
2022-09-16,86.5999984741211,87.87000274658203,86.4000015258789,87.72000122070312,82.51838684082031,14842500
2022-09-19,86.8499984741211,86.94000244140625,85.63999938964844,86.63999938964844,81.50242614746094,7748600
2022-09-20,86.06999969482422,86.44999694824219,85.58999633789062,86.0,80.90037536621094,5454800
2022-09-21,86.25,86.5,84.5199966430664,84.52999877929688,79.51753997802734,7190800
2022-09-22,84.55000305175781,88.1500015258789,84.55000305175781,87.51000213623047,82.32083892822266,12329700
2022-09-23,87.4000015258789,88.01000213623047,86.08999633789062,86.77999877929688,81.63412475585938,9038500
2022-09-26,86.12000274658203,86.70999908447266,85.29000091552734,86.18000030517578,81.06969451904297,8841000
2022-09-27,86.81999969482422,87.62999725341797,85.66999816894531,85.83999633789062,80.74986267089844,6532100
2022-09-28,86.98999786376953,87.25,86.19999694824219,86.77999877929688,81.63412475585938,6840000
2022-09-29,87.0,87.41999816894531,86.2300033569336,86.63999938964844,81.50242614746094,6601300
2022-09-30,87.25,87.62000274658203,86.0999984741211,86.12000274658203,81.01325225830078,9035600
2022-10-03,86.72000122070312,87.9000015258789,86.0199966430664,87.55000305175781,82.35846710205078,9186900
2022-10-04,87.54000091552734,88.6500015258789,87.0,88.38999938964844,83.14865112304688,7373000
2022-10-05,88.58000183105469,88.77999877929688,88.0199966430664,88.38999938964844,83.14865112304688,6065700
2022-10-06,87.76000213623047,88.01000213623047,87.2300033569336,87.44000244140625,82.25498962402344,8055500
2022-10-07,87.87999725341797,88.30000305175781,87.12000274658203,87.5999984741211,82.40550231933594,8837400
2022-10-10,89.93000030517578,91.58999633789062,89.70999908447266,90.4800033569336,85.11471557617188,14485000
2022-10-11,90.43000030517578,91.9800033569336,90.19999694824219,91.05000305175781,85.65092468261719,9743500
2022-10-12,91.25,91.72000122070312,90.37000274658203,90.41999816894531,85.05827331542969,8522200
2022-10-13,89.5,92.72000122070312,89.2699966430664,92.48999786376953,87.0055160522461,9382800
2022-10-14,92.2699966430664,93.36000061035156,91.73999786376953,92.18000030517578,86.71390533447266,9847600
2022-10-17,92.83999633789062,94.37000274658203,92.44999694824219,94.12000274658203,88.53887176513672,12139700
2022-10-18,94.41999816894531,95.31999969482422,94.0199966430664,94.61000061035156,88.99980926513672,9530400
2022-10-19,94.91000366210938,94.91000366210938,93.0999984741211,93.26000213623047,87.72987365722656,8546100
2022-10-20,93.19999694824219,93.4000015258789,92.36000061035156,92.94000244140625,87.42884826660156,7626000
2022-10-21,92.83999633789062,95.95999908447266,92.63999938964844,95.66999816894531,89.99695587158203,10297200
2022-10-24,96.44999694824219,98.41999816894531,96.2699966430664,97.37000274658203,91.59616088867188,11414900
2022-10-25,96.86000061035156,98.29000091552734,96.3499984741211,97.70999908447266,91.91600036621094,8747900
2022-10-26,98.29000091552734,99.27999877929688,98.0,98.41000366210938,92.5744857788086,10374700
2022-10-27,99.83999633789062,101.5,99.5,99.73999786376953,93.82561492919922,12218400
2022-10-28,100.23999786376953,101.13999938964844,98.55000305175781,100.7699966430664,94.7945327758789,11228000
2022-10-31,99.94999694824219,101.36000061035156,99.30999755859375,101.19999694824219,95.19905090332031,11043800
2022-11-01,100.6500015258789,101.06999969482422,98.94999694824219,99.76000213623047,93.84442901611328,11079300
2022-11-02,99.6500015258789,101.02999877929688,98.9800033569336,99.4000015258789,93.50579071044922,9503500
2022-11-03,99.0,99.23999786376953,98.0,98.75,92.89431762695312,9912700
2022-11-04,99.0,99.37999725341797,97.95999908447266,99.19999694824219,93.31764221191406,8877600
2022-11-07,98.5,100.36000061035156,97.66999816894531,100.06999969482422,94.13604736328125,8644500
2022-11-08,100.06999969482422,101.97000122070312,99.52999877929688,101.5,95.48126220703125,8503900
2022-11-09,101.30000305175781,103.76000213623047,101.27999877929688,101.58999633789062,95.56591796875,10602900
2022-11-10,102.69999694824219,102.80999755859375,100.5999984741211,101.88999938964844,95.84812927246094,9556000
2022-11-11,100.52999877929688,100.80999755859375,97.33000183105469,97.95999908447266,92.15116119384766,13342800
2022-11-14,98.69999694824219,101.69000244140625,98.69999694824219,100.3499984741211,94.3994369506836,8958200
2022-11-15,100.4000015258789,100.73999786376953,98.70999908447266,99.5999984741211,93.69391632080078,7965900
2022-11-16,99.58000183105469,100.80000305175781,99.48999786376953,99.93000030517578,94.00436401367188,8757700
2022-11-17,100.41000366210938,102.3499984741211,100.2699966430664,102.30999755859375,96.24322509765625,8496800
2022-11-18,102.62999725341797,104.5999984741211,102.62999725341797,104.2300033569336,98.04937744140625,11626300
2022-11-21,105.0,105.87000274658203,104.2300033569336,105.61000061035156,99.34754943847656,8899300
2022-11-22,106.12999725341797,107.0999984741211,106.05000305175781,106.9000015258789,100.56105041503906,8295700
2022-11-23,106.75,107.30000305175781,106.30000305175781,106.81999969482422,100.48578643798828,5749600
2022-11-25,106.55999755859375,107.5,106.55999755859375,107.5,101.12547302246094,3163700
2022-11-28,107.12999725341797,108.9000015258789,107.12999725341797,108.44999694824219,102.01912689208984,9524500
2022-11-29,108.0,109.05999755859375,107.55000305175781,108.83999633789062,102.38600158691406,9352400
2022-11-30,108.69999694824219,110.33000183105469,107.62999725341797,110.12000274658203,103.59010314941406,20305800
2022-12-01,109.75,110.9800033569336,108.7699966430664,109.80000305175781,103.28907775878906,10110500
2022-12-02,109.0,110.08999633789062,108.70999908447266,110.04000091552734,103.51485443115234,6943600
2022-12-05,109.80999755859375,110.2300033569336,109.20999908447266,110.01000213623047,103.48664093017578,6961900
2022-12-06,110.36000061035156,110.76000213623047,108.41999816894531,108.93000030517578,102.47066497802734,7458700
2022-12-07,109.1500015258789,110.70999908447266,109.0,110.08999633789062,103.56187438964844,8270400
2022-12-08,110.27999877929688,111.0199966430664,110.12000274658203,110.8499984741211,104.27682495117188,7354800
2022-12-09,110.9800033569336,111.37000274658203,108.75,108.77999877929688,102.32955169677734,9667800
2022-12-12,107.93000030517578,109.0999984741211,107.31999969482422,108.97000122070312,102.50829315185547,10956600
2022-12-13,111.26000213623047,111.26000213623047,109.0,110.91000366210938,104.333251953125,15836900
2022-12-14,110.5199966430664,112.16999816894531,110.04000091552734,111.55000305175781,105.63055419921875,10788300
2022-12-15,110.23999786376953,110.7699966430664,109.2300033569336,109.62999725341797,103.81244659423828,9871400
2022-12-16,109.23999786376953,109.69999694824219,108.2699966430664,109.19999694824219,103.4052505493164,29465900
2022-12-19,109.19000244140625,110.0999984741211,108.7699966430664,109.44000244140625,103.63253021240234,6949500
2022-12-20,109.94000244140625,110.66000366210938,109.16000366210938,109.70999908447266,103.88819122314453,8022000
2022-12-21,110.0999984741211,111.19000244140625,109.54000091552734,111.11000061035156,105.21390533447266,6640900
2022-12-22,110.9000015258789,111.69000244140625,110.20999908447266,111.23999786376953,105.33702087402344,8373700
2022-12-23,111.25,112.12999725341797,110.87000274658203,111.86000061035156,105.92411804199219,4547400
2022-12-27,112.41000366210938,112.58999633789062,111.52999877929688,112.12000274658203,106.17030334472656,5125800
2022-12-28,112.88999938964844,112.88999938964844,111.05999755859375,111.08000183105469,105.18549346923828,5107800
2022-12-29,111.38999938964844,111.69999694824219,110.75,110.81999969482422,104.93929290771484,4467200
2022-12-30,111.2300033569336,111.41999816894531,110.12000274658203,110.94999694824219,105.0624008178711,5498600
2023-01-03,110.41000366210938,111.19999694824219,109.48999786376953,111.13999938964844,105.2423095703125,8062500
2023-01-04,112.31999969482422,112.61000061035156,111.23999786376953,112.08000183105469,106.1324462890625,8698600
2023-01-05,111.58999633789062,113.91000366210938,111.41999816894531,113.63999938964844,107.60964965820312,9578900
2023-01-06,114.31999969482422,115.48999786376953,114.05000305175781,114.83999633789062,108.74596405029297,8632300
2023-01-09,114.87999725341797,114.93000030517578,109.94000244140625,110.37999725341797,104.52264404296875,12858800
2023-01-10,110.55999755859375,112.01000213623047,109.87999725341797,110.80999755859375,104.92982482910156,12122800
2023-01-11,109.33999633789062,111.30999755859375,108.75,111.06999969482422,105.17603302001953,8626500
2023-01-12,110.91999816894531,112.0999984741211,110.02999877929688,111.7699966430664,105.83888244628906,8914800
2023-01-13,111.19999694824219,112.44000244140625,110.94999694824219,112.25,106.29341888427734,5757800
2023-01-17,112.02999877929688,112.48999786376953,110.31999969482422,110.44999694824219,104.58892822265625,10241100
2023-01-18,109.91999816894531,110.0999984741211,108.58000183105469,108.79000091552734,103.01701354980469,8799500
2023-01-19,108.44000244140625,110.18000030517578,108.0999984741211,109.9000015258789,104.068115234375,6772900
2023-01-20,109.37999725341797,109.98999786376953,108.6500015258789,109.94000244140625,104.10599517822266,9216500
2023-01-23,109.93000030517578,110.36000061035156,109.16999816894531,109.87999725341797,104.0491714477539,8998800
2023-01-24,110.0,110.0,106.38999938964844,108.5199966430664,102.76134490966797,7424200
2023-01-25,108.70999908447266,109.93000030517578,108.33000183105469,108.58999633789062,102.82762145996094,6168000
2023-01-26,108.52999877929688,108.55000305175781,105.81999969482422,106.87000274658203,101.19890594482422,9672700
2023-01-27,106.20999908447266,106.68000030517578,105.11000061035156,105.37999725341797,99.7879638671875,7784900
2023-01-30,105.56999969482422,106.5,105.5,106.08999633789062,100.46028900146484,6476600
2023-01-31,106.0999984741211,107.44000244140625,105.9000015258789,107.41000366210938,101.71024322509766,7938900
2023-02-01,106.97000122070312,107.43000030517578,106.08000183105469,106.9800033569336,101.30307006835938,10103200
2023-02-02,104.0199966430664,105.80999755859375,101.75,103.45999908447266,97.96985626220703,16229900
2023-02-03,103.22000122070312,103.79000091552734,102.4800033569336,102.94000244140625,97.47745513916016,11210800
2023-02-06,103.43000030517578,104.62000274658203,102.83999633789062,104.02999877929688,98.50961303710938,9054500
2023-02-07,103.69999694824219,105.93000030517578,103.55999755859375,105.68000030517578,100.0720443725586,7904700
2023-02-08,105.80999755859375,107.5199966430664,105.31999969482422,106.63999938964844,100.9811019897461,8596300
2023-02-09,106.86000061035156,107.83999633789062,106.54000091552734,106.72000122070312,101.0568618774414,7976800
2023-02-10,106.97000122070312,108.7699966430664,106.87000274658203,108.56999969482422,102.80868530273438,7609600
2023-02-13,108.70999908447266,109.56999969482422,108.3499984741211,109.55000305175781,103.73670196533203,7383100
2023-02-14,109.94999694824219,110.0,108.19000244140625,108.73999786376953,102.96966552734375,6983900
2023-02-15,108.52999877929688,108.79000091552734,107.55999755859375,107.68000030517578,101.96591186523438,6416600
2023-02-16,106.81999969482422,107.45999908447266,106.2300033569336,106.51000213623047,100.8580093383789,5959300
2023-02-17,106.33000183105469,109.54000091552734,105.5199966430664,109.5199966430664,103.70829010009766,9474600
2023-02-21,108.9000015258789,109.87999725341797,108.62999725341797,109.06999969482422,103.28215026855469,6741500
2023-02-22,110.20999908447266,110.31999969482422,108.91999816894531,109.16000366210938,103.36738586425781,7213900
2023-02-23,109.26000213623047,111.23999786376953,109.0999984741211,110.58999633789062,104.72148895263672,6922800
2023-02-24,110.08999633789062,110.33000183105469,108.88999938964844,109.88999938964844,104.05863189697266,5787900
2023-02-27,110.02999877929688,110.12999725341797,108.5199966430664,109.36000061035156,103.55677032470703,5654800
2023-02-28,108.83000183105469,108.83999633789062,106.16000366210938,106.23999786376953,100.60233306884766,10209900
2023-03-01,105.95999908447266,107.55000305175781,105.95999908447266,106.6500015258789,100.99058532714844,6099000
2023-03-02,106.62999725341797,107.37000274658203,106.0999984741211,107.01000213623047,101.33148193359375,5097500
2023-03-03,107.37999725341797,107.38999938964844,106.12999725341797,106.87999725341797,101.20836639404297,6124300
2023-03-06,107.66000366210938,111.23999786376953,107.44999694824219,111.0999984741211,105.20443725585938,17776600
2023-03-07,111.7699966430664,112.18000030517578,110.72000122070312,111.2699966430664,105.36541748046875,13805300
2023-03-08,110.93000030517578,111.27999877929688,107.58999633789062,108.27999877929688,102.5340805053711,8440800
2023-03-09,109.30000305175781,109.9000015258789,107.11000061035156,107.5999984741211,101.89016723632812,5842500
2023-03-10,107.44000244140625,110.72000122070312,107.33999633789062,107.69000244140625,101.97539520263672,9738500
2023-03-13,104.47000122070312,108.83999633789062,104.4000015258789,105.7300033569336,100.1194076538086,10687100
2023-03-14,105.44999694824219,107.12999725341797,104.5199966430664,106.97000122070312,101.9978256225586,9806900
2023-03-15,106.4800033569336,108.02999877929688,105.56999969482422,107.62999725341797,102.62714385986328,10942700
2023-03-16,106.5,107.70999908447266,104.2300033569336,107.33999633789062,102.35063171386719,9441500
2023-03-17,107.1500015258789,107.30999755859375,103.48999786376953,104.0999984741211,99.26122283935547,26402100
2023-03-20,104.81999969482422,106.91000366210938,104.81999969482422,105.8499984741211,100.92988586425781,12865800
2023-03-21,106.0,106.43000030517578,104.76000213623047,105.54000091552734,100.63430786132812,11571800
2023-03-22,105.47000122070312,106.0,104.38999938964844,104.4000015258789,99.54727935791016,5705800
2023-03-23,104.0999984741211,104.62999725341797,103.45999908447266,104.2300033569336,99.38519287109375,6801700
2023-03-24,104.08999633789062,105.01000213623047,102.44000244140625,104.80000305175781,99.92870330810547,6661800
2023-03-27,106.08000183105469,107.61000061035156,105.98999786376953,106.93000030517578,101.95968627929688,7563100
2023-03-28,106.61000061035156,107.02999877929688,105.44000244140625,105.52999877929688,100.62476348876953,6679500
2023-03-29,105.62000274658203,105.87000274658203,104.52999877929688,104.91999816894531,100.0431137084961,6310200
2023-03-30,105.12000274658203,106.19999694824219,104.54000091552734,105.91999816894531,100.99663543701172,5017400
2023-03-31,106.2300033569336,106.52999877929688,105.5199966430664,106.38999938964844,101.44477844238281,7184300
2023-04-03,105.94999694824219,109.4800033569336,105.56999969482422,108.87000274658203,103.80950164794922,6964100
2023-04-04,108.69999694824219,109.33999633789062,108.16000366210938,108.83000183105469,103.77137756347656,6108200
2023-04-05,109.91000366210938,112.33999633789062,109.58000183105469,111.91000366210938,106.70821380615234,8006100
2023-04-06,113.0,114.16999816894531,111.63999938964844,112.33000183105469,107.10868835449219,6894500
2023-04-10,112.95999908447266,113.08999633789062,111.16999816894531,112.61000061035156,107.37566375732422,6446500
2023-04-11,112.72000122070312,113.30999755859375,112.31999969482422,112.48999786376953,107.26124572753906,5639800
2023-04-12,112.25,114.30999755859375,111.87999725341797,113.75,108.46268463134766,6136700
2023-04-13,114.97000122070312,115.81999969482422,113.6500015258789,115.58000183105469,110.20762634277344,7332300
2023-04-14,115.73999786376953,116.16999816894531,114.66000366210938,115.30999755859375,109.95015716552734,5005100
2023-04-17,115.69000244140625,116.44999694824219,114.19999694824219,115.01000213623047,109.66410064697266,6575500
2023-04-18,114.4800033569336,115.12000274658203,113.7300033569336,114.83000183105469,109.49248504638672,5454500
2023-04-19,114.48999786376953,115.38999938964844,114.01000213623047,114.12999725341797,108.82501220703125,4683400
2023-04-20,114.18000030517578,114.5199966430664,113.0,114.16999816894531,108.8631591796875,4657900
2023-04-21,114.87000274658203,115.6500015258789,114.58999633789062,115.37000274658203,110.00737762451172,6554600
2023-04-24,115.63999938964844,116.27999877929688,114.7699966430664,115.94000244140625,110.5508804321289,4299100
2023-04-25,116.22000122070312,116.86000061035156,115.91000366210938,116.52999877929688,111.11345672607422,5662800
2023-04-26,115.19999694824219,115.19999694824219,112.72000122070312,113.43000030517578,108.15755462646484,6607900
2023-04-27,114.5999984741211,115.36000061035156,110.66000366210938,115.16000366210938,109.80714416503906,9975200
2023-04-28,114.36000061035156,115.52999877929688,113.45999908447266,115.47000122070312,110.10273742675781,8049900
2023-05-01,115.80000305175781,116.5999984741211,115.2699966430664,116.33999633789062,110.93228912353516,5238900
2023-05-02,116.66999816894531,118.38999938964844,115.80999755859375,117.88999938964844,112.41024017333984,8175600
2023-05-03,118.3499984741211,119.6500015258789,117.93000030517578,118.22000122070312,112.72490692138672,6738600
2023-05-04,118.0,118.0,116.48999786376953,117.37000274658203,111.91442108154297,6490200
2023-05-05,117.37999725341797,117.88999938964844,116.55999755859375,117.68000030517578,112.21001434326172,4534000
2023-05-08,117.08000183105469,118.44000244140625,116.44000244140625,118.37999725341797,112.8774642944336,5157300
2023-05-09,118.25,118.62999725341797,117.33999633789062,117.43000030517578,111.97162628173828,4933100
2023-05-10,117.41000366210938,118.16999816894531,116.41999816894531,117.9000015258789,112.41978454589844,5605400
2023-05-11,117.58000183105469,117.79000091552734,116.37999725341797,117.55000305175781,112.08604431152344,5596700
2023-05-12,118.0,118.55000305175781,116.69999694824219,117.13999938964844,111.69510650634766,5233100
2023-05-15,117.13999938964844,117.73999786376953,115.48999786376953,116.37000274658203,110.96090698242188,5697200
2023-05-16,115.87999725341797,116.76000213623047,115.29000091552734,116.08000183105469,110.68437957763672,4278200
2023-05-17,116.37000274658203,116.66000366210938,113.4800033569336,114.76000213623047,109.42573547363281,7210400
2023-05-18,114.13999938964844,115.06999969482422,113.33000183105469,114.0,108.70105743408203,6437100
2023-05-19,114.33000183105469,116.23999786376953,114.0999984741211,115.48999786376953,110.12179565429688,7647000
2023-05-22,115.4800033569336,117.08000183105469,114.33000183105469,114.48999786376953,109.16828155517578,5607400
2023-05-23,113.97000122070312,114.79000091552734,113.05000305175781,113.2699966430664,108.00498962402344,7733000
2023-05-24,114.11000061035156,114.31999969482422,112.55000305175781,113.5999984741211,108.31964874267578,4509500
2023-05-25,113.5,113.5,111.08999633789062,112.30000305175781,107.08008575439453,7037500
2023-05-26,112.0,113.19000244140625,110.6500015258789,111.06999969482422,105.90725708007812,6378200
2023-05-30,110.12999725341797,110.70999908447266,108.97000122070312,109.16999816894531,104.0955581665039,7768100
2023-05-31,108.47000122070312,111.1500015258789,108.47000122070312,110.41000366210938,105.2779312133789,14563500
2023-06-01,110.66000366210938,111.58999633789062,109.87999725341797,110.93000030517578,105.77376556396484,6959900
2023-06-02,111.11000061035156,112.7300033569336,110.72000122070312,112.5199966430664,107.28984069824219,5791500
2023-06-05,113.0,114.4800033569336,112.91000366210938,113.11000061035156,107.8524169921875,5185500
2023-06-06,113.55000305175781,113.72000122070312,109.27999877929688,110.01000213623047,104.89652252197266,6960200
2023-06-07,109.62999725341797,109.66999816894531,106.87000274658203,108.61000061035156,103.56159973144531,12420500
2023-06-08,108.30999755859375,111.06999969482422,108.0,110.31999969482422,105.19210815429688,8352700
2023-06-09,110.19000244140625,111.51000213623047,109.0199966430664,110.70999908447266,105.56398010253906,6521900
2023-06-12,110.19000244140625,110.98999786376953,108.5999984741211,109.86000061035156,104.75350189208984,7468500
2023-06-13,108.58999633789062,110.63999938964844,108.05000305175781,109.98999786376953,104.87744140625,7304200
2023-06-14,109.72000122070312,109.93000030517578,108.3499984741211,108.66000366210938,104.30152893066406,6137300
2023-06-15,108.4000015258789,109.9000015258789,108.33999633789062,109.4000015258789,105.0118408203125,7305700
2023-06-16,109.5,110.45999908447266,109.05999755859375,109.31999969482422,104.93504333496094,15844300
2023-06-20,109.08000183105469,110.86000061035156,109.02999877929688,110.2300033569336,105.80854034423828,7744400
2023-06-21,110.11000061035156,111.5199966430664,109.5199966430664,111.16000366210938,106.70124816894531,6854800
2023-06-22,111.5999984741211,113.83999633789062,111.5999984741211,113.72000122070312,109.1585693359375,7884100
2023-06-23,114.16000366210938,114.91000366210938,113.0199966430664,114.5999984741211,110.00325775146484,16407900
2023-06-26,114.44000244140625,114.5999984741211,111.77999877929688,113.08000183105469,108.54423522949219,7685100
2023-06-27,112.83000183105469,113.70999908447266,111.87000274658203,113.31999969482422,108.77459716796875,7093900
2023-06-28,113.44999694824219,113.56999969482422,111.44000244140625,112.44000244140625,107.92990112304688,8173800
2023-06-29,112.25,113.87999725341797,111.80999755859375,113.54000091552734,108.98577880859375,6281800
2023-06-30,113.79000091552734,115.61000061035156,113.43000030517578,115.38999938964844,110.76156616210938,8090600
2023-07-03,114.47000122070312,114.62000274658203,113.52999877929688,114.33000183105469,109.74407958984375,2834600
2023-07-05,114.04000091552734,114.43000030517578,113.41999816894531,113.69999694824219,109.13934326171875,5861500
2023-07-06,112.9000015258789,113.44000244140625,111.70999908447266,111.75,107.267578125,7257400
2023-07-07,111.06999969482422,111.5,108.76000213623047,109.0,104.62788391113281,11314800
2023-07-10,109.13999938964844,110.5999984741211,109.0999984741211,109.95999908447266,105.54937744140625,5949200
2023-07-11,109.4800033569336,110.0199966430664,108.25,108.69999694824219,104.33991241455078,6084900
2023-07-12,108.37000274658203,109.05000305175781,107.19000244140625,107.47000122070312,103.15925598144531,8376700
2023-07-13,107.33000183105469,107.91000366210938,106.26000213623047,106.31999969482422,102.05538177490234,9764400
2023-07-14,106.26000213623047,107.68000030517578,106.26000213623047,107.33999633789062,103.03446960449219,7209300
2023-07-17,107.04000091552734,107.44000244140625,105.29000091552734,105.56999969482422,101.33545684814453,7376400
2023-07-18,105.87999725341797,107.02999877929688,105.3499984741211,105.94999694824219,101.70021057128906,7499100
2023-07-19,106.16000366210938,107.37999725341797,105.91000366210938,105.94999694824219,101.70021057128906,6608600
2023-07-20,106.55000305175781,108.94999694824219,106.05999755859375,108.45999908447266,104.10954284667969,8073000
2023-07-21,108.7300033569336,110.62000274658203,108.37999725341797,110.38999938964844,105.96212768554688,8193500
2023-07-24,109.98999786376953,110.33999633789062,108.5,108.79000091552734,104.42630767822266,6045500
2023-07-25,107.63999938964844,108.72000122070312,107.31999969482422,107.52999877929688,103.21684265136719,6498700
2023-07-26,106.80000305175781,108.01000213623047,106.05999755859375,107.13999938964844,102.84249114990234,7042700
2023-07-27,107.23999786376953,107.62000274658203,105.16999816894531,105.2699966430664,101.0474853515625,9813100
2023-07-28,105.43000030517578,106.6500015258789,105.23999786376953,106.33999633789062,102.07456970214844,6903800
2023-07-31,106.55000305175781,106.7699966430664,105.66999816894531,106.6500015258789,102.37214660644531,7397500
2023-08-01,109.5999984741211,109.5999984741211,105.13999938964844,105.27999877929688,101.05709838867188,10009200
2023-08-02,106.02999877929688,108.13999938964844,104.87999725341797,105.69999694824219,101.46025085449219,10873500
2023-08-03,105.08000183105469,105.77999877929688,104.87000274658203,105.7300033569336,101.48905181884766,6039300
2023-08-04,105.63999938964844,106.41999816894531,104.51000213623047,105.0,100.78832244873047,6700700
2023-08-07,105.29000091552734,106.27999877929688,104.41999816894531,106.08999633789062,101.8345947265625,8259100
2023-08-08,105.69000244140625,107.19000244140625,105.69000244140625,106.41000366210938,102.14177703857422,10152200
2023-08-09,106.2699966430664,106.79000091552734,105.79000091552734,106.0999984741211,101.84420013427734,6479500
2023-08-10,106.20999908447266,107.04000091552734,105.41999816894531,105.56999969482422,101.33545684814453,6525700
2023-08-11,105.94999694824219,107.70999908447266,105.58999633789062,107.44000244140625,103.13046264648438,5904300
2023-08-14,107.91999816894531,109.43000030517578,107.30999755859375,108.91000366210938,104.54148864746094,8427200
2023-08-15,108.88999938964844,109.41999816894531,108.41999816894531,108.66000366210938,104.30152893066406,5118700
2023-08-16,108.5,109.47000122070312,108.27999877929688,108.7300033569336,104.36871337890625,5332900
2023-08-17,108.66000366210938,110.27999877929688,108.31999969482422,108.91999816894531,104.55109405517578,6457800
2023-08-18,108.97000122070312,109.5,108.20999908447266,109.19999694824219,104.8198471069336,6710400
2023-08-21,109.08999633789062,110.0,108.94999694824219,109.63999938964844,105.24220275878906,6012500
2023-08-22,109.5999984741211,109.5999984741211,107.19999694824219,107.2300033569336,102.92889404296875,6026000
2023-08-23,109.98999786376953,111.88999938964844,109.81999969482422,111.30000305175781,106.83562469482422,10588200
2023-08-24,110.94999694824219,112.0199966430664,109.08999633789062,109.44999694824219,105.05982208251953,6487700
2023-08-25,109.94000244140625,110.33000183105469,108.9800033569336,110.20999908447266,105.78934478759766,4839100
2023-08-28,110.2300033569336,110.61000061035156,108.6500015258789,108.93000030517578,104.56068420410156,4335600
2023-08-29,109.27999877929688,110.5199966430664,108.93000030517578,109.98999786376953,105.57815551757812,5673100
2023-08-30,110.30000305175781,110.80000305175781,109.72000122070312,110.20999908447266,105.78934478759766,4785000
2023-08-31,110.12000274658203,110.54000091552734,108.88999938964844,108.9800033569336,104.60868072509766,9212000
2023-09-01,109.6500015258789,110.37000274658203,109.25,109.83999633789062,105.4341812133789,4941300
2023-09-05,109.45999908447266,109.72000122070312,107.48999786376953,107.51000213623047,103.19764709472656,6379900
2023-09-06,106.76000213623047,107.0,104.91999816894531,106.48999786376953,102.21856689453125,7926100
2023-09-07,106.91000366210938,108.69000244140625,106.86000061035156,107.94000244140625,103.61041259765625,8532600
2023-09-08,107.54000091552734,109.13999938964844,107.54000091552734,109.05000305175781,104.6758804321289,6807500
2023-09-11,109.33000183105469,109.44000244140625,108.33999633789062,108.5999984741211,104.2439193725586,5069300
2023-09-12,108.41999816894531,109.4800033569336,107.55000305175781,109.0199966430664,104.64707946777344,4605400
2023-09-13,108.9800033569336,109.66999816894531,107.66999816894531,107.80999755859375,103.48561096191406,6761500
2023-09-14,107.69000244140625,108.51000213623047,106.95999908447266,108.23999786376953,104.6066665649414,6872400
2023-09-15,108.12000274658203,108.93000030517578,107.26000213623047,107.5199966430664,103.91084289550781,9639000
2023-09-18,107.7699966430664,107.94000244140625,106.8499984741211,107.81999969482422,104.20076751708984,3911300
2023-09-19,107.6500015258789,108.18000030517578,106.91000366210938,107.36000061035156,103.75621795654297,5818300
2023-09-20,108.20999908447266,108.4000015258789,107.25,107.30999755859375,103.7078857421875,4593600
2023-09-21,107.2699966430664,107.87999725341797,106.41999816894531,106.7300033569336,103.1473617553711,5856600
2023-09-22,107.22000122070312,107.22000122070312,105.95999908447266,106.33999633789062,102.77044677734375,5027200
2023-09-25,106.05000305175781,106.19000244140625,105.11000061035156,105.83999633789062,102.2872314453125,6052200
2023-09-26,105.12000274658203,106.55000305175781,105.11000061035156,105.38999938964844,101.85234832763672,5400500
2023-09-27,105.44999694824219,105.5199966430664,103.30000305175781,103.94000244140625,100.45101928710938,5635500
2023-09-28,104.56999969482422,104.97000122070312,103.77999877929688,104.30000305175781,100.79891967773438,4758800
2023-09-29,104.36000061035156,104.68000030517578,102.70999908447266,102.94999694824219,99.4942398071289,7232700
2023-10-02,102.83000183105469,102.83000183105469,101.3499984741211,102.55000305175781,99.10767364501953,7079700
2023-10-03,102.23999786376953,102.44000244140625,100.91999816894531,101.7699966430664,98.35385131835938,5924000
2023-10-04,101.58000183105469,102.43000030517578,101.33000183105469,102.16999816894531,98.74043273925781,6720500
2023-10-05,102.36000061035156,103.70999908447266,102.33999633789062,103.5999984741211,100.12242889404297,6449100
2023-10-06,103.7300033569336,104.43000030517578,102.91999816894531,103.87999725341797,100.39302062988281,6854900
2023-10-09,103.5,105.19000244140625,103.30999755859375,104.5,100.99221801757812,5061100
2023-10-10,104.31999969482422,104.45999908447266,103.16000366210938,103.61000061035156,100.13208770751953,7177200
2023-10-11,104.0,104.20999908447266,102.8499984741211,103.45999908447266,99.98712158203125,5375100
2023-10-12,103.5199966430664,103.94999694824219,102.93000030517578,103.58999633789062,100.11275482177734,5124000
2023-10-13,103.61000061035156,104.5199966430664,102.77999877929688,104.01000213623047,100.51866149902344,5787500
2023-10-16,104.19999694824219,105.37000274658203,104.05999755859375,104.13999938964844,100.64430236816406,6473500
2023-10-17,104.0,104.48999786376953,103.1500015258789,104.16999816894531,100.67329406738281,5827200
2023-10-18,104.11000061035156,104.45999908447266,101.91000366210938,101.98999786376953,98.56646728515625,7136400
2023-10-19,101.66000366210938,101.7300033569336,99.13999938964844,100.43000030517578,97.058837890625,7647600
2023-10-20,99.98999786376953,103.36000061035156,99.98999786376953,102.66999816894531,99.22364807128906,12466800
2023-10-23,102.83000183105469,104.1500015258789,102.66999816894531,103.3499984741211,99.88082122802734,8493000
2023-10-24,103.31999969482422,104.05999755859375,102.68000030517578,103.02999877929688,99.57156372070312,6347900
2023-10-25,103.3499984741211,104.61000061035156,102.94999694824219,103.62999725341797,100.15142059326172,7849200
2023-10-26,103.0999984741211,107.2300033569336,102.98999786376953,105.55000305175781,102.00696563720703,11335700
2023-10-27,105.31999969482422,105.56999969482422,102.22000122070312,102.81999969482422,99.36860656738281,8933800
2023-10-30,103.27999877929688,104.5,102.61000061035156,102.68000030517578,99.2332992553711,6915500
2023-10-31,102.7699966430664,103.55000305175781,101.4000015258789,102.69999694824219,99.25263977050781,7522600
2023-11-01,103.55000305175781,104.2300033569336,102.7300033569336,102.8499984741211,99.39759826660156,5838100
2023-11-02,102.73999786376953,103.05999755859375,101.6500015258789,102.8499984741211,99.39759826660156,5379100
2023-11-03,103.37000274658203,104.25,102.77999877929688,103.37999725341797,99.9098129272461,6005900
2023-11-06,104.08000183105469,104.37000274658203,103.13999938964844,104.33999633789062,100.83757781982422,5951200
2023-11-07,104.3499984741211,104.72000122070312,103.7300033569336,104.0,100.50900268554688,6616400
2023-11-08,103.9800033569336,105.16999816894531,103.83999633789062,104.4000015258789,100.89556884765625,8152100
2023-11-09,104.70999908447266,104.70999908447266,102.1500015258789,102.37999725341797,98.94337463378906,7377000
2023-11-10,102.83999633789062,103.36000061035156,100.5999984741211,101.38999938964844,97.98661804199219,7627100
2023-11-13,101.08999633789062,102.55000305175781,100.58000183105469,102.47000122070312,99.03035736083984,5878200
2023-11-14,102.66000366210938,103.22000122070312,101.9000015258789,102.16999816894531,98.74043273925781,6944400
2023-11-15,101.87999725341797,102.16999816894531,100.72000122070312,101.3499984741211,97.94795989990234,7392600
2023-11-16,101.83000183105469,102.05999755859375,101.02999877929688,101.98999786376953,98.56646728515625,7889700
2023-11-17,102.0,102.41999816894531,100.95999908447266,101.75,98.33452606201172,6767000
2023-11-20,100.97000122070312,102.93000030517578,100.88999938964844,102.68000030517578,99.2332992553711,7449900
2023-11-21,103.0,103.62999725341797,101.8499984741211,102.20999908447266,98.77909088134766,7403500
2023-11-22,102.19999694824219,102.68000030517578,101.11000061035156,101.68000030517578,98.26688385009766,5724000
2023-11-24,102.26000213623047,102.51000213623047,101.44000244140625,101.87000274658203,98.45050811767578,3168000
2023-11-27,101.91000366210938,102.1500015258789,100.69999694824219,101.43000030517578,98.0252685546875,7356500
2023-11-28,101.30999755859375,101.3499984741211,100.01000213623047,100.18000030517578,96.81723022460938,8738500
2023-11-29,100.27999877929688,101.16999816894531,99.80000305175781,101.12999725341797,97.7353286743164,10286800
2023-11-30,100.83999633789062,102.69000244140625,100.27999877929688,102.4800033569336,99.04002380371094,29299700
2023-12-01,102.8499984741211,103.68000030517578,102.66000366210938,103.45999908447266,99.98712158203125,6856400
2023-12-04,103.7300033569336,105.37999725341797,103.7300033569336,105.05999755859375,101.53341674804688,10169900
2023-12-05,104.91999816894531,106.4000015258789,104.18000030517578,106.2300033569336,102.66414642333984,10789100
2023-12-06,106.25,106.56999969482422,105.43000030517578,105.62999725341797,102.08428192138672,9954800
2023-12-07,105.58999633789062,105.5999984741211,103.7300033569336,103.87999725341797,100.39302062988281,9602200
2023-12-08,103.79000091552734,104.01000213623047,102.6500015258789,103.75,100.26739501953125,7530000
2023-12-11,104.8499984741211,105.47000122070312,103.56999969482422,104.37000274658203,100.8665771484375,7429700
2023-12-12,104.4800033569336,104.79000091552734,103.41999816894531,104.36000061035156,100.85692596435547,7933500
2023-12-13,104.16000366210938,107.11000061035156,103.97000122070312,107.11000061035156,103.51460266113281,10995000
2023-12-14,106.68000030517578,107.20999908447266,105.13999938964844,105.87999725341797,103.06682586669922,10723000
2023-12-15,104.88999938964844,106.2699966430664,104.26000213623047,105.11000061035156,102.3172836303711,26392900
2023-12-18,106.16000366210938,107.20999908447266,105.62999725341797,106.04000091552734,103.22257232666016,12805600
2023-12-19,106.05000305175781,106.66000366210938,105.44000244140625,106.48999786376953,103.66061401367188,8043100
2023-12-20,107.13999938964844,107.13999938964844,105.23999786376953,105.36000061035156,102.5606460571289,8441600
2023-12-21,105.79000091552734,106.61000061035156,105.33999633789062,106.38999938964844,103.56327056884766,5919400
2023-12-22,107.1500015258789,108.05999755859375,106.83999633789062,107.69999694824219,104.83846282958984,6028100
2023-12-26,107.5,108.08999633789062,107.22000122070312,107.62999725341797,104.77033233642578,4727700
2023-12-27,107.30999755859375,108.06999969482422,107.01000213623047,107.9800033569336,105.11103057861328,5387000
2023-12-28,108.30000305175781,109.05999755859375,108.12999725341797,108.7699966430664,105.88004302978516,5530400
2023-12-29,108.98999786376953,109.23999786376953,108.79000091552734,109.0199966430664,106.12338256835938,5886100
2024-01-02,109.16000366210938,113.31999969482422,109.16000366210938,113.23999786376953,110.23127746582031,11920100
2024-01-03,114.2699966430664,115.9000015258789,114.16000366210938,114.7699966430664,111.72061920166016,10721900
2024-01-04,115.91999816894531,117.6500015258789,115.86000061035156,117.01000213623047,113.90111541748047,11492200
2024-01-05,117.0999984741211,117.44999694824219,116.63999938964844,117.22000122070312,114.10552978515625,6860100
2024-01-08,117.58999633789062,117.88999938964844,116.18000030517578,117.37999725341797,114.26127624511719,8193100
2024-01-09,117.51000213623047,119.94000244140625,117.20999908447266,118.43000030517578,115.28338623046875,8822300
2024-01-10,118.19000244140625,119.16999816894531,117.73999786376953,118.86000061035156,115.70195007324219,7129100
2024-01-11,118.80000305175781,118.9000015258789,117.08000183105469,118.43000030517578,115.28338623046875,5754400
2024-01-12,118.06999969482422,118.66999816894531,117.6500015258789,118.62999725341797,115.47806549072266,6822100
2024-01-16,118.48999786376953,119.33999633789062,117.94000244140625,118.48999786376953,115.34178161621094,6832300
2024-01-17,119.18000030517578,119.4000015258789,117.61000061035156,118.12999725341797,114.99134826660156,5591400
2024-01-18,117.6500015258789,118.62000274658203,116.62000274658203,118.54000091552734,115.39045715332031,10524700
2024-01-19,118.20999908447266,119.0199966430664,117.72000122070312,118.88999938964844,115.73116302490234,7535300
2024-01-22,119.04000091552734,119.97000122070312,118.86000061035156,119.43000030517578,116.25680541992188,8786200
2024-01-23,118.13999938964844,119.98999786376953,117.2699966430664,119.83999633789062,116.6559066772461,6501400
2024-01-24,119.69999694824219,119.94999694824219,118.44000244140625,118.87999725341797,115.72142028808594,5859900
2024-01-25,118.66000366210938,120.18000030517578,118.66000366210938,120.12999725341797,116.93820190429688,6689800
2024-01-26,120.51000213623047,121.0199966430664,120.08000183105469,120.81999969482422,117.60987854003906,8300300
2024-01-29,121.3499984741211,121.45999908447266,120.48999786376953,121.27999877929688,118.05765533447266,9138200
2024-01-30,121.27999877929688,121.76000213623047,120.18000030517578,121.66000366210938,118.42756652832031,7469500
2024-01-31,122.52999877929688,122.8499984741211,120.5,120.77999877929688,117.57093811035156,10779000
2024-02-01,123.6500015258789,126.43000030517578,122.7699966430664,126.37999725341797,123.02214813232422,11650700
2024-02-02,126.70999908447266,127.55999755859375,126.11000061035156,126.41000366210938,123.05136108398438,10175100
2024-02-05,126.9800033569336,127.80000305175781,125.69999694824219,126.18000030517578,122.82746887207031,8027700
2024-02-06,126.61000061035156,127.5199966430664,126.06999969482422,126.87999725341797,123.50886535644531,6153000
2024-02-07,126.9000015258789,128.05999755859375,126.5,127.47000122070312,124.08319091796875,6742800
2024-02-08,127.31999969482422,127.4800033569336,125.94999694824219,126.61000061035156,123.24603271484375,6308300
2024-02-09,126.22000122070312,126.69000244140625,125.04000091552734,125.44999694824219,122.11685943603516,7891200
2024-02-12,125.0,125.4800033569336,124.4000015258789,125.33999633789062,122.00977325439453,5257400
2024-02-13,125.9800033569336,126.86000061035156,124.4800033569336,125.43000030517578,122.0973892211914,7273400
2024-02-14,125.61000061035156,126.02999877929688,124.81999969482422,125.81999969482422,122.47702026367188,6622400
2024-02-15,125.97000122070312,127.2300033569336,125.94999694824219,126.54000091552734,123.17790222167969,5756700
2024-02-16,126.5,128.08999633789062,126.16999816894531,127.79000091552734,124.39469146728516,6266500
2024-02-20,128.1300048828125,129.2899932861328,127.20999908447266,127.37000274658203,123.98584747314453,6952800
2024-02-21,127.44000244140625,128.16000366210938,126.80000305175781,128.1199951171875,124.71591186523438,4849200
2024-02-22,128.14999389648438,129.72000122070312,127.6500015258789,129.25999450683594,125.82563018798828,6517400
2024-02-23,129.7899932861328,130.24000549316406,128.86000061035156,129.4499969482422,126.01058197021484,5177400
2024-02-26,129.3800048828125,129.6999969482422,128.47000122070312,128.83999633789062,125.41678619384766,5158400
2024-02-27,128.25999450683594,129.16000366210938,127.80000305175781,129.02999877929688,125.60174560546875,4780200
2024-02-28,129.33999633789062,129.39999389648438,127.69999694824219,128.19000244140625,124.78406524658203,5697200
2024-02-29,128.10000610351562,128.85000610351562,127.05999755859375,127.1500015258789,123.77169799804688,11246100
2024-03-01,126.87000274658203,127.8499984741211,126.41999816894531,126.95999908447266,123.58673858642578,6023400
2024-03-04,124.45999908447266,126.54000091552734,123.29000091552734,124.05000305175781,120.75405883789062,12706200
2024-03-05,124.68000030517578,125.04000091552734,122.38999938964844,122.83000183105469,119.56648254394531,8277800
2024-03-06,122.83999633789062,124.76000213623047,122.51000213623047,123.75,120.46202850341797,8251400
2024-03-07,123.36000061035156,124.52999877929688,122.81999969482422,123.98999786376953,120.69564819335938,8982200
2024-03-08,123.2300033569336,124.04000091552734,122.05999755859375,123.5,120.21868133544922,9822700
2024-03-11,124.6500015258789,124.6500015258789,121.83999633789062,122.7699966430664,119.50806427001953,7769300
2024-03-12,123.0,123.20999908447266,121.43000030517578,122.66000366210938,119.40098571777344,11621800
2024-03-13,123.16000366210938,123.20999908447266,120.80000305175781,122.16000366210938,118.9142837524414,9186000
2024-03-14,121.31999969482422,121.31999969482422,119.66000366210938,120.51000213623047,118.0522232055664,10132500
2024-03-15,119.83999633789062,121.94000244140625,119.2300033569336,121.5199966430664,119.04161834716797,46476800
2024-03-18,121.8499984741211,122.51000213623047,121.12999725341797,121.44000244140625,118.9632568359375,8311900
2024-03-19,121.44000244140625,122.26000213623047,120.43000030517578,122.19999694824219,119.70774841308594,11696600
2024-03-20,121.27999877929688,123.91000366210938,120.37999725341797,123.8499984741211,121.3240966796875,9793200
2024-03-21,123.69000244140625,124.19000244140625,123.05999755859375,123.62000274658203,121.09879302978516,8156300
2024-03-22,123.79000091552734,124.48999786376953,123.22000122070312,123.8499984741211,121.3240966796875,7022500
2024-03-25,124.08000183105469,125.58000183105469,123.7699966430664,125.30999755859375,122.75432586669922,7605800
2024-03-26,125.77999877929688,126.08000183105469,124.8499984741211,125.5199966430664,122.96003723144531,8864400
2024-03-27,132.8699951171875,133.10000610351562,130.11000061035156,131.75,129.06297302246094,16061600
2024-03-28,132.0,132.4199981689453,131.0800018310547,131.9499969482422,129.2589111328125,10189700
2024-04-01,131.67999267578125,131.92999267578125,130.11000061035156,130.99000549316406,128.31849670410156,5377600
2024-04-02,130.10000610351562,130.75999450683594,129.27999877929688,130.35000610351562,127.69154357910156,6584200
2024-04-03,130.35000610351562,132.3000030517578,129.42999267578125,129.89999389648438,127.25071716308594,7741400
2024-04-04,130.8300018310547,130.94000244140625,127.33999633789062,127.66000366210938,125.056396484375,6753200
2024-04-05,127.6500015258789,128.60000610351562,127.0,127.98999786376953,125.37966918945312,5691800
2024-04-08,127.63999938964844,127.91999816894531,125.87999725341797,126.55999755859375,123.97882080078125,6282500
2024-04-09,126.58000183105469,127.0,125.51000213623047,126.70999908447266,124.12577056884766,4696600
2024-04-10,125.86000061035156,127.0,125.05000305175781,126.75,124.16495513916016,5787700
2024-04-11,126.55000305175781,127.13999938964844,125.45999908447266,126.1500015258789,123.57719421386719,6187200
2024-04-12,127.04000091552734,127.11000061035156,125.0999984741211,125.73999786376953,123.1755599975586,7369700
2024-04-15,126.69000244140625,127.81999969482422,125.87000274658203,126.19000244140625,123.61637878417969,6241000
2024-04-16,126.55999755859375,126.80000305175781,125.02999877929688,125.05999755859375,122.5094223022461,5587300
2024-04-17,125.66999816894531,126.19000244140625,124.70999908447266,125.37000274658203,122.8131103515625,6122800
2024-04-18,125.5199966430664,125.5199966430664,124.5,125.2300033569336,122.67595672607422,5992700
2024-04-19,125.6500015258789,126.12000274658203,124.88999938964844,125.77999877929688,123.21472930908203,8403100
2024-04-22,126.70999908447266,128.0800018310547,126.22000122070312,126.94000244140625,124.35108184814453,7805800
2024-04-23,128.10000610351562,128.10000610351562,126.73999786376953,126.87999725341797,124.29229736328125,7744000
2024-04-24,126.81999969482422,127.58999633789062,125.3499984741211,127.0,124.40985107421875,7128300
2024-04-25,129.69000244140625,132.8000030517578,128.75999450683594,130.72000122070312,128.05398559570312,12750100
2024-04-26,130.1300048828125,131.91000366210938,130.1300048828125,131.1999969482422,128.52420043945312,7758200
2024-04-29,131.72000122070312,132.1999969482422,129.3300018310547,130.1199951171875,127.46622467041016,6788000
2024-04-30,130.9199981689453,130.9199981689453,128.97999572753906,129.22000122070312,126.58458709716797,6945000
2024-05-01,128.61000061035156,129.92999267578125,127.80000305175781,128.8000030517578,126.17314910888672,5895700
2024-05-02,129.05999755859375,129.69000244140625,127.98999786376953,128.25999450683594,125.64414978027344,7422500
2024-05-03,128.00999450683594,128.47999572753906,127.18000030517578,127.51000213623047,124.90945434570312,6221900
2024-05-06,127.18000030517578,127.7300033569336,126.76000213623047,127.56999969482422,124.96823120117188,6552000
2024-05-07,127.0999984741211,130.42999267578125,127.06999969482422,130.3800048828125,127.72091674804688,6682300
2024-05-08,130.5800018310547,131.50999450683594,129.3300018310547,129.5500030517578,126.9078598022461,6659100
2024-05-09,128.94000244140625,130.5,128.94000244140625,130.22999572753906,127.57398223876953,9216700
2024-05-10,130.82000732421875,130.8800048828125,129.9499969482422,130.05999755859375,127.4074478149414,5722600
2024-05-13,129.50999450683594,129.7100067138672,128.02000427246094,129.2899932861328,126.65314483642578,7109700
2024-05-14,129.1999969482422,129.1999969482422,128.02999877929688,128.66000366210938,126.03600311279297,6154300
2024-05-15,128.8800048828125,131.97000122070312,128.72000122070312,131.72999572753906,129.0433807373047,7237100
2024-05-16,131.3699951171875,131.77999877929688,130.7899932861328,130.8800048828125,128.2107391357422,5518100
2024-05-17,130.69000244140625,131.32000732421875,129.80999755859375,131.19000244140625,128.514404296875,8281600
2024-05-20,130.80999755859375,131.74000549316406,130.64999389648438,130.99000549316406,128.31849670410156,4860400
2024-05-21,131.67999267578125,132.7899932861328,130.47999572753906,130.75999450683594,128.09317016601562,6254700
2024-05-22,130.1699981689453,131.60000610351562,130.14999389648438,131.10000610351562,128.42625427246094,4407500
2024-05-23,130.89999389648438,131.9199981689453,130.30999755859375,131.08999633789062,128.41644287109375,6830900
2024-05-24,131.4499969482422,131.4499969482422,129.16000366210938,129.49000549316406,126.84907531738281,5982800
2024-05-28,128.83999633789062,129.0800018310547,125.73999786376953,126.08999633789062,123.51841735839844,10263400
2024-05-29,126.13999938964844,126.44999694824219,125.27999877929688,125.9000015258789,123.33229064941406,8527800
2024-05-30,125.9800033569336,127.8499984741211,122.69999694824219,124.52999877929688,121.990234375,13003500
2024-05-31,125.12999725341797,126.61000061035156,124.55000305175781,125.54000091552734,122.9796371459961,18150500
2024-06-03,125.7699966430664,128.9499969482422,125.7699966430664,128.4199981689453,125.80089569091797,7702500
2024-06-04,127.1500015258789,129.36000061035156,126.87999725341797,128.7100067138672,126.08499145507812,6440100
2024-06-05,128.47999572753906,129.94000244140625,128.07000732421875,129.4499969482422,126.80989074707031,5009400
2024-06-06,129.16000366210938,130.92999267578125,128.89999389648438,130.52000427246094,127.85807037353516,8088500
2024-06-07,130.35000610351562,131.3699951171875,130.2100067138672,130.6699981689453,128.00498962402344,4945600
2024-06-10,130.6300048828125,131.67999267578125,129.64999389648438,131.49000549316406,128.80828857421875,6033700
2024-06-11,131.0,132.1699981689453,129.74000549316406,131.83999633789062,129.15113830566406,11453200
2024-06-12,132.6999969482422,132.7100067138672,130.16000366210938,130.1999969482422,127.54460144042969,5822000
2024-06-13,130.02000427246094,130.1199951171875,128.58999633789062,129.3699951171875,126.73151397705078,5004200
2024-06-14,129.16000366210938,129.8699951171875,128.64999389648438,129.47999572753906,126.83927154541016,7338500
2024-06-17,128.2100067138672,128.94000244140625,127.37000274658203,127.5,125.64686584472656,8524000
2024-06-18,128.27000427246094,128.72999572753906,127.08999633789062,127.98999786376953,126.1297378540039,6532400
2024-06-20,127.38999938964844,130.42999267578125,126.75,129.6699981689453,127.78531646728516,10348400
2024-06-21,130.1699981689453,131.1999969482422,129.08999633789062,130.72000122070312,128.820068359375,17182700
2024-06-24,131.27000427246094,133.30999755859375,130.92999267578125,132.9600067138672,131.0275115966797,8553800
2024-06-25,133.1199951171875,134.6300048828125,132.60000610351562,132.9199981689453,130.9880828857422,6758400
2024-06-26,133.3800048828125,133.42999267578125,131.49000549316406,131.5,129.58872985839844,8492100
2024-06-27,131.99000549316406,132.2899932861328,126.77999877929688,129.82000732421875,127.93315124511719,11927600
2024-06-28,129.5399932861328,130.97000122070312,120.87000274658203,123.80000305175781,122.00064849853516,57055500
2024-07-01,125.37999725341797,129.19000244140625,125.0999984741211,127.9000015258789,126.04105377197266,11533000
2024-07-02,128.2100067138672,128.24000549316406,126.66000366210938,127.72000122070312,125.86366271972656,5645400
2024-07-03,127.69000244140625,127.94000244140625,125.30000305175781,125.8499984741211,124.02084350585938,4002100
2024-07-05,126.52999877929688,126.5999984741211,124.91000366210938,126.44999694824219,124.61212158203125,6786700
2024-07-08,126.80000305175781,127.45999908447266,125.33000183105469,125.77999877929688,123.95186614990234,5743400
2024-07-09,125.23999786376953,126.0999984741211,123.69999694824219,126.04000091552734,124.20808410644531,6339000
2024-07-10,125.87999725341797,127.4800033569336,125.83000183105469,127.30000305175781,125.44977569580078,4588500
2024-07-11,127.61000061035156,129.1199951171875,127.58999633789062,128.97000122070312,127.09549713134766,7048800
2024-07-12,129.39999389648438,129.92999267578125,127.31999969482422,127.76000213623047,125.90309143066406,7022300
2024-07-15,128.0,128.33999633789062,127.19999694824219,128.1199951171875,126.25785064697266,6918500
2024-07-16,127.87000274658203,129.02999877929688,125.19999694824219,125.44000244140625,123.61681365966797,8194400
2024-07-17,125.47000122070312,126.69000244140625,124.55999755859375,125.88999938964844,124.06026458740234,7628000
2024-07-18,125.30000305175781,125.5999984741211,122.37000274658203,124.25,122.44409942626953,9501400
2024-07-19,125.30000305175781,126.98999786376953,125.18000030517578,125.7699966430664,123.94200897216797,6848800
2024-07-22,125.94999694824219,126.48999786376953,125.02999877929688,125.69000244140625,123.86317443847656,4341800
2024-07-23,124.98999786376953,125.62000274658203,124.18000030517578,124.37999725341797,122.57221221923828,4285400
2024-07-24,124.97000122070312,126.16999816894531,124.68000030517578,125.91999816894531,124.08982849121094,6338500
2024-07-25,126.02999877929688,127.8499984741211,125.70999908447266,125.8499984741211,124.02084350585938,7357100
2024-07-26,127.23999786376953,128.72999572753906,125.05000305175781,125.26000213623047,123.43942260742188,6467000
2024-07-29,125.77999877929688,127.98999786376953,124.91999816894531,127.77999877929688,125.92279815673828,9139500
2024-07-30,123.4800033569336,123.94000244140625,113.91000366210938,115.25,113.57491302490234,35509400
2024-07-31,116.0,117.83999633789062,112.22000122070312,113.12999725341797,111.48572540283203,22733000
