Date,Open,High,Low,Close,Adj Close,Volume
2010-01-04,17.913333892822266,18.22333335876465,17.889999389648438,18.07666778564453,13.084424018859863,62259300
2010-01-05,18.030000686645508,18.06333351135254,17.856666564941406,17.89666748046875,12.954133033752441,46945200
2010-01-06,17.833332061767578,17.94333267211914,17.80666732788086,17.856666564941406,12.925180435180664,37551600
2010-01-07,17.906667709350586,17.916667938232422,17.753332138061523,17.866666793823242,12.93242073059082,31988100
2010-01-08,17.809999465942383,17.843332290649414,17.67333221435547,17.77666664123535,12.867278099060059,34089600
2010-01-11,17.77666664123535,18.14666748046875,17.700000762939453,18.06999969482422,13.079601287841797,41963100
2010-01-12,18.0,18.25,17.953332901000977,18.24333381652832,13.205062866210938,45351000
2010-01-13,18.26333236694336,18.399999618530273,18.136667251586914,18.336666107177734,13.272621154785156,39872100
2010-01-14,18.24333381652832,18.280000686645508,18.053333282470703,18.06999969482422,13.079601287841797,41316000
2010-01-15,18.113332748413086,18.183332443237305,17.866666793823242,17.893333435058594,12.951722145080566,57262500
2010-01-19,17.969999313354492,18.086666107177734,17.833332061767578,18.010000228881836,13.036171913146973,43855500
2010-01-20,17.97333335876465,17.979999542236328,17.74333381652832,17.953332901000977,12.995158195495605,39925800
2010-01-21,18.023332595825195,18.023332595825195,17.613332748413086,17.639999389648438,12.768351554870605,48086100
2010-01-22,17.65333366394043,17.823333740234375,17.56333351135254,17.64666748046875,12.773183822631836,58247700
2010-01-25,17.713333129882812,17.739999771118164,17.593332290649414,17.626667022705078,12.758697509765625,36009900
2010-01-26,17.606666564941406,17.953332901000977,17.57666778564453,17.8700008392334,12.934833526611328,46752000
2010-01-27,17.84000015258789,17.92333221435547,17.700000762939453,17.799999237060547,12.884171485900879,39576300
2010-01-28,17.793333053588867,17.816667556762695,17.503332138061523,17.536666870117188,12.693561553955078,50880300
2010-01-29,17.893333435058594,18.049999237060547,17.799999237060547,17.809999465942383,12.89140510559082,72842400
2010-02-01,17.873332977294922,17.926666259765625,17.770000457763672,17.82666778564453,12.903463363647461,33058500
2010-02-02,17.863332748413086,17.906667709350586,17.77666664123535,17.829999923706055,12.905875205993652,34163700
2010-02-03,17.90999984741211,18.166667938232422,17.8799991607666,18.09000015258789,13.094078063964844,53966700
2010-02-04,17.959999084472656,18.100000381469727,17.65333366394043,17.656667709350586,12.780416488647461,63089700
2010-02-05,17.59000015258789,17.843332290649414,17.586666107177734,17.816667556762695,12.896231651306152,46637400
2010-02-08,17.793333053588867,17.84666633605957,17.639999389648438,17.643333435058594,12.770769119262695,31517700
2010-02-09,17.73666763305664,17.873332977294922,17.606666564941406,17.75,12.847973823547363,32475000
2010-02-10,17.75666618347168,17.833332061767578,17.65333366394043,17.746667861938477,12.845566749572754,28225200
2010-02-11,17.709999084472656,17.816667556762695,17.636667251586914,17.69333267211914,12.806957244873047,34738800
2010-02-12,17.703332901000977,17.703332901000977,17.553333282470703,17.633333206176758,12.763530731201172,51115200
2010-02-16,17.746667861938477,17.906667709350586,17.633333206176758,17.85333251953125,12.922769546508789,47313600
2010-02-17,17.89666748046875,18.083332061767578,17.883333206176758,18.020000457763672,13.043413162231445,46602600
2010-02-18,17.733333587646484,17.833332061767578,17.636667251586914,17.823333740234375,12.901056289672852,88372500
2010-02-19,17.729999542236328,17.860000610351562,17.690000534057617,17.829999923706055,12.905875205993652,45271200
2010-02-22,17.84000015258789,17.97333335876465,17.780000686645508,17.94333267211914,12.987916946411133,36291600
2010-02-23,17.916667938232422,18.02666664123535,17.816667556762695,17.873332977294922,12.937247276306152,42414000
2010-02-24,17.913333892822266,17.983333587646484,17.82666778564453,17.97333335876465,13.009629249572754,31872600
2010-02-25,17.81999969482422,18.093332290649414,17.75,18.049999237060547,13.065123558044434,40530300
2010-02-26,18.073333740234375,18.079999923706055,17.833332061767578,18.023332595825195,13.045822143554688,47858700
2010-03-01,18.01333236694336,18.043333053588867,17.84666633605957,17.96666717529297,13.004801750183105,36386100
2010-03-02,17.94333267211914,17.963333129882812,17.823333740234375,17.863332748413086,12.930005073547363,42245100
2010-03-03,17.78333282470703,17.916667938232422,17.71666717529297,17.886667251586914,12.946900367736816,34893600
2010-03-04,18.00666618347168,18.030000686645508,17.916667938232422,17.98666763305664,13.019277572631836,33635400
2010-03-05,17.989999771118164,18.05666732788086,17.833332061767578,18.046667098999023,13.062714576721191,34125300
2010-03-08,18.003332138061523,18.093332290649414,17.976667404174805,18.049999237060547,13.065123558044434,22670100
2010-03-09,18.040000915527344,18.166667938232422,17.97333335876465,18.020000457763672,13.043413162231445,37753800
2010-03-10,17.889999389648438,18.00666618347168,17.843332290649414,17.876667022705078,13.012594223022461,38091000
2010-03-11,17.8799991607666,17.996667861938477,17.843332290649414,17.989999771118164,13.095085144042969,32021700
2010-03-12,18.053333282470703,18.079999923706055,17.93000030517578,17.96666717529297,13.07810115814209,31433700
2010-03-15,18.1299991607666,18.51333236694336,18.116666793823242,18.47333335876465,13.446911811828613,73121700
2010-03-16,18.626667022705078,18.75666618347168,18.53333282470703,18.663333892822266,13.58521556854248,55359000
2010-03-17,18.683332443237305,18.709999084472656,18.553333282470703,18.639999389648438,13.568230628967285,37485600
2010-03-18,18.6299991607666,18.649999618530273,18.51333236694336,18.64666748046875,13.57308292388916,28416600
2010-03-19,18.446666717529297,18.75666618347168,18.383333206176758,18.446666717529297,13.427502632141113,51552300
2010-03-22,18.43666648864746,18.64666748046875,18.376667022705078,18.540000915527344,13.495444297790527,29622300
2010-03-23,18.543333053588867,18.666667938232422,18.536666870117188,18.6299991607666,13.560955047607422,28107900
2010-03-24,18.57666778564453,18.666667938232422,18.476667404174805,18.52666664123535,13.485733032226562,26096700
2010-03-25,18.543333053588867,18.663333892822266,18.53333282470703,18.536666870117188,13.493013381958008,29379300
2010-03-26,18.536666870117188,18.65333366394043,18.489999771118164,18.503332138061523,13.468749046325684,29841900
2010-03-29,18.5,18.583332061767578,18.476667404174805,18.579999923706055,13.524559020996094,29329500
2010-03-30,18.593332290649414,18.683332443237305,18.553333282470703,18.636667251586914,13.565803527832031,20823900
2010-03-31,18.60333251953125,18.633333206176758,18.5,18.53333282470703,13.490592956542969,29900700
2010-04-01,18.583332061767578,18.616666793823242,18.389999389648438,18.496667861938477,13.46390151977539,35364300
2010-04-05,18.566667556762695,18.57666778564453,18.406667709350586,18.496667861938477,13.46390151977539,32246400
2010-04-06,18.479999542236328,18.543333053588867,18.43000030517578,18.510000228881836,13.47360897064209,28701600
2010-04-07,18.5,18.633333206176758,18.3799991607666,18.426666259765625,13.412939071655273,38805600
2010-04-08,18.43000030517578,18.566667556762695,18.386667251586914,18.459999084472656,13.437207221984863,33419100
2010-04-09,18.459999084472656,18.459999084472656,18.209999084472656,18.356666564941406,13.361994743347168,37605300
2010-04-12,18.34000015258789,18.366666793823242,18.19333267211914,18.34000015258789,13.349858283996582,35862900
2010-04-13,18.303333282470703,18.40333366394043,18.219999313354492,18.239999771118164,13.277063369750977,38553300
2010-04-14,18.209999084472656,18.303333282470703,18.113332748413086,18.213333129882812,13.25765609741211,44060700
2010-04-15,18.049999237060547,18.1200008392334,17.97333335876465,18.043333053588867,13.133913040161133,52977900
2010-04-16,18.036666870117188,18.196666717529297,17.946666717529297,18.036666870117188,13.129058837890625,57696000
2010-04-19,18.0,18.15999984741211,18.0,18.1299991607666,13.19699478149414,33946800
2010-04-20,18.163333892822266,18.273332595825195,18.126667022705078,18.17333221435547,13.228537559509277,27276900
2010-04-21,18.14666748046875,18.190000534057617,18.059999465942383,18.156667709350586,13.216408729553223,34497900
2010-04-22,18.123332977294922,18.21666717529297,18.049999237060547,18.163333892822266,13.221263885498047,32763600
2010-04-23,18.156667709350586,18.203332901000977,17.97333335876465,18.176666259765625,13.230969429016113,49787400
2010-04-26,18.176666259765625,18.233333587646484,18.003332138061523,18.01333236694336,13.112076759338379,44253000
2010-04-27,17.866666793823242,18.139999389648438,17.843332290649414,18.01333236694336,13.112076759338379,57523800
2010-04-28,17.97333335876465,18.03333282470703,17.84000015258789,17.8700008392334,13.007741928100586,44712600
2010-04-29,17.886667251586914,18.07666778564453,17.850000381469727,17.899999618530273,13.029579162597656,39960000
2010-04-30,17.940000534057617,18.049999237060547,17.8799991607666,17.8799991607666,13.01501750946045,48838200
2010-05-03,17.959999084472656,17.983333587646484,17.823333740234375,17.913333892822266,13.039284706115723,36903000
2010-05-04,17.863332748413086,18.190000534057617,17.850000381469727,18.00666618347168,13.107217788696289,56012700
2010-05-05,18.036666870117188,18.316667556762695,17.940000534057617,18.25666618347168,13.289203643798828,49829700
2010-05-06,18.116666793823242,18.260000228881836,17.176666259765625,17.74333381652832,12.915542602539062,72202500
2010-05-07,17.68000030517578,17.873332977294922,17.266666412353516,17.46666717529297,12.714150428771973,86835300
2010-05-10,17.68666648864746,17.746667861938477,17.27666664123535,17.52666664123535,12.757823944091797,81270900
2010-05-11,17.450000762939453,17.59000015258789,17.389999389648438,17.48666763305664,12.728713989257812,58869900
2010-05-12,17.5,17.520000457763672,17.376667022705078,17.49333381652832,12.807537078857422,40830300
2010-05-13,17.543333053588867,17.656667709350586,17.453332901000977,17.46666717529297,12.788007736206055,37374000
2010-05-14,17.469999313354492,17.566667556762695,17.34000015258789,17.373332977294922,12.719679832458496,55944900
2010-05-17,17.469999313354492,17.639999389648438,17.34666633605957,17.57666778564453,12.868550300598145,50836200
2010-05-18,17.773332595825195,18.149999618530273,17.733333587646484,17.90333366394043,13.10771369934082,96683100
2010-05-19,17.843332290649414,17.920000076293945,17.59666633605957,17.68000030517578,12.944201469421387,61256100
2010-05-20,17.456666946411133,17.65333366394043,17.100000381469727,17.100000381469727,12.519561767578125,81768000
2010-05-21,16.90999984741211,17.123332977294922,16.836666107177734,17.123332977294922,12.53664493560791,73645800
2010-05-24,17.01333236694336,17.18000030517578,16.96666717529297,17.0,12.446351051330566,40673400
2010-05-25,16.75,16.833332061767578,16.666667938232422,16.760000228881836,12.270638465881348,72187200
2010-05-26,16.786666870117188,16.866666793823242,16.670000076293945,16.67333221435547,12.207184791564941,57234300
2010-05-27,16.84000015258789,16.90999984741211,16.773332595825195,16.899999618530273,12.373130798339844,41941200
2010-05-28,16.916667938232422,16.976667404174805,16.833332061767578,16.85333251953125,12.338963508605957,42058500
2010-06-01,16.933332443237305,17.170000076293945,16.84000015258789,16.97333335876465,12.426826477050781,48160800
2010-06-02,17.07666778564453,17.246667861938477,17.00666618347168,17.239999771118164,12.622056007385254,40997400
2010-06-03,17.24333381652832,17.360000610351562,17.15999984741211,17.239999771118164,12.622056007385254,31527300
2010-06-04,17.136667251586914,17.233333587646484,16.739999771118164,16.799999237060547,12.299919128417969,72125700
2010-06-07,16.81999969482422,17.123332977294922,16.773332595825195,16.913333892822266,12.382901191711426,58501800
2010-06-08,16.93000030517578,16.99333381652832,16.843332290649414,16.926666259765625,12.392658233642578,60946500
2010-06-09,16.98666763305664,17.1200008392334,16.863332748413086,16.996667861938477,12.4439115524292,49592700
2010-06-10,17.06999969482422,17.226667404174805,17.020000457763672,17.073333740234375,12.50003719329834,47551500
2010-06-11,16.989999771118164,17.09000015258789,16.850000381469727,16.953332901000977,12.412181854248047,42082200
2010-06-14,17.036666870117188,17.15333366394043,16.963333129882812,17.079999923706055,12.50492000579834,41700300
2010-06-15,17.066667556762695,17.21666717529297,17.020000457763672,17.213333129882812,12.602533340454102,42932400
2010-06-16,17.166667938232422,17.19333267211914,16.97333335876465,16.99333381652832,12.441469192504883,47702100
2010-06-17,17.016666412353516,17.163333892822266,16.98666763305664,17.136667251586914,12.546406745910645,38001900
2010-06-18,17.136667251586914,17.303333282470703,17.136667251586914,17.183332443237305,12.580570220947266,76277400
2010-06-21,17.23666763305664,17.293333053588867,16.90333366394043,17.00666618347168,12.451225280761719,43965600
2010-06-22,17.023332595825195,17.156667709350586,16.866666793823242,16.893333435058594,12.368249893188477,40974600
2010-06-23,16.920000076293945,17.01333236694336,16.799999237060547,16.93666648864746,12.39997673034668,47837700
2010-06-24,16.90999984741211,16.94333267211914,16.649999618530273,16.676666259765625,12.209619522094727,44457600
2010-06-25,16.649999618530273,16.733333587646484,16.266666412353516,16.266666412353516,11.909443855285645,135999600
2010-06-28,16.35333251953125,16.59000015258789,16.336666107177734,16.523332595825195,12.097359657287598,44091600
2010-06-29,16.389999389648438,16.420000076293945,16.143333435058594,16.299999237060547,11.93385124206543,61052400
2010-06-30,16.31999969482422,16.323333740234375,16.003332138061523,16.023332595825195,11.731292724609375,55166400
2010-07-01,16.03333282470703,16.136667251586914,15.923333168029785,16.113332748413086,11.797186851501465,54343200
2010-07-02,16.14666748046875,16.14666748046875,15.946666717529297,16.0,11.714211463928223,40743900
2010-07-06,16.446666717529297,16.479999542236328,16.086666107177734,16.190000534057617,11.853318214416504,54676800
2010-07-07,16.219999313354492,16.323333740234375,16.053333282470703,16.30666732788086,11.938733100891113,48528600
2010-07-08,16.440000534057617,16.440000534057617,16.26333236694336,16.393333435058594,12.00218391418457,37950000
2010-07-09,16.416667938232422,16.516666412353516,16.383333206176758,16.476667404174805,12.063193321228027,34821600
2010-07-12,16.593332290649414,16.77666664123535,16.559999465942383,16.706666946411133,12.231587409973145,40322700
2010-07-13,16.78333282470703,16.89666748046875,16.700000762939453,16.84666633605957,12.334084510803223,39659400
2010-07-14,16.683332443237305,16.786666870117188,16.68000030517578,16.78333282470703,12.287714004516602,32124900
2010-07-15,16.780000686645508,16.81333351135254,16.636667251586914,16.803333282470703,12.302362442016602,36766800
2010-07-16,16.71666717529297,16.77666664123535,16.50666618347168,16.55666732788086,12.12176513671875,47766600
2010-07-19,16.573333740234375,16.60333251953125,16.363332748413086,16.50666618347168,12.08515453338623,35688000
2010-07-20,16.420000076293945,17.010000228881836,16.420000076293945,16.959999084472656,12.417058944702148,48851700
2010-07-21,17.0,17.0,16.703332901000977,16.78333282470703,12.287714004516602,36933300
2010-07-22,16.850000381469727,17.030000686645508,16.836666107177734,16.953332901000977,12.412181854248047,35952600
2010-07-23,16.969999313354492,17.270000457763672,16.96666717529297,17.22333335876465,12.609862327575684,39139200
2010-07-26,17.22333335876465,17.22333335876465,16.969999313354492,17.043333053588867,12.478071212768555,42336300
2010-07-27,16.933332443237305,17.100000381469727,16.886667251586914,16.98666763305664,12.436588287353516,36885600
2010-07-28,16.933332443237305,17.1299991607666,16.933332443237305,17.043333053588867,12.478071212768555,27985500
2010-07-29,17.07666778564453,17.260000228881836,16.933332443237305,17.020000457763672,12.460992813110352,28891500
2010-07-30,16.8700008392334,17.083332061767578,16.833332061767578,17.06333351135254,12.492716789245605,40654200
2010-08-02,17.183332443237305,17.233333587646484,16.983333587646484,17.136667251586914,12.546406745910645,41583000
2010-08-03,17.083332061767578,17.21666717529297,17.010000228881836,17.09666633605957,12.517122268676758,32005800
2010-08-04,17.01333236694336,17.23666763305664,17.003332138061523,17.200000762939453,12.5927734375,24206700
2010-08-05,17.213333129882812,17.22333335876465,17.073333740234375,17.206666946411133,12.597654342651367,22317000
2010-08-06,17.139999389648438,17.26333236694336,17.036666870117188,17.26333236694336,12.639140129089355,24810900
2010-08-09,17.27666664123535,17.446666717529297,17.266666412353516,17.35333251953125,12.705036163330078,24796200
2010-08-10,17.303333282470703,17.49333381652832,17.229999542236328,17.406667709350586,12.744083404541016,26537400
2010-08-11,17.206666946411133,17.206666946411133,16.99333381652832,17.00666618347168,12.523898124694824,33918900
2010-08-12,16.85333251953125,16.926666259765625,16.670000076293945,16.809999465942383,12.379070281982422,38390700
2010-08-13,16.77666664123535,16.913333892822266,16.666667938232422,16.799999237060547,12.371703147888184,30285900
2010-08-16,16.72333335876465,16.856666564941406,16.68666648864746,16.803333282470703,12.374159812927246,28946100
2010-08-17,16.93000030517578,17.206666946411133,16.886667251586914,17.00666618347168,12.523898124694824,48946500
2010-08-18,17.0,17.106666564941406,16.873332977294922,16.953332901000977,12.484621047973633,47235000
2010-08-19,16.899999618530273,16.98666763305664,16.666667938232422,16.68666648864746,12.28824520111084,46902300
2010-08-20,16.72333335876465,16.823333740234375,16.676666259765625,16.739999771118164,12.327518463134766,35105100
2010-08-23,16.856666564941406,17.166667938232422,16.796667098999023,17.046667098999023,12.553353309631348,43973400
2010-08-24,16.889999389648438,17.239999771118164,16.866666793823242,17.100000381469727,12.592629432678223,50102400
2010-08-25,17.083332061767578,17.26333236694336,17.030000686645508,17.183332443237305,12.6539945602417,44527200
2010-08-26,17.206666946411133,17.206666946411133,16.916667938232422,16.989999771118164,12.511627197265625,35696100
2010-08-27,17.00666618347168,17.083332061767578,16.906667709350586,17.0,12.518989562988281,35805000
2010-08-30,17.00666618347168,17.083332061767578,16.843332290649414,16.850000381469727,12.408522605895996,25507500
2010-08-31,16.836666107177734,17.03333282470703,16.706666946411133,16.713333129882812,12.307881355285645,76078200
2010-09-01,16.829999923706055,17.143333435058594,16.81999969482422,17.066667556762695,12.568083763122559,40294500
2010-09-02,17.040000915527344,17.270000457763672,17.040000915527344,17.253332138061523,12.705543518066406,33618300
2010-09-03,17.286666870117188,17.363332748413086,17.183332443237305,17.34666633605957,12.774275779724121,28839300
2010-09-07,17.356666564941406,17.520000457763672,17.280000686645508,17.286666870117188,12.730096817016602,31751400
2010-09-08,17.296667098999023,17.32666778564453,17.17333221435547,17.27666664123535,12.722733497619629,26880000
2010-09-09,17.35333251953125,17.366666793823242,17.280000686645508,17.303333282470703,12.7423677444458,21869100
2010-09-10,17.299999237060547,17.356666564941406,17.239999771118164,17.323333740234375,12.757092475891113,24481200
2010-09-13,17.416667938232422,17.489999771118164,17.336666107177734,17.40333366394043,12.816004753112793,23604000
2010-09-14,17.386667251586914,17.676666259765625,17.383333206176758,17.553333282470703,12.926466941833496,33604200
2010-09-15,17.489999771118164,17.700000762939453,17.469999313354492,17.6200008392334,12.975565910339355,30594300
2010-09-16,17.553333282470703,17.760000228881836,17.516666412353516,17.71666717529297,13.04675006866455,32228100
2010-09-17,17.72333335876465,17.77666664123535,17.626667022705078,17.670000076293945,13.012383460998535,62399400
2010-09-20,17.700000762939453,17.889999389648438,17.696666717529297,17.84666633605957,13.142484664916992,27780300
2010-09-21,17.84000015258789,17.98666763305664,17.773332595825195,17.856666564941406,13.149849891662598,28275300
2010-09-22,17.84000015258789,18.0,17.816667556762695,17.940000534057617,13.21121597290039,29730000
2010-09-23,17.90999984741211,17.97333335876465,17.843332290649414,17.883333206176758,13.16948413848877,21873600
2010-09-24,17.983333587646484,18.1299991607666,17.946666717529297,18.02666664123535,13.275035858154297,29305200
2010-09-27,17.969999313354492,18.003332138061523,17.823333740234375,17.82666778564453,13.127756118774414,25986600
2010-09-28,17.843332290649414,17.996667861938477,17.683332443237305,17.940000534057617,13.21121597290039,33441900
2010-09-29,17.933332443237305,17.93666648864746,17.703332901000977,17.78333282470703,13.095844268798828,29592300
2010-09-30,17.843332290649414,17.996667861938477,17.713333129882812,17.84000015258789,13.13757038116455,32703000
2010-10-01,17.866666793823242,17.873332977294922,17.733333587646484,17.786666870117188,13.098299980163574,24688200
2010-10-04,17.780000686645508,17.899999618530273,17.713333129882812,17.856666564941406,13.149849891662598,21427500
2010-10-05,17.979999542236328,18.083332061767578,17.94333267211914,18.0,13.255400657653809,30648000
2010-10-06,17.97333335876465,18.209999084472656,17.96666717529297,18.18666648864746,13.39285945892334,31241400
2010-10-07,18.219999313354492,18.273332595825195,18.01333236694336,18.1200008392334,13.343770980834961,23309400
2010-10-08,18.116666793823242,18.196666717529297,18.00666618347168,18.136667251586914,13.356039047241211,26380800
2010-10-11,18.17333221435547,18.246667861938477,18.143333435058594,18.203332901000977,13.405128479003906,21111900
2010-10-12,18.149999618530273,18.149999618530273,17.916667938232422,17.97333335876465,13.235762596130371,45104400
2010-10-13,18.059999465942383,18.17333221435547,17.90999984741211,17.940000534057617,13.21121597290039,40840800
2010-10-14,17.956666946411133,17.956666946411133,17.643333435058594,17.75,13.071303367614746,46640700
2010-10-15,17.786666870117188,17.860000610351562,17.67333221435547,17.78333282470703,13.095844268798828,37677000
2010-10-18,17.75,17.96666717529297,17.75,17.920000076293945,13.19648551940918,27689700
2010-10-19,17.816667556762695,17.920000076293945,17.709999084472656,17.773332595825195,13.088479995727539,30675000
2010-10-20,17.76333236694336,17.946666717529297,17.75,17.823333740234375,13.125300407409668,29226900
2010-10-21,17.89666748046875,18.113332748413086,17.863332748413086,18.010000228881836,13.262761116027832,28806600
2010-10-22,17.98666763305664,18.03333282470703,17.953332901000977,18.020000457763672,13.270127296447754,17386500
2010-10-25,18.059999465942383,18.133333206176758,17.96666717529297,17.983333587646484,13.243124961853027,23889300
2010-10-26,17.946666717529297,18.24333381652832,17.94333267211914,18.18666648864746,13.39285945892334,30880800
2010-10-27,18.079999923706055,18.209999084472656,17.850000381469727,17.956666946411133,13.223488807678223,39060900
2010-10-28,18.06333351135254,18.07666778564453,17.863332748413086,18.02666664123535,13.275035858154297,24550800
2010-10-29,18.01333236694336,18.196666717529297,17.8700008392334,18.05666732788086,13.297127723693848,24098700
2010-11-01,18.016666412353516,18.166667938232422,18.00666618347168,18.10333251953125,13.33149528503418,24622500
2010-11-02,18.183332443237305,18.329999923706055,18.163333892822266,18.26333236694336,13.449318885803223,26547600
2010-11-03,18.25666618347168,18.316667556762695,18.073333740234375,18.303333282470703,13.478778839111328,27567600
2010-11-04,18.333332061767578,18.5,18.316667556762695,18.453332901000977,13.589234352111816,39740400
2010-11-05,18.483333587646484,18.573333740234375,18.299999237060547,18.399999618530273,13.549965858459473,30784200
2010-11-08,18.303333282470703,18.360000610351562,18.170000076293945,18.303333282470703,13.478778839111328,29823300
2010-11-09,18.360000610351562,18.40333366394043,18.27666664123535,18.350000381469727,13.513145446777344,30141300
2010-11-10,18.253332138061523,18.253332138061523,18.030000686645508,18.170000076293945,13.38058853149414,33710700
2010-11-11,18.17333221435547,18.17333221435547,17.98666763305664,18.113332748413086,13.338859558105469,37698300
2010-11-12,18.03333282470703,18.113332748413086,17.953332901000977,18.043333053588867,13.287307739257812,32033400
2010-11-15,18.05666732788086,18.116666793823242,17.956666946411133,17.983333587646484,13.243124961853027,34378500
2010-11-16,18.190000534057617,18.450000762939453,18.079999923706055,18.086666107177734,13.319219589233398,70665600
2010-11-17,18.116666793823242,18.14666748046875,17.85333251953125,17.92333221435547,13.198938369750977,43514100
2010-11-18,18.046667098999023,18.21666717529297,17.96666717529297,17.99333381652832,13.250489234924316,34761900
2010-11-19,18.03333282470703,18.149999618530273,17.983333587646484,18.1299991607666,13.351134300231934,30922500
2010-11-22,18.066667556762695,18.200000762939453,17.97333335876465,18.126667022705078,13.348677635192871,28505400
2010-11-23,18.066667556762695,18.086666107177734,17.85333251953125,17.889999389648438,13.174393653869629,41554200
2010-11-24,17.913333892822266,18.059999465942383,17.913333892822266,18.003332138061523,13.257856369018555,30937200
2010-11-26,17.89666748046875,17.976667404174805,17.856666564941406,17.913333892822266,13.191575050354004,12465000
2010-11-29,17.883333206176758,17.97333335876465,17.809999465942383,17.950000762939453,13.21857738494873,32362800
2010-11-30,17.920000076293945,18.143333435058594,17.866666793823242,18.030000686645508,13.277491569519043,52670700
2010-12-01,18.139999389648438,18.28333282470703,18.1299991607666,18.233333587646484,13.427223205566406,53648700
2010-12-02,18.23666763305664,18.299999237060547,18.126667022705078,18.25,13.439496040344238,47324700
2010-12-03,18.209999084472656,18.253332138061523,18.10333251953125,18.206666946411133,13.407585144042969,30290700
2010-12-06,18.293333053588867,18.31333351135254,18.156667709350586,18.163333892822266,13.375680923461914,25898700
2010-12-07,18.18000030517578,18.446666717529297,18.18000030517578,18.363332748413086,13.522958755493164,47679900
2010-12-08,18.286666870117188,18.316667556762695,18.149999618530273,18.163333892822266,13.449654579162598,37439100
2010-12-09,18.239999771118164,18.25666618347168,18.106666564941406,18.113332748413086,13.412630081176758,32198400
2010-12-10,18.10333251953125,18.133333206176758,18.046667098999023,18.093332290649414,13.397818565368652,36149700
2010-12-13,18.10333251953125,18.133333206176758,18.0,18.06999969482422,13.380542755126953,33975600
2010-12-14,18.03333282470703,18.19333267211914,18.00666618347168,18.149999618530273,13.439779281616211,32238600
2010-12-15,18.07666778564453,18.113332748413086,18.01333236694336,18.07666778564453,13.385478019714355,31650600
2010-12-16,18.030000686645508,18.209999084472656,18.0,18.209999084472656,13.484209060668945,37005900
2010-12-17,18.226667404174805,18.25,18.126667022705078,18.136667251586914,13.429906845092773,64686600
2010-12-20,18.18666648864746,18.18666648864746,17.8700008392334,17.92333221435547,13.271936416625977,40846800
2010-12-21,17.920000076293945,17.953332901000977,17.8799991607666,17.883333206176758,13.242319107055664,24875700
2010-12-22,17.863332748413086,17.883333206176758,17.719999313354492,17.770000457763672,13.158397674560547,34376400
2010-12-23,17.72333335876465,17.89666748046875,17.713333129882812,17.866666793823242,13.229975700378418,27185100
2010-12-27,17.85333251953125,17.90999984741211,17.74333381652832,17.856666564941406,13.222572326660156,17628600
2010-12-28,17.876667022705078,17.976667404174805,17.836666107177734,17.913333892822266,13.264533042907715,20367300
2010-12-29,17.856666564941406,18.086666107177734,17.856666564941406,18.02666664123535,13.348456382751465,22886100
2010-12-30,18.0,18.06333351135254,17.946666717529297,18.023332595825195,13.345983505249023,18911400
2010-12-31,17.989999771118164,18.083332061767578,17.93000030517578,17.976667404174805,13.311429023742676,21281700
2011-01-03,18.07666778564453,18.266666412353516,18.049999237060547,18.18666648864746,13.46693229675293,42894900
2011-01-04,18.203332901000977,18.293333053588867,18.093332290649414,18.25666618347168,13.518759727478027,36463200
2011-01-05,18.25,18.356666564941406,18.106666564941406,18.136667251586914,13.429906845092773,42646800
2011-01-06,18.10333251953125,18.126667022705078,17.926666259765625,17.98666763305664,13.318836212158203,46756500
2011-01-07,17.963333129882812,18.049999237060547,17.920000076293945,18.02666664123535,13.348456382751465,23905800
2011-01-10,17.883333206176758,18.036666870117188,17.84666633605957,17.90999984741211,13.262063026428223,31437900
2011-01-11,17.983333587646484,18.17333221435547,17.90999984741211,18.09666633605957,13.400285720825195,36070200
2011-01-12,18.17333221435547,18.440000534057617,18.113332748413086,18.28333282470703,13.538514137268066,40659900
2011-01-13,18.233333587646484,18.453332901000977,18.229999542236328,18.26333236694336,13.523702621459961,38596800
2011-01-14,18.24333381652832,18.329999923706055,18.139999389648438,18.270000457763672,13.52863883972168,27856800
2011-01-18,18.3700008392334,18.46666717529297,18.25,18.3799991607666,13.610091209411621,31602600
2011-01-19,18.34666633605957,18.383333206176758,18.23666763305664,18.343332290649414,13.582942008972168,29685000
2011-01-20,18.373332977294922,18.75666618347168,18.373332977294922,18.663333892822266,13.819892883300781,58837500
2011-01-21,18.71666717529297,18.746667861938477,18.459999084472656,18.57666778564453,13.75572681427002,38876400
2011-01-24,18.463333129882812,18.683332443237305,18.433332443237305,18.683332443237305,13.834705352783203,33222600
2011-01-25,18.706666946411133,19.09666633605957,18.600000381469727,19.086666107177734,14.1333646774292,61443300
2011-01-26,19.1299991607666,19.25,19.0,19.106666564941406,14.148177146911621,39633600
2011-01-27,19.15333366394043,19.26333236694336,19.00666618347168,19.190000534057617,14.209878921508789,30519600
2011-01-28,19.229999542236328,19.299999237060547,18.833332061767578,18.899999618530273,13.995141983032227,43794600
2011-01-31,18.816667556762695,18.85333251953125,18.566667556762695,18.690000534057617,13.839640617370605,47065500
2011-02-01,18.790000915527344,18.860000610351562,18.636667251586914,18.77666664123535,13.903814315795898,38554800
2011-02-02,18.719999313354492,18.726667404174805,18.549999237060547,18.6200008392334,13.787813186645508,42115800
2011-02-03,18.639999389648438,18.68000030517578,18.463333129882812,18.639999389648438,13.802616119384766,33850800
2011-02-04,18.68000030517578,18.700000762939453,18.55666732788086,18.676666259765625,13.829761505126953,21318000
2011-02-07,18.690000534057617,18.746667861938477,18.610000610351562,18.690000534057617,13.839640617370605,20162100
2011-02-08,18.700000762939453,18.823333740234375,18.649999618530273,18.793333053588867,13.916155815124512,26458200
2011-02-09,18.753332138061523,18.90999984741211,18.700000762939453,18.90999984741211,14.002549171447754,25743900
2011-02-10,18.71666717529297,18.719999313354492,18.433332443237305,18.530000686645508,13.721163749694824,47286000
2011-02-11,18.510000228881836,18.626667022705078,18.43666648864746,18.56333351135254,13.745844841003418,28747500
2011-02-14,18.420000076293945,18.43666648864746,18.22333335876465,18.266666412353516,13.52617073059082,48821700
2011-02-15,18.260000228881836,18.350000381469727,18.170000076293945,18.316667556762695,13.563194274902344,33992100
2011-02-16,18.299999237060547,18.399999618530273,18.143333435058594,18.183332443237305,13.464466094970703,46191300
2011-02-17,18.17333221435547,18.299999237060547,18.116666793823242,18.25,13.513829231262207,25617000
2011-02-18,18.226667404174805,18.523332595825195,18.166667938232422,18.459999084472656,13.669323921203613,59923800
2011-02-22,17.93666648864746,18.003332138061523,17.649999618530273,17.889999389648438,13.247252464294434,86089800
2011-02-23,17.81999969482422,17.866666793823242,17.633333206176758,17.676666259765625,13.089286804199219,60355800
2011-02-24,17.709999084472656,17.72333335876465,17.293333053588867,17.363332748413086,12.857266426086426,70616100
2011-02-25,17.363332748413086,17.389999389648438,17.17333221435547,17.25,12.773344039916992,60968400
2011-02-28,17.25,17.476667404174805,17.226667404174805,17.32666778564453,12.830117225646973,53704500
2011-03-01,17.386667251586914,17.53333282470703,17.316667556762695,17.356666564941406,12.852333068847656,52932000
2011-03-02,17.42333221435547,17.456666946411133,17.239999771118164,17.323333740234375,12.827649116516113,33432600
2011-03-03,17.39666748046875,17.42333221435547,17.233333587646484,17.336666107177734,12.837518692016602,37542000
2011-03-04,17.46666717529297,17.496667861938477,17.24333381652832,17.356666564941406,12.852333068847656,47178000
2011-03-07,17.420000076293945,17.43000030517578,17.25,17.34000015258789,12.839988708496094,39093600
2011-03-08,17.366666793823242,17.51333236694336,17.336666107177734,17.479999542236328,12.943656921386719,35746500
2011-03-09,17.42333221435547,17.613332748413086,17.406667709350586,17.55666732788086,13.091548919677734,34149000
2011-03-10,17.450000762939453,17.959999084472656,17.420000076293945,17.549999237060547,13.086576461791992,54933900
2011-03-11,17.546667098999023,17.649999618530273,17.3799991607666,17.530000686645508,13.071662902832031,43617900
2011-03-14,17.450000762939453,17.50666618347168,17.35333251953125,17.440000534057617,13.004554748535156,30649200
2011-03-15,17.25666618347168,17.450000762939453,17.126667022705078,17.35333251953125,12.939929008483887,41569800
2011-03-16,17.17333221435547,17.290000915527344,16.989999771118164,17.126667022705078,12.770904541015625,49214400
2011-03-17,17.246667861938477,17.290000915527344,17.01333236694336,17.123332977294922,12.768425941467285,32648100
2011-03-18,17.209999084472656,17.296667098999023,17.083332061767578,17.17333221435547,12.805706977844238,35415600
2011-03-21,17.24333381652832,17.333332061767578,17.226667404174805,17.30666732788086,12.905133247375488,26150100
2011-03-22,17.323333740234375,17.3799991607666,17.26333236694336,17.333332061767578,12.925018310546875,25284000
2011-03-23,17.28333282470703,17.293333053588867,17.126667022705078,17.213333129882812,12.835532188415527,40587000
2011-03-24,17.27666664123535,17.649999618530273,17.25666618347168,17.530000686645508,13.071662902832031,45207900
2011-03-25,17.520000457763672,17.55666732788086,17.426666259765625,17.450000762939453,13.012007713317871,22837800
2011-03-28,17.43666648864746,17.5,17.336666107177734,17.39666748046875,12.972240447998047,25064100
2011-03-29,17.350000381469727,17.459999084472656,17.34666633605957,17.420000076293945,12.989640235900879,26129100
2011-03-30,17.510000228881836,17.579999923706055,17.360000610351562,17.453332901000977,13.014496803283691,25660200
2011-03-31,17.383333206176758,17.440000534057617,17.296667098999023,17.350000381469727,12.937445640563965,32699100
2011-04-01,17.416667938232422,17.453332901000977,17.30666732788086,17.376667022705078,12.957326889038086,23879700
2011-04-04,17.43666648864746,17.610000610351562,17.35333251953125,17.549999237060547,13.086576461791992,27660300
2011-04-05,17.566667556762695,17.729999542236328,17.55666732788086,17.579999923706055,13.108948707580566,26605200
2011-04-06,17.55666732788086,17.73666763305664,17.55666732788086,17.65999984741211,13.168601036071777,25095300
2011-04-07,17.616666793823242,17.746667861938477,17.583332061767578,17.666667938232422,13.173575401306152,36501300
2011-04-08,17.670000076293945,17.71666717529297,17.42333221435547,17.51333236694336,13.059236526489258,29199900
2011-04-11,17.51333236694336,17.639999389648438,17.46666717529297,17.606666564941406,13.128832817077637,22400100
2011-04-12,17.56333351135254,17.916667938232422,17.55666732788086,17.84000015258789,13.302820205688477,40248900
2011-04-13,17.906667709350586,17.98666763305664,17.833332061767578,17.876667022705078,13.33016300201416,25788900
2011-04-14,17.82666778564453,17.913333892822266,17.739999771118164,17.833332061767578,13.2978515625,22244400
2011-04-15,17.850000381469727,17.89666748046875,17.766666412353516,17.850000381469727,13.310280799865723,26143800
2011-04-18,17.69333267211914,17.883333206176758,17.636667251586914,17.770000457763672,13.250626564025879,28522200
2011-04-19,17.753332138061523,17.823333740234375,17.700000762939453,17.78333282470703,13.260568618774414,18443400
2011-04-20,17.916667938232422,17.983333587646484,17.8799991607666,17.89666748046875,13.345075607299805,22202400
2011-04-21,17.940000534057617,17.976667404174805,17.80666732788086,17.860000610351562,13.317733764648438,17559900
2011-04-25,17.866666793823242,17.886667251586914,17.74333381652832,17.790000915527344,13.26554012298584,17441400
2011-04-26,17.796667098999023,18.07666778564453,17.760000228881836,17.969999313354492,13.399757385253906,35973600
2011-04-27,17.959999084472656,18.203332901000977,17.959999084472656,18.139999389648438,13.52652359008789,29148300
2011-04-28,18.09666633605957,18.266666412353516,18.093332290649414,18.229999542236328,13.593634605407715,29473800
2011-04-29,18.136667251586914,18.386667251586914,18.110000610351562,18.32666778564453,13.665718078613281,29445600
2011-05-02,18.360000610351562,18.360000610351562,18.22333335876465,18.34666633605957,13.68062686920166,24530100
2011-05-03,18.360000610351562,18.59000015258789,18.31999969482422,18.48666763305664,13.785026550292969,33367800
2011-05-04,18.43666648864746,18.59666633605957,18.399999618530273,18.456666946411133,13.762651443481445,24491400
2011-05-05,18.383333206176758,18.53333282470703,18.296667098999023,18.356666564941406,13.688091278076172,33390300
2011-05-06,18.433332443237305,18.516666412353516,18.286666870117188,18.34000015258789,13.67565631866455,24127800
2011-05-09,18.323333740234375,18.453332901000977,18.233333587646484,18.366666793823242,13.69554328918457,19639500
2011-05-10,18.383333206176758,18.53333282470703,18.366666793823242,18.510000228881836,13.802423477172852,26265300
2011-05-11,18.3700008392334,18.536666870117188,18.34666633605957,18.389999389648438,13.803671836853027,28266600
2011-05-12,18.413333892822266,18.610000610351562,18.303333282470703,18.573333740234375,13.94128704071045,26850000
2011-05-13,18.59000015258789,18.676666259765625,18.446666717529297,18.573333740234375,13.94128704071045,26857500
2011-05-16,18.536666870117188,18.823333740234375,18.49333381652832,18.68666648864746,14.026355743408203,42520500
2011-05-17,18.520000457763672,18.76333236694336,18.413333892822266,18.51333236694336,13.89625072479248,43771500
2011-05-18,18.5,18.51333236694336,18.316667556762695,18.393333435058594,13.80617618560791,34248300
2011-05-19,18.40999984741211,18.53333282470703,18.34666633605957,18.49333381652832,13.88123893737793,23075400
2011-05-20,18.516666412353516,18.56333351135254,18.393333435058594,18.43000030517578,13.833699226379395,26396700
2011-05-23,18.329999923706055,18.5,18.329999923706055,18.406667709350586,13.816189765930176,22018200
2011-05-24,18.413333892822266,18.43666648864746,18.203332901000977,18.260000228881836,13.706099510192871,36721800
2011-05-25,18.209999084472656,18.233333587646484,18.066667556762695,18.18666648864746,13.651047706604004,30593400
2011-05-26,18.176666259765625,18.233333587646484,18.06333351135254,18.206666946411133,13.66606330871582,17315100
2011-05-27,18.25,18.363332748413086,18.206666946411133,18.233333587646484,13.686084747314453,15946500
2011-05-31,18.293333053588867,18.406667709350586,18.270000457763672,18.406667709350586,13.816189765930176,26703300
2011-06-01,18.32666778564453,18.389999389648438,18.083332061767578,18.100000381469727,13.5860013961792,33544800
2011-06-02,18.06999969482422,18.06999969482422,17.71666717529297,17.850000381469727,13.398347854614258,44354700
2011-06-03,17.71666717529297,17.950000762939453,17.68000030517578,17.886667251586914,13.42586612701416,39862200
2011-06-06,17.953332901000977,18.06333351135254,17.833332061767578,17.920000076293945,13.45089054107666,33726900
2011-06-07,17.979999542236328,18.100000381469727,17.92333221435547,17.94333267211914,13.468401908874512,29724900
2011-06-08,17.8700008392334,17.97333335876465,17.809999465942383,17.89666748046875,13.433368682861328,34981800
2011-06-09,17.90999984741211,18.07666778564453,17.8700008392334,17.873332977294922,13.415862083435059,34022400
2011-06-10,17.889999389648438,17.946666717529297,17.56333351135254,17.573333740234375,13.190677642822266,43756200
2011-06-13,17.636667251586914,17.75,17.52666664123535,17.540000915527344,13.165660858154297,37635300
2011-06-14,17.6200008392334,17.753332138061523,17.59000015258789,17.636667251586914,13.238216400146484,26392200
2011-06-15,17.546667098999023,17.546667098999023,17.26333236694336,17.440000534057617,13.090599060058594,45972000
2011-06-16,17.48666763305664,17.656667709350586,17.399999618530273,17.610000610351562,13.218202590942383,35231100
2011-06-17,17.68666648864746,17.76333236694336,17.606666564941406,17.606666564941406,13.215699195861816,61692900
2011-06-20,17.566667556762695,17.833332061767578,17.566667556762695,17.68000030517578,13.270744323730469,45594300
2011-06-21,17.700000762939453,17.76333236694336,17.583332061767578,17.76333236694336,13.333292961120605,32673000
2011-06-22,17.700000762939453,17.76333236694336,17.610000610351562,17.670000076293945,13.26323413848877,31747500
2011-06-23,17.786666870117188,17.899999618530273,17.55666732788086,17.76333236694336,13.333292961120605,54463200
2011-06-24,17.729999542236328,17.80666732788086,17.450000762939453,17.469999313354492,13.113113403320312,62301300
2011-06-27,17.440000534057617,17.586666107177734,17.42333221435547,17.43000030517578,13.083097457885742,30501000
2011-06-28,17.479999542236328,17.510000228881836,17.3799991607666,17.510000228881836,13.143141746520996,32963100
2011-06-29,17.540000915527344,17.59666633605957,17.476667404174805,17.546667098999023,13.170660972595215,26600400
2011-06-30,17.553333282470703,17.719999313354492,17.516666412353516,17.713333129882812,13.29576587677002,29952900
2011-07-01,17.729999542236328,17.883333206176758,17.666667938232422,17.836666107177734,13.388335227966309,28439400
2011-07-05,17.780000686645508,17.85333251953125,17.67333221435547,17.796667098999023,13.358316421508789,27637500
2011-07-06,17.809999465942383,17.983333587646484,17.809999465942383,17.906667709350586,13.440879821777344,24234600
2011-07-07,18.190000534057617,18.270000457763672,18.06333351135254,18.163333892822266,13.63354206085205,38460900
2011-07-08,18.083332061767578,18.106666564941406,17.92333221435547,18.02666664123535,13.530956268310547,27399900
2011-07-11,17.940000534057617,18.02666664123535,17.899999618530273,17.956666946411133,13.478407859802246,22645200
2011-07-12,17.953332901000977,18.139999389648438,17.920000076293945,17.979999542236328,13.495926856994629,28457100
2011-07-13,18.023332595825195,18.09000015258789,17.946666717529297,18.00666618347168,13.515945434570312,30460200
2011-07-14,17.84000015258789,17.899999618530273,17.793333053588867,17.876667022705078,13.418363571166992,46566300
2011-07-15,17.90999984741211,17.989999771118164,17.81999969482422,17.876667022705078,13.418363571166992,30550500
2011-07-18,17.803333282470703,17.84666633605957,17.726667404174805,17.773332595825195,13.340799331665039,24658200
2011-07-19,17.799999237060547,18.010000228881836,17.780000686645508,17.989999771118164,13.503433227539062,25756200
2011-07-20,17.969999313354492,17.989999771118164,17.866666793823242,17.963333129882812,13.483415603637695,26573700
2011-07-21,18.0,18.229999542236328,17.969999313354492,18.156667709350586,13.62853717803955,31831800
2011-07-22,18.19333267211914,18.239999771118164,18.083332061767578,18.17333221435547,13.641040802001953,20407500
2011-07-25,18.010000228881836,18.133333206176758,17.983333587646484,17.989999771118164,13.503433227539062,24532800
2011-07-26,18.010000228881836,18.030000686645508,17.836666107177734,17.863332748413086,13.408350944519043,32794200
2011-07-27,17.81333351135254,17.916667938232422,17.72333335876465,17.75,13.32328987121582,36600300
2011-07-28,17.770000457763672,17.850000381469727,17.656667709350586,17.663333892822266,13.258235931396484,26725800
2011-07-29,17.593332290649414,17.71666717529297,17.55666732788086,17.56999969482422,13.188175201416016,39579600
2011-08-01,17.59666633605957,17.663333892822266,17.356666564941406,17.540000915527344,13.165660858154297,32064000
2011-08-02,17.413333892822266,17.516666412353516,17.22333335876465,17.226667404174805,12.930466651916504,45718800
2011-08-03,17.253332138061523,17.350000381469727,17.003332138061523,17.093332290649414,12.83038330078125,64366200
2011-08-04,16.996667861938477,16.996667861938477,16.690000534057617,16.700000762939453,12.535149574279785,78213600
2011-08-05,16.863332748413086,16.97333335876465,16.530000686645508,16.950000762939453,12.722799301147461,81896700
2011-08-08,16.933332443237305,17.110000610351562,16.25666618347168,16.30666732788086,12.239911079406738,99128700
2011-08-09,16.446666717529297,16.969999313354492,16.22333335876465,16.940000534057617,12.715295791625977,71966700
2011-08-10,16.67333221435547,16.68666648864746,16.10333251953125,16.136667251586914,12.199928283691406,81008700
2011-08-11,16.28333282470703,16.799999237060547,16.28333282470703,16.57666778564453,12.532588958740234,64798500
2011-08-12,16.700000762939453,16.770000457763672,16.426666259765625,16.583332061767578,12.537623405456543,45481200
2011-08-15,16.626667022705078,16.69333267211914,16.43000030517578,16.65999984741211,12.595585823059082,44489100
2011-08-16,17.14666748046875,17.49333381652832,17.040000915527344,17.30666732788086,13.084495544433594,76786500
2011-08-17,17.239999771118164,17.393333435058594,17.053333282470703,17.183332443237305,12.991247177124023,46540200
2011-08-18,16.836666107177734,17.316667556762695,16.770000457763672,17.26333236694336,13.051726341247559,75137100
2011-08-19,17.163333892822266,17.579999923706055,17.15999984741211,17.433332443237305,13.180255889892578,69107100
2011-08-22,17.413333892822266,17.546667098999023,17.360000610351562,17.39666748046875,13.152536392211914,41313900
2011-08-23,17.386667251586914,17.73666763305664,17.376667022705078,17.73666763305664,13.409587860107422,51510000
2011-08-24,17.67333221435547,17.80666732788086,17.60333251953125,17.790000915527344,13.44991397857666,34187100
2011-08-25,17.793333053588867,17.829999923706055,17.516666412353516,17.566667556762695,13.281061172485352,32912400
2011-08-26,17.59666633605957,17.746667861938477,17.316667556762695,17.633333206176758,13.331465721130371,31380600
2011-08-29,17.703332901000977,17.81333351135254,17.666667938232422,17.729999542236328,13.404555320739746,25431000
2011-08-30,17.6200008392334,17.709999084472656,17.469999313354492,17.606666564941406,13.31130313873291,40452600
2011-08-31,17.666667938232422,17.793333053588867,17.6200008392334,17.729999542236328,13.404555320739746,39690600
2011-09-01,17.733333587646484,17.850000381469727,17.549999237060547,17.549999237060547,13.268460273742676,37477800
2011-09-02,17.416667938232422,17.546667098999023,17.323333740234375,17.343332290649414,13.112214088439941,32428500
2011-09-06,17.15999984741211,17.26333236694336,16.956666946411133,17.226667404174805,13.024009704589844,51343200
2011-09-07,17.350000381469727,17.520000457763672,17.28333282470703,17.47333335876465,13.21049690246582,31210500
2011-09-08,17.360000610351562,17.583332061767578,17.35333251953125,17.40333366394043,13.157575607299805,34807500
2011-09-09,17.299999237060547,17.393333435058594,17.066667556762695,17.1200008392334,12.943364143371582,36083400
2011-09-12,16.950000762939453,17.27666664123535,16.940000534057617,17.273332595825195,13.059289932250977,33687900
2011-09-13,17.26333236694336,17.266666412353516,17.073333740234375,17.196666717529297,13.001328468322754,32312400
2011-09-14,17.23666763305664,17.59666633605957,17.19333267211914,17.399999618530273,13.155054092407227,37522800
2011-09-15,17.406667709350586,17.503332138061523,17.31333351135254,17.503332138061523,13.233183860778809,32997600
2011-09-16,17.583332061767578,17.71666717529297,17.516666412353516,17.549999237060547,13.268460273742676,107053800
2011-09-19,17.393333435058594,17.540000915527344,17.34666633605957,17.483333587646484,13.218057632446289,27086700
2011-09-20,17.479999542236328,17.639999389648438,17.389999389648438,17.43000030517578,13.177742004394531,25263600
2011-09-21,17.453332901000977,17.530000686645508,17.09666633605957,17.106666564941406,12.933287620544434,31421700
2011-09-22,16.883333206176758,17.07666778564453,16.64666748046875,16.760000228881836,12.671195030212402,63960900
2011-09-23,16.726667404174805,16.98666763305664,16.676666259765625,16.933332443237305,12.802240371704102,38109000
2011-09-26,16.979999542236328,17.28333282470703,16.933332443237305,17.27666664123535,13.061812400817871,34081800
2011-09-27,17.453332901000977,17.6200008392334,17.266666412353516,17.343332290649414,13.112214088439941,34477500
2011-09-28,17.373332977294922,17.47333335876465,17.09666633605957,17.10333251953125,12.930764198303223,34380600
2011-09-29,17.270000457763672,17.46666717529297,17.106666564941406,17.309999465942383,13.087011337280273,31033200
2011-09-30,17.28333282470703,17.530000686645508,17.23666763305664,17.299999237060547,13.079455375671387,40857900
2011-10-03,17.293333053588867,17.639999389648438,17.28333282470703,17.31999969482422,13.094573974609375,46500600
2011-10-04,17.246667861938477,17.65999984741211,17.209999084472656,17.626667022705078,13.326423645019531,56092500
2011-10-05,17.566667556762695,17.75,17.376667022705078,17.549999237060547,13.268460273742676,40813500
2011-10-06,17.579999923706055,17.633333206176758,17.44333267211914,17.583332061767578,13.293663024902344,30063600
2011-10-07,17.69333267211914,18.010000228881836,17.633333206176758,17.899999618530273,13.533077239990234,41738700
2011-10-10,18.06333351135254,18.393333435058594,18.06333351135254,18.270000457763672,13.8128080368042,36565200
2011-10-11,18.260000228881836,18.26333236694336,18.1299991607666,18.239999771118164,13.790127754211426,30640500
2011-10-12,18.350000381469727,18.796667098999023,18.333332061767578,18.399999618530273,13.911091804504395,66291900
2011-10-13,18.34666633605957,18.43666648864746,18.239999771118164,18.34000015258789,13.865730285644531,31503300
2011-10-14,18.426666259765625,18.489999771118164,18.209999084472656,18.48666763305664,13.976617813110352,32118000
2011-10-17,18.26333236694336,18.48666763305664,18.15999984741211,18.260000228881836,13.805249214172363,26910600
2011-10-18,18.31333351135254,18.729999542236328,18.270000457763672,18.6299991607666,14.084982872009277,42211200
2011-10-19,18.56999969482422,18.809999465942383,18.566667556762695,18.75,14.175705909729004,38955600
2011-10-20,18.733333587646484,18.959999084472656,18.683332443237305,18.790000915527344,14.205946922302246,37937400
2011-10-21,18.913333892822266,19.139999389648438,18.883333206176758,18.97333335876465,14.344558715820312,43495800
2011-10-24,18.959999084472656,19.0,18.866666793823242,18.926666259765625,14.309272766113281,27838500
2011-10-25,18.886667251586914,19.049999237060547,18.850000381469727,18.90333366394043,14.291634559631348,30312900
2011-10-26,19.03333282470703,19.14666748046875,18.866666793823242,19.123332977294922,14.45796012878418,38174100
2011-10-27,19.266666412353516,19.31999969482422,19.149999618530273,19.270000457763672,14.568853378295898,45976500
2011-10-28,19.28333282470703,19.290000915527344,18.98666763305664,19.049999237060547,14.402517318725586,33878400
2011-10-31,18.860000610351562,19.09666633605957,18.860000610351562,18.906667709350586,14.294154167175293,28442700
2011-11-01,18.606666564941406,18.913333892822266,18.559999465942383,18.74333381652832,14.170669555664062,41364300
2011-11-02,18.92333221435547,19.06333351135254,18.84666633605957,18.953332901000977,14.329440116882324,26760900
2011-11-03,19.016666412353516,19.176666259765625,18.866666793823242,19.139999389648438,14.470559120178223,28726800
2011-11-04,19.02666664123535,19.166667938232422,18.96666717529297,19.166667938232422,14.490721702575684,21018300
2011-11-07,19.113332748413086,19.31999969482422,19.016666412353516,19.31333351135254,14.601607322692871,25560300
2011-11-08,19.34000015258789,19.799999237060547,19.28333282470703,19.773332595825195,14.94939136505127,60312900
2011-11-09,19.510000228881836,19.643333435058594,19.200000762939453,19.350000381469727,14.6293306350708,41840400
2011-11-10,19.44333267211914,19.496667861938477,19.170000076293945,19.376667022705078,14.649492263793945,28230000
2011-11-11,19.503332138061523,19.75,19.459999084472656,19.733333587646484,14.919149398803711,25193700
2011-11-14,19.60333251953125,19.65999984741211,19.453332901000977,19.6299991607666,14.841018676757812,31656300
2011-11-15,19.323333740234375,19.350000381469727,19.07666778564453,19.15333366394043,14.48064136505127,48017700
2011-11-16,19.03333282470703,19.139999389648438,18.8799991607666,18.893333435058594,14.284072875976562,35342400
2011-11-17,18.84666633605957,19.06333351135254,18.753332138061523,18.90999984741211,14.296676635742188,30671400
2011-11-18,19.010000228881836,19.1200008392334,18.8700008392334,19.07666778564453,14.422677993774414,26946900
2011-11-21,18.976667404174805,19.09666633605957,18.793333053588867,18.886667251586914,14.279030799865723,29796600
2011-11-22,18.85333251953125,19.043333053588867,18.833332061767578,18.950000762939453,14.326915740966797,22491900
2011-11-23,18.883333206176758,19.0,18.773332595825195,18.8799991607666,14.273990631103516,24781200
2011-11-25,18.89666748046875,19.110000610351562,18.89666748046875,18.963333129882812,14.336993217468262,12776400
2011-11-28,19.176666259765625,19.333332061767578,19.0,19.083332061767578,14.427721977233887,27864300
2011-11-29,19.113332748413086,19.433332443237305,19.113332748413086,19.389999389648438,14.659565925598145,32451600
2011-11-30,19.586666107177734,19.666667938232422,19.43666648864746,19.633333206176758,14.843542098999023,44535600
2011-12-01,19.546667098999023,19.71666717529297,19.48666763305664,19.536666870117188,14.77045726776123,26361900
2011-12-02,19.626667022705078,19.656667709350586,19.34666633605957,19.363332748413086,14.639408111572266,33597300
2011-12-05,19.420000076293945,19.503332138061523,19.333332061767578,19.446666717529297,14.702414512634277,31545600
2011-12-06,19.523332595825195,19.670000076293945,19.46666717529297,19.593332290649414,14.813294410705566,34204800
2011-12-07,19.450000762939453,19.733333587646484,19.420000076293945,19.503332138061523,14.837388038635254,47263800
2011-12-08,19.463333129882812,19.516666412353516,19.290000915527344,19.32666778564453,14.702991485595703,31050900
2011-12-09,19.386667251586914,19.496667861938477,19.156667709350586,19.440000534057617,14.78920841217041,30176700
2011-12-12,19.290000915527344,19.479999542236328,19.253332138061523,19.363332748413086,14.730880737304688,30111300
2011-12-13,19.376667022705078,19.450000762939453,19.139999389648438,19.200000762939453,14.606623649597168,32916300
2011-12-14,19.239999771118164,19.373332977294922,19.17333221435547,19.21666717529297,14.619304656982422,26952600
2011-12-15,19.27666664123535,19.46666717529297,19.27666664123535,19.316667556762695,14.695383071899414,25672200
2011-12-16,19.433332443237305,19.496667861938477,19.363332748413086,19.42333221435547,14.776533126831055,44741700
2011-12-19,19.433332443237305,19.523332595825195,19.203332901000977,19.260000228881836,14.65227222442627,21706200
2011-12-20,19.456666946411133,19.75666618347168,19.413333892822266,19.729999542236328,15.009828567504883,33202200
2011-12-21,19.729999542236328,19.886667251586914,19.719999313354492,19.796667098999023,15.06054401397705,25723500
2011-12-22,19.803333282470703,19.84666633605957,19.683332443237305,19.729999542236328,15.009828567504883,23705100
2011-12-23,19.773332595825195,20.0,19.713333129882812,19.996667861938477,15.212701797485352,18571800
2011-12-27,19.983333587646484,19.99333381652832,19.886667251586914,19.94333267211914,15.172126770019531,14599200
2011-12-28,19.92333221435547,19.979999542236328,19.876667022705078,19.90999984741211,15.14676570892334,15725100
2011-12-29,19.906667709350586,19.996667861938477,19.780000686645508,19.996667861938477,15.212701797485352,18996600
2011-12-30,19.963333129882812,19.979999542236328,19.89666748046875,19.920000076293945,15.154376029968262,13995900
2012-01-03,19.989999771118164,20.35333251953125,19.956666946411133,20.110000610351562,15.298920631408691,38006400
2012-01-04,20.06999969482422,20.116666793823242,19.823333740234375,19.90333366394043,15.141697883605957,28779900
2012-01-05,19.78333282470703,19.873332977294922,19.456666946411133,19.80666732788086,15.068156242370605,38304600
2012-01-06,19.80666732788086,19.816667556762695,19.623332977294922,19.666667938232422,14.961650848388672,24208200
2012-01-09,19.676666259765625,19.850000381469727,19.639999389648438,19.726667404174805,15.007293701171875,20037900
2012-01-10,19.809999465942383,19.90333366394043,19.65999984741211,19.68000030517578,14.971790313720703,20721900
2012-01-11,19.68666648864746,19.843332290649414,19.68000030517578,19.799999237060547,15.063081741333008,19096800
2012-01-12,19.93000030517578,20.0,19.799999237060547,19.833332061767578,15.088438034057617,21709200
2012-01-13,19.726667404174805,19.8700008392334,19.670000076293945,19.84666633605957,15.098581314086914,23187900
2012-01-17,19.956666946411133,20.036666870117188,19.84000015258789,19.950000762939453,15.177189826965332,25500000
2012-01-18,19.93000030517578,20.010000228881836,19.883333206176758,20.003332138061523,15.21777057647705,17734200
2012-01-19,19.976667404174805,20.24333381652832,19.916667938232422,20.203332901000977,15.369924545288086,27703800
2012-01-20,20.25,20.416667938232422,20.22333335876465,20.336666107177734,15.471355438232422,31136400
2012-01-23,20.270000457763672,20.32666778564453,20.170000076293945,20.303333282470703,15.445995330810547,21402300
2012-01-24,20.25,20.666667938232422,20.25,20.463333129882812,15.567719459533691,22088400
2012-01-25,20.393333435058594,20.536666870117188,20.34666633605957,20.489999771118164,15.588008880615234,17747400
2012-01-26,20.600000381469727,20.613332748413086,20.25666618347168,20.323333740234375,15.461219787597656,22308600
2012-01-27,20.286666870117188,20.373332977294922,20.18000030517578,20.23666763305664,15.395284652709961,18861900
2012-01-30,20.156667709350586,20.440000534057617,20.116666793823242,20.433332443237305,15.544902801513672,22910700
2012-01-31,20.510000228881836,20.523332595825195,20.19333267211914,20.453332901000977,15.560112953186035,29284500
2012-02-01,20.59666633605957,20.876667022705078,20.59666633605957,20.726667404174805,15.76805591583252,36391800
2012-02-02,20.799999237060547,20.823333740234375,20.606666564941406,20.64666748046875,15.707195281982422,18633900
2012-02-03,20.773332595825195,20.809999465942383,20.566667556762695,20.676666259765625,15.730018615722656,23181600
2012-02-06,20.616666793823242,20.65999984741211,20.566667556762695,20.626667022705078,15.691973686218262,16441800
2012-02-07,20.540000915527344,20.633333206176758,20.540000915527344,20.56333351135254,15.64380168914795,18253200
2012-02-08,20.636667251586914,20.67333221435547,20.40999984741211,20.540000915527344,15.626049995422363,21780000
2012-02-09,20.52666664123535,20.719999313354492,20.52666664123535,20.65333366394043,15.71226978302002,19359300
2012-02-10,20.559999465942383,20.636667251586914,20.459999084472656,20.633333206176758,15.697051048278809,16503000
2012-02-13,20.670000076293945,20.69333267211914,20.57666778564453,20.59666633605957,15.669157028198242,12525000
2012-02-14,20.636667251586914,20.746667861938477,20.59666633605957,20.739999771118164,15.778194427490234,15519300
2012-02-15,20.773332595825195,20.81333351135254,20.530000686645508,20.586666107177734,15.661545753479004,17501100
2012-02-16,20.59000015258789,20.729999542236328,20.566667556762695,20.68000030517578,15.73255729675293,21769200
2012-02-17,20.773332595825195,20.856666564941406,20.636667251586914,20.82666778564453,15.844132423400879,24575400
2012-02-21,20.110000610351562,20.166667938232422,19.889999389648438,20.023332595825195,15.232986450195312,71684400
2012-02-22,19.860000610351562,19.96666717529297,19.456666946411133,19.53333282470703,14.860213279724121,85890600
2012-02-23,19.530000686645508,19.633333206176758,19.40333366394043,19.51333236694336,14.844999313354492,44640900
2012-02-24,19.583332061767578,19.649999618530273,19.5,19.59666633605957,14.908391952514648,29777700
2012-02-27,19.566667556762695,19.593332290649414,19.43000030517578,19.48666763305664,14.824714660644531,36776400
2012-02-28,19.479999542236328,19.700000762939453,19.450000762939453,19.643333435058594,14.943902015686035,32285700
2012-02-29,19.613332748413086,19.77666664123535,19.573333740234375,19.69333267211914,14.98193359375,34453200
2012-03-01,19.786666870117188,19.80666732788086,19.546667098999023,19.606666564941406,14.915999412536621,48851700
2012-03-02,19.663333892822266,19.760000228881836,19.600000381469727,19.670000076293945,14.96418571472168,29544300
2012-03-05,19.65333366394043,19.863332748413086,19.583332061767578,19.799999237060547,15.063081741333008,28953000
2012-03-06,19.68000030517578,19.739999771118164,19.583332061767578,19.656667709350586,14.95404052734375,27171300
2012-03-07,19.703332901000977,19.953332901000977,19.703332901000977,19.953332901000977,15.179738998413086,44750700
2012-03-08,19.946666717529297,19.983333587646484,19.816667556762695,19.92333221435547,15.258358001708984,23386800
2012-03-09,19.94333267211914,20.066667556762695,19.94333267211914,20.02666664123535,15.337496757507324,18878700
2012-03-12,20.05666732788086,20.299999237060547,20.030000686645508,20.226667404174805,15.490675926208496,22730400
2012-03-13,20.309999465942383,20.360000610351562,20.17333221435547,20.333332061767578,15.572357177734375,26203800
2012-03-14,20.280000686645508,20.383333206176758,20.229999542236328,20.360000610351562,15.592784881591797,19125000
2012-03-15,20.296667098999023,20.420000076293945,20.260000228881836,20.40999984741211,15.63107681274414,20265000
2012-03-16,20.469999313354492,20.489999771118164,20.25666618347168,20.280000686645508,15.53151798248291,36231300
2012-03-19,20.19333267211914,20.293333053588867,20.15333366394043,20.246667861938477,15.50598430633545,24755700
2012-03-20,20.110000610351562,20.286666870117188,20.09666633605957,20.200000762939453,15.470245361328125,23734500
2012-03-21,20.149999618530273,20.239999771118164,20.123332977294922,20.18666648864746,15.460030555725098,21908400
2012-03-22,20.07666778564453,20.25666618347168,20.07666778564453,20.21666717529297,15.483013153076172,17132400
2012-03-23,20.203332901000977,20.28333282470703,20.136667251586914,20.25,15.508535385131836,20873100
2012-03-26,20.299999237060547,20.440000534057617,20.253332138061523,20.399999618530273,15.623422622680664,18644400
2012-03-27,20.450000762939453,20.5,20.34000015258789,20.363332748413086,15.595338821411133,22054800
2012-03-28,20.383333206176758,20.49333381652832,20.32666778564453,20.39666748046875,15.620867729187012,21372000
2012-03-29,20.25666618347168,20.316667556762695,20.206666946411133,20.273332595825195,15.52640438079834,20075100
2012-03-30,20.356666564941406,20.47333335876465,20.30666732788086,20.399999618530273,15.623422622680664,20824200
2012-04-02,20.360000610351562,20.496667861938477,20.323333740234375,20.453332901000977,15.664259910583496,19397700
2012-04-03,20.3799991607666,20.469999313354492,20.079999923706055,20.21666717529297,15.483013153076172,33540300
2012-04-04,20.176666259765625,20.196666717529297,20.00666618347168,20.086666107177734,15.383452415466309,32555100
2012-04-05,20.066667556762695,20.229999542236328,20.023332595825195,20.22333335876465,15.488115310668945,19586100
2012-04-09,20.073333740234375,20.113332748413086,20.02666664123535,20.043333053588867,15.350260734558105,20495100
2012-04-10,20.010000228881836,20.1299991607666,19.850000381469727,19.976667404174805,15.299211502075195,28659300
2012-04-11,20.09666633605957,20.09666633605957,19.886667251586914,19.933332443237305,15.266016960144043,23243100
2012-04-12,19.933332443237305,20.066667556762695,19.85333251953125,20.046667098999023,15.35282039642334,22103100
2012-04-13,20.0,20.06999969482422,19.916667938232422,19.92333221435547,15.258358001708984,20077800
2012-04-16,19.979999542236328,20.270000457763672,19.956666946411133,20.19333267211914,15.465141296386719,20533800
2012-04-17,20.3700008392334,20.649999618530273,20.363332748413086,20.623332977294922,15.794455528259277,32029200
2012-04-18,20.516666412353516,20.75,20.516666412353516,20.68666648864746,15.842957496643066,23871900
2012-04-19,20.65333366394043,20.683332443237305,20.489999771118164,20.583332061767578,15.763823509216309,19138800
2012-04-20,20.566667556762695,20.829999923706055,20.553333282470703,20.816667556762695,15.94251537322998,26993100
2012-04-23,19.71666717529297,20.079999923706055,19.709999084472656,19.84666633605957,15.199640274047852,114021900
2012-04-24,19.753332138061523,19.78333282470703,19.21666717529297,19.25666618347168,14.747791290283203,90271800
2012-04-25,19.303333282470703,19.476667404174805,19.059999465942383,19.1200008392334,14.643117904663086,84035400
2012-04-26,19.196666717529297,19.809999465942383,19.190000534057617,19.649999618530273,15.049026489257812,75278700
2012-04-27,19.726667404174805,19.81999969482422,19.64666748046875,19.676666259765625,15.069449424743652,27083700
2012-04-30,19.606666564941406,19.663333892822266,19.510000228881836,19.636667251586914,15.038818359375,22447800
2012-05-01,19.649999618530273,19.75666618347168,19.49333381652832,19.690000534057617,15.079663276672363,29747100
2012-05-02,19.65333366394043,19.773332595825195,19.606666564941406,19.670000076293945,15.064343452453613,22043100
2012-05-03,19.733333587646484,19.733333587646484,19.60333251953125,19.663333892822266,15.059240341186523,20675700
2012-05-04,19.6200008392334,19.726667404174805,19.559999465942383,19.566667556762695,14.985210418701172,20833500
2012-05-07,19.516666412353516,19.786666870117188,19.516666412353516,19.729999542236328,15.110299110412598,25974600
2012-05-08,19.68666648864746,19.790000915527344,19.543333053588867,19.683332443237305,15.074553489685059,30819900
2012-05-09,19.49333381652832,19.746667861938477,19.42333221435547,19.676666259765625,15.17170524597168,33472800
2012-05-10,19.78333282470703,19.8700008392334,19.696666717529297,19.729999542236328,15.212831497192383,23222100
2012-05-11,19.69333267211914,19.883333206176758,19.60333251953125,19.80666732788086,15.27194595336914,22420800
2012-05-14,19.696666717529297,19.850000381469727,19.639999389648438,19.690000534057617,15.181989669799805,18603000
2012-05-15,19.649999618530273,19.883333206176758,19.649999618530273,19.78333282470703,15.253955841064453,31684200
2012-05-16,19.843332290649414,19.886667251586914,19.71666717529297,19.729999542236328,15.212831497192383,32514300
2012-05-17,20.446666717529297,20.833332061767578,20.416667938232422,20.559999465942383,15.852804183959961,87877200
2012-05-18,20.623332977294922,20.876667022705078,20.586666107177734,20.809999465942383,16.045568466186523,49892100
2012-05-21,20.793333053588867,21.03333282470703,20.713333129882812,21.01333236694336,16.202342987060547,33449700
2012-05-22,20.996667861938477,21.316667556762695,20.96666717529297,21.24333381652832,16.379682540893555,36223200
2012-05-23,21.1299991607666,21.56333351135254,21.09666633605957,21.52666664123535,16.598154067993164,47046600
2012-05-24,21.56999969482422,21.726667404174805,21.48666763305664,21.690000534057617,16.72408676147461,33908100
2012-05-25,21.6200008392334,21.833332061767578,21.600000381469727,21.770000457763672,16.785776138305664,30539700
2012-05-29,21.799999237060547,21.920000076293945,21.73666763305664,21.893333435058594,16.88087272644043,30110700
2012-05-30,21.803333282470703,21.983333587646484,21.77666664123535,21.81333351135254,16.81917953491211,29939100
2012-05-31,21.799999237060547,22.219999313354492,21.793333053588867,21.940000534057617,16.91685676574707,50296500
2012-06-01,21.809999465942383,21.959999084472656,21.709999084472656,21.850000381469727,16.847463607788086,45902100
2012-06-04,21.96666717529297,22.043333053588867,21.799999237060547,21.996667861938477,16.960552215576172,41630400
2012-06-05,21.913333892822266,21.96666717529297,21.809999465942383,21.833332061767578,16.834606170654297,28023000
2012-06-06,21.866666793823242,21.989999771118164,21.81999969482422,21.976667404174805,16.945125579833984,32540700
2012-06-07,22.02666664123535,22.02666664123535,21.926666259765625,21.956666946411133,16.929702758789062,37640100
2012-06-08,22.06333351135254,22.74333381652832,22.02666664123535,22.739999771118164,17.533695220947266,54037800
2012-06-11,22.796667098999023,22.82666778564453,22.489999771118164,22.510000228881836,17.356355667114258,31474200
2012-06-12,22.55666732788086,22.616666793823242,22.433332443237305,22.573333740234375,17.405181884765625,26963400
2012-06-13,22.530000686645508,22.583332061767578,22.31999969482422,22.356666564941406,17.238121032714844,32246700
2012-06-14,22.366666793823242,22.59666633605957,22.363332748413086,22.543333053588867,17.382055282592773,29983200
2012-06-15,22.683332443237305,22.68666648864746,22.530000686645508,22.583332061767578,17.412899017333984,38226000
2012-06-18,22.489999771118164,22.760000228881836,22.476667404174805,22.706666946411133,17.507984161376953,22660500
2012-06-19,22.696666717529297,22.75,22.566667556762695,22.60333251953125,17.428312301635742,23718000
2012-06-20,22.6200008392334,22.84666633605957,22.593332290649414,22.84000015258789,17.610797882080078,26969400
2012-06-21,22.829999923706055,22.886667251586914,22.559999465942383,22.566667556762695,17.40004539489746,29530800
2012-06-22,22.696666717529297,22.78333282470703,22.39666748046875,22.433332443237305,17.297231674194336,34202100
2012-06-25,22.35333251953125,22.74333381652832,22.35333251953125,22.726667404174805,17.52341079711914,35491800
2012-06-26,22.82666778564453,22.97333335876465,22.75,22.860000610351562,17.626222610473633,32435400
2012-06-27,22.863332748413086,22.916667938232422,22.753332138061523,22.863332748413086,17.6287841796875,26393400
2012-06-28,22.639999389648438,22.78333282470703,22.496667861938477,22.766666412353516,17.55425262451172,25735200
2012-06-29,22.979999542236328,23.239999771118164,22.85333251953125,23.239999771118164,17.91921615600586,31990200
2012-07-02,23.200000762939453,23.316667556762695,23.049999237060547,23.116666793823242,17.824121475219727,31275600
2012-07-03,23.21666717529297,23.59000015258789,23.100000381469727,23.583332061767578,18.183940887451172,28184100
2012-07-05,23.456666946411133,23.766666412353516,23.456666946411133,23.69333267211914,18.268762588500977,37321500
2012-07-06,23.57666778564453,23.786666870117188,23.57666778564453,23.786666870117188,18.340726852416992,24027600
2012-07-09,23.753332138061523,23.920000076293945,23.67333221435547,23.920000076293945,18.443527221679688,33451200
2012-07-10,23.976667404174805,24.19333267211914,23.8799991607666,24.036666870117188,18.533489227294922,39984600
2012-07-11,24.043333053588867,24.14666748046875,23.926666259765625,24.086666107177734,18.572040557861328,36731700
2012-07-12,24.023332595825195,24.206666946411133,23.8799991607666,24.10333251953125,18.584890365600586,30587400
2012-07-13,24.09000015258789,24.413333892822266,24.049999237060547,24.393333435058594,18.80849266052246,24540300
2012-07-16,24.30666732788086,24.393333435058594,24.19333267211914,24.32666778564453,18.75709342956543,24241800
2012-07-17,24.299999237060547,24.366666793823242,24.10333251953125,24.366666793823242,18.787939071655273,36528900
2012-07-18,24.296667098999023,24.48666763305664,24.239999771118164,24.28333282470703,18.723682403564453,28485300
2012-07-19,24.28333282470703,24.286666870117188,23.40999984741211,23.843332290649414,18.384414672851562,50634000
2012-07-20,23.81999969482422,24.163333892822266,23.770000457763672,24.083332061767578,18.569477081298828,33156000
2012-07-23,23.873332977294922,23.996667861938477,23.753332138061523,23.950000762939453,18.466657638549805,19969500
2012-07-24,23.893333435058594,24.079999923706055,23.816667556762695,24.046667098999023,18.541194915771484,22427100
2012-07-25,24.086666107177734,24.15333366394043,23.956666946411133,24.02666664123535,18.525775909423828,20945700
2012-07-26,24.233333587646484,24.649999618530273,24.229999542236328,24.55666732788086,18.934436798095703,24577200
2012-07-27,24.613332748413086,24.933332443237305,24.59666633605957,24.84000015258789,19.15289878845215,32584500
2012-07-30,24.81999969482422,25.079999923706055,24.816667556762695,24.99333381652832,19.271135330200195,27436800
2012-07-31,24.920000076293945,24.99333381652832,24.809999465942383,24.809999465942383,19.129770278930664,24968700
2012-08-01,24.899999618530273,24.93000030517578,24.47333335876465,24.540000915527344,18.921588897705078,29097000
2012-08-02,24.350000381469727,24.719999313354492,24.31333351135254,24.683332443237305,19.032102584838867,24279000
2012-08-03,24.913333892822266,24.98666763305664,24.75,24.850000381469727,19.16061019897461,26220000
2012-08-06,24.97333335876465,24.97333335876465,24.760000228881836,24.760000228881836,19.091215133666992,18352500
2012-08-07,24.803333282470703,24.866666793823242,24.656667709350586,24.663333892822266,19.016679763793945,22843500
2012-08-08,24.549999237060547,24.836666107177734,24.476667404174805,24.770000457763672,19.202226638793945,19734900
2012-08-09,24.760000228881836,24.84000015258789,24.586666107177734,24.616666793823242,19.083345413208008,15854100
2012-08-10,24.616666793823242,24.75,24.476667404174805,24.559999465942383,19.03942108154297,16932600
2012-08-13,24.469999313354492,24.56333351135254,24.393333435058594,24.46666717529297,18.96706199645996,18903000
2012-08-14,24.613332748413086,24.75666618347168,24.523332595825195,24.670000076293945,19.12470054626465,21726000
2012-08-15,24.636667251586914,24.84000015258789,24.606666564941406,24.816667556762695,19.238391876220703,23323200
2012-08-16,24.19333267211914,24.25,23.926666259765625,24.049999237060547,18.644060134887695,53439600
2012-08-17,24.136667251586914,24.229999542236328,23.946666717529297,23.996667861938477,18.60271644592285,29204700
2012-08-20,24.003332138061523,24.136667251586914,23.886667251586914,24.100000381469727,18.68282127380371,16646100
2012-08-21,24.100000381469727,24.113332748413086,23.809999465942383,23.809999465942383,18.4580020904541,22902600
2012-08-22,23.78333282470703,23.950000762939453,23.78333282470703,23.92333221435547,18.545862197875977,19983000
2012-08-23,23.933332443237305,23.979999542236328,23.799999237060547,23.85333251953125,18.491600036621094,18015300
2012-08-24,23.796667098999023,24.066667556762695,23.78333282470703,24.036666870117188,18.633724212646484,15570300
2012-08-27,24.05666732788086,24.26333236694336,24.023332595825195,24.166667938232422,18.7344970703125,17300700
2012-08-28,24.059999465942383,24.23666763305664,24.053333282470703,24.136667251586914,18.711246490478516,14468100
2012-08-29,24.203332901000977,24.34000015258789,24.143333435058594,24.25666618347168,18.804271697998047,12692400
2012-08-30,24.209999084472656,24.25,24.049999237060547,24.083332061767578,18.669906616210938,15711600
2012-08-31,24.196666717529297,24.316667556762695,24.1200008392334,24.200000762939453,18.76034164428711,17655300
2012-09-04,24.25666618347168,24.613332748413086,24.190000534057617,24.503332138061523,18.99549674987793,25572300
2012-09-05,24.6200008392334,24.649999618530273,24.456666946411133,24.516666412353516,19.005828857421875,23892300
2012-09-06,24.65999984741211,24.93666648864746,24.613332748413086,24.93666648864746,19.331418991088867,19525500
2012-09-07,24.899999618530273,24.933332443237305,24.5,24.606666564941406,19.075592041015625,19864200
2012-09-10,24.6299991607666,24.706666946411133,24.5,24.503332138061523,18.99549674987793,19500300
2012-09-11,24.573333740234375,24.80666732788086,24.516666412353516,24.68666648864746,19.137617111206055,15874200
2012-09-12,24.68666648864746,24.78333282470703,24.583332061767578,24.690000534057617,19.14019012451172,12893400
2012-09-13,24.649999618530273,25.06333351135254,24.649999618530273,25.046667098999023,19.416696548461914,22222200
2012-09-14,24.946666717529297,24.996667861938477,24.753332138061523,24.833332061767578,19.25131607055664,25607100
2012-09-17,24.786666870117188,24.893333435058594,24.623332977294922,24.663333892822266,19.11952781677246,20563800
2012-09-18,24.616666793823242,24.72333335876465,24.559999465942383,24.649999618530273,19.109188079833984,15912300
2012-09-19,24.75,24.876667022705078,24.663333892822266,24.790000915527344,19.217721939086914,16967700
2012-09-20,24.773332595825195,24.940000534057617,24.773332595825195,24.916667938232422,19.3159236907959,13569600
2012-09-21,24.98666763305664,25.030000686645508,24.77666664123535,24.816667556762695,19.238391876220703,31686900
2012-09-24,24.733333587646484,24.98666763305664,24.726667404174805,24.913333892822266,19.313337326049805,13241100
2012-09-25,24.969999313354492,25.016666412353516,24.753332138061523,24.753332138061523,19.18929100036621,19274100
2012-09-26,24.719999313354492,24.946666717529297,24.713333129882812,24.729999542236328,19.171215057373047,14414700
2012-09-27,24.790000915527344,24.833332061767578,24.610000610351562,24.65999984741211,19.1169376373291,16170300
2012-09-28,24.6200008392334,24.68666648864746,24.47333335876465,24.600000381469727,19.070425033569336,18063000
2012-10-01,24.600000381469727,24.829999923706055,24.600000381469727,24.683332443237305,19.13503074645996,13986900
2012-10-02,24.65999984741211,24.786666870117188,24.543333053588867,24.583332061767578,19.057514190673828,12709500
2012-10-03,24.676666259765625,24.916667938232422,24.583332061767578,24.733333587646484,19.173795700073242,24494100
2012-10-04,24.836666107177734,25.003332138061523,24.836666107177734,24.906667709350586,19.30816078186035,15002700
2012-10-05,24.979999542236328,25.166667938232422,24.963333129882812,25.043333053588867,19.414113998413086,15615300
2012-10-08,25.053333282470703,25.183332443237305,25.020000457763672,25.083332061767578,19.445117950439453,13637700
2012-10-09,25.053333282470703,25.126667022705078,24.709999084472656,24.713333129882812,19.158287048339844,24921900
2012-10-10,24.883333206176758,25.60333251953125,24.8799991607666,25.139999389648438,19.489051818847656,58094400
2012-10-11,25.53333282470703,25.536666870117188,24.983333587646484,25.003332138061523,19.383102416992188,24976500
2012-10-12,25.139999389648438,25.34666633605957,25.100000381469727,25.270000457763672,19.589826583862305,24087900
2012-10-15,25.290000915527344,25.78333282470703,25.18666648864746,25.71666717529297,19.93609619140625,29008800
2012-10-16,25.866666793823242,25.866666793823242,25.56333351135254,25.636667251586914,19.874073028564453,18930300
2012-10-17,25.77666664123535,25.833332061767578,25.49333381652832,25.676666259765625,19.905088424682617,22483500
2012-10-18,25.67333221435547,25.74333381652832,25.389999389648438,25.520000457763672,19.78363609313965,21977100
2012-10-19,25.52666664123535,25.56999969482422,25.143333435058594,25.206666946411133,19.540733337402344,20827500
2012-10-22,25.226667404174805,25.260000228881836,25.030000686645508,25.21666717529297,19.548480987548828,16276200
2012-10-23,25.016666412353516,25.163333892822266,24.836666107177734,24.920000076293945,19.31850242614746,17501700
2012-10-24,24.976667404174805,25.0,24.84000015258789,24.940000534057617,19.33401107788086,13749600
2012-10-25,25.100000381469727,25.166667938232422,24.963333129882812,25.106666564941406,19.463207244873047,13298700
2012-10-26,25.066667556762695,25.139999389648438,24.893333435058594,25.036666870117188,19.408946990966797,13340700
2012-10-31,25.083332061767578,25.226667404174805,24.709999084472656,25.00666618347168,19.385692596435547,19653600
2012-11-01,25.043333053588867,25.053333282470703,24.383333206176758,24.483333587646484,18.979995727539062,38830800
2012-11-02,24.48666763305664,24.523332595825195,24.23666763305664,24.25666618347168,18.804271697998047,25690500
2012-11-05,24.219999313354492,24.399999618530273,24.21666717529297,24.3799991607666,18.89988136291504,14303100
2012-11-06,24.389999389648438,24.760000228881836,24.376667022705078,24.586666107177734,19.060096740722656,16003200
2012-11-07,24.47333335876465,24.633333206176758,24.286666870117188,24.3700008392334,18.892135620117188,20429700
2012-11-08,24.336666107177734,24.65999984741211,24.15999984741211,24.15999984741211,18.72933578491211,21411300
2012-11-09,24.043333053588867,24.200000762939453,23.97333335876465,24.10333251953125,18.685400009155273,20674200
2012-11-12,24.09000015258789,24.200000762939453,23.96666717529297,24.15999984741211,18.72933578491211,13148400
2012-11-13,23.989999771118164,24.100000381469727,23.726667404174805,23.93666648864746,18.55620002746582,26932200
2012-11-14,23.953332901000977,24.0,23.69333267211914,23.770000457763672,18.427001953125,27333900
2012-11-15,23.219999313354492,23.229999542236328,22.616666793823242,22.906667709350586,17.75772476196289,69146700
2012-11-16,22.863332748413086,22.89666748046875,22.626667022705078,22.676666259765625,17.57942008972168,36771300
2012-11-19,22.71666717529297,23.043333053588867,22.549999237060547,23.00666618347168,17.835247039794922,38507100
2012-11-20,23.079999923706055,23.079999923706055,22.816667556762695,23.0,17.830078125,28183800
2012-11-21,22.953332901000977,23.020000457763672,22.893333435058594,22.963333129882812,17.801651000976562,21118800
2012-11-23,23.113332748413086,23.413333892822266,22.959999084472656,23.399999618530273,18.140172958374023,15404700
2012-11-26,23.376667022705078,23.40999984741211,23.149999618530273,23.303333282470703,18.065235137939453,27219600
2012-11-27,23.299999237060547,23.389999389648438,23.149999618530273,23.166667938232422,17.95927619934082,22146900
2012-11-28,23.15333366394043,23.60333251953125,23.09666633605957,23.520000457763672,18.233190536499023,31489200
2012-11-29,23.49333381652832,23.68000030517578,23.376667022705078,23.610000610351562,18.302959442138672,28861500
2012-11-30,23.656667709350586,24.040000915527344,23.616666793823242,24.00666618347168,18.61046600341797,37455600
2012-12-03,24.036666870117188,24.113332748413086,23.780000686645508,23.780000686645508,18.43475341796875,27260400
2012-12-04,23.823333740234375,24.200000762939453,23.816667556762695,24.040000915527344,18.636316299438477,38461500
2012-12-05,23.979999542236328,24.00666618347168,23.74333381652832,23.883333206176758,18.617595672607422,28539600
2012-12-06,23.889999389648438,23.950000762939453,23.700000762939453,23.863332748413086,18.602006912231445,21498300
2012-12-07,23.96666717529297,24.196666717529297,23.950000762939453,24.09666633605957,18.78389549255371,21849000
2012-12-10,24.02666664123535,24.113332748413086,23.93000030517578,24.049999237060547,18.74751853942871,17704800
2012-12-11,24.083332061767578,24.233333587646484,23.606666564941406,23.6299991607666,18.42011833190918,43785000
2012-12-12,23.399999618530273,23.450000762939453,22.969999313354492,22.979999542236328,17.91343116760254,70205700
2012-12-13,23.01333236694336,23.1200008392334,23.0,23.01333236694336,17.939416885375977,42730500
2012-12-14,23.016666412353516,23.100000381469727,22.913333892822266,22.916667938232422,17.86406135559082,31506900
2012-12-17,22.98666763305664,23.170000076293945,22.963333129882812,23.066667556762695,17.980987548828125,31595100
2012-12-18,23.036666870117188,23.219999313354492,22.969999313354492,23.166667938232422,18.058937072753906,34769400
2012-12-19,23.143333435058594,23.166667938232422,22.84000015258789,22.84000015258789,17.804298400878906,29919600
2012-12-20,22.77666664123535,23.020000457763672,22.72333335876465,23.0,17.929018020629883,29058900
2012-12-21,22.956666946411133,23.053333282470703,22.75666618347168,22.883333206176758,17.83807373046875,39693000
2012-12-24,22.836666107177734,22.93666648864746,22.770000457763672,22.856666564941406,17.817291259765625,8714400
2012-12-26,22.85333251953125,22.883333206176758,22.57666778564453,22.663333892822266,17.666582107543945,18278700
2012-12-27,22.676666259765625,22.80666732788086,22.59666633605957,22.729999542236328,17.718547821044922,22152600
2012-12-28,22.636667251586914,22.78333282470703,22.51333236694336,22.536666870117188,17.56783676147461,16540200
2012-12-31,22.496667861938477,22.766666412353516,22.456666946411133,22.74333381652832,17.728940963745117,21037500
2013-01-02,22.976667404174805,23.079999923706055,22.816667556762695,23.079999923706055,17.991376876831055,31172400
2013-01-03,23.083332061767578,23.116666793823242,22.793333053588867,22.933332443237305,17.87705421447754,26730300
2013-01-04,22.90999984741211,23.059999465942383,22.780000686645508,23.020000457763672,17.944610595703125,19314000
2013-01-07,22.94333267211914,22.97333335876465,22.709999084472656,22.799999237060547,17.773117065429688,18604200
2013-01-08,22.760000228881836,22.963333129882812,22.73666763305664,22.863332748413086,17.822479248046875,17600700
2013-01-09,22.886667251586914,22.90333366394043,22.739999771118164,22.856666564941406,17.817291259765625,15165600
2013-01-10,22.886667251586914,23.010000228881836,22.573333740234375,22.786666870117188,17.76272201538086,34361400
2013-01-11,22.866666793823242,22.93000030517578,22.73666763305664,22.876667022705078,17.832881927490234,18673500
2013-01-14,22.829999923706055,22.889999389648438,22.703332901000977,22.766666412353516,17.74713134765625,16471200
2013-01-15,22.729999542236328,23.079999923706055,22.700000762939453,22.99333381652832,17.923824310302734,18421200
2013-01-16,22.979999542236328,23.123332977294922,22.963333129882812,23.06999969482422,17.98358726501465,14753700
2013-01-17,23.100000381469727,23.106666564941406,22.90333366394043,22.950000762939453,17.890043258666992,21697800
2013-01-18,22.950000762939453,23.066667556762695,22.950000762939453,23.066667556762695,17.980987548828125,23440200
2013-01-22,23.016666412353516,23.21666717529297,22.98666763305664,23.19333267211914,18.07972526550293,17243700
2013-01-23,23.1299991607666,23.213333129882812,23.049999237060547,23.163333892822266,18.05634880065918,19096200
2013-01-24,23.21666717529297,23.329999923706055,23.116666793823242,23.26333236694336,18.13429832458496,27417000
2013-01-25,23.303333282470703,23.333332061767578,22.976667404174805,23.0,17.929018020629883,23903100
2013-01-28,23.02666664123535,23.166667938232422,22.933332443237305,23.116666793823242,18.01996421813965,21164400
2013-01-29,23.06999969482422,23.399999618530273,23.066667556762695,23.296667098999023,18.160280227661133,28682700
2013-01-30,23.373332977294922,23.373332977294922,23.166667938232422,23.25,18.1238956451416,21061800
2013-01-31,23.229999542236328,23.479999542236328,23.229999542236328,23.316667556762695,18.175872802734375,21048600
2013-02-01,23.3700008392334,23.51333236694336,23.316667556762695,23.496667861938477,18.316179275512695,19349400
2013-02-04,23.14666748046875,23.299999237060547,23.043333053588867,23.209999084472656,18.09271812438965,32277900
2013-02-05,23.290000915527344,23.690000534057617,23.253332138061523,23.59000015258789,18.388938903808594,31576500
2013-02-06,23.49333381652832,23.773332595825195,23.433332443237305,23.770000457763672,18.52925682067871,29273400
2013-02-07,23.81333351135254,23.8799991607666,23.633333206176758,23.74333381652832,18.508468627929688,24920700
2013-02-08,23.733333587646484,23.8799991607666,23.690000534057617,23.82666778564453,18.57342529296875,17719800
2013-02-11,23.75,23.836666107177734,23.510000228881836,23.799999237060547,18.55264663696289,18607800
2013-02-12,23.829999923706055,23.886667251586914,23.700000762939453,23.799999237060547,18.55264663696289,14286000
2013-02-13,23.76333236694336,23.899999618530273,23.73666763305664,23.796667098999023,18.550039291381836,11905800
2013-02-14,23.700000762939453,23.74333381652832,23.583332061767578,23.606666564941406,18.401931762695312,20463000
2013-02-15,23.18000030517578,23.333332061767578,22.709999084472656,23.100000381469727,18.006973266601562,77051100
2013-02-19,23.06333351135254,23.149999618530273,22.84666633605957,22.920000076293945,17.86665916442871,44046900
2013-02-20,22.906667709350586,23.28333282470703,22.766666412353516,23.06999969482422,17.98358726501465,35920800
2013-02-21,23.333332061767578,23.823333740234375,23.239999771118164,23.420000076293945,18.25641632080078,61239300
2013-02-22,23.406667709350586,23.51333236694336,23.296667098999023,23.46666717529297,18.292800903320312,27495600
2013-02-25,23.5,23.780000686645508,23.479999542236328,23.479999542236328,18.303186416625977,35452800
2013-02-26,23.56333351135254,23.796667098999023,23.536666870117188,23.703332901000977,18.477279663085938,31672800
2013-02-27,23.639999389648438,23.98666763305664,23.52666664123535,23.886667251586914,18.620197296142578,26457000
2013-02-28,23.863332748413086,23.959999084472656,23.593332290649414,23.593332290649414,18.39153480529785,56650800
2013-03-01,23.593332290649414,23.96666717529297,23.593332290649414,23.913333892822266,18.64098358154297,26706900
2013-03-04,23.84000015258789,24.420000076293945,23.836666107177734,24.420000076293945,19.03594398498535,31701600
2013-03-05,24.489999771118164,24.68000030517578,24.329999923706055,24.573333740234375,19.15546989440918,27426000
2013-03-06,24.583332061767578,24.709999084472656,24.416667938232422,24.459999084472656,19.067121505737305,21448800
2013-03-07,24.496667861938477,24.536666870117188,24.399999618530273,24.440000534057617,19.051538467407227,20040000
2013-03-08,24.433332443237305,24.463333129882812,24.280000686645508,24.343332290649414,19.098608016967773,17233800
2013-03-11,24.363332748413086,24.413333892822266,24.270000457763672,24.32666778564453,19.085533142089844,15446100
2013-03-12,24.316667556762695,24.633333206176758,24.280000686645508,24.53333282470703,19.247671127319336,24460200
2013-03-13,24.6299991607666,24.733333587646484,24.51333236694336,24.549999237060547,19.26074981689453,15978300
2013-03-14,24.623332977294922,24.666667938232422,24.376667022705078,24.406667709350586,19.148296356201172,19059600
2013-03-15,24.336666107177734,24.5,24.143333435058594,24.166667938232422,18.95999526977539,51585300
2013-03-18,24.09666633605957,24.24333381652832,24.003332138061523,24.083332061767578,18.894628524780273,17313000
2013-03-19,24.139999389648438,24.290000915527344,24.06333351135254,24.149999618530273,18.946924209594727,17258400
2013-03-20,24.270000457763672,24.459999084472656,24.246667861938477,24.329999923706055,19.08814811706543,18960900
2013-03-21,24.290000915527344,24.489999771118164,24.28333282470703,24.376667022705078,19.124755859375,16520100
2013-03-22,24.450000762939453,24.76333236694336,24.43000030517578,24.760000228881836,19.425498962402344,21971400
2013-03-25,24.713333129882812,25.036666870117188,24.706666946411133,24.950000762939453,19.574562072753906,31316100
2013-03-26,24.976667404174805,25.030000686645508,24.809999465942383,24.92333221435547,19.55364418029785,19927200
2013-03-27,24.770000457763672,24.98666763305664,24.746667861938477,24.926666259765625,19.556262969970703,17910900
2013-03-28,24.946666717529297,24.989999771118164,24.793333053588867,24.94333267211914,19.5693359375,22104900
2013-04-01,25.0,25.309999465942383,24.96666717529297,25.143333435058594,19.72624969482422,25246200
2013-04-02,25.183332443237305,25.350000381469727,25.139999389648438,25.34000015258789,19.88054847717285,19928400
2013-04-03,25.43666648864746,25.559999465942383,25.239999771118164,25.333332061767578,19.875314712524414,22361700
2013-04-04,25.31999969482422,25.52666664123535,25.31999969482422,25.399999618530273,19.927616119384766,22524600
2013-04-05,25.183332443237305,25.469999313354492,25.143333435058594,25.463333129882812,19.9773006439209,17640900
2013-04-08,25.366666793823242,25.816667556762695,25.27666664123535,25.76333236694336,20.21266746520996,24225300
2013-04-09,25.746667861938477,26.15333366394043,25.67333221435547,26.040000915527344,20.429731369018555,26009700
2013-04-10,26.093332290649414,26.126667022705078,25.790000915527344,25.790000915527344,20.23358917236328,25797000
2013-04-11,25.786666870117188,26.123332977294922,25.75666618347168,25.93000030517578,20.343425750732422,21387300
2013-04-12,25.876667022705078,26.28333282470703,25.860000610351562,26.18666648864746,20.5447940826416,19010400
2013-04-15,26.14666748046875,26.426666259765625,26.143333435058594,26.156667709350586,20.521265029907227,25636500
2013-04-16,26.07666778564453,26.286666870117188,26.010000228881836,26.226667404174805,20.576181411743164,20563200
2013-04-17,26.176666259765625,26.356666564941406,26.036666870117188,26.170000076293945,20.53172492980957,21745800
2013-04-18,26.253332138061523,26.350000381469727,25.536666870117188,25.719999313354492,20.178680419921875,42656700
2013-04-19,25.833332061767578,26.14666748046875,25.799999237060547,26.09666633605957,20.47418785095215,23521500
2013-04-22,26.09666633605957,26.14666748046875,25.833332061767578,25.989999771118164,20.390504837036133,15464700
2013-04-23,26.036666870117188,26.406667709350586,26.016666412353516,26.363332748413086,20.683399200439453,19960800
2013-04-24,26.40999984741211,26.5,25.97333335876465,26.010000228881836,20.406190872192383,24250800
2013-04-25,26.059999465942383,26.27666664123535,25.959999084472656,26.21666717529297,20.568328857421875,17187300
2013-04-26,26.19333267211914,26.383333206176758,26.190000534057617,26.34666633605957,20.67032241821289,17770800
2013-04-29,26.360000610351562,26.416667938232422,26.049999237060547,26.1299991607666,20.500335693359375,18470400
2013-04-30,26.093332290649414,26.100000381469727,25.790000915527344,25.906667709350586,20.325122833251953,23897400
2013-05-01,25.950000762939453,26.219999313354492,25.89666748046875,26.020000457763672,20.41404151916504,18780900
2013-05-02,25.969999313354492,26.163333892822266,25.933332443237305,26.15333366394043,20.518648147583008,13558800
2013-05-03,26.30666732788086,26.446666717529297,26.299999237060547,26.416667938232422,20.725244522094727,16812300
2013-05-06,26.366666793823242,26.386667251586914,26.25666618347168,26.27666664123535,20.615407943725586,14417100
2013-05-07,26.366666793823242,26.3799991607666,26.25666618347168,26.27666664123535,20.615407943725586,19713300
2013-05-08,26.18666648864746,26.219999313354492,25.926666259765625,26.083332061767578,20.586462020874023,24025500
2013-05-09,26.10333251953125,26.31999969482422,25.96666717529297,26.133333206176758,20.625926971435547,19550400
2013-05-10,26.156667709350586,26.303333282470703,26.093332290649414,26.296667098999023,20.754840850830078,17493600
2013-05-13,26.266666412353516,26.31333351135254,25.97333335876465,26.166667938232422,20.652236938476562,23141700
2013-05-14,25.99333381652832,26.286666870117188,25.889999389648438,26.260000228881836,20.725900650024414,30041100
2013-05-15,26.266666412353516,26.65333366394043,26.21666717529297,26.6200008392334,21.01003646850586,24003300
2013-05-16,26.03333282470703,26.286666870117188,25.780000686645508,26.166667938232422,20.652236938476562,36385800
2013-05-17,26.100000381469727,26.196666717529297,25.799999237060547,25.956666946411133,20.486494064331055,32007900
2013-05-20,25.959999084472656,25.96666717529297,25.786666870117188,25.799999237060547,20.36284637451172,16747800
2013-05-21,25.873332977294922,26.059999465942383,25.75,25.796667098999023,20.360218048095703,22452900
2013-05-22,25.729999542236328,25.933332443237305,25.583332061767578,25.676666259765625,20.265501022338867,27093900
2013-05-23,25.610000610351562,25.64666748046875,25.416667938232422,25.44333267211914,20.081340789794922,24144600
2013-05-24,25.440000534057617,25.803333282470703,25.383333206176758,25.770000457763672,20.33916473388672,22768800
2013-05-28,25.84000015258789,26.01333236694336,25.68666648864746,25.773332595825195,20.341796875,18177600
2013-05-29,25.683332443237305,25.683332443237305,25.35333251953125,25.40999984741211,20.055034637451172,17646900
2013-05-30,25.496667861938477,25.51333236694336,25.203332901000977,25.209999084472656,19.897188186645508,18684000
2013-05-31,25.1200008392334,25.209999084472656,24.940000534057617,24.946666717529297,19.689342498779297,29237100
2013-06-03,25.020000457763672,25.266666412353516,24.8799991607666,25.229999542236328,19.912965774536133,25321500
2013-06-04,25.25666618347168,25.459999084472656,25.156667709350586,25.31333351135254,19.978740692138672,28032000
2013-06-05,25.239999771118164,25.316667556762695,25.023332595825195,25.083332061767578,19.797204971313477,20335800
2013-06-06,25.09000015258789,25.246667861938477,24.946666717529297,25.209999084472656,19.897188186645508,28275300
2013-06-07,25.459999084472656,25.623332977294922,25.39666748046875,25.44333267211914,20.081340789794922,25041600
2013-06-10,25.426666259765625,25.549999237060547,25.219999313354492,25.25,19.928754806518555,20194500
2013-06-11,25.139999389648438,25.27666664123535,24.996667861938477,25.083332061767578,19.797204971313477,18019200
2013-06-12,25.156667709350586,25.23666763305664,24.883333206176758,24.946666717529297,19.689342498779297,14193300
2013-06-13,24.926666259765625,25.110000610351562,24.85333251953125,25.0,19.7314395904541,21718500
2013-06-14,24.946666717529297,25.09000015258789,24.933332443237305,24.956666946411133,19.69723129272461,19054500
2013-06-17,25.0,25.149999618530273,24.836666107177734,24.983333587646484,19.718284606933594,19441800
2013-06-18,25.0,25.293333053588867,24.933332443237305,25.24333381652832,19.923486709594727,20219100
2013-06-19,25.246667861938477,25.31999969482422,24.780000686645508,24.81999969482422,19.589366912841797,24987300
2013-06-20,24.833332061767578,24.886667251586914,24.336666107177734,24.343332290649414,19.21316146850586,27209100
2013-06-21,24.50666618347168,24.733333587646484,24.416667938232422,24.503332138061523,19.339447021484375,43693500
2013-06-24,24.350000381469727,24.93000030517578,24.299999237060547,24.733333587646484,19.520971298217773,29091900
2013-06-25,24.75666618347168,24.916667938232422,24.613332748413086,24.790000915527344,19.565689086914062,21653400
2013-06-26,24.873332977294922,25.059999465942383,24.84666633605957,25.003332138061523,19.73406982421875,16435200
2013-06-27,25.15999984741211,25.3700008392334,25.079999923706055,25.086666107177734,19.79983901977539,21263400
2013-06-28,25.036666870117188,25.219999313354492,24.816667556762695,24.829999923706055,19.59726905822754,43644900
2013-07-01,24.996667861938477,25.093332290649414,24.700000762939453,24.863332748413086,19.62357521057129,20093100
2013-07-02,24.770000457763672,25.226667404174805,24.73666763305664,24.90333366394043,19.655147552490234,20179200
2013-07-03,24.803333282470703,25.040000915527344,24.696666717529297,24.920000076293945,19.668298721313477,6949200
2013-07-05,25.049999237060547,25.086666107177734,24.803333282470703,25.06999969482422,19.786691665649414,16331700
2013-07-08,25.226667404174805,25.59000015258789,25.226667404174805,25.56999969482422,20.181318283081055,20140200
2013-07-09,25.65333366394043,25.81333351135254,25.579999923706055,25.676666259765625,20.265501022338867,15819300
2013-07-10,25.65333366394043,25.833332061767578,25.483333587646484,25.59000015258789,20.197099685668945,15432900
2013-07-11,25.816667556762695,25.916667938232422,25.77666664123535,25.876667022705078,20.423357009887695,14042100
2013-07-12,25.8700008392334,25.889999389648438,25.77666664123535,25.876667022705078,20.423357009887695,13373100
2013-07-15,25.766666412353516,25.766666412353516,25.566667556762695,25.676666259765625,20.265501022338867,14661600
2013-07-16,25.65999984741211,25.816667556762695,25.633333206176758,25.790000915527344,20.35494613647461,14122800
2013-07-17,25.873332977294922,25.93000030517578,25.696666717529297,25.733333587646484,20.31022834777832,16053900
2013-07-18,25.739999771118164,25.850000381469727,25.670000076293945,25.780000686645508,20.347063064575195,12449700
2013-07-19,25.816667556762695,26.05666732788086,25.780000686645508,26.02666664123535,20.541748046875,20477700
2013-07-22,25.963333129882812,26.083332061767578,25.90999984741211,25.956666946411133,20.486494064331055,12474600
2013-07-23,25.98666763305664,26.209999084472656,25.933332443237305,26.183332443237305,20.665393829345703,15758700
2013-07-24,26.226667404174805,26.229999542236328,25.906667709350586,26.07666778564453,20.581201553344727,14790000
2013-07-25,26.016666412353516,26.15333366394043,25.876667022705078,26.003332138061523,20.523334503173828,17760600
2013-07-26,25.976667404174805,26.010000228881836,25.700000762939453,26.0,20.52069664001465,16047300
2013-07-29,25.94333267211914,26.083332061767578,25.926666259765625,25.996667861938477,20.51806640625,10395000
2013-07-30,26.06999969482422,26.1200008392334,25.89666748046875,25.963333129882812,20.491748809814453,13601100
2013-07-31,25.97333335876465,26.15999984741211,25.90999984741211,25.979999542236328,20.50490951538086,18122400
2013-08-01,26.139999389648438,26.22333335876465,26.036666870117188,26.073333740234375,20.578575134277344,15506100
2013-08-02,26.083332061767578,26.25,26.0,26.25,20.718002319335938,18371700
2013-08-05,26.206666946411133,26.333332061767578,26.143333435058594,26.25666618347168,20.723270416259766,11718300
2013-08-06,26.18666648864746,26.190000534057617,25.85333251953125,25.956666946411133,20.486494064331055,20102700
2013-08-07,25.719999313354492,25.876667022705078,25.540000915527344,25.790000915527344,20.478551864624023,17459100
2013-08-08,25.836666107177734,25.963333129882812,25.643333435058594,25.75,20.446788787841797,13424100
2013-08-09,25.73666763305664,25.773332595825195,25.59000015258789,25.633333206176758,20.354154586791992,17293800
2013-08-12,25.520000457763672,25.796667098999023,25.496667861938477,25.69333267211914,20.40179443359375,17361000
2013-08-13,25.72333335876465,25.75,25.406667709350586,25.6200008392334,20.343564987182617,19143000
2013-08-14,25.60333251953125,25.739999771118164,25.40999984741211,25.46666717529297,20.221813201904297,20460300
2013-08-15,24.81999969482422,25.02666664123535,24.676666259765625,24.803333282470703,19.695091247558594,39664500
2013-08-16,24.706666946411133,24.833332061767578,24.566667556762695,24.703332901000977,19.615684509277344,21763500
2013-08-19,24.626667022705078,24.643333435058594,24.40333366394043,24.52666664123535,19.475404739379883,16094700
2013-08-20,24.516666412353516,24.540000915527344,24.399999618530273,24.40999984741211,19.382762908935547,19989300
2013-08-21,24.386667251586914,24.709999084472656,24.309999465942383,24.516666412353516,19.467458724975586,24233700
2013-08-22,24.60333251953125,24.676666259765625,24.413333892822266,24.48666763305664,19.443639755249023,11842200
2013-08-23,24.549999237060547,24.583332061767578,24.343332290649414,24.479999542236328,19.438344955444336,16422300
2013-08-26,24.546667098999023,24.583332061767578,24.343332290649414,24.343332290649414,19.32982635498047,16044600
2013-08-27,24.226667404174805,24.3700008392334,24.170000076293945,24.286666870117188,19.284828186035156,17362800
2013-08-28,24.219999313354492,24.286666870117188,24.09000015258789,24.126667022705078,19.157787322998047,16825800
2013-08-29,24.116666793823242,24.293333053588867,24.07666778564453,24.143333435058594,19.1710205078125,12264600
2013-08-30,24.213333129882812,24.356666564941406,24.19333267211914,24.32666778564453,19.31659507751465,18198600
2013-09-03,24.49333381652832,24.52666664123535,24.18000030517578,24.226667404174805,19.23719024658203,21471000
2013-09-04,24.233333587646484,24.373332977294922,24.149999618530273,24.303333282470703,19.298067092895508,14002500
2013-09-05,24.280000686645508,24.49333381652832,24.206666946411133,24.22333335876465,19.234542846679688,14041500
2013-09-06,24.233333587646484,24.386667251586914,24.06333351135254,24.196666717529297,19.213367462158203,17370600
2013-09-09,24.28333282470703,24.549999237060547,24.233333587646484,24.503332138061523,19.456876754760742,16569000
2013-09-10,24.553333282470703,24.73666763305664,24.523332595825195,24.65333366394043,19.57598114013672,20535900
2013-09-11,24.666667938232422,24.746667861938477,24.553333282470703,24.683332443237305,19.599803924560547,16007400
2013-09-12,24.726667404174805,24.84000015258789,24.59000015258789,24.636667251586914,19.562746047973633,15785400
2013-09-13,24.709999084472656,24.799999237060547,24.65999984741211,24.786666870117188,19.681859970092773,12061200
2013-09-16,24.96666717529297,25.06333351135254,24.89666748046875,24.926666259765625,19.793020248413086,12601800
2013-09-17,24.946666717529297,25.156667709350586,24.93000030517578,25.049999237060547,19.890954971313477,12875400
2013-09-18,25.053333282470703,25.510000228881836,24.96666717529297,25.47333335876465,20.227102279663086,20645100
2013-09-19,25.5,25.510000228881836,25.206666946411133,25.40333366394043,20.171524047851562,21328500
2013-09-20,25.440000534057617,25.483333587646484,25.27666664123535,25.27666664123535,20.070938110351562,26542800
2013-09-23,25.1299991607666,25.476667404174805,25.066667556762695,25.47333335876465,20.227102279663086,16814100
2013-09-24,25.46666717529297,25.57666778564453,25.229999542236328,25.25,20.04976463317871,20624400
2013-09-25,25.303333282470703,25.31333351135254,24.520000457763672,24.883333206176758,19.75861930847168,44916900
2013-09-26,24.926666259765625,24.99333381652832,24.739999771118164,24.873332977294922,19.750675201416016,15234300
2013-09-27,24.793333053588867,24.81999969482422,24.690000534057617,24.786666870117188,19.681859970092773,12643800
2013-09-30,24.760000228881836,24.866666793823242,24.579999923706055,24.65333366394043,19.57598114013672,20257500
2013-10-01,24.623332977294922,24.6299991607666,24.440000534057617,24.530000686645508,19.47805404663086,17026500
2013-10-02,24.463333129882812,24.573333740234375,24.34666633605957,24.573333740234375,19.512453079223633,22128300
2013-10-03,24.510000228881836,24.510000228881836,24.316667556762695,24.386667251586914,19.364233016967773,21538800
2013-10-04,24.336666107177734,24.459999084472656,24.26333236694336,24.266666412353516,19.26895523071289,17243100
2013-10-07,24.139999389648438,24.139999389648438,23.836666107177734,23.956666946411133,19.022790908813477,20659200
2013-10-08,23.950000762939453,24.39666748046875,23.933332443237305,24.299999237060547,19.295421600341797,27672600
2013-10-09,24.27666664123535,24.446666717529297,24.190000534057617,24.333332061767578,19.321887969970703,19402200
2013-10-10,24.49333381652832,24.956666946411133,24.42333221435547,24.93000030517578,19.79567527770996,23040600
2013-10-11,24.8700008392334,24.94333267211914,24.610000610351562,24.940000534057617,19.803613662719727,19587600
2013-10-14,24.780000686645508,24.90333366394043,24.583332061767578,24.893333435058594,19.76655387878418,17712000
2013-10-15,24.809999465942383,25.123332977294922,24.663333892822266,24.790000915527344,19.684505462646484,26979900
2013-10-16,24.93666648864746,25.206666946411133,24.856666564941406,25.200000762939453,20.010066986083984,17743500
2013-10-17,25.163333892822266,25.373332977294922,23.89666748046875,25.260000228881836,20.057708740234375,19185300
2013-10-18,25.266666412353516,25.309999465942383,25.15999984741211,25.23666763305664,20.039175033569336,20365500
2013-10-21,25.239999771118164,25.273332595825195,24.940000534057617,25.049999237060547,19.890954971313477,16092300
2013-10-22,25.143333435058594,25.496667861938477,25.06999969482422,25.440000534057617,20.20063018798828,20845500
2013-10-23,25.393333435058594,25.450000762939453,25.270000457763672,25.299999237060547,20.08946990966797,17610300
2013-10-24,25.343332290649414,25.503332138061523,25.273332595825195,25.47333335876465,20.227102279663086,17592900
2013-10-25,25.456666946411133,25.586666107177734,25.260000228881836,25.360000610351562,20.137115478515625,19376400
2013-10-28,25.386667251586914,25.73666763305664,25.350000381469727,25.713333129882812,20.41767692565918,21097200
2013-10-29,25.75,25.876667022705078,25.583332061767578,25.68666648864746,20.396501541137695,22312800
2013-10-30,25.75666618347168,25.843332290649414,25.520000457763672,25.636667251586914,20.356801986694336,13938000
2013-10-31,25.626667022705078,25.71666717529297,25.53333282470703,25.583332061767578,20.314449310302734,13837200
2013-11-01,25.656667709350586,25.799999237060547,25.530000686645508,25.690000534057617,20.39914894104004,15348300
2013-11-04,25.739999771118164,25.883333206176758,25.733333587646484,25.77666664123535,20.46796989440918,14112300
2013-11-05,25.60333251953125,25.8700008392334,25.573333740234375,25.80666732788086,20.491785049438477,15256500
2013-11-06,25.8799991607666,26.093332290649414,25.766666412353516,26.053333282470703,20.687654495239258,14487600
2013-11-07,26.06333351135254,26.073333740234375,25.746667861938477,25.836666107177734,20.515607833862305,25042800
2013-11-08,25.829999923706055,25.98666763305664,25.59666633605957,25.98666763305664,20.634716033935547,17381400
2013-11-11,25.953332901000977,26.356666564941406,25.93000030517578,26.336666107177734,20.912635803222656,22351500
2013-11-12,26.28333282470703,26.323333740234375,26.083332061767578,26.23666763305664,20.833223342895508,15798300
2013-11-13,26.139999389648438,26.329999923706055,26.116666793823242,26.299999237060547,20.88351821899414,24860100
2013-11-14,25.916667938232422,26.510000228881836,25.893333435058594,26.360000610351562,20.931167602539062,27906300
2013-11-15,26.309999465942383,26.43000030517578,26.25,26.406667709350586,20.968215942382812,17733300
2013-11-18,26.40999984741211,26.440000534057617,26.303333282470703,26.406667709350586,20.968215942382812,17888100
2013-11-19,26.433332443237305,26.450000762939453,26.293333053588867,26.416667938232422,20.97615623474121,13365000
2013-11-20,26.43666648864746,26.463333129882812,26.163333892822266,26.299999237060547,20.88351821899414,13533900
2013-11-21,26.246667861938477,26.399999618530273,26.183332443237305,26.286666870117188,20.87293815612793,11523000
2013-11-22,26.290000915527344,26.623332977294922,26.25,26.60333251953125,21.12438201904297,14436300
2013-11-25,26.68666648864746,26.856666564941406,26.636667251586914,26.809999465942383,21.28848648071289,17011200
2013-11-26,26.81333351135254,26.893333435058594,26.703332901000977,26.893333435058594,21.354652404785156,16613400
2013-11-27,26.850000381469727,27.0,26.793333053588867,26.976667404174805,21.42082977294922,14439900
2013-11-29,27.05666732788086,27.116666793823242,26.940000534057617,27.003332138061523,21.441997528076172,10341600
2013-12-02,26.963333129882812,27.093332290649414,26.790000915527344,27.036666870117188,21.468467712402344,18535200
2013-12-03,27.06999969482422,27.110000610351562,26.899999618530273,27.06999969482422,21.49494171142578,22519200
2013-12-04,26.8799991607666,27.123332977294922,26.636667251586914,26.739999771118164,21.356502532958984,22923600
2013-12-05,26.573333740234375,26.59000015258789,26.290000915527344,26.479999542236328,21.148845672607422,19350000
2013-12-06,26.56999969482422,26.74333381652832,26.546667098999023,26.64666748046875,21.281959533691406,15264300
2013-12-09,26.746667861938477,26.809999465942383,26.566667556762695,26.649999618530273,21.284618377685547,13474800
2013-12-10,26.573333740234375,26.600000381469727,26.350000381469727,26.360000610351562,21.053003311157227,18857100
2013-12-11,26.366666793823242,26.573333740234375,26.350000381469727,26.363332748413086,21.055665969848633,17996400
2013-12-12,26.3700008392334,26.420000076293945,26.133333206176758,26.166667938232422,20.898597717285156,17074800
2013-12-13,26.24333381652832,26.25666618347168,25.976667404174805,26.02666664123535,20.786788940429688,14943600
2013-12-16,26.083332061767578,26.166667938232422,25.866666793823242,25.913333892822266,20.696264266967773,18440700
2013-12-17,25.913333892822266,25.963333129882812,25.739999771118164,25.75,20.565813064575195,17296200
2013-12-18,25.760000228881836,25.99333381652832,25.60333251953125,25.979999542236328,20.749513626098633,31901100
2013-12-19,25.889999389648438,25.94333267211914,25.733333587646484,25.746667861938477,20.563154220581055,17866200
2013-12-20,25.760000228881836,25.959999084472656,25.75,25.809999465942383,20.613733291625977,28706400
2013-12-23,25.90999984741211,25.996667861938477,25.790000915527344,25.956666946411133,20.730871200561523,13475700
2013-12-24,25.983333587646484,26.079999923706055,25.876667022705078,26.003332138061523,20.768146514892578,6284700
2013-12-26,26.020000457763672,26.17333221435547,25.989999771118164,26.1299991607666,20.869312286376953,8334600
2013-12-27,26.200000762939453,26.309999465942383,26.100000381469727,26.156667709350586,20.890613555908203,9150000
2013-12-30,26.203332901000977,26.293333053588867,26.143333435058594,26.209999084472656,20.933204650878906,9259500
2013-12-31,26.219999313354492,26.290000915527344,26.116666793823242,26.229999542236328,20.949180603027344,11577300
2014-01-02,26.239999771118164,26.489999771118164,26.166667938232422,26.303333282470703,21.007749557495117,20634000
2014-01-03,26.270000457763672,26.376667022705078,26.17333221435547,26.21666717529297,20.93852996826172,14872200
2014-01-06,26.286666870117188,26.303333282470703,25.93000030517578,26.06999969482422,20.82139015197754,21840600
2014-01-07,26.05666732788086,26.28333282470703,25.97333335876465,26.149999618530273,20.885282516479492,15036900
2014-01-08,26.166667938232422,26.170000076293945,25.866666793823242,25.94333267211914,20.720230102539062,17865600
2014-01-09,26.1299991607666,26.133333206176758,25.829999923706055,26.030000686645508,20.789445877075195,17748900
2014-01-10,26.10333251953125,26.239999771118164,25.84666633605957,26.01333236694336,20.77613639831543,15543900
2014-01-13,25.866666793823242,25.989999771118164,25.746667861938477,25.829999923706055,20.629711151123047,18473700
2014-01-14,25.81999969482422,26.0,25.793333053588867,25.98666763305664,20.754838943481445,12264600
2014-01-15,25.98666763305664,26.03333282470703,25.856666564941406,25.886667251586914,20.674968719482422,14977200
2014-01-16,25.796667098999023,25.823333740234375,25.450000762939453,25.586666107177734,20.43536376953125,21604500
2014-01-17,25.57666778564453,25.606666564941406,25.343332290649414,25.39666748046875,20.283618927001953,34322100
2014-01-21,25.416667938232422,25.463333129882812,24.953332901000977,25.280000686645508,20.190446853637695,26913300
2014-01-22,25.360000610351562,25.360000610351562,25.010000228881836,25.116666793823242,20.059988021850586,17561100
2014-01-23,24.946666717529297,25.040000915527344,24.823333740234375,24.98666763305664,19.95616340637207,18018900
2014-01-24,24.90999984741211,25.040000915527344,24.74333381652832,24.80666732788086,19.81240463256836,27998400
2014-01-27,24.709999084472656,24.790000915527344,24.610000610351562,24.71666717529297,19.740524291992188,27266100
2014-01-28,24.753332138061523,25.133333206176758,24.700000762939453,24.889999389648438,19.87895393371582,18070200
2014-01-29,25.09666633605957,25.123332977294922,24.690000534057617,24.700000762939453,19.727205276489258,25301100
2014-01-30,24.84666633605957,25.030000686645508,24.786666870117188,24.916667938232422,19.900253295898438,20198700
2014-01-31,24.639999389648438,25.06333351135254,24.546667098999023,24.893333435058594,19.881622314453125,31634400
2014-02-03,24.729999542236328,24.833332061767578,24.18000030517578,24.219999313354492,19.343843460083008,31292100
2014-02-04,24.22333335876465,24.366666793823242,24.100000381469727,24.24333381652832,19.362485885620117,23266500
2014-02-05,24.09000015258789,24.386667251586914,24.09000015258789,24.290000915527344,19.399757385253906,14322900
2014-02-06,24.323333740234375,24.40333366394043,24.166667938232422,24.273332595825195,19.386442184448242,22059300
2014-02-07,24.350000381469727,24.600000381469727,24.166667938232422,24.583332061767578,19.6340274810791,21862800
2014-02-10,24.530000686645508,24.586666107177734,24.31999969482422,24.586666107177734,19.636690139770508,18612300
2014-02-11,24.633333206176758,24.950000762939453,24.55666732788086,24.933332443237305,19.913564682006836,19533600
2014-02-12,24.739999771118164,25.059999465942383,24.739999771118164,24.98666763305664,19.95616340637207,16019400
2014-02-13,24.893333435058594,25.163333892822266,24.85333251953125,25.1200008392334,20.062654495239258,15750600
2014-02-14,25.133333206176758,25.329999923706055,25.03333282470703,25.26333236694336,20.17713165283203,14726700
2014-02-18,25.163333892822266,25.21666717529297,24.953332901000977,25.110000610351562,20.05467414855957,17981400
2014-02-19,25.003332138061523,25.106666564941406,24.803333282470703,24.950000762939453,19.9268798828125,24390900
2014-02-20,24.350000381469727,24.666667938232422,24.270000457763672,24.50666618347168,19.572797775268555,39237300
2014-02-21,24.39666748046875,24.46666717529297,24.273332595825195,24.373332977294922,19.466312408447266,26913000
2014-02-24,24.413333892822266,24.606666564941406,24.3799991607666,24.450000762939453,19.527551651000977,21964500
2014-02-25,24.393333435058594,24.579999923706055,24.363332748413086,24.450000762939453,19.527551651000977,28448100
2014-02-26,24.64666748046875,25.03333282470703,24.59666633605957,24.926666259765625,19.908246994018555,27066600
2014-02-27,24.926666259765625,24.926666259765625,24.696666717529297,24.85333251953125,19.849672317504883,16344600
2014-02-28,24.82666778564453,25.06333351135254,24.733333587646484,24.899999618530273,19.886947631835938,22333800
2014-03-03,24.829999923706055,24.889999389648438,24.610000610351562,24.706666946411133,19.73253059387207,16042800
2014-03-04,24.92333221435547,25.163333892822266,24.886667251586914,25.043333053588867,20.001415252685547,22631400
2014-03-05,25.106666564941406,25.110000610351562,24.860000610351562,24.933332443237305,19.913564682006836,16574400
2014-03-06,24.953332901000977,25.036666870117188,24.836666107177734,24.959999084472656,19.93486213684082,15319800
2014-03-07,24.98666763305664,24.98666763305664,24.786666870117188,24.860000610351562,19.98309326171875,15163800
2014-03-10,24.84000015258789,24.866666793823242,24.683332443237305,24.809999465942383,19.942899703979492,14481000
2014-03-11,24.906667709350586,24.989999771118164,24.733333587646484,24.97333335876465,20.074195861816406,27016800
2014-03-12,24.950000762939453,25.25,24.940000534057617,25.176666259765625,20.237642288208008,25882800
2014-03-13,25.23666763305664,25.393333435058594,24.969999313354492,24.976667404174805,20.076875686645508,17473500
2014-03-14,24.889999389648438,25.023332595825195,24.75666618347168,24.760000228881836,19.902711868286133,19857000
2014-03-17,24.766666412353516,24.950000762939453,24.670000076293945,24.893333435058594,20.009885787963867,17341200
2014-03-18,24.886667251586914,24.996667861938477,24.816667556762695,24.92333221435547,20.03400421142578,11831400
2014-03-19,24.85333251953125,25.036666870117188,24.67333221435547,24.793333053588867,19.929500579833984,17283300
2014-03-20,24.67333221435547,25.226667404174805,24.6200008392334,25.126667022705078,20.197446823120117,25912500
2014-03-21,25.296667098999023,25.67333221435547,25.149999618530273,25.366666793823242,20.390369415283203,51480600
2014-03-24,25.40333366394043,25.600000381469727,25.3700008392334,25.586666107177734,20.56720542907715,21838500
2014-03-25,25.626667022705078,25.713333129882812,25.386667251586914,25.623332977294922,20.59668731689453,22146600
2014-03-26,25.69333267211914,25.843332290649414,25.40999984741211,25.40999984741211,20.425195693969727,23183400
2014-03-27,25.459999084472656,25.606666564941406,25.34666633605957,25.3799991607666,20.40108871459961,16789800
2014-03-28,25.420000076293945,25.53333282470703,25.25666618347168,25.336666107177734,20.366252899169922,17613300
2014-03-31,25.450000762939453,25.593332290649414,25.34000015258789,25.476667404174805,20.47878646850586,14086800
2014-04-01,25.586666107177734,25.75,25.51333236694336,25.59000015258789,20.569887161254883,17310000
2014-04-02,25.52666664123535,25.729999542236328,25.446666717529297,25.726667404174805,20.679738998413086,18234300
2014-04-03,25.733333587646484,25.850000381469727,25.666667938232422,25.81999969482422,20.754764556884766,18121500
2014-04-04,25.860000610351562,25.96666717529297,25.75,25.770000457763672,20.714574813842773,20280600
2014-04-07,25.74333381652832,25.906667709350586,25.696666717529297,25.770000457763672,20.714574813842773,23027100
2014-04-08,25.696666717529297,26.10333251953125,25.600000381469727,26.059999465942383,20.947683334350586,22496100
2014-04-09,26.066667556762695,26.073333740234375,25.760000228881836,25.989999771118164,20.89141845703125,20633400
2014-04-10,25.983333587646484,26.046667098999023,25.549999237060547,25.6299991607666,20.60203742980957,22798800
2014-04-11,25.593332290649414,25.74333381652832,25.43000030517578,25.5,20.49754524230957,23937000
2014-04-14,25.64666748046875,25.850000381469727,25.59666633605957,25.793333053588867,20.733333587646484,16127700
2014-04-15,25.676666259765625,25.770000457763672,25.479999542236328,25.626667022705078,20.5993595123291,20785800
2014-04-16,25.770000457763672,25.823333740234375,25.676666259765625,25.739999771118164,20.690460205078125,15110400
2014-04-17,25.69333267211914,25.916667938232422,25.69333267211914,25.886667251586914,20.8083553314209,20894100
2014-04-21,25.803333282470703,25.90999984741211,25.726667404174805,25.866666793823242,20.79227638244629,13785300
2014-04-22,25.84000015258789,25.94333267211914,25.796667098999023,25.85333251953125,20.78156089782715,19396500
2014-04-23,25.940000534057617,26.093332290649414,25.856666564941406,26.01333236694336,20.910173416137695,17418600
2014-04-24,26.05666732788086,26.156667709350586,25.899999618530273,26.10333251953125,20.982515335083008,13042500
2014-04-25,26.10333251953125,26.260000228881836,26.00666618347168,26.206666946411133,21.065580368041992,16177800
2014-04-28,26.286666870117188,26.663333892822266,26.27666664123535,26.586666107177734,21.371028900146484,28796100
2014-04-29,26.613332748413086,26.623332977294922,26.523332595825195,26.55666732788086,21.3469181060791,14087100
2014-04-30,26.530000686645508,26.643333435058594,26.503332138061523,26.56999969482422,21.35763931274414,18335100
2014-05-01,26.57666778564453,26.57666778564453,26.386667251586914,26.566667556762695,21.354955673217773,15294000
2014-05-02,26.53333282470703,26.586666107177734,26.336666107177734,26.373332977294922,21.199546813964844,16860000
2014-05-05,26.286666870117188,26.316667556762695,26.170000076293945,26.206666946411133,21.065580368041992,13773000
2014-05-06,26.110000610351562,26.1299991607666,25.989999771118164,26.003332138061523,20.90213394165039,16916700
2014-05-07,25.950000762939453,26.03333282470703,25.843332290649414,25.98666763305664,21.018064498901367,18258600
2014-05-08,26.0,26.27666664123535,26.0,26.229999542236328,21.214872360229492,14461800
2014-05-09,26.17333221435547,26.426666259765625,26.17333221435547,26.399999618530273,21.35236930847168,14689200
2014-05-12,26.316667556762695,26.40999984741211,26.21666717529297,26.383333206176758,21.338886260986328,17999400
2014-05-13,26.389999389648438,26.456666946411133,26.329999923706055,26.3799991607666,21.33618927001953,13091100
2014-05-14,26.350000381469727,26.350000381469727,26.023332595825195,26.246667861938477,21.228347778320312,16824900
2014-05-15,25.426666259765625,25.81333351135254,25.416667938232422,25.610000610351562,20.713409423828125,39107400
2014-05-16,25.666667938232422,25.793333053588867,25.549999237060547,25.670000076293945,20.76194190979004,21731400
2014-05-19,25.703332901000977,25.709999084472656,25.5,25.536666870117188,20.65409278869629,18393900
2014-05-20,25.453332901000977,25.456666946411133,25.17333221435547,25.229999542236328,20.406064987182617,22310100
2014-05-21,25.31333351135254,25.31999969482422,25.09000015258789,25.219999313354492,20.397977828979492,17112300
2014-05-22,25.26333236694336,25.30666732788086,25.079999923706055,25.1299991607666,20.325183868408203,15731100
2014-05-23,25.18666648864746,25.25,25.143333435058594,25.203332901000977,20.384496688842773,11110800
2014-05-27,25.23666763305664,25.270000457763672,25.09666633605957,25.196666717529297,20.37911605834961,16112400
2014-05-28,25.126667022705078,25.31333351135254,25.113332748413086,25.176666259765625,20.362932205200195,15110700
2014-05-29,25.22333335876465,25.39666748046875,25.190000534057617,25.32666778564453,20.484254837036133,12010500
2014-05-30,25.35333251953125,25.60333251953125,25.336666107177734,25.59000015258789,20.69723892211914,17894400
2014-06-02,25.52666664123535,25.703332901000977,25.489999771118164,25.586666107177734,20.69454002380371,13171200
2014-06-03,25.579999923706055,25.656667709350586,25.453332901000977,25.56999969482422,20.68106460571289,21640800
2014-06-04,25.53333282470703,25.766666412353516,25.510000228881836,25.709999084472656,20.79429054260254,18599700
2014-06-05,25.683332443237305,25.81333351135254,25.623332977294922,25.773332595825195,20.845518112182617,14087400
2014-06-06,25.81999969482422,25.863332748413086,25.690000534057617,25.73666763305664,20.81586265563965,12566700
2014-06-09,25.690000534057617,25.920000076293945,25.566667556762695,25.670000076293945,20.76194190979004,16642800
2014-06-10,25.60333251953125,25.64666748046875,25.503332138061523,25.540000915527344,20.656801223754883,10097100
2014-06-11,25.516666412353516,25.579999923706055,25.350000381469727,25.386667251586914,20.53278923034668,13389900
2014-06-12,25.350000381469727,25.39666748046875,25.19333267211914,25.24333381652832,20.416860580444336,16009800
2014-06-13,25.22333335876465,25.253332138061523,25.040000915527344,25.093332290649414,20.295530319213867,14944500
2014-06-16,25.036666870117188,25.15999984741211,25.00666618347168,25.113332748413086,20.311708450317383,11540700
2014-06-17,25.09666633605957,25.139999389648438,24.97333335876465,24.996667861938477,20.21735191345215,19632600
2014-06-18,25.01333236694336,25.31999969482422,24.97333335876465,25.233333587646484,20.408761978149414,20222100
2014-06-19,25.293333053588867,25.426666259765625,25.266666412353516,25.290000915527344,20.454601287841797,15765900
2014-06-20,25.386667251586914,25.389999389648438,25.040000915527344,25.226667404174805,20.40337562561035,33992100
2014-06-23,25.18666648864746,25.31333351135254,25.100000381469727,25.26333236694336,20.433029174804688,12802200
2014-06-24,25.343332290649414,25.40333366394043,25.226667404174805,25.323333740234375,20.481557846069336,16956900
2014-06-25,25.253332138061523,25.280000686645508,25.093332290649414,25.206666946411133,20.3872013092041,12954600
2014-06-26,25.17333221435547,25.203332901000977,24.899999618530273,24.969999313354492,20.195783615112305,20766300
2014-06-27,24.933332443237305,25.126667022705078,24.889999389648438,25.113332748413086,20.311708450317383,41882400
2014-06-30,25.133333206176758,25.229999542236328,24.979999542236328,25.023332595825195,20.238916397094727,19961400
2014-07-01,25.09000015258789,25.139999389648438,24.916667938232422,25.093332290649414,20.295530319213867,19813500
2014-07-02,25.086666107177734,25.299999237060547,25.083332061767578,25.206666946411133,20.3872013092041,13100400
2014-07-03,25.203332901000977,25.350000381469727,25.17333221435547,25.25,20.422243118286133,8622000
2014-07-07,25.229999542236328,25.40333366394043,25.183332443237305,25.356666564941406,20.508516311645508,15084000
2014-07-08,25.363332748413086,25.65999984741211,25.343332290649414,25.549999237060547,20.66489028930664,23881500
2014-07-09,25.59000015258789,25.77666664123535,25.540000915527344,25.73666763305664,20.81586265563965,18720300
2014-07-10,25.636667251586914,25.856666564941406,25.636667251586914,25.68666648864746,20.775421142578125,16117500
2014-07-11,25.623332977294922,25.656667709350586,25.520000457763672,25.606666564941406,20.710718154907227,13642500
2014-07-14,25.709999084472656,25.75,25.49333381652832,25.516666412353516,20.63792610168457,14468700
2014-07-15,25.520000457763672,25.643333435058594,25.520000457763672,25.613332748413086,20.716106414794922,13970700
2014-07-16,25.633333206176758,25.683332443237305,25.566667556762695,25.6200008392334,20.721506118774414,11172600
2014-07-17,25.52666664123535,25.683332443237305,25.479999542236328,25.536666870117188,20.65409278869629,13890900
2014-07-18,25.540000915527344,25.700000762939453,25.503332138061523,25.696666717529297,20.78351402282715,14739900
2014-07-21,25.586666107177734,25.636667251586914,25.49333381652832,25.59000015258789,20.69723892211914,10372800
2014-07-22,25.613332748413086,25.6299991607666,25.46666717529297,25.546667098999023,20.662187576293945,13149600
2014-07-23,25.543333053588867,25.68666648864746,25.530000686645508,25.663333892822266,20.75655174255371,11982900
2014-07-24,25.559999465942383,25.59666633605957,25.39666748046875,25.450000762939453,20.584009170532227,21684900
2014-07-25,25.39666748046875,25.453332901000977,25.266666412353516,25.323333740234375,20.481557846069336,11845200
2014-07-28,25.143333435058594,25.309999465942383,25.1200008392334,25.23666763305664,20.41146469116211,16529700
2014-07-29,25.06999969482422,25.336666107177734,25.049999237060547,25.14666748046875,20.338668823242188,18880500
2014-07-30,25.293333053588867,25.30666732788086,24.889999389648438,24.926666259765625,20.160736083984375,29931600
2014-07-31,24.663333892822266,24.75,24.51333236694336,24.52666664123535,19.83721160888672,28894800
2014-08-01,24.440000534057617,24.626667022705078,24.406667709350586,24.51333236694336,19.82642936706543,24671700
2014-08-04,24.459999084472656,24.543333053588867,24.35333251953125,24.51333236694336,19.82642936706543,16206300
2014-08-05,24.43666648864746,24.50666618347168,24.25666618347168,24.446666717529297,19.77250862121582,31739700
2014-08-06,24.39666748046875,24.76333236694336,24.393333435058594,24.733333587646484,20.136152267456055,23804400
2014-08-07,24.780000686645508,24.93666648864746,24.586666107177734,24.649999618530273,20.06831169128418,21147000
2014-08-08,24.68666648864746,24.90999984741211,24.616666793823242,24.889999389648438,20.263700485229492,14988900
2014-08-11,24.76333236694336,24.866666793823242,24.67333221435547,24.786666870117188,20.1795711517334,14164200
2014-08-12,24.770000457763672,24.81333351135254,24.670000076293945,24.739999771118164,20.141576766967773,11784600
2014-08-13,24.75666618347168,24.803333282470703,24.503332138061523,24.676666259765625,20.09001350402832,19857300
2014-08-14,24.6299991607666,24.809999465942383,24.536666870117188,24.796667098999023,20.18771743774414,18408900
2014-08-15,24.883333206176758,24.883333206176758,24.496667861938477,24.633333206176758,20.054731369018555,20828100
2014-08-18,24.71666717529297,24.893333435058594,24.683332443237305,24.829999923706055,20.21485710144043,12047100
2014-08-19,24.93666648864746,24.979999542236328,24.713333129882812,24.959999084472656,20.320688247680664,15143700
2014-08-20,24.94333267211914,25.016666412353516,24.836666107177734,24.98666763305664,20.342403411865234,14694900
2014-08-21,25.020000457763672,25.303333282470703,25.0,25.183332443237305,20.502513885498047,15781800
2014-08-22,25.260000228881836,25.399999618530273,25.213333129882812,25.24333381652832,20.551366806030273,12413400
2014-08-25,25.309999465942383,25.34000015258789,25.170000076293945,25.229999542236328,20.540502548217773,10180800
2014-08-26,25.27666664123535,25.383333206176758,25.14666748046875,25.17333221435547,20.494373321533203,12668700
2014-08-27,25.170000076293945,25.286666870117188,25.14666748046875,25.28333282470703,20.583925247192383,9601200
2014-08-28,25.156667709350586,25.31333351135254,25.156667709350586,25.299999237060547,20.59749412536621,8771100
2014-08-29,25.25,25.293333053588867,25.09666633605957,25.166667938232422,20.488943099975586,15241500
2014-09-02,25.139999389648438,25.31333351135254,25.136667251586914,25.25,20.55678367614746,13597200
2014-09-03,25.316667556762695,25.44333267211914,25.293333053588867,25.336666107177734,20.627347946166992,14128200
2014-09-04,25.386667251586914,25.53333282470703,25.3700008392334,25.520000457763672,20.7766056060791,15846900
2014-09-05,25.50666618347168,25.90999984741211,25.49333381652832,25.836666107177734,21.034406661987305,23525400
2014-09-08,25.709999084472656,25.773332595825195,25.476667404174805,25.510000228881836,20.76845932006836,17816700
2014-09-09,25.520000457763672,25.666667938232422,25.389999389648438,25.579999923706055,20.825441360473633,16896000
2014-09-10,25.59666633605957,25.69333267211914,25.456666946411133,25.503332138061523,20.763036727905273,20091300
2014-09-11,25.450000762939453,25.479999542236328,25.363332748413086,25.366666793823242,20.651769638061523,14859900
2014-09-12,25.323333740234375,25.350000381469727,25.219999313354492,25.25666618347168,20.56221580505371,16956900
2014-09-15,25.260000228881836,25.296667098999023,25.203332901000977,25.270000457763672,20.573070526123047,11245500
2014-09-16,25.213333129882812,25.523332595825195,25.200000762939453,25.440000534057617,20.711471557617188,12328500
2014-09-17,25.453332901000977,25.489999771118164,25.336666107177734,25.413333892822266,20.68975830078125,12717000
2014-09-18,25.43666648864746,25.52666664123535,25.303333282470703,25.406667709350586,20.684329986572266,14255100
2014-09-19,25.483333587646484,25.690000534057617,25.459999084472656,25.613332748413086,20.852582931518555,39970500
2014-09-22,25.59666633605957,25.6200008392334,25.416667938232422,25.43666648864746,20.708751678466797,13352100
2014-09-23,25.333332061767578,25.406667709350586,25.190000534057617,25.200000762939453,20.51607894897461,20124000
2014-09-24,25.24333381652832,25.770000457763672,25.233333587646484,25.69333267211914,20.917713165283203,25303800
2014-09-25,25.643333435058594,25.683332443237305,25.373332977294922,25.373332977294922,20.65719985961914,14890500
2014-09-26,25.416667938232422,25.523332595825195,25.286666870117188,25.496667861938477,20.75760269165039,11258700
2014-09-29,25.35333251953125,25.416667938232422,25.21666717529297,25.360000610351562,20.64634132385254,14877900
2014-09-30,25.34666633605957,25.573333740234375,25.25666618347168,25.489999771118164,20.75217628479004,16922100
2014-10-01,25.503332138061523,25.6200008392334,25.303333282470703,25.373332977294922,20.65719985961914,19574700
2014-10-02,25.40333366394043,25.636667251586914,25.31999969482422,25.40999984741211,20.68704605102539,14763600
2014-10-03,25.523332595825195,25.82666778564453,25.510000228881836,25.773332595825195,20.982845306396484,17459100
2014-10-06,25.683332443237305,25.97333335876465,25.663333892822266,25.78333282470703,20.99098777770996,16289100
2014-10-07,25.676666259765625,25.89666748046875,25.573333740234375,25.766666412353516,20.9774227142334,21179700
2014-10-08,25.803333282470703,26.163333892822266,25.60333251953125,26.079999923706055,21.232515335083008,24321300
2014-10-09,26.036666870117188,26.27666664123535,25.886667251586914,25.953332901000977,21.129392623901367,21218100
2014-10-10,25.976667404174805,26.456666946411133,25.976667404174805,26.09666633605957,21.246084213256836,30234000
2014-10-13,26.010000228881836,26.19333267211914,25.816667556762695,25.85333251953125,21.047969818115234,24603600
2014-10-14,25.94333267211914,26.209999084472656,25.889999389648438,25.99333381652832,21.161951065063477,23703300
2014-10-15,25.860000610351562,25.89666748046875,24.786666870117188,25.066667556762695,20.407533645629883,63173100
2014-10-16,24.40999984741211,24.690000534057617,24.203332901000977,24.606666564941406,20.03302764892578,43039800
2014-10-17,24.726667404174805,24.833332061767578,24.343332290649414,24.700000762939453,20.10901641845703,34386900
2014-10-20,24.713333129882812,25.073333740234375,24.639999389648438,25.046667098999023,20.39124870300293,21122100
2014-10-21,25.059999465942383,25.399999618530273,25.003332138061523,25.34000015258789,20.63005828857422,24899100
2014-10-22,25.489999771118164,25.553333282470703,25.336666107177734,25.343332290649414,20.63277244567871,17782800
2014-10-23,25.456666946411133,25.549999237060547,25.260000228881836,25.416667938232422,20.69247817993164,19101300
2014-10-24,25.376667022705078,25.5,25.166667938232422,25.459999084472656,20.727760314941406,13438800
2014-10-27,25.44333267211914,25.65999984741211,25.43666648864746,25.530000686645508,20.78474235534668,12322200
2014-10-28,25.543333053588867,25.600000381469727,25.333332061767578,25.450000762939453,20.71961784362793,14938800
2014-10-29,25.516666412353516,25.546667098999023,25.323333740234375,25.463333129882812,20.730466842651367,17279100
2014-10-30,25.389999389648438,25.53333282470703,25.32666778564453,25.483333587646484,20.746747970581055,14617200
2014-10-31,25.6299991607666,25.799999237060547,25.336666107177734,25.42333221435547,20.697904586791992,22712100
2014-11-03,25.450000762939453,25.459999084472656,25.196666717529297,25.426666259765625,20.70061683654785,20683200
2014-11-04,25.496667861938477,25.790000915527344,25.426666259765625,25.753332138061523,20.966567993164062,20714700
2014-11-05,25.956666946411133,26.07666778564453,25.766666412353516,25.899999618530273,21.085975646972656,17021400
2014-11-06,26.049999237060547,26.059999465942383,25.72333335876465,25.93666648864746,21.115827560424805,13865700
2014-11-07,25.946666717529297,26.360000610351562,25.8700008392334,26.25666618347168,21.376344680786133,28496400
2014-11-10,26.200000762939453,26.709999084472656,26.139999389648438,26.479999542236328,21.558164596557617,37921500
2014-11-11,26.46666717529297,26.47333335876465,26.28333282470703,26.336666107177734,21.441478729248047,16807200
2014-11-12,26.27666664123535,26.479999542236328,26.21666717529297,26.399999618530273,21.4930362701416,20373600
2014-11-13,26.98666763305664,27.68666648864746,26.953332901000977,27.64666748046875,22.507991790771484,68437200
2014-11-14,27.52666664123535,27.71666717529297,27.366666793823242,27.65333366394043,22.513412475585938,31909800
2014-11-17,27.52666664123535,27.906667709350586,27.510000228881836,27.856666564941406,22.678953170776367,23980200
2014-11-18,27.833332061767578,27.97333335876465,27.780000686645508,27.93000030517578,22.73865509033203,18289200
2014-11-19,27.98666763305664,28.546667098999023,27.97333335876465,28.329999923706055,23.064306259155273,36569400
2014-11-20,28.270000457763672,28.43000030517578,28.01333236694336,28.19333267211914,22.953044891357422,23438100
2014-11-21,28.446666717529297,28.479999542236328,28.19333267211914,28.21666717529297,22.972042083740234,19948800
2014-11-24,28.28333282470703,28.536666870117188,28.25666618347168,28.46666717529297,23.17557144165039,23986500
2014-11-25,28.5,28.503332138061523,28.1299991607666,28.316667556762695,23.053451538085938,20026500
2014-11-26,28.299999237060547,28.3700008392334,28.15999984741211,28.32666778564453,23.06159210205078,11828400
2014-11-28,28.726667404174805,29.363332748413086,28.633333206176758,29.18000030517578,23.756322860717773,23461800
2014-12-01,28.906667709350586,29.023332595825195,28.583332061767578,28.739999771118164,23.398096084594727,27422700
2014-12-02,28.75666618347168,28.899999618530273,28.643333435058594,28.799999237060547,23.446949005126953,20298900
2014-12-03,28.649999618530273,28.666667938232422,28.226667404174805,28.31333351135254,23.17951202392578,19122900
2014-12-04,28.043333053588867,28.273332595825195,27.883333206176758,28.253332138061523,23.130393981933594,20704200
2014-12-05,28.270000457763672,28.273332595825195,27.836666107177734,28.040000915527344,22.95574378967285,19710300
2014-12-08,28.049999237060547,28.22333335876465,27.950000762939453,28.07666778564453,22.985763549804688,18798000
2014-12-09,27.883333206176758,28.06999969482422,27.549999237060547,27.85333251953125,22.802919387817383,19900800
2014-12-10,27.976667404174805,28.10333251953125,27.633333206176758,27.65999984741211,22.644649505615234,20920800
2014-12-11,27.733333587646484,28.166667938232422,27.719999313354492,27.94333267211914,22.876602172851562,24098400
2014-12-12,27.84000015258789,28.333332061767578,27.84000015258789,27.93666648864746,22.871150970458984,21852300
2014-12-15,28.086666107177734,28.233333587646484,27.683332443237305,27.979999542236328,22.9066219329834,18953100
2014-12-16,27.873332977294922,28.253332138061523,27.64666748046875,27.65333366394043,22.63918685913086,22312200
2014-12-17,27.760000228881836,28.086666107177734,27.649999618530273,28.07666778564453,22.985763549804688,19923000
2014-12-18,28.266666412353516,28.649999618530273,28.093332290649414,28.64666748046875,23.452409744262695,25937700
2014-12-19,28.753332138061523,28.780000686645508,28.386667251586914,28.386667251586914,23.239551544189453,36206400
2014-12-22,28.440000534057617,28.799999237060547,28.43000030517578,28.793333053588867,23.572479248046875,13727400
2014-12-23,28.89666748046875,29.02666664123535,28.786666870117188,28.886667251586914,23.64889144897461,16657800
2014-12-24,28.989999771118164,29.023332595825195,28.796667098999023,28.809999465942383,23.58612060546875,7475400
2014-12-26,28.726667404174805,29.046667098999023,28.670000076293945,28.969999313354492,23.71710968017578,9747900
2014-12-29,28.81999969482422,29.023332595825195,28.799999237060547,28.8799991607666,23.643428802490234,10816800
2014-12-30,28.84000015258789,29.043333053588867,28.82666778564453,28.93000030517578,23.684368133544922,9796200
2014-12-31,29.02666664123535,29.14666748046875,28.6200008392334,28.626667022705078,23.43603515625,12454200
2015-01-02,28.75666618347168,28.906667709350586,28.516666412353516,28.633333206176758,23.44149398803711,13505400
2015-01-05,28.573333740234375,28.773332595825195,28.503332138061523,28.549999237060547,23.37326431274414,20937000
2015-01-06,28.65999984741211,28.916667938232422,28.59666633605957,28.770000457763672,23.553386688232422,24615300
2015-01-07,28.926666259765625,29.559999465942383,28.889999389648438,29.53333282470703,24.17830467224121,25495200
2015-01-08,29.73666763305664,30.22333335876465,29.690000534057617,30.156667709350586,24.688617706298828,38140800
2015-01-09,30.106666564941406,30.1299991607666,29.75,29.78333282470703,24.382970809936523,25567500
2015-01-12,29.786666870117188,30.10333251953125,29.739999771118164,30.00666618347168,24.565813064575195,22117500
2015-01-13,30.266666412353516,30.323333740234375,29.643333435058594,29.770000457763672,24.37206268310547,24646200
2015-01-14,29.21666717529297,29.50666618347168,28.833332061767578,28.8700008392334,23.63524627685547,35862900
2015-01-15,29.0,29.260000228881836,28.899999618530273,29.126667022705078,23.845373153686523,28238100
2015-01-16,29.066667556762695,29.15333366394043,28.74333381652832,28.92333221435547,23.678905487060547,25226700
2015-01-20,28.940000534057617,29.233333587646484,28.516666412353516,28.89666748046875,23.657079696655273,23559300
2015-01-21,28.700000762939453,28.969999313354492,28.56999969482422,28.8799991607666,23.643428802490234,24521400
2015-01-22,29.07666778564453,29.46666717529297,28.953332901000977,29.433332443237305,24.096435546875,21371400
2015-01-23,29.47333335876465,29.753332138061523,29.296667098999023,29.503332138061523,24.15374183654785,22697400
2015-01-26,29.43666648864746,29.719999313354492,29.373332977294922,29.543333053588867,24.186494827270508,14000100
2015-01-27,29.426666259765625,29.48666763305664,29.086666107177734,29.176666259765625,23.886308670043945,18061500
2015-01-28,29.34000015258789,29.40999984741211,28.92333221435547,28.940000534057617,23.692556381225586,17810400
2015-01-29,29.023332595825195,29.239999771118164,28.75666618347168,29.239999771118164,23.938156127929688,19568400
2015-01-30,28.926666259765625,29.1200008392334,28.299999237060547,28.32666778564453,23.1904296875,30840600
2015-02-02,28.26333236694336,28.623332977294922,27.976667404174805,28.56999969482422,23.389636993408203,20781600
2015-02-03,28.610000610351562,28.843332290649414,28.553333282470703,28.729999542236328,23.520627975463867,24850500
2015-02-04,28.703332901000977,29.01333236694336,28.666667938232422,28.883333206176758,23.646160125732422,26796900
2015-02-05,29.036666870117188,29.1200008392334,28.85333251953125,29.093332290649414,23.818082809448242,15272400
2015-02-06,29.086666107177734,29.333332061767578,28.926666259765625,29.110000610351562,23.831724166870117,16852800
2015-02-09,28.989999771118164,29.06333351135254,28.546667098999023,28.636667251586914,23.444223403930664,16368600
2015-02-10,28.873332977294922,29.136667251586914,28.80666732788086,29.09666633605957,23.820810317993164,17196300
2015-02-11,28.876667022705078,29.040000915527344,28.639999389648438,28.780000686645508,23.561565399169922,17559300
2015-02-12,28.85333251953125,28.893333435058594,28.40999984741211,28.6299991607666,23.438764572143555,20824800
2015-02-13,28.613332748413086,28.719999313354492,28.440000534057617,28.60333251953125,23.41692543029785,16791000
2015-02-17,28.476667404174805,28.656667709350586,28.323333740234375,28.65333366394043,23.457868576049805,15261600
2015-02-18,28.65333366394043,28.766666412353516,28.50666618347168,28.76333236694336,23.54791259765625,18098100
2015-02-19,28.166667938232422,28.266666412353516,27.796667098999023,27.84000015258789,22.792007446289062,55940400
2015-02-20,27.57666778564453,28.126667022705078,27.516666412353516,28.100000381469727,23.00486183166504,41521200
2015-02-23,28.1299991607666,28.286666870117188,28.07666778564453,28.200000762939453,23.08672523498535,20191200
2015-02-24,28.17333221435547,28.273332595825195,27.97333335876465,28.190000534057617,23.07854461669922,15593100
2015-02-25,28.209999084472656,28.239999771118164,27.84000015258789,27.856666564941406,22.80565071105957,20425200
2015-02-26,27.950000762939453,27.953332901000977,27.75666618347168,27.933332443237305,22.86842155456543,17664300
2015-02-27,27.906667709350586,28.053333282470703,27.799999237060547,27.976667404174805,22.903898239135742,17632200
2015-03-02,27.976667404174805,28.0,27.733333587646484,27.98666763305664,22.912080764770508,18184500
2015-03-03,27.886667251586914,27.940000534057617,27.72333335876465,27.790000915527344,22.751070022583008,19382400
2015-03-04,27.73666763305664,27.73666763305664,27.399999618530273,27.52666664123535,22.535490036010742,18643200
2015-03-05,27.71666717529297,27.956666946411133,27.65333366394043,27.856666564941406,22.80565071105957,17992500
2015-03-06,27.60333251953125,27.700000762939453,27.459999084472656,27.530000686645508,22.53821563720703,17193000
2015-03-09,27.530000686645508,27.780000686645508,27.51333236694336,27.626667022705078,22.617351531982422,14014500
2015-03-10,27.42333221435547,27.5,27.356666564941406,27.356666564941406,22.39631462097168,18933300
2015-03-11,27.273332595825195,27.323333740234375,26.84666633605957,26.89666748046875,22.151981353759766,18482700
2015-03-12,26.93666648864746,27.373332977294922,26.926666259765625,27.299999237060547,22.48416519165039,15677400
2015-03-13,27.316667556762695,27.416667938232422,27.09666633605957,27.299999237060547,22.48416519165039,14286600
2015-03-16,27.483333587646484,27.790000915527344,27.479999542236328,27.76333236694336,22.86576271057129,19557300
2015-03-17,27.65999984741211,27.670000076293945,27.413333892822266,27.540000915527344,22.681825637817383,14406000
2015-03-18,27.32666778564453,27.65333366394043,27.053333282470703,27.510000228881836,22.657114028930664,30756900
2015-03-19,27.44333267211914,27.479999542236328,27.123332977294922,27.17333221435547,22.379838943481445,21638700
2015-03-20,27.27666664123535,27.829999923706055,27.23666763305664,27.746667861938477,22.852035522460938,37095900
2015-03-23,27.726667404174805,27.96666717529297,27.706666946411133,27.770000457763672,22.871252059936523,19517100
2015-03-24,27.729999542236328,27.90333366394043,27.65333366394043,27.683332443237305,22.799875259399414,16077300
2015-03-25,27.696666717529297,27.75,27.10333251953125,27.106666564941406,22.324932098388672,19937700
2015-03-26,26.976667404174805,27.43666648864746,26.883333206176758,27.296667098999023,22.481416702270508,24801600
2015-03-27,27.28333282470703,27.393333435058594,27.083332061767578,27.116666793823242,22.33316993713379,17152200
2015-03-30,27.233333587646484,27.600000381469727,27.143333435058594,27.510000228881836,22.657114028930664,17105100
2015-03-31,27.463333129882812,27.68000030517578,27.416667938232422,27.416667938232422,22.580249786376953,16763100
2015-04-01,27.426666259765625,27.426666259765625,26.809999465942383,26.90333366394043,22.157466888427734,24920100
2015-04-02,26.90999984741211,27.106666564941406,26.850000381469727,26.90999984741211,22.1629581451416,17387100
2015-04-06,26.81999969482422,27.110000610351562,26.71666717529297,26.996667861938477,22.23434066772461,19142100
2015-04-07,27.030000686645508,27.09666633605957,26.81999969482422,26.833332061767578,22.099815368652344,19818300
2015-04-08,26.796667098999023,27.07666778564453,26.786666870117188,27.010000228881836,22.245319366455078,20084100
2015-04-09,26.946666717529297,27.1299991607666,26.860000610351562,26.946666717529297,22.193161010742188,11770800
2015-04-10,26.953332901000977,27.0,26.850000381469727,26.883333206176758,22.140995025634766,16440900
2015-04-13,26.799999237060547,26.97333335876465,26.75666618347168,26.76333236694336,22.04216766357422,14094300
2015-04-14,26.76333236694336,26.80666732788086,26.559999465942383,26.71666717529297,22.00373649597168,16595100
2015-04-15,26.860000610351562,26.99333381652832,26.549999237060547,26.579999923706055,21.891176223754883,18601200
2015-04-16,26.5,26.6299991607666,26.376667022705078,26.413333892822266,21.753908157348633,24045300
2015-04-17,26.31333351135254,26.383333206176758,25.850000381469727,25.959999084472656,21.380538940429688,35468400
2015-04-20,26.1299991607666,26.27666664123535,26.00666618347168,26.046667098999023,21.451927185058594,26542800
2015-04-21,26.203332901000977,26.280000686645508,25.969999313354492,26.010000228881836,21.421724319458008,18600600
2015-04-22,25.90999984741211,26.213333129882812,25.850000381469727,26.143333435058594,21.531538009643555,22784100
2015-04-23,26.126667022705078,26.51333236694336,26.066667556762695,26.393333435058594,21.73744010925293,22406700
2015-04-24,26.459999084472656,26.976667404174805,26.413333892822266,26.613332748413086,21.918621063232422,20603400
2015-04-27,26.59000015258789,26.6200008392334,26.43000030517578,26.456666946411133,21.789596557617188,19349400
2015-04-28,26.48666763305664,26.49333381652832,26.25666618347168,26.366666793823242,21.715471267700195,14687700
2015-04-29,26.233333587646484,26.26333236694336,25.93000030517578,25.959999084472656,21.380538940429688,21325200
2015-04-30,25.94333267211914,26.15999984741211,25.863332748413086,26.016666412353516,21.42721176147461,26387700
2015-05-01,26.066667556762695,26.253332138061523,26.05666732788086,26.200000762939453,21.578203201293945,14999100
2015-05-04,26.32666778564453,26.516666412353516,26.15333366394043,26.393333435058594,21.73744010925293,20007600
2015-05-05,26.336666107177734,26.336666107177734,26.020000457763672,26.043333053588867,21.449174880981445,17566200
2015-05-06,25.97333335876465,26.040000915527344,25.72333335876465,25.883333206176758,21.451936721801758,16440300
2015-05-07,25.90999984741211,26.113332748413086,25.766666412353516,26.010000228881836,21.556921005249023,16614300
2015-05-08,26.200000762939453,26.416667938232422,26.133333206176758,26.176666259765625,21.695049285888672,16042200
2015-05-11,26.106666564941406,26.203332901000977,26.010000228881836,26.03333282470703,21.57625389099121,11234700
2015-05-12,26.00666618347168,26.49333381652832,25.956666946411133,26.31999969482422,21.813846588134766,25347000
2015-05-13,26.393333435058594,26.476667404174805,25.99333381652832,26.053333282470703,21.59282684326172,25263600
2015-05-14,26.123332977294922,26.25666618347168,26.00666618347168,26.239999771118164,21.747539520263672,18510600
2015-05-15,26.23666763305664,26.416667938232422,26.190000534057617,26.413333892822266,21.89120101928711,19851600
2015-05-18,26.456666946411133,26.64666748046875,26.386667251586914,26.639999389648438,22.079059600830078,24900900
2015-05-19,26.059999465942383,26.1200008392334,25.40999984741211,25.476667404174805,21.114892959594727,67375800
2015-05-20,25.49333381652832,25.5,25.27666664123535,25.299999237060547,20.968482971191406,31625700
2015-05-21,25.266666412353516,25.47333335876465,25.18666648864746,25.3700008392334,21.026491165161133,20268600
2015-05-22,25.399999618530273,25.459999084472656,25.286666870117188,25.286666870117188,20.957429885864258,20445000
2015-05-26,25.25666618347168,25.27666664123535,24.940000534057617,24.96666717529297,20.69221305847168,31720800
2015-05-27,25.003332138061523,25.170000076293945,25.0,25.06333351135254,20.772321701049805,20961300
2015-05-28,25.023332595825195,25.053333282470703,24.883333206176758,24.946666717529297,20.67563819885254,15076500
2015-05-29,24.940000534057617,24.959999084472656,24.71666717529297,24.75666618347168,20.51816177368164,19125300
2015-06-01,24.89666748046875,25.02666664123535,24.803333282470703,24.90999984741211,20.64525032043457,16938000
2015-06-02,24.84666633605957,25.0,24.80666732788086,24.843332290649414,20.589990615844727,17393400
2015-06-03,24.899999618530273,25.066667556762695,24.823333740234375,24.963333129882812,20.68944549560547,18281400
2015-06-04,24.81999969482422,24.99333381652832,24.649999618530273,24.71666717529297,20.485010147094727,26948400
2015-06-05,24.72333335876465,24.75666618347168,24.32666778564453,24.35333251953125,20.183883666992188,31905300
2015-06-08,24.476667404174805,24.496667861938477,24.200000762939453,24.203332901000977,20.05956268310547,28779000
2015-06-09,24.233333587646484,24.28333282470703,24.1200008392334,24.156667709350586,20.020891189575195,25006800
2015-06-10,24.23666763305664,24.44333267211914,24.113332748413086,24.309999465942383,20.147966384887695,33647400
2015-06-11,24.40999984741211,24.55666732788086,24.280000686645508,24.31333351135254,20.150733947753906,22260000
2015-06-12,24.246667861938477,24.299999237060547,24.133333206176758,24.143333435058594,20.009841918945312,21739800
2015-06-15,24.066667556762695,24.133333206176758,23.899999618530273,23.976667404174805,19.8717098236084,22700400
2015-06-16,24.073333740234375,24.19333267211914,23.906667709350586,24.116666793823242,19.98773193359375,18646800
2015-06-17,24.209999084472656,24.299999237060547,24.113332748413086,24.24333381652832,20.09272003173828,17111700
2015-06-18,24.246667861938477,24.49333381652832,24.246667861938477,24.32666778564453,20.161785125732422,25129800
2015-06-19,24.266666412353516,24.406667709350586,24.233333587646484,24.246667861938477,20.095483779907227,43652100
2015-06-22,24.32666778564453,24.39666748046875,24.229999542236328,24.26333236694336,20.109291076660156,19468500
2015-06-23,24.296667098999023,24.31333351135254,24.113332748413086,24.190000534057617,20.048521041870117,23628900
2015-06-24,24.18666648864746,24.21666717529297,24.046667098999023,24.126667022705078,19.996023178100586,22015200
2015-06-25,24.149999618530273,24.209999084472656,23.94333267211914,23.953332901000977,19.852367401123047,15879600
2015-06-26,23.98666763305664,24.15333366394043,23.956666946411133,24.040000915527344,19.924196243286133,20693400
2015-06-29,23.933332443237305,24.0,23.803333282470703,23.80666732788086,19.730810165405273,24563400
2015-06-30,23.93666648864746,23.93666648864746,23.593332290649414,23.643333435058594,19.59544563293457,33307800
2015-07-01,23.866666793823242,23.983333587646484,23.453332901000977,23.959999084472656,19.857892990112305,32321700
2015-07-02,24.00666618347168,24.18666648864746,23.886667251586914,23.953332901000977,19.852367401123047,19758300
2015-07-06,23.793333053588867,24.229999542236328,23.793333053588867,24.176666259765625,20.0374698638916,31609500
2015-07-07,24.219999313354492,24.6200008392334,24.0,24.59666633605957,20.385557174682617,37263900
2015-07-08,24.433332443237305,24.530000686645508,24.299999237060547,24.35333251953125,20.183883666992188,23373000
2015-07-09,24.55666732788086,24.57666778564453,24.23666763305664,24.260000228881836,20.106525421142578,26087400
2015-07-10,24.360000610351562,24.516666412353516,24.360000610351562,24.373332977294922,20.200458526611328,16737900
2015-07-13,24.503332138061523,24.703332901000977,24.503332138061523,24.626667022705078,20.410417556762695,18253500
2015-07-14,24.65999984741211,24.696666717529297,24.49333381652832,24.59666633605957,20.385557174682617,16554600
2015-07-15,24.530000686645508,24.633333206176758,24.39666748046875,24.549999237060547,20.346881866455078,13700100
2015-07-16,24.656667709350586,24.713333129882812,24.586666107177734,24.610000610351562,20.396604537963867,15695100
2015-07-17,24.579999923706055,24.690000534057617,24.43666648864746,24.463333129882812,20.27505111694336,17041800
2015-07-20,24.450000762939453,24.479999542236328,24.35333251953125,24.366666793823242,20.194936752319336,15256800
2015-07-21,24.366666793823242,24.43000030517578,24.176666259765625,24.246667861938477,20.095483779907227,19323300
2015-07-22,24.260000228881836,24.606666564941406,24.260000228881836,24.386667251586914,20.21150779724121,20884800
2015-07-23,24.356666564941406,24.406667709350586,24.139999389648438,24.170000076293945,20.03194236755371,12758700
2015-07-24,24.176666259765625,24.18666648864746,23.833332061767578,23.860000610351562,19.7750186920166,17853300
2015-07-27,23.793333053588867,23.883333206176758,23.670000076293945,23.793333053588867,19.71976089477539,18592800
2015-07-28,23.843332290649414,24.1299991607666,23.74333381652832,24.03333282470703,19.918668746948242,25776900
2015-07-29,24.083332061767578,24.209999084472656,24.030000686645508,24.07666778564453,19.9545841217041,14819100
2015-07-30,24.010000228881836,24.176666259765625,23.926666259765625,24.053333282470703,19.93524742126465,13813500
2015-07-31,24.14666748046875,24.163333892822266,23.886667251586914,23.99333381652832,19.88552474975586,23785200
2015-08-03,23.946666717529297,24.126667022705078,23.946666717529297,24.059999465942383,19.940771102905273,15395400
2015-08-04,24.139999389648438,24.266666412353516,23.976667404174805,24.083332061767578,19.96010971069336,17620200
2015-08-05,24.1299991607666,24.56333351135254,24.083332061767578,24.503332138061523,20.446870803833008,26147400
2015-08-06,24.450000762939453,24.459999084472656,24.219999313354492,24.26333236694336,20.24660301208496,19103100
2015-08-07,24.23666763305664,24.27666664123535,23.72333335876465,23.75,19.818254470825195,23392500
2015-08-10,23.833332061767578,23.916667938232422,23.780000686645508,23.82666778564453,19.882234573364258,18060300
2015-08-11,23.75,24.123332977294922,23.71666717529297,23.976667404174805,20.00739860534668,20487600
2015-08-12,23.843332290649414,24.219999313354492,23.75666618347168,24.19333267211914,20.188196182250977,26524200
2015-08-13,24.133333206176758,24.25666618347168,23.989999771118164,24.036666870117188,20.057456970214844,22957200
2015-08-14,24.100000381469727,24.200000762939453,24.01333236694336,24.126667022705078,20.132566452026367,17737500
2015-08-17,23.94333267211914,24.07666778564453,23.920000076293945,23.969999313354492,20.001832962036133,22813200
2015-08-18,23.333332061767578,23.5,23.079999923706055,23.15999984741211,19.3259220123291,63945000
2015-08-19,22.956666946411133,23.1299991607666,22.59000015258789,22.856666564941406,19.072805404663086,49000200
2015-08-20,22.69333267211914,23.100000381469727,22.64666748046875,22.809999465942383,19.03386688232422,29580300
2015-08-21,22.636667251586914,22.770000457763672,22.18000030517578,22.18000030517578,18.50816535949707,47239500
2015-08-24,21.246667861938477,22.053333282470703,20.5,21.316667556762695,17.787750244140625,66718800
2015-08-25,21.816667556762695,21.90333366394043,21.0,21.03333282470703,17.55132293701172,44403000
2015-08-26,21.40999984741211,21.616666793823242,21.00666618347168,21.610000610351562,18.032522201538086,41784900
2015-08-27,21.773332595825195,22.059999465942383,21.649999618530273,22.02666664123535,18.380212783813477,41738400
2015-08-28,22.030000686645508,22.040000915527344,21.483333587646484,21.64666748046875,18.063125610351562,42909000
2015-08-31,21.606666564941406,21.666667938232422,21.43000030517578,21.57666778564453,18.00471305847168,24525600
2015-09-01,21.266666412353516,21.440000534057617,21.09000015258789,21.273332595825195,17.7515926361084,40181700
2015-09-02,21.530000686645508,21.64666748046875,21.35333251953125,21.479999542236328,17.92405128479004,28543800
2015-09-03,21.573333740234375,21.670000076293945,21.463333129882812,21.6200008392334,18.040868759155273,25571400
2015-09-04,21.356666564941406,21.433332443237305,21.170000076293945,21.296667098999023,17.77106285095215,27697200
2015-09-08,21.74333381652832,22.166667938232422,21.726667404174805,22.126667022705078,18.463661193847656,53120400
2015-09-09,22.286666870117188,22.336666107177734,21.670000076293945,21.706666946411133,18.11318588256836,28392600
2015-09-10,21.356666564941406,21.549999237060547,21.27666664123535,21.373332977294922,17.835037231445312,43574400
2015-09-11,21.393333435058594,21.559999465942383,21.329999923706055,21.549999237060547,17.982460021972656,24187200
2015-09-14,21.549999237060547,21.55666732788086,21.273332595825195,21.426666259765625,17.879539489746094,20870100
2015-09-15,21.49333381652832,21.566667556762695,21.350000381469727,21.440000534057617,17.89067268371582,20582400
2015-09-16,21.53333282470703,21.59000015258789,21.350000381469727,21.56333351135254,17.993579864501953,16876200
2015-09-17,21.566667556762695,21.76333236694336,21.386667251586914,21.489999771118164,17.932390213012695,21399300
2015-09-18,21.25,21.40999984741211,21.086666107177734,21.113332748413086,17.618078231811523,38655600
2015-09-21,21.25,21.333332061767578,21.123332977294922,21.239999771118164,17.723773956298828,21358800
2015-09-22,21.07666778564453,21.273332595825195,20.97333335876465,21.196666717529297,17.687618255615234,26402400
2015-09-23,21.239999771118164,21.309999465942383,21.040000915527344,21.239999771118164,17.723773956298828,17629800
2015-09-24,21.1200008392334,21.32666778564453,21.100000381469727,21.27666664123535,17.754371643066406,20868600
2015-09-25,21.356666564941406,21.48666763305664,21.206666946411133,21.260000228881836,17.740463256835938,21489000
2015-09-28,21.200000762939453,21.316667556762695,21.15999984741211,21.219999313354492,17.70708656311035,28183200
2015-09-29,21.25,21.34666633605957,21.07666778564453,21.260000228881836,17.740463256835938,22920300
2015-09-30,21.476667404174805,21.64666748046875,21.309999465942383,21.613332748413086,18.035295486450195,23937600
2015-10-01,21.586666107177734,21.64666748046875,21.293333053588867,21.42333221435547,17.876754760742188,23511600
2015-10-02,21.253332138061523,21.65999984741211,21.136667251586914,21.65999984741211,18.074247360229492,21252000
2015-10-05,21.73666763305664,21.97333335876465,21.713333129882812,21.956666946411133,18.32180404663086,18900900
2015-10-06,21.84666633605957,21.983333587646484,21.726667404174805,21.893333435058594,18.268957138061523,22232700
2015-10-07,21.946666717529297,22.1200008392334,21.92333221435547,22.1200008392334,18.45809555053711,21408000
2015-10-08,22.07666778564453,22.329999923706055,22.049999237060547,22.293333053588867,18.602741241455078,17923500
2015-10-09,22.31333351135254,22.34000015258789,22.170000076293945,22.229999542236328,18.54988670349121,20262000
2015-10-12,22.22333335876465,22.333332061767578,22.19333267211914,22.309999465942383,18.61664390563965,16931700
2015-10-13,22.206666946411133,22.31333351135254,22.086666107177734,22.24333381652832,18.561012268066406,26575200
2015-10-14,22.203332901000977,22.649999618530273,20.00666618347168,20.010000228881836,16.697397232055664,242694300
2015-10-15,19.899999618530273,20.156667709350586,19.536666870117188,19.77666664123535,16.502696990966797,138760500
2015-10-16,19.823333740234375,19.829999923706055,19.456666946411133,19.6299991607666,16.380311965942383,78585300
2015-10-19,19.59666633605957,19.766666412353516,19.5,19.616666793823242,16.36918067932129,53417400
2015-10-20,19.6200008392334,19.666667938232422,19.523332595825195,19.583332061767578,16.341367721557617,31271100
2015-10-21,19.600000381469727,19.68000030517578,19.523332595825195,19.546667098999023,16.31076431274414,39352800
2015-10-22,19.64666748046875,19.98666763305664,19.546667098999023,19.633333206176758,16.38308334350586,43765500
2015-10-23,19.729999542236328,19.760000228881836,19.406667709350586,19.433332443237305,16.216197967529297,39121800
2015-10-26,19.46666717529297,19.483333587646484,19.323333740234375,19.34000015258789,16.1383113861084,32519400
2015-10-27,19.336666107177734,19.34666633605957,19.126667022705078,19.15999984741211,15.988115310668945,31534200
2015-10-28,19.219999313354492,19.239999771118164,19.053333282470703,19.213333129882812,16.03261947631836,35504100
2015-10-29,19.239999771118164,19.373332977294922,19.15999984741211,19.31999969482422,16.121631622314453,38566500
2015-10-30,19.24333381652832,19.373332977294922,19.079999923706055,19.079999923706055,15.921360969543457,47416500
2015-11-02,19.09666633605957,19.203332901000977,18.92333221435547,19.203332901000977,16.024272918701172,32157600
2015-11-03,19.190000534057617,19.44333267211914,19.176666259765625,19.3700008392334,16.16335678100586,30761700
2015-11-04,19.52666664123535,19.586666107177734,19.39666748046875,19.456666946411133,16.235666275024414,30169500
2015-11-05,19.503332138061523,19.65999984741211,19.47333335876465,19.536666870117188,16.302427291870117,26581500
2015-11-06,19.639999389648438,19.733333587646484,19.43666648864746,19.593332290649414,16.349708557128906,29931900
2015-11-09,19.5,19.593332290649414,19.34000015258789,19.496667861938477,16.2690486907959,25321200
2015-11-10,19.43666648864746,19.56999969482422,19.43666648864746,19.559999465942383,16.321897506713867,22844700
2015-11-11,19.5,19.57666778564453,19.156667709350586,19.19333267211914,16.015932083129883,26069700
2015-11-12,19.213333129882812,19.25666618347168,18.97333335876465,18.983333587646484,15.840696334838867,28654500
2015-11-13,18.913333892822266,19.020000457763672,18.766666412353516,18.80666732788086,15.693270683288574,37544700
2015-11-16,18.796667098999023,19.343332290649414,18.786666870117188,19.290000915527344,16.096595764160156,39964800
2015-11-17,19.780000686645508,20.299999237060547,19.733333587646484,19.97333335876465,16.66680145263672,74037900
2015-11-18,20.01333236694336,20.356666564941406,19.850000381469727,20.309999465942383,16.94773292541504,44633100
2015-11-19,20.373332977294922,20.453332901000977,20.143333435058594,20.233333587646484,16.883760452270508,34698300
2015-11-20,20.32666778564453,20.489999771118164,20.00666618347168,20.023332595825195,16.708524703979492,37113300
2015-11-23,20.09666633605957,20.246667861938477,19.959999084472656,20.086666107177734,16.761371612548828,31731000
2015-11-24,19.983333587646484,20.139999389648438,19.953332901000977,19.97333335876465,16.66680145263672,37361700
2015-11-25,20.0,20.23666763305664,19.959999084472656,20.079999923706055,16.755813598632812,23460600
2015-11-27,20.14666748046875,20.229999542236328,19.956666946411133,19.963333129882812,16.658458709716797,16022700
2015-11-30,19.956666946411133,20.020000457763672,19.57666778564453,19.613332748413086,16.366405487060547,44827800
2015-12-01,19.709999084472656,19.76333236694336,19.549999237060547,19.663333892822266,16.408123016357422,36612300
2015-12-02,19.536666870117188,19.76333236694336,19.440000534057617,19.450000762939453,16.36604881286621,40760700
2015-12-03,19.56333351135254,19.886667251586914,19.53333282470703,19.68000030517578,16.559581756591797,47532300
2015-12-04,19.683332443237305,19.950000762939453,19.676666259765625,19.886667251586914,16.733482360839844,31305900
2015-12-07,19.856666564941406,20.24333381652832,19.856666564941406,20.166667938232422,16.969087600708008,34787700
2015-12-08,20.023332595825195,20.163333892822266,19.833332061767578,19.8700008392334,16.719457626342773,31132800
2015-12-09,19.753332138061523,20.036666870117188,19.633333206176758,19.709999084472656,16.584827423095703,26945100
2015-12-10,19.709999084472656,20.030000686645508,19.696666717529297,19.85333251953125,16.70543098449707,34078200
2015-12-11,19.683332443237305,19.843332290649414,19.60333251953125,19.786666870117188,16.649337768554688,29235000
2015-12-14,19.766666412353516,20.14666748046875,19.690000534057617,20.1299991607666,16.938228607177734,43574700
2015-12-15,20.213333129882812,20.280000686645508,19.856666564941406,19.8799991607666,16.72786521911621,43846200
2015-12-16,20.036666870117188,20.21666717529297,19.899999618530273,20.100000381469727,16.912992477416992,29881500
2015-12-17,20.110000610351562,20.110000610351562,19.656667709350586,19.65999984741211,16.542757034301758,38928300
2015-12-18,19.643333435058594,19.799999237060547,19.583332061767578,19.616666793823242,16.506290435791016,48770100
2015-12-21,19.606666564941406,19.860000610351562,19.55666732788086,19.850000381469727,16.702627182006836,28936500
2015-12-22,19.93000030517578,20.233333587646484,19.8700008392334,20.18000030517578,16.98030662536621,27798900
2015-12-23,20.333332061767578,20.373332977294922,20.14666748046875,20.363332748413086,17.13456916809082,22559400
2015-12-24,20.260000228881836,20.366666793823242,20.226667404174805,20.27666664123535,17.061643600463867,7448400
2015-12-28,20.19333267211914,20.323333740234375,20.166667938232422,20.25,17.039203643798828,16265100
2015-12-29,20.333332061767578,20.583332061767578,20.32666778564453,20.536666870117188,17.280420303344727,23650800
2015-12-30,20.553333282470703,20.623332977294922,20.496667861938477,20.559999465942383,17.300048828125,17150100
2015-12-31,20.44333267211914,20.573333740234375,20.389999389648438,20.433332443237305,17.193470001220703,19725300
2016-01-04,20.166667938232422,20.496667861938477,20.1200008392334,20.48666763305664,17.23834991455078,35967600
2016-01-05,20.676666259765625,21.016666412353516,20.616666793823242,20.97333335876465,17.647850036621094,39978000
2016-01-06,20.82666778564453,21.316667556762695,20.823333740234375,21.183332443237305,17.824548721313477,49693800
2016-01-07,20.989999771118164,21.74333381652832,20.97333335876465,21.676666259765625,18.23966407775879,79290000
2016-01-08,21.69333267211914,21.803333282470703,21.136667251586914,21.18000030517578,17.821746826171875,53303700
2016-01-11,21.253332138061523,21.489999771118164,21.209999084472656,21.406667709350586,18.012475967407227,37961400
2016-01-12,21.459999084472656,21.57666778564453,21.143333435058594,21.206666946411133,17.84418296813965,36587700
2016-01-13,21.24333381652832,21.24333381652832,20.610000610351562,20.639999389648438,17.36736488342285,41177100
2016-01-14,20.666667938232422,21.206666946411133,20.606666564941406,21.020000457763672,17.687114715576172,38804700
2016-01-15,20.516666412353516,20.823333740234375,20.420000076293945,20.643333435058594,17.370174407958984,45523200
2016-01-19,20.75,20.933332443237305,20.670000076293945,20.85333251953125,17.546873092651367,39153900
2016-01-20,20.600000381469727,20.77666664123535,20.066667556762695,20.280000686645508,17.0644474029541,52107300
2016-01-21,20.32666778564453,20.93000030517578,20.303333282470703,20.626667022705078,17.35614776611328,36267600
2016-01-22,20.81333351135254,21.086666107177734,20.709999084472656,20.89666748046875,17.583341598510742,27592500
2016-01-25,20.926666259765625,21.273332595825195,20.850000381469727,21.149999618530273,17.796506881713867,38470200
2016-01-26,21.1200008392334,21.489999771118164,21.086666107177734,21.333332061767578,17.950767517089844,28323600
2016-01-27,21.366666793823242,21.726667404174805,21.296667098999023,21.316667556762695,17.936742782592773,30642900
2016-01-28,21.343332290649414,21.503332138061523,21.143333435058594,21.406667709350586,18.012475967407227,33834900
2016-01-29,21.583332061767578,22.176666259765625,21.579999923706055,22.1200008392334,18.612701416015625,49317300
2016-02-01,21.969999313354492,22.643333435058594,21.963333129882812,22.5,18.93244743347168,44185200
2016-02-02,22.433332443237305,22.613332748413086,22.093332290649414,22.286666870117188,18.752944946289062,40757700
2016-02-03,22.43666648864746,22.5,21.690000534057617,22.09000015258789,18.587459564208984,36946800
2016-02-04,21.920000076293945,22.183332443237305,21.670000076293945,22.139999389648438,18.62952995300293,38500200
2016-02-05,22.286666870117188,22.510000228881836,21.959999084472656,22.333332061767578,18.792207717895508,42589500
2016-02-08,22.166667938232422,22.383333206176758,21.719999313354492,22.299999237060547,18.76416015625,62230800
2016-02-09,21.829999923706055,22.136667251586914,21.559999465942383,21.93666648864746,18.458433151245117,43927200
2016-02-10,22.06333351135254,22.196666717529297,21.883333206176758,21.93000030517578,18.45282554626465,29127900
2016-02-11,21.67333221435547,21.920000076293945,21.593332290649414,21.773332595825195,18.321002960205078,33560100
2016-02-12,21.84000015258789,22.083332061767578,21.623332977294922,22.059999465942383,18.562217712402344,29086500
2016-02-16,22.203332901000977,22.266666412353516,21.833332061767578,21.96666717529297,18.483680725097656,34081500
2016-02-17,22.03333282470703,22.203332901000977,21.93666648864746,22.036666870117188,18.542583465576172,37280100
2016-02-18,21.246667861938477,21.593332290649414,20.78333282470703,21.373332977294922,17.984426498413086,83683800
2016-02-19,21.296667098999023,21.59000015258789,21.14666748046875,21.553333282470703,18.13589096069336,46686900
2016-02-22,21.553333282470703,22.046667098999023,21.553333282470703,21.876667022705078,18.407947540283203,31761900
2016-02-23,21.946666717529297,22.200000762939453,21.760000228881836,22.15999984741211,18.646358489990234,34296000
2016-02-24,22.06333351135254,22.44333267211914,21.906667709350586,22.373332977294922,18.82586669921875,30873600
2016-02-25,22.483333587646484,22.709999084472656,22.44333267211914,22.68000030517578,19.083913803100586,28743900
2016-02-26,22.69333267211914,22.733333587646484,22.100000381469727,22.170000076293945,18.65477752685547,32952900
2016-02-29,22.209999084472656,22.316667556762695,22.073333740234375,22.113332748413086,18.607091903686523,28035600
2016-03-01,22.21666717529297,22.296667098999023,22.0,22.15333366394043,18.64075469970703,31288500
2016-03-02,22.06999969482422,22.22333335876465,22.0,22.06999969482422,18.570627212524414,27496800
2016-03-03,21.983333587646484,22.066667556762695,21.626667022705078,22.046667098999023,18.550992965698242,35540400
2016-03-04,22.046667098999023,22.426666259765625,22.030000686645508,22.260000228881836,18.73050308227539,30031500
2016-03-07,22.206666946411133,22.82666778564453,22.09000015258789,22.6299991607666,19.04183578491211,38476200
2016-03-08,22.57666778564453,22.823333740234375,22.496667861938477,22.68000030517578,19.083913803100586,30203700
2016-03-09,22.59666633605957,22.663333892822266,22.373332977294922,22.510000228881836,19.081083297729492,23474400
2016-03-10,22.516666412353516,22.68000030517578,22.133333206176758,22.469999313354492,19.047178268432617,30677400
2016-03-11,22.59000015258789,22.64666748046875,22.266666412353516,22.389999389648438,18.9793643951416,24872700
2016-03-14,22.383333206176758,22.55666732788086,22.31999969482422,22.453332901000977,19.033050537109375,20137500
2016-03-15,22.333332061767578,22.78333282470703,22.333332061767578,22.696666717529297,19.23931312561035,22700700
2016-03-16,22.64666748046875,22.780000686645508,22.416667938232422,22.663333892822266,19.211057662963867,24654000
2016-03-17,22.606666564941406,22.97333335876465,22.420000076293945,22.483333587646484,19.058475494384766,35514300
2016-03-18,22.49333381652832,22.676666259765625,22.25,22.316667556762695,18.917200088500977,69459300
2016-03-21,22.343332290649414,22.793333053588867,22.323333740234375,22.656667709350586,19.205406188964844,28247400
2016-03-22,22.666667938232422,22.893333435058594,22.59666633605957,22.623332977294922,19.177152633666992,22543500
2016-03-23,22.670000076293945,22.700000762939453,22.479999542236328,22.48666763305664,19.061302185058594,18331800
2016-03-24,22.476667404174805,22.68000030517578,22.459999084472656,22.666667938232422,19.213890075683594,18914100
2016-03-28,22.643333435058594,22.860000610351562,22.643333435058594,22.706666946411133,19.247793197631836,16810500
2016-03-29,22.71666717529297,22.73666763305664,22.476667404174805,22.676666259765625,19.222362518310547,19473000
2016-03-30,22.77666664123535,23.0,22.76333236694336,22.933332443237305,19.43993377685547,21625500
2016-03-31,22.916667938232422,23.06333351135254,22.823333740234375,22.829999923706055,19.352336883544922,18850500
2016-04-01,22.67333221435547,23.066667556762695,22.67333221435547,23.020000457763672,19.513399124145508,19807200
2016-04-04,23.0,23.123332977294922,22.97333335876465,23.03333282470703,19.524702072143555,20470200
2016-04-05,23.010000228881836,23.083332061767578,22.75666618347168,22.8799991607666,19.39472007751465,17337000
2016-04-06,22.899999618530273,23.020000457763672,22.84000015258789,23.01333236694336,19.507741928100586,16088100
2016-04-07,22.94333267211914,22.976667404174805,22.64666748046875,22.739999771118164,19.276058197021484,18331500
2016-04-08,22.770000457763672,22.796667098999023,22.6200008392334,22.68666648864746,19.2308349609375,19548000
2016-04-11,22.670000076293945,22.790000915527344,22.459999084472656,22.46666717529297,19.044353485107422,23596200
2016-04-12,22.523332595825195,22.956666946411133,22.483333587646484,22.933332443237305,19.43993377685547,23203800
2016-04-13,23.003332138061523,23.139999389648438,22.956666946411133,23.049999237060547,19.5388240814209,18788100
2016-04-14,23.049999237060547,23.079999923706055,22.71666717529297,22.933332443237305,19.43993377685547,20931300
2016-04-15,22.979999542236328,23.136667251586914,22.979999542236328,23.020000457763672,19.513399124145508,22753500
2016-04-18,23.016666412353516,23.299999237060547,22.950000762939453,23.286666870117188,19.73944091796875,19868700
2016-04-19,23.26333236694336,23.360000610351562,23.166667938232422,23.25666618347168,19.71401023864746,24598200
2016-04-20,23.253332138061523,23.329999923706055,23.043333053588867,23.06999969482422,19.5557804107666,16237500
2016-04-21,23.156667709350586,23.226667404174805,22.746667861938477,22.823333740234375,19.34668731689453,19852800
2016-04-22,22.940000534057617,22.979999542236328,22.760000228881836,22.906667709350586,19.417329788208008,18645300
2016-04-25,22.850000381469727,23.166667938232422,22.68666648864746,23.156667709350586,19.62924575805664,17688600
2016-04-26,23.233333587646484,23.296667098999023,23.03333282470703,23.100000381469727,19.581212997436523,19945200
2016-04-27,23.163333892822266,23.260000228881836,22.996667861938477,23.139999389648438,19.615116119384766,15441900
2016-04-28,23.023332595825195,23.206666946411133,22.916667938232422,22.969999313354492,19.47101402282715,14330700
2016-04-29,22.90999984741211,22.940000534057617,22.1200008392334,22.290000915527344,18.89459800720215,36297000
2016-05-02,22.206666946411133,22.566667556762695,22.176666259765625,22.530000686645508,19.098039627075195,22829100
2016-05-03,22.286666870117188,22.5,22.25,22.333332061767578,18.931325912475586,17767800
2016-05-04,22.28333282470703,22.496667861938477,22.14666748046875,22.39666748046875,18.985021591186523,18088500
2016-05-05,22.323333740234375,22.416667938232422,22.19333267211914,22.40333366394043,18.990665435791016,24273000
2016-05-06,22.303333282470703,22.753332138061523,22.266666412353516,22.75,19.28452491760254,29476200
2016-05-09,22.75,23.03333282470703,22.719999313354492,22.983333587646484,19.482309341430664,25968600
2016-05-10,22.97333335876465,23.043333053588867,22.816667556762695,22.93000030517578,19.437110900878906,19208700
2016-05-11,22.489999771118164,22.5,21.8700008392334,22.136667251586914,18.902008056640625,43792500
2016-05-12,22.183332443237305,22.350000381469727,22.126667022705078,22.28333282470703,19.027244567871094,28600500
2016-05-13,22.15999984741211,22.183332443237305,21.549999237060547,21.64666748046875,18.483613967895508,41234100
2016-05-16,21.6200008392334,22.116666793823242,21.559999465942383,22.00666618347168,18.790998458862305,30545400
2016-05-17,22.020000457763672,22.09000015258789,21.626667022705078,21.700000762939453,18.52914810180664,27758100
2016-05-18,21.00666618347168,21.260000228881836,20.906667709350586,21.049999237060547,17.97412872314453,66767700
2016-05-19,22.700000762939453,23.110000610351562,22.5,23.066667556762695,19.69611930847168,105230100
2016-05-20,23.110000610351562,23.3799991607666,22.950000762939453,23.286666870117188,19.88396453857422,50239800
2016-05-23,23.200000762939453,23.35333251953125,23.14666748046875,23.166667938232422,19.781503677368164,30299400
2016-05-24,23.21666717529297,23.47333335876465,23.183332443237305,23.413333892822266,19.992122650146484,26484000
2016-05-25,23.416667938232422,23.666667938232422,23.413333892822266,23.49333381652832,20.060436248779297,21791700
2016-05-26,23.56333351135254,23.793333053588867,23.53333282470703,23.616666793823242,20.16575050354004,26081700
2016-05-27,23.6200008392334,23.6299991607666,23.496667861938477,23.583332061767578,20.137283325195312,17321100
2016-05-31,23.52666664123535,23.666667938232422,23.49333381652832,23.593332290649414,20.14582633972168,25170600
2016-06-01,23.5,23.636667251586914,23.469999313354492,23.5,20.066131591796875,21662700
2016-06-02,23.5,23.666667938232422,23.383333206176758,23.649999618530273,20.194210052490234,19526100
2016-06-03,23.523332595825195,23.683332443237305,23.50666618347168,23.623332977294922,20.17144203186035,19123500
2016-06-06,23.84000015258789,23.850000381469727,23.666667938232422,23.683332443237305,20.222671508789062,27054000
2016-06-07,23.700000762939453,23.770000457763672,23.616666793823242,23.676666259765625,20.21698570251465,22090200
2016-06-08,23.616666793823242,23.816667556762695,23.600000381469727,23.760000228881836,20.28813934326172,18417000
2016-06-09,23.786666870117188,23.863332748413086,23.616666793823242,23.696666717529297,20.23406410217285,18209700
2016-06-10,23.666667938232422,23.803333282470703,23.559999465942383,23.713333129882812,20.248291015625,22534200
2016-06-13,23.666667938232422,23.726667404174805,23.496667861938477,23.510000228881836,20.074668884277344,23722800
2016-06-14,23.553333282470703,23.72333335876465,23.399999618530273,23.649999618530273,20.194210052490234,27199200
2016-06-15,23.733333587646484,23.8700008392334,23.666667938232422,23.706666946411133,20.242595672607422,24051000
2016-06-16,23.666667938232422,23.81999969482422,23.600000381469727,23.766666412353516,20.29383087158203,20115600
2016-06-17,23.683332443237305,23.770000457763672,23.46666717529297,23.649999618530273,20.194210052490234,54177900
2016-06-20,23.770000457763672,23.926666259765625,23.683332443237305,23.700000762939453,20.236907958984375,21427500
2016-06-21,23.649999618530273,23.906667709350586,23.649999618530273,23.81999969482422,20.339365005493164,20024400
2016-06-22,23.866666793823242,24.083332061767578,23.856666564941406,23.916667938232422,20.42191505432129,25372500
2016-06-23,24.066667556762695,24.079999923706055,23.93000030517578,24.03333282470703,20.521526336669922,20910600
2016-06-24,23.516666412353516,24.239999771118164,23.503332138061523,23.98666763305664,20.481687545776367,45361200
2016-06-27,23.8799991607666,23.92333221435547,23.626667022705078,23.833332061767578,20.35075569152832,33910200
2016-06-28,23.920000076293945,23.956666946411133,23.55666732788086,23.836666107177734,20.353601455688477,25683600
2016-06-29,23.876667022705078,24.163333892822266,23.85333251953125,24.15333366394043,20.624000549316406,21044100
2016-06-30,24.190000534057617,24.39666748046875,24.106666564941406,24.34000015258789,20.78338623046875,26140800
2016-07-01,24.376667022705078,24.389999389648438,24.139999389648438,24.270000457763672,20.723613739013672,22916400
2016-07-05,24.25,24.540000915527344,24.226667404174805,24.3799991607666,20.817541122436523,32245800
2016-07-06,24.420000076293945,24.65999984741211,24.389999389648438,24.606666564941406,21.01108741760254,33188100
2016-07-07,24.57666778564453,24.643333435058594,24.383333206176758,24.510000228881836,20.92854881286621,23378400
2016-07-08,24.606666564941406,24.616666793823242,24.413333892822266,24.613332748413086,21.016775131225586,27382800
2016-07-11,24.55666732788086,24.78333282470703,24.5,24.68666648864746,21.07940101623535,27120300
2016-07-12,24.520000457763672,24.57666778564453,24.333332061767578,24.42333221435547,20.854537963867188,37083600
2016-07-13,24.416667938232422,24.543333053588867,24.31333351135254,24.540000915527344,20.954164505004883,19197000
2016-07-14,24.59666633605957,24.703332901000977,24.536666870117188,24.566667556762695,20.97693634033203,19939200
2016-07-15,24.65999984741211,24.670000076293945,24.479999542236328,24.55666732788086,20.96839141845703,17984400
2016-07-18,24.546667098999023,24.726667404174805,24.510000228881836,24.613332748413086,21.016775131225586,16371900
2016-07-19,24.546667098999023,24.65333366394043,24.52666664123535,24.553333282470703,20.965547561645508,14394300
2016-07-20,24.626667022705078,24.703332901000977,24.543333053588867,24.59666633605957,21.002548217773438,15846000
2016-07-21,24.476667404174805,24.553333282470703,24.3799991607666,24.50666618347168,20.92569923400879,13175700
2016-07-22,24.586666107177734,24.636667251586914,24.47333335876465,24.516666412353516,20.934236526489258,12949800
2016-07-25,24.516666412353516,24.610000610351562,24.469999313354492,24.583332061767578,20.99116325378418,14202000
2016-07-26,24.56999969482422,24.690000534057617,24.469999313354492,24.57666778564453,20.985471725463867,15744900
2016-07-27,24.553333282470703,24.606666564941406,24.3799991607666,24.440000534057617,20.8687686920166,17333700
2016-07-28,24.3799991607666,24.440000534057617,24.156667709350586,24.413333892822266,20.846004486083984,13809600
2016-07-29,24.389999389648438,24.416667938232422,24.253332138061523,24.323333740234375,20.76915740966797,18906600
2016-08-01,24.270000457763672,24.663333892822266,24.270000457763672,24.593332290649414,20.99970245361328,17605200
2016-08-02,24.566667556762695,24.573333740234375,24.209999084472656,24.376667022705078,20.814693450927734,19539300
2016-08-03,24.333332061767578,24.46666717529297,24.170000076293945,24.31333351135254,20.76061248779297,19704300
2016-08-04,24.266666412353516,24.496667861938477,24.196666717529297,24.433332443237305,20.863080978393555,14834700
2016-08-05,24.48666763305664,24.649999618530273,24.48666763305664,24.586666107177734,20.99400520324707,16246200
2016-08-08,24.666667938232422,24.690000534057617,24.34666633605957,24.446666717529297,20.874473571777344,19731600
2016-08-09,24.453332901000977,24.626667022705078,24.360000610351562,24.51333236694336,20.931392669677734,19283700
2016-08-10,24.523332595825195,24.836666107177734,24.463333129882812,24.649999618530273,21.192171096801758,24156900
2016-08-11,24.833332061767578,24.933332443237305,24.510000228881836,24.600000381469727,21.149188995361328,18870900
2016-08-12,24.600000381469727,24.706666946411133,24.520000457763672,24.6299991607666,21.17498016357422,29982600
2016-08-15,24.60333251953125,24.670000076293945,24.3700008392334,24.440000534057617,21.011627197265625,28908300
2016-08-16,24.196666717529297,24.43666648864746,24.06999969482422,24.296667098999023,20.888408660888672,29289900
2016-08-17,23.996667861938477,24.316667556762695,23.996667861938477,24.309999465942383,20.899864196777344,43029900
2016-08-18,24.309999465942383,25.06333351135254,24.309999465942383,24.766666412353516,21.292476654052734,80574900
2016-08-19,24.700000762939453,24.76333236694336,24.22333335876465,24.270000457763672,20.865476608276367,46039200
2016-08-22,24.35333251953125,24.3799991607666,24.149999618530273,24.233333587646484,20.83395767211914,30936300
2016-08-23,24.296667098999023,24.356666564941406,23.98666763305664,23.989999771118164,20.624759674072266,28174200
2016-08-24,23.989999771118164,24.25,23.920000076293945,24.07666778564453,20.69926643371582,30152100
2016-08-25,24.123332977294922,24.19333267211914,23.683332443237305,23.739999771118164,20.409828186035156,31542600
2016-08-26,23.803333282470703,23.89666748046875,23.6299991607666,23.713333129882812,20.38690185546875,30115500
2016-08-29,23.713333129882812,23.886667251586914,23.700000762939453,23.799999237060547,20.46141242980957,22404300
2016-08-30,23.799999237060547,23.920000076293945,23.71666717529297,23.770000457763672,20.435619354248047,17322600
2016-08-31,23.81999969482422,23.8799991607666,23.71666717529297,23.81333351135254,20.47287368774414,18934800
2016-09-01,23.856666564941406,24.286666870117188,23.803333282470703,24.280000686645508,20.87407875061035,35284200
2016-09-02,24.329999923706055,24.39666748046875,24.139999389648438,24.166667938232422,20.776649475097656,24248700
2016-09-06,24.253332138061523,24.360000610351562,24.066667556762695,24.333332061767578,20.919931411743164,28712700
2016-09-07,24.333332061767578,24.350000381469727,24.003332138061523,24.020000457763672,20.65055274963379,28854900
2016-09-08,23.963333129882812,24.106666564941406,23.90333366394043,23.94333267211914,20.584638595581055,28983600
2016-09-09,23.773332595825195,23.836666107177734,23.433332443237305,23.433332443237305,20.146177291870117,36517800
2016-09-12,23.59666633605957,24.079999923706055,23.573333740234375,23.979999542236328,20.616161346435547,32592000
2016-09-13,23.946666717529297,23.969999313354492,23.71666717529297,23.81999969482422,20.478599548339844,22523700
2016-09-14,23.873332977294922,24.020000457763672,23.799999237060547,23.84000015258789,20.49580192565918,20941500
2016-09-15,23.82666778564453,24.18666648864746,23.753332138061523,24.133333206176758,20.74798583984375,21886800
2016-09-16,24.106666564941406,24.31999969482422,24.073333740234375,24.290000915527344,20.88267707824707,41807100
2016-09-19,24.213333129882812,24.290000915527344,24.030000686645508,24.030000686645508,20.659151077270508,20762100
2016-09-20,24.049999237060547,24.183332443237305,23.96666717529297,23.989999771118164,20.624759674072266,17731800
2016-09-21,24.059999465942383,24.18000030517578,23.836666107177734,24.06333351135254,20.687807083129883,20027700
2016-09-22,24.143333435058594,24.18000030517578,23.996667861938477,24.09000015258789,20.710731506347656,17615700
2016-09-23,24.200000762939453,24.25666618347168,24.113332748413086,24.116666793823242,20.733665466308594,23089200
2016-09-26,24.10333251953125,24.110000610351562,23.84000015258789,23.873332977294922,20.52445411682129,17846100
2016-09-27,23.976667404174805,24.163333892822266,23.860000610351562,24.110000610351562,20.727928161621094,19033200
2016-09-28,24.073333740234375,24.106666564941406,23.793333053588867,23.93000030517578,20.573171615600586,18554700
2016-09-29,23.856666564941406,23.90333366394043,23.540000915527344,23.57666778564453,20.269407272338867,23990400
2016-09-30,23.833332061767578,24.15333366394043,23.799999237060547,24.040000915527344,20.667747497558594,29947800
2016-10-03,23.94333267211914,24.049999237060547,23.866666793823242,24.003332138061523,20.636219024658203,17573100
2016-10-04,24.0,24.190000534057617,23.850000381469727,23.916667938232422,20.561716079711914,19707900
2016-10-05,23.956666946411133,24.09000015258789,23.866666793823242,23.889999389648438,20.538789749145508,19393200
2016-10-06,23.889999389648438,23.889999389648438,22.963333129882812,23.1200008392334,19.876798629760742,60330900
2016-10-07,23.086666107177734,23.156667709350586,22.72333335876465,22.899999618530273,19.687660217285156,37961400
2016-10-10,22.916667938232422,22.98666763305664,22.583332061767578,22.65999984741211,19.481325149536133,26965200
2016-10-11,22.649999618530273,22.65333366394043,22.433332443237305,22.463333129882812,19.312252044677734,25774500
2016-10-12,22.579999923706055,22.636667251586914,22.456666946411133,22.48666763305664,19.33230972290039,26822100
2016-10-13,22.39666748046875,22.84666633605957,22.356666564941406,22.74333381652832,19.55296516418457,27581400
2016-10-14,22.80666732788086,22.93666648864746,22.73666763305664,22.816667556762695,19.61601448059082,19248000
2016-10-17,22.883333206176758,22.883333206176758,22.600000381469727,22.739999771118164,19.550107955932617,22480200
2016-10-18,22.856666564941406,22.99333381652832,22.74333381652832,22.956666946411133,19.73638153076172,23573100
2016-10-19,23.073333740234375,23.113332748413086,22.89666748046875,22.963333129882812,19.74211311340332,21369900
2016-10-20,22.99333381652832,23.02666664123535,22.856666564941406,22.90999984741211,19.69625473022461,18882000
2016-10-21,22.780000686645508,22.876667022705078,22.663333892822266,22.780000686645508,19.584491729736328,23533800
2016-10-24,22.873332977294922,23.123332977294922,22.796667098999023,23.06333351135254,19.82807731628418,21490800
2016-10-25,23.003332138061523,23.290000915527344,23.0,23.1200008392334,19.876798629760742,22889100
2016-10-26,23.100000381469727,23.270000457763672,23.046667098999023,23.196666717529297,19.94270896911621,15151500
2016-10-27,23.200000762939453,23.333332061767578,23.1299991607666,23.27666664123535,20.01148223876953,21394800
2016-10-28,23.266666412353516,23.40333366394043,23.24333381652832,23.329999923706055,20.057340621948242,20858700
2016-10-31,23.35333251953125,23.389999389648438,23.28333282470703,23.34000015258789,20.065942764282227,19167000
2016-11-01,23.32666778564453,23.35333251953125,23.046667098999023,23.100000381469727,19.859607696533203,26515800
2016-11-02,23.066667556762695,23.323333740234375,23.066667556762695,23.149999618530273,19.902585983276367,22935900
2016-11-03,23.209999084472656,23.360000610351562,23.116666793823242,23.209999084472656,19.95417022705078,20411700
2016-11-04,23.23666763305664,23.31333351135254,23.043333053588867,23.053333282470703,19.81948471069336,21786300
2016-11-07,23.206666946411133,23.280000686645508,23.053333282470703,23.260000228881836,19.997159957885742,29266200
2016-11-08,23.23666763305664,23.34666633605957,23.156667709350586,23.26333236694336,20.000024795532227,22863900
2016-11-09,23.100000381469727,23.833332061767578,23.09666633605957,23.700000762939453,20.375442504882812,50338500
2016-11-10,23.75,24.030000686645508,23.666667938232422,23.796667098999023,20.458547592163086,42963900
2016-11-11,23.703332901000977,23.760000228881836,23.53333282470703,23.74333381652832,20.412691116333008,24671700
2016-11-14,23.719999313354492,23.770000457763672,23.39666748046875,23.496667861938477,20.20063018798828,38752500
2016-11-15,23.59666633605957,23.80666732788086,23.450000762939453,23.80666732788086,20.46714210510254,29175300
2016-11-16,23.916667938232422,24.020000457763672,23.77666664123535,23.796667098999023,20.458547592163086,33577200
2016-11-17,23.02666664123535,23.17333221435547,22.706666946411133,23.06333351135254,19.82807731628418,70320900
2016-11-18,22.976667404174805,23.133333206176758,22.81333351135254,22.84666633605957,19.641807556152344,33405900
2016-11-21,22.84666633605957,23.133333206176758,22.80666732788086,23.123332977294922,19.879663467407227,25068000
2016-11-22,23.24333381652832,23.47333335876465,23.24333381652832,23.373332977294922,20.094600677490234,32952000
2016-11-23,23.406667709350586,23.6299991607666,23.393333435058594,23.610000610351562,20.298067092895508,22196700
2016-11-25,23.703332901000977,23.883333206176758,23.65999984741211,23.74333381652832,20.412691116333008,12703200
2016-11-28,23.643333435058594,23.84000015258789,23.600000381469727,23.729999542236328,20.401229858398438,21297600
2016-11-29,23.793333053588867,23.93000030517578,23.733333587646484,23.790000915527344,20.45281410217285,21930300
2016-11-30,23.639999389648438,23.719999313354492,23.389999389648438,23.476667404174805,20.183435440063477,27978300
2016-12-01,23.416667938232422,23.57666778564453,23.350000381469727,23.55666732788086,20.252214431762695,20549400
2016-12-02,23.52666664123535,23.649999618530273,23.483333587646484,23.626667022705078,20.312389373779297,20022600
2016-12-05,23.633333206176758,23.663333892822266,23.270000457763672,23.31333351135254,20.043010711669922,31583700
2016-12-06,23.336666107177734,23.463333129882812,23.166667938232422,23.453332901000977,20.163372039794922,23334000
2016-12-07,23.309999465942383,23.549999237060547,23.299999237060547,23.53333282470703,20.376949310302734,20898600
2016-12-08,23.49333381652832,23.633333206176758,23.440000534057617,23.446666717529297,20.30191421508789,20532600
2016-12-09,23.42333221435547,23.476667404174805,23.246667861938477,23.360000610351562,20.226877212524414,32270100
2016-12-12,23.356666564941406,23.926666259765625,23.34000015258789,23.889999389648438,20.685781478881836,27252300
2016-12-13,23.889999389648438,24.07666778564453,23.8700008392334,23.933332443237305,20.723302841186523,26662500
2016-12-14,23.96666717529297,24.15999984741211,23.726667404174805,23.780000686645508,20.590538024902344,26008200
2016-12-15,23.739999771118164,23.933332443237305,23.676666259765625,23.69333267211914,20.5154972076416,21408900
2016-12-16,23.690000534057617,23.8799991607666,23.53333282470703,23.65999984741211,20.486637115478516,53534400
2016-12-19,23.613332748413086,23.916667938232422,23.613332748413086,23.860000610351562,20.659807205200195,17667900
2016-12-20,23.90999984741211,23.976667404174805,23.836666107177734,23.940000534057617,20.729082107543945,18324300
2016-12-21,23.886667251586914,24.0,23.746667861938477,23.746667861938477,20.561677932739258,15303000
2016-12-22,23.746667861938477,23.746667861938477,23.06999969482422,23.196666717529297,20.0854434967041,36320400
2016-12-23,23.143333435058594,23.25,23.1200008392334,23.18000030517578,20.071008682250977,14411700
2016-12-27,23.100000381469727,23.273332595825195,23.083332061767578,23.233333587646484,20.11719512939453,13307100
2016-12-28,23.31333351135254,23.333332061767578,23.086666107177734,23.10333251953125,20.004627227783203,14627100
2016-12-29,23.06999969482422,23.17333221435547,23.040000915527344,23.086666107177734,19.99019432067871,12895200
2016-12-30,23.040000915527344,23.143333435058594,22.94333267211914,23.040000915527344,19.949787139892578,20668500
2017-01-03,23.079999923706055,23.079999923706055,22.683332443237305,22.886667251586914,19.81702423095703,31419600
2017-01-04,22.886667251586914,23.209999084472656,22.866666793823242,23.020000457763672,19.932476043701172,23754000
2017-01-05,22.809999465942383,23.110000610351562,22.706666946411133,23.06999969482422,19.975765228271484,21297600
2017-01-06,22.803333282470703,22.833332061767578,22.670000076293945,22.753332138061523,19.70157241821289,28473300
2017-01-09,22.77666664123535,22.933332443237305,22.773332595825195,22.90333366394043,19.83145523071289,26055600
2017-01-10,22.8799991607666,23.09000015258789,22.739999771118164,22.74333381652832,19.692913055419922,30769500
2017-01-11,22.733333587646484,22.873332977294922,22.729999542236328,22.843332290649414,19.779497146606445,20092800
2017-01-12,22.786666870117188,22.85333251953125,22.639999389648438,22.656667709350586,19.617870330810547,19634700
2017-01-13,22.65999984741211,22.67333221435547,22.360000610351562,22.376667022705078,19.375429153442383,30037500
2017-01-17,22.700000762939453,23.09666633605957,22.68666648864746,22.80666732788086,19.74775505065918,39502500
2017-01-18,22.626667022705078,22.703332901000977,22.51333236694336,22.703332901000977,19.658273696899414,21964500
2017-01-19,22.709999084472656,22.729999542236328,22.49333381652832,22.540000915527344,19.5168514251709,20463300
2017-01-20,22.579999923706055,22.610000610351562,22.34000015258789,22.393333435058594,19.389856338500977,36164100
2017-01-23,22.336666107177734,22.393333435058594,22.18666648864746,22.21666717529297,19.236886978149414,23854200
2017-01-24,22.296667098999023,22.469999313354492,22.219999313354492,22.46666717529297,19.45335578918457,32131800
2017-01-25,22.50666618347168,22.57666778564453,22.26333236694336,22.296667098999023,19.306156158447266,26168700
2017-01-26,22.376667022705078,22.406667709350586,22.206666946411133,22.24333381652832,19.25997543334961,19512300
2017-01-27,22.286666870117188,22.323333740234375,21.760000228881836,21.886667251586914,18.95115089416504,40300800
2017-01-30,21.876667022705078,22.15999984741211,21.876667022705078,22.139999389648438,19.170499801635742,25924500
2017-01-31,22.06999969482422,22.296667098999023,21.959999084472656,22.246667861938477,19.262866973876953,27962700
2017-02-01,22.15333366394043,22.23666763305664,22.01333236694336,22.07666778564453,19.11566925048828,27150000
2017-02-02,22.113332748413086,22.3799991607666,22.113332748413086,22.233333587646484,19.25131607055664,26996100
2017-02-03,22.273332595825195,22.309999465942383,22.14666748046875,22.166667938232422,19.193593978881836,22875900
2017-02-06,22.123332977294922,22.286666870117188,22.123332977294922,22.133333206176758,19.16473388671875,27291600
2017-02-07,22.18666648864746,22.333332061767578,22.170000076293945,22.296667098999023,19.306156158447266,17417100
2017-02-08,22.296667098999023,22.606666564941406,22.296667098999023,22.60333251953125,19.57168960571289,22982400
2017-02-09,22.60333251953125,23.046667098999023,22.583332061767578,23.02666664123535,19.938247680664062,33241500
2017-02-10,22.75,22.866666793823242,22.586666107177734,22.67333221435547,19.63230323791504,37336800
2017-02-13,22.773332595825195,22.883333206176758,22.520000457763672,22.59000015258789,19.560144424438477,25122900
2017-02-14,22.626667022705078,22.893333435058594,22.56999969482422,22.886667251586914,19.81702423095703,25386900
2017-02-15,22.600000381469727,22.90333366394043,22.586666107177734,22.89666748046875,19.825685501098633,25689900
2017-02-16,22.889999389648438,23.079999923706055,22.8700008392334,22.956666946411133,19.877643585205078,25241400
2017-02-17,22.94333267211914,23.26333236694336,22.89666748046875,23.123332977294922,20.021944046020508,38512200
2017-02-21,23.73666763305664,24.093332290649414,23.566667556762695,23.816667556762695,20.622283935546875,67238700
2017-02-22,24.083332061767578,24.123332977294922,23.82666778564453,23.90333366394043,20.697330474853516,45728100
2017-02-23,24.0,24.166667938232422,23.719999313354492,23.770000457763672,20.581880569458008,38399100
2017-02-24,23.780000686645508,24.266666412353516,23.766666412353516,24.1299991607666,20.89359474182129,41669700
2017-02-27,24.093332290649414,24.139999389648438,23.843332290649414,23.913333892822266,20.705997467041016,27764100
2017-02-28,23.623332977294922,23.666667938232422,23.333332061767578,23.643333435058594,20.472206115722656,47857800
2017-03-01,23.656667709350586,23.69333267211914,23.383333206176758,23.483333587646484,20.333660125732422,40568100
2017-03-02,23.47333335876465,23.633333206176758,23.389999389648438,23.586666107177734,20.423137664794922,26748900
2017-03-03,23.586666107177734,23.67333221435547,23.293333053588867,23.343332290649414,20.212440490722656,27893700
2017-03-06,23.333332061767578,23.479999542236328,23.260000228881836,23.293333053588867,20.169147491455078,27547800
2017-03-07,23.299999237060547,23.40333366394043,23.286666870117188,23.290000915527344,20.166259765625,21848700
2017-03-08,23.229999542236328,23.343332290649414,23.18000030517578,23.266666412353516,20.294191360473633,23939400
2017-03-09,23.25,23.34666633605957,23.18666648864746,23.286666870117188,20.311635971069336,22693500
2017-03-10,23.333332061767578,23.453332901000977,23.266666412353516,23.366666793823242,20.381410598754883,21296400
2017-03-13,23.329999923706055,23.483333587646484,23.23666763305664,23.316667556762695,20.337800979614258,20407500
2017-03-14,23.606666564941406,23.73666763305664,23.573333740234375,23.573333740234375,20.561676025390625,29875200
2017-03-15,23.5,23.566667556762695,23.34000015258789,23.52666664123535,20.520971298217773,26441400
2017-03-16,23.3700008392334,23.566667556762695,23.356666564941406,23.479999542236328,20.480266571044922,21183000
2017-03-17,23.52666664123535,23.583332061767578,23.270000457763672,23.296667098999023,20.320356369018555,42235200
2017-03-20,23.3799991607666,23.483333587646484,23.23666763305664,23.32666778564453,20.346529006958008,22398600
2017-03-21,23.389999389648438,23.46666717529297,23.229999542236328,23.299999237060547,20.323265075683594,26240400
2017-03-22,23.343332290649414,23.446666717529297,23.239999771118164,23.416667938232422,20.42502784729004,19366800
2017-03-23,23.399999618530273,23.43666648864746,23.25,23.286666870117188,20.311635971069336,20696400
2017-03-24,23.329999923706055,23.389999389648438,23.176666259765625,23.203332901000977,20.238948822021484,17577000
2017-03-27,23.17333221435547,23.356666564941406,23.1200008392334,23.219999313354492,20.253482818603516,17377800
2017-03-28,23.110000610351562,23.456666946411133,23.110000610351562,23.440000534057617,20.44537925720215,21756600
2017-03-29,23.450000762939453,23.726667404174805,23.43666648864746,23.579999923706055,20.567489624023438,20973000
2017-03-30,23.56333351135254,23.906667709350586,23.546667098999023,23.863332748413086,20.81462860107422,24424500
2017-03-31,23.773332595825195,24.18666648864746,23.74333381652832,24.02666664123535,20.95709228515625,29819400
2017-04-03,24.02666664123535,24.176666259765625,23.926666259765625,23.94333267211914,20.8844051361084,24873900
2017-04-04,23.913333892822266,24.020000457763672,23.843332290649414,24.003332138061523,20.936737060546875,16701900
2017-04-05,23.8799991607666,24.10333251953125,23.85333251953125,23.883333206176758,20.832075119018555,19063500
2017-04-06,23.899999618530273,24.03333282470703,23.793333053588867,23.809999465942383,20.768108367919922,17823300
2017-04-07,24.03333282470703,24.329999923706055,23.933332443237305,24.299999237060547,21.195507049560547,32304000
2017-04-10,24.329999923706055,24.49333381652832,24.24333381652832,24.35333251953125,21.242021560668945,22487700
2017-04-11,24.333332061767578,24.483333587646484,24.309999465942383,24.476667404174805,21.3496036529541,17431500
2017-04-12,24.516666412353516,24.610000610351562,24.416667938232422,24.479999542236328,21.352508544921875,19881900
2017-04-13,24.456666946411133,24.553333282470703,24.383333206176758,24.383333206176758,21.26819610595703,16009200
2017-04-17,24.386667251586914,24.52666664123535,24.383333206176758,24.496667861938477,21.36704444885254,16396200
2017-04-18,24.51333236694336,24.700000762939453,24.49333381652832,24.6299991607666,21.48334503173828,19883700
2017-04-19,24.700000762939453,24.793333053588867,24.6200008392334,24.690000534057617,21.535680770874023,17821800
2017-04-20,24.713333129882812,25.036666870117188,24.703332901000977,24.933332443237305,21.747926712036133,23043900
2017-04-21,24.913333892822266,25.036666870117188,24.866666793823242,24.979999542236328,21.788639068603516,17267100
2017-04-24,25.02666664123535,25.133333206176758,24.80666732788086,24.926666259765625,21.742115020751953,23437500
2017-04-25,24.989999771118164,25.05666732788086,24.953332901000977,25.016666412353516,21.820613861083984,17161200
2017-04-26,25.09000015258789,25.25666618347168,25.05666732788086,25.143333435058594,21.93109703063965,20845500
2017-04-27,25.18000030517578,25.233333587646484,25.00666618347168,25.14666748046875,21.934001922607422,18156600
2017-04-28,25.079999923706055,25.14666748046875,24.976667404174805,25.059999465942383,21.8584041595459,21991200
2017-05-01,25.030000686645508,25.239999771118164,25.030000686645508,25.07666778564453,21.87294578552246,18497700
2017-05-02,25.100000381469727,25.23666763305664,25.083332061767578,25.17333221435547,21.957263946533203,21955200
2017-05-03,25.133333206176758,25.293333053588867,25.059999465942383,25.253332138061523,22.027048110961914,16570800
2017-05-04,25.309999465942383,25.46666717529297,25.27666664123535,25.446666717529297,22.195674896240234,16502400
2017-05-05,25.47333335876465,25.53333282470703,25.393333435058594,25.5,22.24219512939453,16793400
2017-05-08,25.5,25.50666618347168,25.356666564941406,25.373332977294922,22.1317138671875,19536600
2017-05-09,25.479999542236328,25.683332443237305,25.44333267211914,25.573333740234375,22.30616569519043,24765900
2017-05-10,25.44333267211914,25.593332290649414,25.39666748046875,25.566667556762695,22.44957733154297,22535700
2017-05-11,25.450000762939453,25.573333740234375,25.309999465942383,25.376667022705078,22.282743453979492,25048200
2017-05-12,25.316667556762695,25.416667938232422,25.123332977294922,25.23666763305664,22.159814834594727,17678700
2017-05-15,25.266666412353516,25.489999771118164,25.266666412353516,25.43000030517578,22.329580307006836,26531700
2017-05-16,25.39666748046875,25.42333221435547,25.02666664123535,25.036666870117188,21.98419952392578,25115400
2017-05-17,25.036666870117188,25.24333381652832,24.98666763305664,25.040000915527344,21.987125396728516,32913000
2017-05-18,25.6299991607666,25.886667251586914,25.376667022705078,25.84666633605957,22.69544792175293,57500400
2017-05-19,25.989999771118164,26.479999542236328,25.92333221435547,26.25666618347168,23.055456161499023,55745100
2017-05-22,26.21666717529297,26.333332061767578,26.100000381469727,26.183332443237305,22.99106216430664,26692800
2017-05-23,26.19333267211914,26.323333740234375,26.14666748046875,26.163333892822266,22.9735050201416,22754700
2017-05-24,26.18666648864746,26.203332901000977,26.046667098999023,26.049999237060547,22.873987197875977,22281000
2017-05-25,26.1200008392334,26.28333282470703,26.049999237060547,26.10333251953125,22.92081642150879,18405000
2017-05-26,26.123332977294922,26.18000030517578,25.93000030517578,26.043333053588867,22.868131637573242,18377400
2017-05-30,26.0,26.133333206176758,25.976667404174805,26.049999237060547,22.873987197875977,16231200
2017-05-31,26.116666793823242,26.30666732788086,26.073333740234375,26.200000762939453,23.005699157714844,24605100
2017-06-01,26.213333129882812,26.60333251953125,26.200000762939453,26.60333251953125,23.359861373901367,24459300
2017-06-02,26.600000381469727,26.643333435058594,26.406667709350586,26.540000915527344,23.30424690246582,23989500
2017-06-05,26.53333282470703,26.823333740234375,26.49333381652832,26.753332138061523,23.491565704345703,30437100
2017-06-06,26.476667404174805,26.520000457763672,26.086666107177734,26.309999465942383,23.10228729248047,34577700
2017-06-07,26.360000610351562,26.5,26.24333381652832,26.383333206176758,23.166677474975586,25533600
2017-06-08,26.383333206176758,26.709999084472656,26.07666778564453,26.309999465942383,23.10228729248047,32799000
2017-06-09,26.343332290649414,26.520000457763672,26.239999771118164,26.47333335876465,23.245708465576172,28215300
2017-06-12,26.46666717529297,26.790000915527344,26.280000686645508,26.413333892822266,23.193023681640625,31231800
2017-06-13,26.40333366394043,26.523332595825195,26.296667098999023,26.50666618347168,23.27497100830078,16584000
2017-06-14,26.50666618347168,26.68000030517578,26.420000076293945,26.633333206176758,23.38620948791504,15019500
2017-06-15,26.393333435058594,26.433332443237305,25.920000076293945,26.303333282470703,23.096433639526367,33891600
2017-06-16,24.649999618530273,25.166667938232422,24.43000030517578,25.079999923706055,22.022247314453125,168699000
2017-06-19,25.126667022705078,25.336666107177734,24.84000015258789,25.166667938232422,22.09834861755371,48285300
2017-06-20,25.293333053588867,25.30666732788086,25.106666564941406,25.18000030517578,22.11005401611328,30057600
2017-06-21,25.200000762939453,25.536666870117188,25.19333267211914,25.413333892822266,22.31494140625,27034200
2017-06-22,25.343332290649414,25.35333251953125,25.100000381469727,25.17333221435547,22.10420036315918,24333900
2017-06-23,25.200000762939453,25.260000228881836,24.850000381469727,24.946666717529297,21.905176162719727,39240900
2017-06-26,24.983333587646484,25.309999465942383,24.97333335876465,25.166667938232422,22.09834861755371,25762500
2017-06-27,25.166667938232422,25.456666946411133,25.149999618530273,25.336666107177734,22.24761962890625,19363200
2017-06-28,25.416667938232422,25.600000381469727,25.3799991607666,25.503332138061523,22.393966674804688,20966700
2017-06-29,25.416667938232422,25.440000534057617,25.163333892822266,25.309999465942383,22.22420310974121,21190500
2017-06-30,25.360000610351562,25.42333221435547,25.22333335876465,25.226667404174805,22.151033401489258,20889900
2017-07-03,25.280000686645508,25.446666717529297,25.02666664123535,25.1200008392334,22.057373046875,14545800
2017-07-05,25.183332443237305,25.316667556762695,25.05666732788086,25.106666564941406,22.04566764831543,18110700
2017-07-06,25.116666793823242,25.323333740234375,25.079999923706055,25.156667709350586,22.089570999145508,18485400
2017-07-07,25.21666717529297,25.273332595825195,25.016666412353516,25.110000610351562,22.048593521118164,15921300
2017-07-10,25.049999237060547,25.10333251953125,24.376667022705078,24.40999984741211,21.433935165405273,45200100
2017-07-11,24.459999084472656,24.683332443237305,24.44333267211914,24.489999771118164,21.504180908203125,22597800
2017-07-12,24.553333282470703,24.73666763305664,24.553333282470703,24.64666748046875,21.64174461364746,17100600
2017-07-13,24.889999389648438,25.083332061767578,24.836666107177734,25.016666412353516,21.966638565063477,24481500
2017-07-14,25.42333221435547,25.520000457763672,25.303333282470703,25.446666717529297,22.34421157836914,27455700
2017-07-17,25.43000030517578,25.623332977294922,25.39666748046875,25.456666946411133,22.352996826171875,26506800
2017-07-18,25.416667938232422,25.51333236694336,25.333332061767578,25.399999618530273,22.303232192993164,12944700
2017-07-19,25.360000610351562,25.406667709350586,25.200000762939453,25.290000915527344,22.206649780273438,15940800
2017-07-20,25.32666778564453,25.416667938232422,25.233333587646484,25.34000015258789,22.250551223754883,14896200
2017-07-21,25.280000686645508,25.40999984741211,25.183332443237305,25.383333206176758,22.288602828979492,21459900
2017-07-24,25.343332290649414,25.719999313354492,25.343332290649414,25.6299991607666,22.50519371032715,22164000
2017-07-25,25.8700008392334,26.286666870117188,25.796667098999023,26.17333221435547,22.982282638549805,34512000
2017-07-26,26.183332443237305,26.389999389648438,25.979999542236328,26.299999237060547,23.093507766723633,20148300
2017-07-27,26.239999771118164,26.6200008392334,26.15999984741211,26.593332290649414,23.3510799407959,24157500
2017-07-28,26.600000381469727,26.65333366394043,26.51333236694336,26.60333251953125,23.359861373901367,14925600
2017-07-31,26.606666564941406,26.780000686645508,26.56333351135254,26.663333892822266,23.412546157836914,18789600
2017-08-01,26.75,26.90999984741211,26.666667938232422,26.833332061767578,23.56181526184082,17179500
2017-08-02,26.780000686645508,27.036666870117188,26.766666412353516,26.843332290649414,23.57059669494629,26019000
2017-08-03,27.113332748413086,27.253332138061523,26.889999389648438,26.956666946411133,23.67011260986328,29840700
2017-08-04,27.020000457763672,27.133333206176758,26.73666763305664,26.82666778564453,23.555957794189453,21425400
2017-08-07,26.856666564941406,27.149999618530273,26.84666633605957,27.093332290649414,23.79011344909668,16453500
2017-08-08,27.05666732788086,27.286666870117188,26.96666717529297,27.196666717529297,23.8808536529541,22144200
2017-08-09,27.036666870117188,27.329999923706055,26.96666717529297,27.203332901000977,24.036956787109375,19819500
2017-08-10,27.023332595825195,27.133333206176758,26.850000381469727,26.886667251586914,23.75714683532715,24135000
2017-08-11,26.90999984741211,27.083332061767578,26.786666870117188,26.799999237060547,23.680566787719727,23716500
2017-08-14,26.863332748413086,27.079999923706055,26.833332061767578,26.899999618530273,23.768924713134766,23376000
2017-08-15,26.94333267211914,27.133333206176758,26.84666633605957,26.92333221435547,23.78954315185547,21198300
2017-08-16,27.09000015258789,27.14666748046875,26.84666633605957,26.99333381652832,23.851394653320312,34608000
2017-08-17,26.28333282470703,26.60333251953125,26.110000610351562,26.566667556762695,23.474395751953125,51881100
2017-08-18,26.540000915527344,26.78333282470703,26.426666259765625,26.43666648864746,23.359525680541992,29259000
2017-08-21,26.373332977294922,26.690000534057617,26.26333236694336,26.56999969482422,23.47734260559082,28841700
2017-08-22,26.600000381469727,26.719999313354492,26.56999969482422,26.67333221435547,23.56864356994629,19638300
2017-08-23,26.78333282470703,26.85333251953125,26.626667022705078,26.65333366394043,23.55097007751465,23397900
2017-08-24,26.8700008392334,26.959999084472656,25.950000762939453,26.113332748413086,23.07382583618164,57384000
2017-08-25,26.166667938232422,26.363332748413086,26.15999984741211,26.209999084472656,23.15924072265625,29706600
2017-08-28,26.136667251586914,26.15333366394043,25.953332901000977,26.010000228881836,22.98252296447754,25864500
2017-08-29,25.889999389648438,26.32666778564453,25.833332061767578,26.25666618347168,23.200477600097656,22995600
2017-08-30,26.273332595825195,26.366666793823242,26.17333221435547,26.18000030517578,23.132732391357422,17489400
2017-08-31,26.200000762939453,26.25,26.020000457763672,26.023332595825195,22.99429702758789,24584400
2017-09-01,26.10333251953125,26.166667938232422,26.06999969482422,26.123332977294922,23.08266258239746,19423200
2017-09-05,25.983333587646484,26.6299991607666,25.96666717529297,26.600000381469727,23.50385093688965,36205500
2017-09-06,26.626667022705078,26.799999237060547,26.573333740234375,26.69333267211914,23.586315155029297,25278300
2017-09-07,26.773332595825195,26.920000076293945,26.666667938232422,26.706666946411133,23.598098754882812,20462400
2017-09-08,26.579999923706055,26.626667022705078,25.90999984741211,26.293333053588867,23.23287582397461,29998800
2017-09-11,26.383333206176758,26.450000762939453,26.219999313354492,26.360000610351562,23.29178237915039,21000600
2017-09-12,26.433332443237305,26.636667251586914,26.389999389648438,26.536666870117188,23.447885513305664,18015000
2017-09-13,26.536666870117188,26.893333435058594,26.530000686645508,26.6200008392334,23.52151870727539,26471100
2017-09-14,26.59666633605957,26.606666564941406,26.406667709350586,26.559999465942383,23.468507766723633,20817900
2017-09-15,26.60333251953125,26.916667938232422,26.42333221435547,26.793333053588867,23.67467498779297,39953400
2017-09-18,26.73666763305664,27.040000915527344,26.649999618530273,26.666667938232422,23.562753677368164,24528300
2017-09-19,26.726667404174805,26.81999969482422,26.566667556762695,26.683332443237305,23.57748031616211,18523200
2017-09-20,26.72333335876465,26.85333251953125,26.623332977294922,26.833332061767578,23.710020065307617,15954600
2017-09-21,26.856666564941406,26.856666564941406,26.573333740234375,26.670000076293945,23.565698623657227,19290900
2017-09-22,26.6299991607666,26.69333267211914,26.416667938232422,26.510000228881836,23.42431640625,17265900
2017-09-25,26.30666732788086,26.700000762939453,26.286666870117188,26.383333206176758,23.312397003173828,25643400
2017-09-26,26.34666633605957,26.51333236694336,26.30666732788086,26.463333129882812,23.383085250854492,17505900
2017-09-27,26.47333335876465,26.523332595825195,26.22333335876465,26.43000030517578,23.3536376953125,18943800
2017-09-28,26.333332061767578,26.360000610351562,26.040000915527344,26.316667556762695,23.253494262695312,37118400
2017-09-29,26.28333282470703,26.333332061767578,25.99333381652832,26.046667098999023,23.014921188354492,31060200
2017-10-02,25.96666717529297,26.27666664123535,25.833332061767578,26.149999618530273,23.106229782104492,23127600
2017-10-03,26.27666664123535,26.553333282470703,26.25,26.406667709350586,23.333017349243164,23810100
2017-10-04,26.42333221435547,26.593332290649414,26.356666564941406,26.363332748413086,23.294727325439453,18520200
2017-10-05,26.389999389648438,26.60333251953125,26.360000610351562,26.469999313354492,23.388978958129883,15416100
2017-10-06,26.260000228881836,26.389999389648438,26.083332061767578,26.333332061767578,23.268220901489258,18740100
2017-10-09,26.5,27.126667022705078,26.46666717529297,26.843332290649414,23.718856811523438,40479000
2017-10-10,27.559999465942383,28.293333053588867,27.536666870117188,28.043333053588867,24.779178619384766,75372000
2017-10-11,28.19333267211914,28.76333236694336,28.03333282470703,28.57666778564453,25.250444412231445,55683000
2017-10-12,28.566667556762695,28.790000915527344,28.35333251953125,28.700000762939453,25.35941505432129,38631000
2017-10-13,28.746667861938477,28.983333587646484,28.746667861938477,28.873332977294922,25.512571334838867,28167000
2017-10-16,28.860000610351562,28.873332977294922,28.34000015258789,28.579999923706055,25.253381729125977,27900900
2017-10-17,28.5,28.786666870117188,28.440000534057617,28.65999984741211,25.324071884155273,17554500
2017-10-18,28.71666717529297,28.790000915527344,28.670000076293945,28.739999771118164,25.394756317138672,16416300
2017-10-19,28.71666717529297,28.886667251586914,28.59000015258789,28.799999237060547,25.447776794433594,21087000
2017-10-20,28.866666793823242,29.149999618530273,28.760000228881836,29.14666748046875,25.754091262817383,22853400
2017-10-23,29.113332748413086,29.639999389648438,29.086666107177734,29.549999237060547,26.1104736328125,31758000
2017-10-24,29.56333351135254,29.600000381469727,29.303333282470703,29.32666778564453,25.91314125061035,23102700
2017-10-25,29.28333282470703,29.53333282470703,29.143333435058594,29.49333381652832,26.060405731201172,19224000
2017-10-26,29.553333282470703,29.703332901000977,29.34000015258789,29.540000915527344,26.101640701293945,19454700
2017-10-27,29.3799991607666,29.463333129882812,29.049999237060547,29.389999389648438,25.969097137451172,19851000
2017-10-30,29.31333351135254,29.316667556762695,28.796667098999023,28.983333587646484,25.60976791381836,21156000
2017-10-31,28.953332901000977,29.15333366394043,28.866666793823242,29.10333251953125,25.715801239013672,18020700
2017-11-01,29.023332595825195,29.46666717529297,29.0,29.31333351135254,25.901355743408203,18528300
2017-11-02,29.426666259765625,29.72333335876465,29.266666412353516,29.600000381469727,26.154661178588867,15549300
2017-11-03,29.67333221435547,29.959999084472656,29.586666107177734,29.893333435058594,26.41384506225586,19536300
2017-11-06,29.80666732788086,29.893333435058594,29.559999465942383,29.566667556762695,26.125205993652344,15772200
2017-11-07,29.623332977294922,29.68666648864746,29.43666648864746,29.649999618530273,26.198833465576172,16047900
2017-11-08,29.703332901000977,30.139999389648438,29.700000762939453,30.086666107177734,26.584672927856445,20302500
2017-11-09,29.979999542236328,30.190000534057617,29.78333282470703,30.100000381469727,26.596460342407227,20713500
2017-11-10,30.079999923706055,30.56333351135254,30.066667556762695,30.30666732788086,26.779071807861328,22943400
2017-11-13,30.34666633605957,30.65999984741211,30.290000915527344,30.329999923706055,26.799684524536133,25474800
2017-11-14,30.233333587646484,30.399999618530273,30.059999465942383,30.363332748413086,26.829139709472656,29502300
2017-11-15,30.113332748413086,30.28333282470703,29.883333206176758,29.94333267211914,26.458024978637695,25300200
2017-11-16,31.706666946411133,33.22666549682617,31.573333740234375,33.206668853759766,29.341520309448242,114367200
2017-11-17,33.08000183105469,33.37666702270508,32.19333267211914,32.4900016784668,28.70826530456543,70726500
2017-11-20,32.14666748046875,32.54666519165039,31.920000076293945,32.49333190917969,28.711214065551758,49182900
2017-11-21,32.58000183105469,32.63999938964844,32.106666564941406,32.17333221435547,28.4284610748291,38239500
2017-11-22,32.21666717529297,32.27000045776367,32.03666687011719,32.13666534423828,28.39606285095215,26754600
2017-11-24,32.290000915527344,32.40999984741211,32.176666259765625,32.206668853759766,28.457918167114258,13488300
2017-11-27,32.28333282470703,32.54999923706055,32.099998474121094,32.206668853759766,28.457918167114258,26714700
2017-11-28,32.1966667175293,32.29666519165039,31.940000534057617,32.25666809082031,28.502098083496094,26128800
2017-11-29,32.40666580200195,32.753334045410156,32.293331146240234,32.52000045776367,28.734779357910156,34272000
2017-11-30,32.6966667175293,32.813331604003906,32.16999816894531,32.40999984741211,28.637584686279297,38564100
2017-12-01,32.53666687011719,32.56999969482422,32.07666778564453,32.45000076293945,28.672922134399414,24888600
2017-12-04,32.57666778564453,32.6533317565918,32.22666549682617,32.336666107177734,28.572784423828125,26869500
2017-12-05,32.33333206176758,32.64666748046875,32.30666732788086,32.61000061035156,28.814302444458008,27030300
2017-12-06,32.663333892822266,32.71333312988281,32.413333892822266,32.426666259765625,28.65230369567871,21423000
2017-12-07,32.35333251953125,32.526668548583984,32.21666717529297,32.2599983215332,28.6552734375,22507800
2017-12-08,32.099998474121094,32.233333587646484,32.04666519165039,32.18333435058594,28.58717155456543,17463300
2017-12-11,32.31999969482422,32.42333221435547,32.0966682434082,32.310001373291016,28.699678421020508,26786700
2017-12-12,32.28333282470703,32.413333892822266,32.20000076293945,32.233333587646484,28.631582260131836,23431800
2017-12-13,32.220001220703125,32.63666534423828,32.18333435058594,32.586666107177734,28.9454345703125,23638200
2017-12-14,32.66666793823242,32.856666564941406,32.366668701171875,32.37666702270508,28.75889778137207,28157400
2017-12-15,32.56999969482422,32.83000183105469,32.3033332824707,32.369998931884766,28.752979278564453,48428400
2017-12-18,32.459999084472656,32.723331451416016,32.45333480834961,32.633331298828125,28.986881256103516,23893200
2017-12-19,33.3033332824707,33.3033332824707,32.76333236694336,32.93333435058594,29.25336456298828,36036600
2017-12-20,33.150001525878906,33.21666717529297,32.81666564941406,32.91666793823242,29.23856544494629,32189400
2017-12-21,33.0,33.11000061035156,32.65999984741211,32.686668395996094,29.034259796142578,22107300
2017-12-22,32.76333236694336,32.80666732788086,32.560001373291016,32.73666763305664,29.078676223754883,16436100
2017-12-26,32.78333282470703,33.14666748046875,32.78333282470703,33.0533332824707,29.359952926635742,12887700
2017-12-27,33.186668395996094,33.20000076293945,32.94333267211914,33.086666107177734,29.389564514160156,15422400
2017-12-28,33.17333221435547,33.206668853759766,33.040000915527344,33.133331298828125,29.43101692199707,29291700
2017-12-29,33.133331298828125,33.22999954223633,32.91666793823242,32.91666793823242,29.23856544494629,21432900
2018-01-02,33.099998474121094,33.26333236694336,32.84000015258789,32.86333465576172,29.191194534301758,30451500
2018-01-03,32.95000076293945,33.33333206176758,32.92333221435547,33.150001525878906,29.445825576782227,26710800
2018-01-04,33.18000030517578,33.2599983215332,32.970001220703125,33.18000030517578,29.47246742248535,20491200
2018-01-05,33.21333312988281,33.459999084472656,33.20333480834961,33.37666702270508,29.64716148376465,21852000
2018-01-08,33.41666793823242,33.91666793823242,33.4033317565918,33.869998931884766,30.085371017456055,26531700
2018-01-09,34.0099983215332,34.116668701171875,33.436668395996094,33.46333312988281,29.72414207458496,21938100
2018-01-10,33.25,33.29666519165039,32.84333419799805,33.223331451416016,29.510955810546875,23791200
2018-01-11,33.233333587646484,33.483333587646484,32.926666259765625,33.34000015258789,29.614587783813477,19613100
2018-01-12,33.46333312988281,33.813331604003906,33.43333435058594,33.62333297729492,29.866262435913086,20853600
2018-01-16,33.779998779296875,33.970001220703125,33.4466667175293,33.563331604003906,29.812969207763672,21512100
2018-01-17,33.71666717529297,34.313331604003906,33.56666564941406,34.233333587646484,30.408096313476562,26045700
2018-01-18,34.913333892822266,34.97999954223633,34.540000915527344,34.766666412353516,30.881845474243164,36923700
2018-01-19,34.880001068115234,34.97666549682617,34.5533332824707,34.86333465576172,30.967702865600586,25135800
2018-01-22,34.83333206176758,35.150001525878906,34.68000030517578,35.150001525878906,31.222339630126953,21924900
2018-01-23,35.0966682434082,35.383331298828125,34.856666564941406,35.29999923706055,31.355575561523438,24863400
2018-01-24,35.45000076293945,35.47999954223633,34.939998626708984,35.26333236694336,31.323001861572266,20469300
2018-01-25,35.28333282470703,35.60333251953125,35.28333282470703,35.53333282470703,31.562841415405273,17571300
2018-01-26,35.66666793823242,36.13666534423828,35.560001373291016,36.130001068115234,32.09284210205078,20358900
2018-01-29,36.03666687011719,36.65999984741211,35.996665954589844,36.516666412353516,32.43629837036133,25065600
2018-01-30,36.380001068115234,36.45333480834961,35.71666717529297,35.90999984741211,31.897411346435547,27541500
2018-01-31,35.92333221435547,36.060001373291016,35.356666564941406,35.53333282470703,31.562841415405273,29438400
2018-02-01,35.31999969482422,35.52000045776367,35.060001373291016,35.17333221435547,31.243072509765625,19160400
2018-02-02,35.04999923706055,35.4900016784668,34.71666717529297,34.82666778564453,30.935144424438477,27759300
2018-02-05,34.46666717529297,34.869998931884766,32.36333465576172,33.36333465576172,29.63531494140625,37684800
2018-02-06,32.54666519165039,33.69333267211914,32.41666793823242,33.633331298828125,29.875152587890625,49241400
2018-02-07,33.5,34.86333465576172,33.336666107177734,34.28333282470703,30.452516555786133,33495600
2018-02-08,34.40999984741211,34.49333190917969,33.33333206176758,33.34000015258789,29.614587783813477,41925300
2018-02-09,33.5099983215332,33.70000076293945,32.143333435058594,33.12333297729492,29.422134399414062,42553800
2018-02-12,33.37666702270508,33.483333587646484,32.93333435058594,33.18333435058594,29.47543716430664,27405300
2018-02-13,33.11000061035156,33.7400016784668,33.11000061035156,33.65999984741211,29.89883804321289,19868400
2018-02-14,33.619998931884766,34.08333206176758,33.4033317565918,33.900001525878906,30.11202049255371,21922800
2018-02-15,34.18333435058594,34.54666519165039,33.94333267211914,34.40999984741211,30.565034866333008,22484700
2018-02-16,34.36333465576172,34.97999954223633,33.99333190917969,34.926666259765625,31.023962020874023,48192900
2018-02-20,32.33000183105469,32.64666748046875,31.366666793823242,31.3700008392334,27.864717483520508,156265500
2018-02-21,31.703332901000977,31.780000686645508,30.413333892822266,30.50666618347168,27.09785270690918,148511100
2018-02-22,30.476667404174805,31.1299991607666,30.43666648864746,30.92333221435547,27.467960357666016,61095000
2018-02-23,30.959999084472656,31.163333892822266,30.586666107177734,30.963333129882812,27.50349235534668,38374500
2018-02-26,30.96666717529297,31.266666412353516,30.739999771118164,31.040000915527344,27.571592330932617,44097900
2018-02-27,31.209999084472656,31.239999771118164,30.503332138061523,30.50666618347168,27.09785270690918,40128300
2018-02-28,30.666667938232422,30.700000762939453,30.0,30.003332138061523,26.6507625579834,42431100
2018-03-01,30.05666732788086,30.059999465942383,29.23666763305664,29.69333267211914,26.375404357910156,56728800
2018-03-02,29.09000015258789,29.633333206176758,29.079999923706055,29.59000015258789,26.28361701965332,57130200
2018-03-05,29.3799991607666,30.166667938232422,29.356666564941406,29.99333381652832,26.641876220703125,40149600
2018-03-06,30.116666793823242,30.166667938232422,29.543333053588867,29.68666648864746,26.36948013305664,33164100
2018-03-07,29.32666778564453,29.510000228881836,29.113332748413086,29.246667861938477,25.978647232055664,34359000
2018-03-08,29.25666618347168,29.376667022705078,29.113332748413086,29.30666732788086,26.18714141845703,28766100
2018-03-09,29.413333892822266,29.573333740234375,29.176666259765625,29.573333740234375,26.42542266845703,29263200
2018-03-12,29.566667556762695,29.81333351135254,29.293333053588867,29.356666564941406,26.23182487487793,25422000
2018-03-13,29.463333129882812,29.633333206176758,29.32666778564453,29.433332443237305,26.30031967163086,21519000
2018-03-14,29.503332138061523,29.663333892822266,29.166667938232422,29.22333335876465,26.11268424987793,33121800
2018-03-15,29.226667404174805,29.59666633605957,28.633333206176758,29.170000076293945,26.065019607543945,49845600
2018-03-16,29.239999771118164,30.030000686645508,29.166667938232422,29.72333335876465,26.55945587158203,85188000
2018-03-19,29.636667251586914,29.69333267211914,29.03333282470703,29.149999618530273,26.047151565551758,36160200
2018-03-20,29.286666870117188,29.383333206176758,29.123332977294922,29.316667556762695,26.196083068847656,24774000
2018-03-21,29.296667098999023,29.893333435058594,29.226667404174805,29.393333435058594,26.264585494995117,35508000
2018-03-22,29.176666259765625,29.42333221435547,28.996667861938477,29.046667098999023,25.95482063293457,36744600
2018-03-23,29.116666793823242,29.229999542236328,28.426666259765625,28.47333335876465,25.44251251220703,30375300
2018-03-26,28.739999771118164,29.229999542236328,28.703332901000977,29.166667938232422,26.06204605102539,27599400
2018-03-27,29.31999969482422,29.34666633605957,28.49333381652832,28.683332443237305,25.630159378051758,19637400
2018-03-28,28.753332138061523,29.413333892822266,28.729999542236328,29.25666618347168,26.142465591430664,34728900
2018-03-29,29.299999237060547,29.780000686645508,29.25666618347168,29.656667709350586,26.49988555908203,27823800
2018-04-02,29.333332061767578,29.413333892822266,28.280000686645508,28.516666412353516,25.48123550415039,57386700
2018-04-03,28.75,28.983333587646484,28.516666412353516,28.933332443237305,25.853546142578125,29086500
2018-04-04,28.53333282470703,29.166667938232422,28.479999542236328,29.073333740234375,25.97864532470703,19609800
2018-04-05,29.200000762939453,29.450000762939453,29.016666412353516,29.270000457763672,26.15437889099121,19142700
2018-04-06,28.94333267211914,29.299999237060547,28.709999084472656,28.89666748046875,25.820783615112305,19050000
2018-04-09,28.950000762939453,29.149999618530273,28.746667861938477,28.760000228881836,25.698667526245117,25104300
2018-04-10,28.946666717529297,29.03333282470703,28.553333282470703,28.816667556762695,25.749298095703125,27382200
2018-04-11,28.666667938232422,28.953332901000977,28.600000381469727,28.636667251586914,25.588462829589844,18837000
2018-04-12,28.729999542236328,28.94333267211914,28.469999313354492,28.476667404174805,25.445493698120117,20568900
2018-04-13,28.6299991607666,28.75666618347168,28.39666748046875,28.67333221435547,25.6212215423584,22677600
2018-04-16,28.733333587646484,29.21666717529297,28.706666946411133,28.946666717529297,25.865455627441406,21062100
2018-04-17,29.15999984741211,29.389999389648438,29.136667251586914,29.299999237060547,26.181180953979492,20405700
2018-04-18,29.399999618530273,29.520000457763672,29.170000076293945,29.190000534057617,26.082895278930664,17562000
2018-04-19,29.136667251586914,29.34666633605957,28.860000610351562,29.296667098999023,26.178205490112305,19764900
2018-04-20,29.290000915527344,29.459999084472656,28.889999389648438,28.99333381652832,25.90716552734375,24974700
2018-04-23,28.963333129882812,29.02666664123535,28.67333221435547,28.700000762939453,25.64505386352539,22081500
2018-04-24,28.92333221435547,28.969999313354492,28.523332595825195,28.843332290649414,25.773130416870117,25409100
2018-04-25,28.773332595825195,29.233333587646484,28.6299991607666,29.05666732788086,25.963748931884766,20281200
2018-04-26,29.05666732788086,29.440000534057617,28.96666717529297,29.31333351135254,26.193105697631836,17347500
2018-04-27,29.290000915527344,29.299999237060547,29.02666664123535,29.09666633605957,25.999494552612305,16953300
2018-04-30,29.31333351135254,29.886667251586914,29.30666732788086,29.48666763305664,26.347976684570312,26057700
2018-05-01,29.22333335876465,29.336666107177734,28.78333282470703,29.136667251586914,26.035236358642578,20873100
2018-05-02,29.043333053588867,29.083332061767578,28.719999313354492,28.780000686645508,25.716529846191406,18249000
2018-05-03,28.729999542236328,28.76333236694336,28.373332977294922,28.74333381652832,25.683767318725586,20628300
2018-05-04,28.666667938232422,29.366666793823242,28.453332901000977,29.176666259765625,26.070981979370117,20914500
2018-05-07,29.163333892822266,29.166667938232422,28.42333221435547,28.489999771118164,25.457406997680664,32350800
2018-05-08,28.50666618347168,28.616666793823242,28.30666732788086,28.579999923706055,25.537832260131836,19654200
2018-05-09,27.520000457763672,27.893333435058594,27.333332061767578,27.68666648864746,24.73958396911621,96795600
2018-05-10,27.546667098999023,27.92333221435547,27.336666107177734,27.56333351135254,24.78453826904297,47572800
2018-05-11,27.56333351135254,27.84000015258789,27.316667556762695,27.793333053588867,24.99135398864746,29804400
2018-05-14,27.963333129882812,28.26333236694336,27.883333206176758,28.1299991607666,25.29408073425293,28497600
2018-05-15,28.020000457763672,28.293333053588867,27.933332443237305,28.17333221435547,25.333044052124023,27968700
2018-05-16,28.290000915527344,28.709999084472656,28.246667861938477,28.709999084472656,25.815603256225586,41200800
2018-05-17,29.01333236694336,29.196666717529297,27.950000762939453,28.163333892822266,25.324060440063477,89162100
2018-05-18,28.079999923706055,28.14666748046875,27.829999923706055,27.8799991607666,25.069284439086914,36129300
2018-05-21,28.046667098999023,28.18000030517578,27.940000534057617,28.170000076293945,25.330047607421875,32147100
2018-05-22,28.166667938232422,28.270000457763672,27.76333236694336,27.790000915527344,24.98836326599121,24201900
2018-05-23,27.649999618530273,27.67333221435547,27.389999389648438,27.670000076293945,24.88045883178711,28197600
2018-05-24,27.666667938232422,27.666667938232422,27.260000228881836,27.616666793823242,24.83249855041504,25728600
2018-05-25,27.616666793823242,27.780000686645508,27.440000534057617,27.48666763305664,24.715604782104492,17740500
2018-05-29,27.31999969482422,27.50666618347168,27.270000457763672,27.46666717529297,24.6976261138916,25284600
2018-05-30,27.483333587646484,28.07666778564453,27.420000076293945,28.040000915527344,25.213151931762695,27942300
2018-05-31,27.979999542236328,28.10333251953125,27.503332138061523,27.51333236694336,24.739580154418945,34406100
2018-06-01,27.68000030517578,27.80666732788086,27.616666793823242,27.663333892822266,24.874462127685547,15713700
2018-06-04,27.833332061767578,28.50666618347168,27.766666412353516,28.47333335876465,25.60279655456543,32766000
2018-06-05,28.483333587646484,28.489999771118164,28.083332061767578,28.206666946411133,25.36301612854004,24844200
2018-06-06,28.316667556762695,28.383333206176758,28.116666793823242,28.18666648864746,25.34503173828125,22088400
2018-06-07,28.260000228881836,28.586666107177734,28.229999542236328,28.316667556762695,25.46192741394043,23117100
2018-06-08,28.260000228881836,28.39666748046875,28.046667098999023,28.1200008392334,25.285083770751953,22807200
2018-06-11,28.136667251586914,28.18000030517578,27.93000030517578,28.100000381469727,25.267105102539062,18756900
2018-06-12,28.106666564941406,28.196666717529297,27.823333740234375,28.03333282470703,25.2071590423584,24185100
2018-06-13,27.963333129882812,28.123332977294922,27.950000762939453,28.030000686645508,25.20415687561035,19075200
2018-06-14,28.073333740234375,28.270000457763672,27.889999389648438,27.93000030517578,25.114248275756836,22552200
2018-06-15,27.833332061767578,27.996667861938477,27.68666648864746,27.899999618530273,25.087265014648438,37509000
2018-06-18,27.683332443237305,27.856666564941406,27.606666564941406,27.666667938232422,24.877456665039062,25506900
2018-06-19,27.53333282470703,27.873332977294922,27.456666946411133,27.8700008392334,25.060293197631836,28057500
2018-06-20,27.90333366394043,27.940000534057617,27.719999313354492,27.8700008392334,25.060293197631836,23899800
2018-06-21,27.799999237060547,28.183332443237305,27.633333206176758,28.06999969482422,25.240127563476562,24276000
2018-06-22,28.15333366394043,28.28333282470703,28.03333282470703,28.273332595825195,25.42296028137207,32439000
2018-06-25,28.196666717529297,28.866666793823242,28.15999984741211,28.823333740234375,25.917518615722656,47818500
2018-06-26,28.843332290649414,29.016666412353516,28.586666107177734,28.65999984741211,25.770647048950195,30378600
2018-06-27,28.633333206176758,29.163333892822266,28.516666412353516,28.963333129882812,26.043397903442383,30899100
2018-06-28,28.950000762939453,29.09666633605957,28.56333351135254,28.6200008392334,25.73468017578125,25401000
2018-06-29,28.633333206176758,28.733333587646484,28.50666618347168,28.549999237060547,25.671737670898438,24766800
2018-07-02,28.549999237060547,28.64666748046875,27.799999237060547,28.0,25.177183151245117,24375300
2018-07-03,28.030000686645508,28.350000381469727,28.030000686645508,28.14666748046875,25.309066772460938,13188600
2018-07-05,28.31333351135254,28.52666664123535,28.09000015258789,28.190000534057617,25.348031997680664,16102500
2018-07-06,28.066667556762695,28.290000915527344,27.940000534057617,28.170000076293945,25.330047607421875,16841100
2018-07-09,28.333332061767578,28.823333740234375,28.25666618347168,28.643333435058594,25.75565528869629,19726200
2018-07-10,28.643333435058594,29.110000610351562,28.626667022705078,29.06999969482422,26.139312744140625,18145200
2018-07-11,29.020000457763672,29.049999237060547,28.796667098999023,28.843332290649414,25.935495376586914,16787700
2018-07-12,28.979999542236328,29.136667251586914,28.739999771118164,28.84000015258789,25.9325008392334,14665800
2018-07-13,28.84000015258789,29.329999923706055,28.833332061767578,29.233333587646484,26.286178588867188,19165800
2018-07-16,29.206666946411133,29.239999771118164,28.94333267211914,29.213333129882812,26.268192291259766,13341600
2018-07-17,29.133333206176758,29.566667556762695,29.133333206176758,29.39666748046875,26.43305015563965,17734500
2018-07-18,29.44333267211914,29.729999542236328,29.31333351135254,29.356666564941406,26.397083282470703,15136500
2018-07-19,29.286666870117188,29.49333381652832,29.136667251586914,29.239999771118164,26.29217529296875,14649300
2018-07-20,29.133333206176758,29.389999389648438,29.066667556762695,29.35333251953125,26.394084930419922,14445300
2018-07-23,29.21666717529297,29.383333206176758,29.126667022705078,29.209999084472656,26.265195846557617,12450000
2018-07-24,29.373332977294922,29.5,29.203332901000977,29.31999969482422,26.364110946655273,16768500
2018-07-25,29.09000015258789,29.34000015258789,29.036666870117188,29.299999237060547,26.346126556396484,17427300
2018-07-26,29.5,29.809999465942383,29.393333435058594,29.40999984741211,26.445039749145508,19644900
2018-07-27,29.546667098999023,29.626667022705078,29.343332290649414,29.376667022705078,26.415061950683594,14038200
2018-07-30,29.333332061767578,29.64666748046875,29.296667098999023,29.626667022705078,26.639863967895508,18032100
2018-07-31,29.666667938232422,29.886667251586914,29.600000381469727,29.74333381652832,26.744768142700195,20124300
2018-08-01,29.6200008392334,29.709999084472656,29.293333053588867,29.413333892822266,26.448034286499023,15150000
2018-08-02,29.31333351135254,29.613332748413086,29.206666946411133,29.586666107177734,26.60389518737793,12918300
2018-08-03,29.729999542236328,30.093332290649414,29.666667938232422,29.866666793823242,26.855661392211914,17241600
2018-08-06,29.770000457763672,29.99333381652832,29.709999084472656,29.889999389648438,26.87664222717285,13954800
2018-08-07,29.94333267211914,30.1200008392334,29.883333206176758,29.92333221435547,26.906618118286133,13580100
2018-08-08,29.989999771118164,30.07666778564453,29.790000915527344,30.016666412353516,26.99053955078125,15123300
2018-08-09,29.81999969482422,29.876667022705078,29.586666107177734,29.670000076293945,26.833778381347656,14183700
2018-08-10,29.566667556762695,30.123332977294922,29.549999237060547,30.059999465942383,27.186498641967773,24734700
2018-08-13,30.066667556762695,30.18000030517578,29.790000915527344,29.8799991607666,27.023700714111328,17637600
2018-08-14,29.8799991607666,30.373332977294922,29.876667022705078,30.28333282470703,27.388479232788086,17510400
2018-08-15,30.083332061767578,30.136667251586914,29.889999389648438,30.073333740234375,27.19855499267578,25850700
2018-08-16,33.369998931884766,33.4033317565918,32.63666534423828,32.880001068115234,29.73692512512207,127893900
2018-08-17,32.59000015258789,33.223331451416016,32.53666687011719,32.616668701171875,29.498767852783203,49389900
2018-08-20,32.55666732788086,32.76333236694336,31.983333587646484,32.0,28.941043853759766,38037900
2018-08-21,31.98666763305664,32.119998931884766,31.786666870117188,32.026668548583984,28.96516990661621,31593900
2018-08-22,32.06666564941406,32.28333282470703,31.74333381652832,31.889999389648438,28.84156036376953,23297100
2018-08-23,31.833332061767578,31.953332901000977,31.68666648864746,31.726667404174805,28.693845748901367,18289200
2018-08-24,31.696666717529297,31.886667251586914,31.450000762939453,31.649999618530273,28.6245059967041,25782900
2018-08-27,31.753332138061523,31.8700008392334,31.43000030517578,31.51333236694336,28.500898361206055,21120900
2018-08-28,31.59000015258789,32.116668701171875,31.510000228881836,32.02333450317383,28.9621524810791,29949000
2018-08-29,32.09333419799805,32.276668548583984,31.843332290649414,31.8799991607666,28.832515716552734,23588400
2018-08-30,31.833332061767578,32.16666793823242,31.816667556762695,32.03333282470703,28.9711971282959,21176100
2018-08-31,32.063331604003906,32.14666748046875,31.703332901000977,31.953332901000977,28.89884376525879,18974100
2018-09-04,31.933332443237305,32.09000015258789,31.746667861938477,31.786666870117188,28.748106002807617,24842100
2018-09-05,31.889999389648438,32.276668548583984,31.786666870117188,32.206668853759766,29.127962112426758,28423800
2018-09-06,32.176666259765625,32.2400016784668,32.003334045410156,32.150001525878906,29.07670783996582,18452400
2018-09-07,31.933332443237305,32.15999984741211,31.8799991607666,31.94333267211914,28.889795303344727,20017200
2018-09-10,32.03666687011719,32.39666748046875,32.029998779296875,32.29999923706055,29.212369918823242,24997800
2018-09-11,32.42333221435547,32.5533332824707,32.163333892822266,32.21333312988281,29.133989334106445,19390500
2018-09-12,32.086666107177734,32.246665954589844,31.976667404174805,31.989999771118164,28.932003021240234,17700000
2018-09-13,31.773332595825195,31.873332977294922,31.636667251586914,31.706666946411133,28.67575454711914,22958700
2018-09-14,31.510000228881836,31.613332748413086,31.450000762939453,31.530000686645508,28.51597785949707,18958200
2018-09-17,31.583332061767578,31.82666778564453,31.456666946411133,31.606666564941406,28.585315704345703,15989400
2018-09-18,31.48666763305664,31.863332748413086,31.383333206176758,31.809999465942383,28.769207000732422,20279400
2018-09-19,31.856666564941406,31.963333129882812,31.626667022705078,31.746667861938477,28.711929321289062,17025300
2018-09-20,31.78333282470703,31.93000030517578,31.649999618530273,31.916667938232422,28.865680694580078,16656900
2018-09-21,31.97333335876465,32.0966682434082,31.876667022705078,31.96666717529297,28.91090202331543,28590300
2018-09-24,31.81333351135254,32.0,31.6200008392334,31.639999389648438,28.61545753479004,16011000
2018-09-25,31.996667861938477,32.17333221435547,31.663333892822266,31.700000762939453,28.669729232788086,18579600
2018-09-26,31.700000762939453,31.863332748413086,31.50666618347168,31.530000686645508,28.51597785949707,17755800
2018-09-27,31.39666748046875,31.65333366394043,31.273332595825195,31.376667022705078,28.377300262451172,16090200
2018-09-28,31.426666259765625,31.456666946411133,31.229999542236328,31.303333282470703,28.31098175048828,18918900
2018-10-01,31.43000030517578,31.553333282470703,31.34666633605957,31.46666717529297,28.45870018005371,14982900
2018-10-02,31.309999465942383,31.8700008392334,31.28333282470703,31.71666717529297,28.684803009033203,23263800
2018-10-03,31.833332061767578,31.84666633605957,31.34666633605957,31.356666564941406,28.35921287536621,18982200
2018-10-04,31.356666564941406,31.5,31.066667556762695,31.40333366394043,28.40141487121582,18135900
2018-10-05,31.286666870117188,31.39666748046875,30.963333129882812,31.10333251953125,28.130088806152344,20080200
2018-10-08,31.083332061767578,31.643333435058594,31.00666618347168,31.56333351135254,28.54612159729004,17287800
2018-10-09,31.8799991607666,32.58000183105469,31.729999542236328,32.36000061035156,29.266639709472656,34796700
2018-10-10,32.20000076293945,32.616668701171875,31.899999618530273,31.920000076293945,28.86869239807129,27008400
2018-10-11,31.93666648864746,32.0966682434082,31.200000762939453,31.30666732788086,28.313993453979492,29779500
2018-10-12,31.586666107177734,31.72333335876465,31.22333335876465,31.60333251953125,28.58229637145996,25661700
2018-10-15,31.5,31.663333892822266,31.273332595825195,31.273332595825195,28.283845901489258,24916500
2018-10-16,31.566667556762695,32.02333450317383,31.446666717529297,31.93666648864746,28.883766174316406,33725100
2018-10-17,31.726667404174805,32.206668853759766,31.633333206176758,32.186668395996094,29.109874725341797,28618200
2018-10-18,32.133331298828125,32.41666793823242,31.913333892822266,32.05666732788086,28.992298126220703,34195200
2018-10-19,32.0,32.54999923706055,32.0,32.383331298828125,29.287729263305664,26852100
2018-10-22,32.4466667175293,32.526668548583984,32.246665954589844,32.380001068115234,29.284719467163086,21368700
2018-10-23,32.16666793823242,32.663333892822266,32.03666687011719,32.599998474121094,29.48369598388672,28217400
2018-10-24,32.5,33.05666732788086,32.426666259765625,32.52000045776367,29.41133689880371,31094100
2018-10-25,32.66999816894531,33.15999984741211,32.33333206176758,33.060001373291016,29.899723052978516,32211300
2018-10-26,32.936668395996094,33.223331451416016,32.67333221435547,32.97999954223633,29.827363967895508,44776800
2018-10-29,33.16999816894531,33.90999984741211,33.029998779296875,33.266666412353516,30.086624145507812,38118300
2018-10-30,33.4033317565918,34.20000076293945,33.35333251953125,34.13999938964844,30.87647247314453,38125500
2018-10-31,34.163333892822266,34.163333892822266,33.37333297729492,33.426666259765625,30.231338500976562,37064700
2018-11-01,33.31999969482422,33.723331451416016,33.2400016784668,33.526668548583984,30.3217716217041,23205300
2018-11-02,33.62666702270508,33.856666564941406,33.436668395996094,33.779998779296875,30.550893783569336,21909600
2018-11-05,33.72999954223633,34.38999938964844,33.543331146240234,34.3033332824707,31.024208068847656,22850400
2018-11-06,34.18000030517578,34.47999954223633,34.016666412353516,34.44333267211914,31.150814056396484,19106100
2018-11-07,34.5533332824707,34.823333740234375,34.349998474121094,34.77333450317383,31.449275970458984,26017800
2018-11-08,34.776668548583984,35.086666107177734,34.676666259765625,34.959999084472656,31.618093490600586,17884200
2018-11-09,35.0,35.29999923706055,34.936668395996094,35.186668395996094,31.82308578491211,25351200
2018-11-12,35.16666793823242,35.4033317565918,34.54999923706055,34.62333297729492,31.3136043548584,26829300
2018-11-13,34.55666732788086,34.71666717529297,34.18000030517578,34.313331604003906,31.03324317932129,23870100
2018-11-14,34.33333206176758,34.383331298828125,33.66999816894531,33.84333419799805,30.608173370361328,31445700
2018-11-15,34.106666564941406,34.266666412353516,32.87333297729492,33.18000030517578,30.008243560791016,48247800
2018-11-16,32.939998626708984,33.13999938964844,32.30666732788086,32.563331604003906,29.45052719116211,42705600
2018-11-19,32.64666748046875,32.75,32.143333435058594,32.2599983215332,29.17619514465332,27643200
2018-11-20,31.65999984741211,31.733333587646484,31.200000762939453,31.386667251586914,28.38634490966797,37861800
2018-11-21,31.453332901000977,31.639999389648438,31.10333251953125,31.389999389648438,28.389358520507812,28052700
2018-11-23,31.376667022705078,31.850000381469727,31.376667022705078,31.700000762939453,28.669729232788086,14670000
2018-11-26,31.89666748046875,32.02333450317383,31.579999923706055,31.71666717529297,28.684803009033203,30103800
2018-11-27,31.663333892822266,31.84666633605957,31.469999313354492,31.68000030517578,28.651636123657227,27126900
2018-11-28,31.816667556762695,32.540000915527344,31.683332443237305,32.48666763305664,29.38119125366211,30212400
2018-11-29,32.34000015258789,32.61000061035156,32.246665954589844,32.43000030517578,29.329944610595703,18723900
2018-11-30,32.46666717529297,32.810001373291016,32.356666564941406,32.54999923706055,29.43846893310547,31992000
2018-12-03,32.67333221435547,33.1966667175293,32.55666732788086,32.91666793823242,29.77008628845215,27246300
2018-12-04,32.75,32.98666763305664,31.8700008392334,31.93666648864746,28.883766174316406,31278900
2018-12-06,31.64666748046875,31.803333282470703,31.03333282470703,31.59000015258789,28.726150512695312,31101600
2018-12-07,31.5,31.709999084472656,30.816667556762695,31.06333351135254,28.24723243713379,25489500
2018-12-10,31.18666648864746,31.416667938232422,30.780000686645508,31.31333351135254,28.474573135375977,21830700
2018-12-11,31.416667938232422,31.496667861938477,31.083332061767578,31.28333282470703,28.447284698486328,19357500
2018-12-12,31.433332443237305,31.433332443237305,31.020000457763672,31.036666870117188,28.222980499267578,28917600
2018-12-13,31.083332061767578,31.226667404174805,30.809999465942383,30.98666763305664,28.177513122558594,24126900
2018-12-14,30.683332443237305,30.85333251953125,30.523332595825195,30.616666793823242,27.841053009033203,34480800
2018-12-17,30.406667709350586,30.670000076293945,30.053333282470703,30.25666618347168,27.513689041137695,27005400
2018-12-18,30.266666412353516,30.420000076293945,30.093332290649414,30.360000610351562,27.60765838623047,28820100
2018-12-19,30.43000030517578,31.0,30.083332061767578,30.183332443237305,27.447004318237305,36694500
2018-12-20,30.036666870117188,30.036666870117188,28.713333129882812,29.093332290649414,26.45581817626953,49121400
2018-12-21,28.956666946411133,29.823333740234375,28.933332443237305,29.043333053588867,26.410358428955078,44764500
2018-12-24,28.84666633605957,29.190000534057617,28.593332290649414,28.606666564941406,26.013269424438477,18330900
2018-12-26,28.80666732788086,30.139999389648438,28.766666412353516,30.136667251586914,27.404569625854492,30084900
2018-12-27,29.916667938232422,30.536666870117188,29.479999542236328,30.530000686645508,27.762245178222656,29644500
2018-12-28,30.690000534057617,31.156667709350586,30.549999237060547,30.709999084472656,27.925922393798828,29622000
2018-12-31,30.889999389648438,31.1299991607666,30.75,31.049999237060547,28.2351016998291,21017400
2019-01-02,30.546667098999023,31.21666717529297,30.546667098999023,31.113332748413086,28.292694091796875,24458100
2019-01-03,31.06999969482422,31.56999969482422,30.899999618530273,30.953332901000977,28.14719581604004,24831900
2019-01-04,31.06999969482422,31.219999313354492,30.89666748046875,31.14666748046875,28.323007583618164,24087300
2019-01-07,31.206666946411133,31.72333335876465,31.059999465942383,31.51333236694336,28.656431198120117,23369100
2019-01-08,31.68666648864746,31.920000076293945,31.303333282470703,31.733333587646484,28.856489181518555,21602700
2019-01-09,31.90333366394043,32.04666519165039,31.59000015258789,31.6299991607666,28.76252555847168,18816900
2019-01-10,31.293333053588867,31.65999984741211,31.040000915527344,31.65333366394043,28.783737182617188,28188900
2019-01-11,31.663333892822266,31.76333236694336,31.516666412353516,31.613332748413086,28.747365951538086,16183800
2019-01-14,31.49333381652832,31.816667556762695,31.426666259765625,31.649999618530273,28.78070640563965,21255300
2019-01-15,31.823333740234375,32.20000076293945,31.793333053588867,32.08333206176758,29.174758911132812,21174600
2019-01-16,31.976667404174805,32.28666687011719,31.94333267211914,32.116668701171875,29.2050724029541,16230000
2019-01-17,32.106666564941406,32.4033317565918,32.0533332824707,32.246665954589844,29.32328224182129,16843500
2019-01-18,32.31666564941406,32.733333587646484,32.28333282470703,32.57666778564453,29.623371124267578,18361800
2019-01-22,32.383331298828125,32.810001373291016,32.2599983215332,32.496665954589844,29.550622940063477,24189600
2019-01-23,32.956668853759766,33.116668701171875,32.5099983215332,32.9033317565918,29.920413970947266,25037400
2019-01-24,32.733333587646484,32.81999969482422,32.143333435058594,32.78666687011719,29.814332962036133,22829100
2019-01-25,32.91666793823242,32.970001220703125,32.25,32.313331604003906,29.3839054107666,21654600
2019-01-28,32.176666259765625,32.356666564941406,32.026668548583984,32.35333251953125,29.420286178588867,17627400
2019-01-29,32.25666809082031,32.38666534423828,32.16999816894531,32.23666763305664,29.314193725585938,15760200
2019-01-30,32.22666549682617,32.266666412353516,31.420000076293945,31.600000381469727,28.735240936279297,35547900
2019-01-31,31.543333053588867,32.290000915527344,31.543333053588867,31.94333267211914,29.047447204589844,44169000
2019-02-01,31.97333335876465,32.0,31.036666870117188,31.286666870117188,28.45030975341797,37775700
2019-02-04,31.286666870117188,31.59000015258789,31.116666793823242,31.59000015258789,28.726150512695312,21805800
2019-02-05,31.75,31.979999542236328,31.67333221435547,31.866666793823242,28.977731704711914,18299700
2019-02-06,31.809999465942383,32.003334045410156,31.739999771118164,31.8799991607666,28.989858627319336,12794700
2019-02-07,31.703332901000977,32.27333450317383,31.666667938232422,32.24333190917969,29.320249557495117,21030300
2019-02-08,32.11333465576172,32.22999954223633,31.713333129882812,31.860000610351562,28.9716739654541,18507600
2019-02-11,31.883333206176758,32.116668701171875,31.8799991607666,32.06666564941406,29.15960121154785,16628400
2019-02-12,32.27333450317383,32.38999938964844,32.16666793823242,32.323333740234375,29.393003463745117,17643900
2019-02-13,32.43333435058594,32.66666793823242,32.36333465576172,32.64666748046875,29.687021255493164,16375500
2019-02-14,32.560001373291016,33.06666564941406,32.34000015258789,32.84000015258789,29.862829208374023,21602400
2019-02-15,32.99333190917969,33.33333206176758,32.95333480834961,33.33000183105469,30.308406829833984,28443000
2019-02-19,34.12666702270508,34.72666549682617,34.02333450317383,34.06666564941406,30.97829246520996,62091900
2019-02-20,33.936668395996094,34.11333465576172,32.883331298828125,33.293331146240234,30.275062561035156,52895400
2019-02-21,33.220001220703125,33.30666732788086,32.970001220703125,33.130001068115234,30.126535415649414,19239600
2019-02-22,33.27333450317383,33.38666534423828,33.04666519165039,33.18333435058594,30.175037384033203,24260700
2019-02-25,33.37333297729492,33.37666702270508,33.016666412353516,33.040000915527344,30.044700622558594,27705000
2019-02-26,33.00666809082031,33.02000045776367,32.62333297729492,32.89666748046875,29.914352416992188,25464300
2019-02-27,32.706668853759766,32.79666519165039,32.529998779296875,32.70333480834961,29.73855972290039,23706900
2019-02-28,32.70333480834961,33.15666580200195,32.59000015258789,32.996665954589844,30.005287170410156,34127700
2019-03-01,33.15666580200195,33.186668395996094,32.37333297729492,32.643333435058594,29.683992385864258,31057500
2019-03-04,32.706668853759766,32.86333465576172,32.456668853759766,32.616668701171875,29.659744262695312,23051400
2019-03-05,32.709999084472656,33.063331604003906,32.6966667175293,32.779998779296875,29.808265686035156,18357900
2019-03-06,32.75666809082031,33.0,32.619998931884766,32.753334045410156,29.78401756286621,14089800
2019-03-07,32.56999969482422,32.733333587646484,32.413333892822266,32.483333587646484,29.538496017456055,18379800
2019-03-08,32.516666412353516,32.80666732788086,32.33333206176758,32.529998779296875,29.580934524536133,16977000
2019-03-11,32.68000030517578,32.86000061035156,32.606666564941406,32.82666778564453,29.8507022857666,16035900
2019-03-12,32.84333419799805,32.913333892822266,32.68333435058594,32.790000915527344,29.817363739013672,15211500
2019-03-13,32.900001525878906,33.116668701171875,32.79666519165039,33.0099983215332,30.01741600036621,16446900
2019-03-14,32.8033332824707,32.810001373291016,32.529998779296875,32.7400016784668,29.93208885192871,14777400
2019-03-15,32.7599983215332,32.836666107177734,32.53333282470703,32.80666732788086,29.993040084838867,43800000
2019-03-18,32.766666412353516,33.25666809082031,32.753334045410156,33.220001220703125,30.37092399597168,17310300
2019-03-19,33.33000183105469,33.496665954589844,33.189998626708984,33.28333282470703,30.42881965637207,16243200
2019-03-20,33.06666564941406,33.18333435058594,32.8466682434082,32.880001068115234,30.060081481933594,18969300
2019-03-21,32.75,33.043331146240234,32.70000076293945,33.02000045776367,30.18807029724121,19653000
2019-03-22,32.86000061035156,33.176666259765625,32.64666748046875,32.7599983215332,29.950368881225586,20124300
2019-03-25,32.599998474121094,32.87333297729492,32.543331146240234,32.723331451416016,29.916845321655273,16222200
2019-03-26,32.78666687011719,32.95000076293945,32.676666259765625,32.77333450317383,29.962560653686523,14837700
2019-03-27,32.71333312988281,32.95333480834961,31.666667938232422,32.4033317565918,29.624290466308594,25413600
2019-03-28,32.529998779296875,32.62333297729492,32.176666259765625,32.37666702270508,29.59991455078125,24162900
2019-03-29,32.529998779296875,32.55666732788086,32.3466682434082,32.5099983215332,29.721813201904297,22319700
2019-04-01,32.65666580200195,32.78666687011719,32.52000045776367,32.606666564941406,29.810190200805664,25517400
2019-04-02,32.586666107177734,32.77000045776367,32.29999923706055,32.313331604003906,29.54201316833496,18822000
2019-04-03,32.37333297729492,32.46666717529297,32.26333236694336,32.39666748046875,29.618200302124023,17062500
2019-04-04,32.41666793823242,32.7599983215332,32.413333892822266,32.70333480834961,29.898574829101562,12078900
2019-04-05,32.75,33.06666564941406,32.720001220703125,32.94333267211914,30.117979049682617,13968000
2019-04-08,32.81666564941406,33.08333206176758,32.753334045410156,33.07666778564453,30.23988151550293,16267200
2019-04-09,32.93333435058594,33.07666778564453,32.71666717529297,32.89666748046875,30.075315475463867,13102500
2019-04-10,32.836666107177734,33.2400016784668,32.83333206176758,33.20000076293945,30.352628707885742,12273300
2019-04-11,33.233333587646484,33.61000061035156,33.15666580200195,33.599998474121094,30.71833038330078,16820700
2019-04-12,33.66666793823242,34.00666809082031,33.66666793823242,33.85333251953125,30.949939727783203,15486000
2019-04-15,33.766666412353516,34.3033332824707,33.753334045410156,34.143333435058594,31.215068817138672,15335700
2019-04-16,34.29666519165039,34.46333312988281,34.18000030517578,34.310001373291016,31.36743927001953,14485200
2019-04-17,34.33333206176758,34.46666717529297,34.13666534423828,34.38666534423828,31.437532424926758,11187600
2019-04-18,34.369998931884766,34.599998474121094,34.29666519165039,34.393333435058594,31.443634033203125,11183400
2019-04-22,34.2599983215332,34.51333236694336,34.05666732788086,34.12333297729492,31.196786880493164,15238200
2019-04-23,34.176666259765625,34.43000030517578,33.97999954223633,34.356666564941406,31.41010093688965,15152400
2019-04-24,34.380001068115234,34.616668701171875,34.36333465576172,34.5099983215332,31.55027198791504,14093400
2019-04-25,34.413333892822266,34.71666717529297,34.276668548583984,34.50666809082031,31.547243118286133,11883300
2019-04-26,33.483333587646484,34.11333465576172,33.220001220703125,33.84333419799805,30.940797805786133,24323100
2019-04-29,33.959999084472656,34.0,33.59333419799805,33.85333251953125,30.949939727783203,19139100
2019-04-30,33.92333221435547,34.30666732788086,33.81666564941406,34.279998779296875,31.34000587463379,18400800
2019-05-01,34.25666809082031,34.27000045776367,33.7599983215332,33.78666687011719,30.88898468017578,16011600
2019-05-02,33.810001373291016,34.02000045776367,33.413333892822266,33.71666717529297,30.82498550415039,15021000
2019-05-03,34.106666564941406,34.25,33.93333435058594,34.026668548583984,31.1084041595459,15950700
2019-05-06,33.58333206176758,34.18333435058594,33.51333236694336,34.1533317565918,31.224205017089844,13841100
2019-05-07,33.93333435058594,34.05666732788086,33.586666107177734,33.766666412353516,30.870708465576172,13726800
2019-05-08,33.41666793823242,33.68000030517578,33.28666687011719,33.43333435058594,30.56595802307129,17646000
2019-05-09,33.09000015258789,33.313331604003906,32.95000076293945,33.18000030517578,30.495487213134766,18720300
2019-05-10,33.253334045410156,34.03666687011719,33.233333587646484,33.970001220703125,31.221576690673828,26228100
2019-05-13,33.483333587646484,33.71666717529297,33.003334045410156,33.29666519165039,30.602720260620117,22084500
2019-05-14,33.380001068115234,33.62333297729492,33.29666519165039,33.43000030517578,30.72527313232422,19061100
2019-05-15,33.400001525878906,33.45333480834961,33.043331146240234,33.293331146240234,30.599651336669922,20220900
2019-05-16,34.276668548583984,34.6533317565918,33.61333465576172,33.77000045776367,31.037755966186523,51366000
2019-05-17,33.413333892822266,33.983333587646484,33.3033332824707,33.619998931884766,30.899892807006836,37113900
2019-05-20,33.46333312988281,33.99333190917969,33.41666793823242,33.84000015258789,31.10209083557129,21582300
2019-05-21,33.836666107177734,33.883331298828125,33.46666717529297,33.706668853759766,30.97954750061035,20667300
2019-05-22,33.866668701171875,34.143333435058594,33.686668395996094,34.07666778564453,31.319612503051758,22022700
2019-05-23,33.939998626708984,33.97666549682617,33.54999923706055,33.95333480834961,31.206266403198242,19363800
2019-05-24,34.060001373291016,34.29666519165039,34.026668548583984,34.223331451416016,31.454416275024414,13449600
2019-05-28,34.186668395996094,34.52333450317383,34.133331298828125,34.13999938964844,31.377817153930664,30815100
2019-05-29,34.03666687011719,34.293331146240234,33.823333740234375,34.040000915527344,31.28590965270996,19560600
2019-05-30,34.163333892822266,34.496665954589844,33.970001220703125,34.063331604003906,31.307355880737305,15058800
2019-05-31,33.78333282470703,34.00666809082031,33.53333282470703,33.813331604003906,31.077579498291016,17782500
2019-06-03,33.87666702270508,34.22666549682617,33.79999923706055,33.98666763305664,31.236900329589844,19844100
2019-06-04,34.20333480834961,34.21666717529297,33.813331604003906,34.186668395996094,31.42070960998535,17894700
2019-06-05,34.25,34.926666259765625,34.20000076293945,34.80666732788086,31.990550994873047,20708700
2019-06-06,34.83000183105469,35.220001220703125,34.733333587646484,35.03666687011719,32.201934814453125,24191100
2019-06-07,35.07666778564453,35.45333480834961,35.016666412353516,35.35333251953125,32.49298858642578,20428200
2019-06-10,35.49333190917969,35.926666259765625,35.456668853759766,35.84000015258789,32.94028091430664,18977100
2019-06-11,36.0,36.323333740234375,35.91666793823242,35.97999954223633,33.06895446777344,20241900
2019-06-12,35.973331451416016,36.3033332824707,35.973331451416016,36.27333450317383,33.33854293823242,13905300
2019-06-13,36.33333206176758,36.526668548583984,36.05666732788086,36.21666717529297,33.286468505859375,16455000
2019-06-14,36.2599983215332,36.529998779296875,36.1533317565918,36.356666564941406,33.4151496887207,13577700
2019-06-17,36.37333297729492,36.516666412353516,36.086666107177734,36.38666534423828,33.44271469116211,12441000
2019-06-18,36.599998474121094,36.6533317565918,36.3033332824707,36.54999923706055,33.592838287353516,14733600
2019-06-19,36.599998474121094,36.61333465576172,36.290000915527344,36.540000915527344,33.583641052246094,11773800
2019-06-20,36.606666564941406,36.83000183105469,36.426666259765625,36.77333450317383,33.79811096191406,15004500
2019-06-21,36.779998779296875,37.39666748046875,36.753334045410156,37.043331146240234,34.046260833740234,39535800
2019-06-24,37.163333892822266,37.40666580200195,37.0099983215332,37.08000183105469,34.079959869384766,18098400
2019-06-25,36.959999084472656,37.143333435058594,36.79999923706055,36.90666580200195,33.920650482177734,18315000
2019-06-26,36.95000076293945,37.026668548583984,36.70000076293945,36.720001220703125,33.74906921386719,12485100
2019-06-27,36.686668395996094,36.836666107177734,36.28666687011719,36.70000076293945,33.73069381713867,16443900
2019-06-28,36.849998474121094,37.16999816894531,36.746665954589844,36.83000183105469,33.85017776489258,19520100
2019-07-01,37.099998474121094,37.323333740234375,36.67333221435547,36.87333297729492,33.8900146484375,16544100
2019-07-02,36.94333267211914,37.20333480834961,36.779998779296875,37.20000076293945,34.190250396728516,12188700
2019-07-03,37.060001373291016,37.46666717529297,37.0,37.439998626708984,34.410823822021484,9621900
2019-07-05,37.33333206176758,37.413333892822266,37.06999969482422,37.32666778564453,34.306663513183594,10738200
2019-07-08,37.30666732788086,37.643333435058594,37.233333587646484,37.573333740234375,34.53337860107422,14147100
2019-07-09,37.630001068115234,37.793331146240234,37.53333282470703,37.62666702270508,34.5823974609375,16270200
2019-07-10,37.706668853759766,37.869998931884766,37.46333312988281,37.65999984741211,34.6130256652832,13737000
2019-07-11,37.779998779296875,37.97999954223633,37.67333221435547,37.973331451416016,34.901004791259766,11689800
2019-07-12,38.029998779296875,38.25666809082031,37.87333297729492,38.20000076293945,35.10934066772461,11229900
2019-07-15,38.223331451416016,38.36000061035156,38.150001525878906,38.32666778564453,35.22575378417969,10038000
2019-07-16,38.44333267211914,38.496665954589844,38.01333236694336,38.253334045410156,35.15837097167969,10464600
2019-07-17,38.27000045776367,38.38999938964844,38.06666564941406,38.20000076293945,35.10934066772461,8065500
2019-07-18,38.116668701171875,38.2599983215332,37.913333892822266,38.2400016784668,35.1461067199707,9670800
2019-07-19,38.33333206176758,38.436668395996094,37.95333480834961,37.96666717529297,34.89488983154297,11388900
2019-07-22,38.03333282470703,38.11333465576172,37.439998626708984,37.606666564941406,34.564002990722656,13550700
2019-07-23,37.706668853759766,37.733333587646484,37.189998626708984,37.36333465576172,34.340370178222656,17262600
2019-07-24,37.34333419799805,37.5966682434082,37.189998626708984,37.33333206176758,34.31278610229492,12531900
2019-07-25,37.393333435058594,37.46333312988281,37.220001220703125,37.40666580200195,34.380191802978516,11554500
2019-07-26,37.37333297729492,37.779998779296875,37.27333450317383,37.67333221435547,34.62527847290039,14187000
2019-07-29,37.61333465576172,37.65999984741211,37.253334045410156,37.42333221435547,34.3955078125,11239800
2019-07-30,37.35333251953125,37.46666717529297,37.223331451416016,37.35333251953125,34.331172943115234,9105600
2019-07-31,37.3033332824707,37.4466667175293,36.543331146240234,36.793331146240234,33.81648254394531,18633900
2019-08-01,36.77333450317383,37.38999938964844,36.439998626708984,36.459999084472656,33.51011276245117,22365000
2019-08-02,36.58000183105469,36.71333312988281,36.04999923706055,36.46666717529297,33.51624298095703,16970100
2019-08-05,36.0,36.0,35.1966667175293,35.27333450317383,32.41946792602539,22710000
2019-08-06,35.39666748046875,35.9466667175293,35.1966667175293,35.75666809082031,32.86369323730469,21049200
2019-08-07,35.67333221435547,36.21333312988281,35.30666732788086,36.06666564941406,33.14860534667969,21835500
2019-08-08,36.003334045410156,36.279998779296875,35.92333221435547,36.17333221435547,33.410308837890625,13123200
2019-08-09,36.02000045776367,36.1533317565918,35.56999969482422,35.7599983215332,33.028541564941406,12580500
2019-08-12,35.573333740234375,35.61333465576172,34.9466667175293,35.073333740234375,32.39432144165039,17605200
2019-08-13,35.08333206176758,36.03666687011719,34.95000076293945,35.8033332824707,33.06856155395508,20025900
2019-08-14,35.15999984741211,36.02000045776367,35.04666519165039,35.400001525878906,32.69603729248047,27938400
2019-08-15,37.5099983215332,37.880001068115234,36.720001220703125,37.563331604003906,34.694122314453125,59438700
2019-08-16,38.026668548583984,38.310001373291016,37.35333251953125,37.663333892822266,34.78649139404297,32895600
2019-08-19,38.116668701171875,38.2599983215332,37.866668701171875,37.936668395996094,35.038944244384766,21534300
2019-08-20,37.95333480834961,38.01333236694336,37.336666107177734,37.349998474121094,34.49708557128906,18336900
2019-08-21,37.99333190917969,38.02333450317383,37.293331146240234,37.34000015258789,34.487850189208984,24469200
2019-08-22,37.400001525878906,37.5966682434082,37.116668701171875,37.3033332824707,34.4539909362793,17986200
2019-08-23,37.206668853759766,37.3033332824707,36.709999084472656,36.94333267211914,34.121482849121094,18710100
2019-08-26,37.186668395996094,37.42333221435547,37.073333740234375,37.33000183105469,34.47862243652344,17807100
2019-08-27,37.473331451416016,37.60333251953125,37.16999816894531,37.473331451416016,34.61099624633789,17201100
2019-08-28,37.426666259765625,37.69333267211914,37.22666549682617,37.573333740234375,34.703365325927734,16113000
2019-08-29,38.06666564941406,38.1966667175293,37.77000045776367,38.026668548583984,35.122066497802734,15811500
2019-08-30,38.33333206176758,38.459999084472656,37.96666717529297,38.086666107177734,35.177486419677734,17115900
2019-09-03,37.893333435058594,38.436668395996094,37.83000183105469,38.21333312988281,35.29447555541992,17828100
2019-09-04,38.563331604003906,38.6533317565918,38.27333450317383,38.63666534423828,35.685482025146484,17348700
2019-09-05,39.223331451416016,39.31999969482422,38.42333221435547,38.47999954223633,35.5407829284668,17479200
2019-09-06,38.47999954223633,38.58333206176758,38.206668853759766,38.24333190917969,35.32219314575195,13039200
2019-09-09,38.16666793823242,38.869998931884766,38.133331298828125,38.776668548583984,35.814788818359375,17921100
2019-09-10,38.663333892822266,38.98666763305664,38.49333190917969,38.68333435058594,35.728572845458984,14572200
2019-09-11,38.66666793823242,38.900001525878906,38.40666580200195,38.67333221435547,35.719337463378906,15852300
2019-09-12,38.883331298828125,39.02333450317383,38.633331298828125,38.973331451416016,35.996429443359375,13422900
2019-09-13,39.0533332824707,39.39666748046875,38.983333587646484,39.143333435058594,36.1534423828125,16915800
2019-09-16,38.8466682434082,39.05666732788086,38.459999084472656,38.52333450317383,35.5807991027832,18270900
2019-09-17,38.439998626708984,38.89666748046875,38.41666793823242,38.836666107177734,35.87019348144531,13813500
2019-09-18,38.970001220703125,39.07666778564453,38.72666549682617,39.0533332824707,36.07032012939453,11868000
2019-09-19,39.133331298828125,39.27000045776367,38.92333221435547,39.03666687011719,36.054927825927734,10141800
2019-09-20,39.116668701171875,39.21333312988281,38.93333435058594,38.99333190917969,36.01490020751953,33997200
2019-09-23,38.869998931884766,39.470001220703125,38.85333251953125,39.206668853759766,36.211936950683594,15487500
2019-09-24,39.41666793823242,39.95333480834961,39.336666107177734,39.46666717529297,36.45207595825195,21819300
2019-09-25,39.4900016784668,39.573333740234375,39.27000045776367,39.4900016784668,36.473628997802734,13840800
2019-09-26,39.599998474121094,39.849998474121094,39.39666748046875,39.43333435058594,36.421287536621094,11960700
2019-09-27,39.73666763305664,39.74333190917969,39.25,39.483333587646484,36.467472076416016,10304100
2019-09-30,39.55666732788086,39.813331604003906,39.52000045776367,39.560001373291016,36.53828048706055,10204200
2019-10-01,39.616668701171875,39.70333480834961,39.2400016784668,39.28333282470703,36.282745361328125,11187900
2019-10-02,39.133331298828125,39.18333435058594,38.53666687011719,38.706668853759766,35.750144958496094,17833500
2019-10-03,38.62666702270508,38.93333435058594,38.19333267211914,38.77000045776367,35.80862808227539,15619500
2019-10-04,38.79999923706055,39.43333435058594,38.72999954223633,39.38666534423828,36.378196716308594,13881000
2019-10-07,39.366668701171875,39.43333435058594,38.959999084472656,39.07666778564453,36.09187316894531,14085000
2019-10-08,38.936668395996094,39.55666732788086,38.88666534423828,39.19333267211914,36.199623107910156,15375300
2019-10-09,39.393333435058594,39.766666412353516,39.34000015258789,39.643333435058594,36.61525344848633,11710200
2019-10-10,39.633331298828125,39.959999084472656,39.53333282470703,39.869998931884766,36.8245964050293,13024500
2019-10-11,39.973331451416016,40.23666763305664,39.573333740234375,40.08000183105469,37.01856231689453,18383700
2019-10-14,39.95000076293945,40.1533317565918,39.70000076293945,39.723331451416016,36.68914031982422,13719900
2019-10-15,39.776668548583984,39.996665954589844,39.62333297729492,39.84333419799805,36.79997253417969,13550100
2019-10-16,39.77000045776367,40.03666687011719,39.70000076293945,39.80666732788086,36.76609802246094,11344800
2019-10-17,39.88999938964844,40.08333206176758,39.78666687011719,39.9466667175293,36.895416259765625,11732700
2019-10-18,40.150001525878906,40.20000076293945,39.709999084472656,39.71333312988281,36.679908752441406,16776900
2019-10-21,39.766666412353516,39.94333267211914,39.606666564941406,39.913333892822266,36.864620208740234,10230300
2019-10-22,39.91666793823242,40.05666732788086,39.79666519165039,39.86000061035156,36.815372467041016,7634100
2019-10-23,39.723331451416016,39.95000076293945,39.563331604003906,39.78333282470703,36.74456024169922,8520000
2019-10-24,39.71666717529297,39.856666564941406,39.503334045410156,39.70000076293945,36.6675910949707,8700900
2019-10-25,39.66666793823242,39.776668548583984,39.400001525878906,39.68000030517578,36.64912033081055,7692900
2019-10-28,39.75,39.900001525878906,39.5099983215332,39.7400016784668,36.704524993896484,10213800
2019-10-29,39.5,39.57666778564453,39.026668548583984,39.04999923706055,36.067237854003906,14373300
2019-10-30,39.060001373291016,39.456668853759766,39.016666412353516,39.366668701171875,36.35972595214844,8988600
2019-10-31,39.310001373291016,39.426666259765625,38.94333267211914,39.086666107177734,36.10110092163086,14643900
2019-11-01,39.30666732788086,39.323333740234375,39.07666778564453,39.206668853759766,36.211936950683594,11287800
2019-11-04,39.46666717529297,39.70333480834961,39.05666732788086,39.189998626708984,36.19654083251953,13938000
2019-11-05,39.22666549682617,39.71333312988281,39.026668548583984,39.619998931884766,36.59370040893555,12651300
2019-11-06,39.61000061035156,39.87333297729492,39.56999969482422,39.83333206176758,36.79072952270508,10843200
2019-11-07,40.0,40.30666732788086,39.8466682434082,40.07666778564453,37.015480041503906,13324200
2019-11-08,40.10333251953125,40.293331146240234,39.64666748046875,39.813331604003906,36.77225875854492,11498100
2019-11-11,39.56666564941406,39.87666702270508,39.426666259765625,39.68000030517578,36.64912033081055,13317000
2019-11-12,39.866668701171875,40.0,39.60333251953125,39.706668853759766,36.67375183105469,15189300
2019-11-13,39.720001220703125,40.45333480834961,39.5533332824707,40.32666778564453,37.24638366699219,23135400
2019-11-14,41.53333282470703,41.793331146240234,39.836666107177734,40.21666717529297,37.14479446411133,67512600
2019-11-15,40.22666549682617,40.33333206176758,39.459999084472656,39.62333297729492,36.59678268432617,30413100
2019-11-18,39.483333587646484,40.290000915527344,39.413333892822266,40.08333206176758,37.02164077758789,19644000
2019-11-19,40.03666687011719,40.119998931884766,39.9033317565918,39.96333312988281,36.91080856323242,11146200
2019-11-20,40.06999969482422,40.15999984741211,39.46666717529297,39.709999084472656,36.676822662353516,15227700
2019-11-21,39.61000061035156,40.0,39.55666732788086,39.95333480834961,36.901580810546875,12908400
2019-11-22,40.04999923706055,40.099998474121094,39.75666809082031,39.78666687011719,36.74762725830078,11529300
2019-11-25,40.0,40.00666809082031,39.29999923706055,39.63999938964844,36.61216735839844,17644500
2019-11-26,39.6533317565918,39.766666412353516,39.483333587646484,39.72999954223633,36.69529724121094,18877500
2019-11-27,39.79666519165039,39.93333435058594,39.57666778564453,39.586666107177734,36.56291198730469,10302300
2019-11-29,39.71333312988281,39.9900016784668,39.66666793823242,39.6966667175293,36.66450881958008,9471900
2019-12-02,39.71666717529297,39.793331146240234,39.279998779296875,39.7599983215332,36.72300338745117,17012700
2019-12-03,39.46666717529297,39.6533317565918,39.25666809082031,39.55666732788086,36.53520584106445,19784400
2019-12-04,39.706668853759766,39.733333587646484,39.43333435058594,39.563331604003906,36.54136276245117,16669800
2019-12-05,39.45333480834961,39.59333419799805,39.13999938964844,39.5533332824707,36.695987701416016,13058400
2019-12-06,39.69333267211914,39.93333435058594,39.63999938964844,39.926666259765625,37.042354583740234,13022400
2019-12-09,39.856666564941406,39.95333480834961,39.72666549682617,39.78666687011719,36.91245651245117,14448000
2019-12-10,39.78333282470703,39.85333251953125,39.67333221435547,39.71333312988281,36.844425201416016,12846900
2019-12-11,39.79999923706055,39.883331298828125,39.5099983215332,39.66666793823242,36.80113983154297,10519200
2019-12-12,39.66666793823242,40.03666687011719,39.560001373291016,39.91999816894531,37.03616714477539,12447000
2019-12-13,39.720001220703125,40.21666717529297,39.67333221435547,40.0966682434082,37.200069427490234,16098900
2019-12-16,40.13999938964844,40.45000076293945,40.13999938964844,40.18000030517578,37.277381896972656,16052100
2019-12-17,40.31666564941406,40.56666564941406,40.233333587646484,40.426666259765625,37.506221771240234,13727400
2019-12-18,40.503334045410156,40.560001373291016,39.9466667175293,39.95333480834961,37.06709671020508,15309000
2019-12-19,39.97999954223633,40.16999816894531,39.926666259765625,40.026668548583984,37.135128021240234,13392300
2019-12-20,40.49333190917969,40.706668853759766,40.00666809082031,40.0966682434082,37.200069427490234,23863200
2019-12-23,40.06666564941406,40.22999954223633,39.66999816894531,39.676666259765625,36.81040573120117,13457400
2019-12-24,39.709999084472656,39.866668701171875,39.66999816894531,39.836666107177734,36.95884323120117,6682200
2019-12-26,39.869998931884766,39.95000076293945,39.650001525878906,39.84000015258789,36.96194839477539,12671400
2019-12-27,39.97999954223633,39.97999954223633,39.75,39.86333465576172,36.983585357666016,10632000
2019-12-30,39.93333435058594,39.936668395996094,39.709999084472656,39.79999923706055,36.924835205078125,8837400
2019-12-31,39.83333206176758,39.93333435058594,39.39666748046875,39.61333465576172,36.75165557861328,14736000
2020-01-02,39.619998931884766,39.96333312988281,39.56666564941406,39.64666748046875,36.78258514404297,20294700
2020-01-03,39.42333221435547,39.5966682434082,39.1966667175293,39.29666519165039,36.457855224609375,16197600
2020-01-06,39.133331298828125,39.36333465576172,38.92333221435547,39.21666717529297,36.38365173339844,19336500
2020-01-07,39.086666107177734,39.17333221435547,38.733333587646484,38.85333251953125,36.04655456542969,20540700
2020-01-08,38.766666412353516,38.90999984741211,38.560001373291016,38.720001220703125,35.9228515625,17627400
2020-01-09,38.71666717529297,39.12333297729492,38.69333267211914,39.119998931884766,36.2939567565918,16691100
2020-01-10,39.08000183105469,39.11333465576172,38.65999984741211,38.793331146240234,35.99087142944336,18164400
2020-01-13,38.793331146240234,38.849998474121094,38.456668853759766,38.62666702270508,35.836265563964844,18337800
2020-01-14,38.4900016784668,38.73666763305664,38.37666702270508,38.72666549682617,35.929039001464844,19757400
2020-01-15,38.209999084472656,38.62333297729492,38.17333221435547,38.426666259765625,35.65071105957031,22362600
2020-01-16,38.5,38.643333435058594,38.426666259765625,38.633331298828125,35.84245300292969,16108200
2020-01-17,38.68333435058594,38.766666412353516,38.21333312988281,38.31999969482422,35.55175018310547,30135000
2020-01-21,38.1966667175293,38.563331604003906,38.17333221435547,38.529998779296875,35.746578216552734,22061100
2020-01-22,38.40666580200195,38.84333419799805,38.393333435058594,38.70000076293945,35.904293060302734,14778300
2020-01-23,38.73666763305664,38.77000045776367,38.3466682434082,38.60333251953125,35.81462097167969,12915300
2020-01-24,38.66666793823242,38.676666259765625,38.04999923706055,38.12333297729492,35.36928176879883,13150200
2020-01-27,37.72999954223633,38.74333190917969,37.560001373291016,38.619998931884766,35.830081939697266,21055200
2020-01-28,38.65999984741211,38.96666717529297,38.650001525878906,38.866668701171875,36.05892562866211,15810600
2020-01-29,38.85333251953125,39.040000915527344,38.630001068115234,38.630001068115234,35.83936309814453,11326500
2020-01-30,38.53666687011719,38.90666580200195,38.44333267211914,38.86000061035156,36.052738189697266,13744500
2020-01-31,38.599998474121094,38.753334045410156,37.96666717529297,38.163333892822266,35.406394958496094,23327400
2020-02-03,38.29999923706055,38.46333312988281,38.03333282470703,38.09000015258789,35.3383674621582,13041300
2020-02-04,38.413333892822266,38.746665954589844,38.29666519165039,38.42333221435547,35.64761734008789,15696600
2020-02-05,38.53333282470703,38.983333587646484,38.28333282470703,38.936668395996094,36.12386703491211,17048700
2020-02-06,38.94333267211914,39.07666778564453,38.686668395996094,38.77000045776367,35.96923828125,16058700
2020-02-07,38.70333480834961,38.91999816894531,38.586666107177734,38.81666564941406,36.01253890991211,11068800
2020-02-10,38.58333206176758,38.99333190917969,38.349998474121094,38.41666793823242,35.64142990112305,18434700
2020-02-11,38.47666549682617,38.5,38.14666748046875,38.46666717529297,35.687828063964844,17390400
2020-02-12,38.5,38.80666732788086,38.470001220703125,38.616668701171875,35.82699203491211,14206800
2020-02-13,38.616668701171875,39.18000030517578,38.526668548583984,39.14666748046875,36.31869888305664,15999600
2020-02-14,39.223331451416016,39.52333450317383,39.0533332824707,39.29666519165039,36.457855224609375,24391800
2020-02-18,39.4900016784668,39.983333587646484,39.119998931884766,39.87666702270508,36.9959602355957,34539600
2020-02-19,39.83333206176758,39.97999954223633,39.22666549682617,39.22666549682617,36.39291000366211,21563400
2020-02-20,39.06999969482422,39.369998931884766,38.95333480834961,39.22999954223633,36.3960075378418,15068700
2020-02-21,39.14666748046875,39.58333206176758,39.10333251953125,39.526668548583984,36.671241760253906,18726300
2020-02-24,39.1533317565918,39.48666763305664,38.650001525878906,38.77333450317383,35.97233200073242,19848000
2020-02-25,38.78333282470703,39.02333450317383,38.016666412353516,38.130001068115234,35.37548065185547,23292900
2020-02-26,38.233333587646484,38.38999938964844,37.883331298828125,37.926666259765625,35.18682861328125,20019900
2020-02-27,37.52000045776367,38.02333450317383,36.78333282470703,36.79999923706055,34.14155578613281,28476900
2020-02-28,35.89666748046875,36.17333221435547,34.790000915527344,35.893333435058594,33.30039596557617,52369200
2020-03-02,35.866668701171875,38.79999923706055,35.76333236694336,38.62666702270508,35.836265563964844,51222600
2020-03-03,38.69333267211914,39.176666259765625,37.4466667175293,37.63666534423828,34.91777801513672,33340800
2020-03-04,38.08000183105469,38.9466667175293,37.823333740234375,38.92333221435547,36.111507415771484,24625200
2020-03-05,38.133331298828125,39.08333206176758,37.970001220703125,38.63999938964844,35.8486328125,25638300
2020-03-06,37.956668853759766,39.3033332824707,37.66999816894531,39.07666778564453,36.253753662109375,29411100
2020-03-09,37.939998626708984,40.209999084472656,37.57666778564453,39.0533332824707,36.23209762573242,59243400
2020-03-10,39.366668701171875,40.22666549682617,38.30666732788086,39.93000030517578,37.04543685913086,37797300
2020-03-11,39.16999816894531,39.676666259765625,37.599998474121094,38.143333435058594,35.38783645629883,31620000
2020-03-12,35.34000015258789,37.163333892822266,34.32666778564453,34.68333435058594,32.17780303955078,56323200
2020-03-13,36.08000183105469,38.1966667175293,34.62666702270508,38.03333282470703,35.285789489746094,42962100
2020-03-16,35.06666564941406,37.11000061035156,34.0,35.586666107177734,33.015872955322266,36753900
2020-03-17,37.59000015258789,39.75666809082031,36.81999969482422,39.753334045410156,36.88154220581055,52806000
2020-03-18,38.33333206176758,42.69333267211914,38.16666793823242,40.86000061035156,37.908267974853516,77355900
2020-03-19,41.48666763305664,42.33333206176758,39.209999084472656,39.81666564941406,37.10374450683594,57100500
2020-03-20,39.83333206176758,40.93000030517578,37.29666519165039,37.9900016784668,35.40154266357422,55423500
2020-03-23,38.05666732788086,39.18000030517578,37.4033317565918,38.09333419799805,35.49784469604492,39366000
2020-03-24,38.62333297729492,39.12333297729492,37.10333251953125,38.34333419799805,35.730796813964844,42705000
2020-03-25,37.65666580200195,38.0,36.016666412353516,36.46666717529297,33.98200225830078,53287500
2020-03-26,36.46666717529297,36.956668853759766,35.616668701171875,36.606666564941406,34.112449645996094,58250700
2020-03-27,36.70333480834961,37.426666259765625,36.20000076293945,36.526668548583984,34.03791427612305,36160500
2020-03-30,37.28666687011719,38.599998474121094,36.97999954223633,38.39666748046875,35.78049850463867,29212500
2020-03-31,38.10333251953125,38.72999954223633,37.54666519165039,37.87333297729492,35.29283142089844,26258400
2020-04-01,37.383331298828125,38.5099983215332,37.266666412353516,38.04666519165039,35.454345703125,28269600
2020-04-02,37.72666549682617,39.70333480834961,37.4466667175293,39.54999923706055,36.855247497558594,29515500
2020-04-03,39.06999969482422,39.970001220703125,39.0099983215332,39.82666778564453,37.11307144165039,28625100
2020-04-06,39.686668395996094,42.130001068115234,39.64666748046875,42.02333450317383,39.160057067871094,47768700
2020-04-07,41.32666778564453,42.163333892822266,40.54666519165039,40.663333892822266,37.892723083496094,41369700
2020-04-08,41.22999954223633,41.27000045776367,40.1966667175293,40.61333465576172,37.846134185791016,27876600
2020-04-09,39.40666580200195,40.956668853759766,39.220001220703125,40.599998474121094,37.83371353149414,32828700
2020-04-13,40.42333221435547,41.88999938964844,40.38999938964844,41.766666412353516,38.92088317871094,24194100
2020-04-14,42.366668701171875,43.26333236694336,42.01333236694336,43.0,40.0701789855957,34098900
2020-04-15,43.0,43.293331146240234,42.37333297729492,42.91999816894531,39.995628356933594,22435200
2020-04-16,43.0,44.30666732788086,42.75,44.11000061035156,41.10455322265625,31882200
2020-04-17,43.82666778564453,44.323333740234375,43.24333190917969,44.040000915527344,41.03932189941406,30915300
2020-04-20,44.130001068115234,44.459999084472656,43.253334045410156,43.28333282470703,40.33421325683594,24401700
2020-04-21,43.356666564941406,43.676666259765625,42.720001220703125,43.06999969482422,40.135414123535156,27900600
2020-04-22,43.33333206176758,44.12666702270508,42.96666717529297,43.86333465576172,40.874698638916016,19448100
2020-04-23,43.28333282470703,43.6966667175293,42.57666778564453,42.84333419799805,39.9241943359375,28839900
2020-04-24,43.116668701171875,43.29666519165039,42.85333251953125,43.14666748046875,40.20685958862305,17343600
2020-04-27,43.33333206176758,43.436668395996094,42.723331451416016,42.766666412353516,39.852752685546875,17923800
2020-04-28,42.7599983215332,43.413333892822266,42.56666564941406,42.66666793823242,39.75956344604492,20732100
2020-04-29,41.856666564941406,41.91999816894531,40.849998474121094,41.20000076293945,38.392822265625,44612100
2020-04-30,41.026668548583984,41.14666748046875,40.3466682434082,40.516666412353516,37.75605392456055,40497900
2020-05-01,40.49333190917969,41.22999954223633,40.2599983215332,40.973331451416016,38.181602478027344,31143900
2020-05-04,41.279998779296875,41.46666717529297,40.56999969482422,41.233333587646484,38.42388916015625,17807700
2020-05-05,41.266666412353516,41.753334045410156,41.086666107177734,41.57666778564453,38.74382781982422,19337400
2020-05-06,41.73666763305664,41.83000183105469,40.95000076293945,41.099998474121094,38.29963684082031,17309100
2020-05-07,41.1533317565918,41.32666778564453,40.5,40.630001068115234,38.0282096862793,27345600
2020-05-08,40.91666793823242,41.003334045410156,40.540000915527344,40.97999954223633,38.355796813964844,20830800
2020-05-11,41.01333236694336,41.436668395996094,41.003334045410156,41.223331451416016,38.583553314208984,25341900
2020-05-12,41.49333190917969,41.88666534423828,41.2599983215332,41.2599983215332,38.617862701416016,19100100
2020-05-13,41.16666793823242,42.08000183105469,41.029998779296875,41.23666763305664,38.59602737426758,29175300
2020-05-14,41.616668701171875,41.709999084472656,40.43333435058594,41.13999938964844,38.50556182861328,22233000
2020-05-15,41.15666580200195,41.97999954223633,41.029998779296875,41.97999954223633,39.29176712036133,31770000
2020-05-18,42.5,42.85333251953125,42.03333282470703,42.5533332824707,39.82838439941406,38633700
2020-05-19,43.91666793823242,43.996665954589844,41.60333251953125,41.650001525878906,38.98289108276367,74746200
2020-05-20,42.163333892822266,42.1966667175293,41.543331146240234,41.81666564941406,39.138885498046875,32246400
2020-05-21,41.630001068115234,42.04666519165039,41.41666793823242,41.663333892822266,38.99537658691406,22448100
2020-05-22,41.70000076293945,41.78333282470703,41.25666809082031,41.44333267211914,38.789459228515625,22359600
2020-05-26,41.4466667175293,41.836666107177734,41.209999084472656,41.28666687011719,38.642826080322266,23730600
2020-05-27,41.323333740234375,41.496665954589844,40.34333419799805,40.82666778564453,38.212284088134766,31073700
2020-05-28,41.2400016784668,41.650001525878906,41.0533332824707,41.22999954223633,38.58979797363281,24424800
2020-05-29,41.413333892822266,41.56999969482422,40.643333435058594,41.35333251953125,38.70521545410156,29311200
2020-06-01,41.14666748046875,41.470001220703125,40.78666687011719,41.31999969482422,38.67403030395508,20550300
2020-06-02,41.1966667175293,41.383331298828125,40.936668395996094,41.313331604003906,38.667789459228516,19187700
2020-06-03,41.29999923706055,41.33000183105469,40.88666534423828,41.15666580200195,38.52115249633789,20262900
2020-06-04,40.93333435058594,41.29666519165039,40.606666564941406,40.70333480834961,38.09685516357422,24015000
2020-06-05,40.856666564941406,40.893333435058594,39.970001220703125,40.52000045776367,37.925254821777344,39337200
2020-06-08,39.86000061035156,40.413333892822266,39.81999969482422,40.413333892822266,37.82542419433594,28344300
2020-06-09,40.53333282470703,40.66666793823242,40.186668395996094,40.45000076293945,37.859745025634766,20746200
2020-06-10,40.52000045776367,40.83333206176758,40.37666702270508,40.38666534423828,37.80046844482422,28141500
2020-06-11,40.33000183105469,40.86000061035156,39.82666778564453,40.029998779296875,37.46663284301758,34162800
2020-06-12,40.16999816894531,40.25,39.02000045776367,39.246665954589844,36.73345184326172,32359200
2020-06-15,39.46666717529297,39.560001373291016,39.003334045410156,39.36000061035156,36.839542388916016,32703300
2020-06-16,39.93333435058594,40.07666778564453,39.51333236694336,39.883331298828125,37.32935333251953,25167600
2020-06-17,39.95333480834961,40.043331146240234,39.46666717529297,39.676666259765625,37.135929107666016,20166900
2020-06-18,39.51333236694336,39.686668395996094,39.220001220703125,39.33000183105469,36.811458587646484,20070000
2020-06-19,39.630001068115234,40.099998474121094,39.25,39.95000076293945,37.39175796508789,40078800
2020-06-22,40.323333740234375,40.6966667175293,40.133331298828125,40.560001373291016,37.96269989013672,27338400
2020-06-23,40.91666793823242,40.95000076293945,40.31999969482422,40.356666564941406,37.77238082885742,19727700
2020-06-24,40.246665954589844,40.37333297729492,39.86000061035156,40.099998474121094,37.53215408325195,20614800
2020-06-25,39.91999816894531,40.0533332824707,39.459999084472656,39.9033317565918,37.348079681396484,20569800
2020-06-26,39.866668701171875,40.279998779296875,39.34000015258789,39.439998626708984,36.91441345214844,26991600
2020-06-29,39.5,39.893333435058594,39.40666580200195,39.686668395996094,37.145286560058594,16511400
2020-06-30,39.7400016784668,40.043331146240234,39.51333236694336,39.926666259765625,37.36991500854492,20509200
2020-07-01,39.81666564941406,39.973331451416016,39.5533332824707,39.89666748046875,37.34183883666992,19733700
2020-07-02,40.029998779296875,40.293331146240234,39.619998931884766,39.73666763305664,37.19209671020508,17695800
2020-07-06,39.93333435058594,39.956668853759766,39.40666580200195,39.630001068115234,37.09225082397461,21695100
2020-07-07,39.483333587646484,42.516666412353516,39.40666580200195,42.31666564941406,39.606868743896484,93458100
2020-07-08,42.66666793823242,42.709999084472656,41.46666717529297,41.47999954223633,38.82378387451172,52217100
2020-07-09,41.869998931884766,42.72666549682617,41.650001525878906,42.58333206176758,39.85646057128906,42771600
2020-07-10,42.913333892822266,43.790000915527344,42.41999816894531,43.560001373291016,40.77058792114258,44236800
2020-07-13,43.776668548583984,44.543331146240234,42.96333312988281,43.17333221435547,40.4086799621582,42338400
2020-07-14,43.09333419799805,44.16666793823242,43.0099983215332,44.003334045410156,41.18552780151367,26455800
2020-07-15,44.09000015258789,44.709999084472656,43.599998474121094,44.0,41.18241500854492,31731300
2020-07-16,44.016666412353516,44.24333190917969,43.746665954589844,44.06666564941406,41.244808197021484,17676600
2020-07-17,44.456668853759766,44.456668853759766,43.823333740234375,43.913333892822266,41.10129165649414,18189600
2020-07-20,43.98666763305664,44.246665954589844,43.71333312988281,43.823333740234375,41.017059326171875,18342600
2020-07-21,43.85333251953125,44.663333892822266,43.81666564941406,44.11000061035156,41.28536605834961,21712500
2020-07-22,44.189998626708984,44.34333419799805,43.72999954223633,44.220001220703125,41.38832473754883,16164600
2020-07-23,44.33333206176758,44.383331298828125,43.77000045776367,43.880001068115234,41.070098876953125,16796400
2020-07-24,43.650001525878906,44.133331298828125,43.503334045410156,43.746665954589844,40.94529342651367,13037400
2020-07-27,43.619998931884766,43.99333190917969,43.619998931884766,43.73666763305664,40.935943603515625,14045700
2020-07-28,43.83333206176758,44.12666702270508,43.63999938964844,43.91999816894531,41.10752487182617,14414100
2020-07-29,43.85333251953125,43.95333480834961,43.28333282470703,43.563331604003906,40.77369689941406,14223300
2020-07-30,43.13999938964844,43.473331451416016,42.90666580200195,43.37333297729492,40.59587097167969,13788300
2020-07-31,43.21666717529297,43.36333465576172,42.540000915527344,43.133331298828125,40.37124252319336,21631500
2020-08-03,43.3033332824707,43.37333297729492,42.75666809082031,43.099998474121094,40.34003829956055,14971500
2020-08-04,43.21666717529297,43.9033317565918,42.97999954223633,43.880001068115234,41.070098876953125,18219600
2020-08-05,43.483333587646484,43.58333206176758,42.94333267211914,43.27000045776367,40.499149322509766,25483500
2020-08-06,43.043331146240234,43.40999984741211,43.0099983215332,43.116668701171875,40.35564422607422,14496300
2020-08-07,43.19333267211914,43.48666763305664,43.03666687011719,43.323333740234375,40.549076080322266,16558500
2020-08-10,43.413333892822266,44.11333465576172,43.21666717529297,43.959999084472656,41.14497375488281,17683200
2020-08-11,44.1966667175293,44.290000915527344,43.24333190917969,43.400001525878906,40.6208381652832,25360200
2020-08-12,43.4900016784668,44.07666778564453,43.026668548583984,43.96333312988281,41.14809036254883,19094400
2020-08-13,43.73666763305664,43.98666763305664,43.57666778564453,43.95000076293945,41.304725646972656,19867200
2020-08-14,44.11333465576172,44.323333740234375,43.87666702270508,44.20000076293945,41.5396842956543,20106300
2020-08-17,44.78333282470703,45.37666702270508,44.616668701171875,45.20000076293945,42.479488372802734,39465000
2020-08-18,45.38999938964844,45.87666702270508,44.38999938964844,44.9033317565918,42.200679779052734,80232600
2020-08-19,44.73666763305664,44.88666534423828,43.95000076293945,44.13666534423828,41.480159759521484,38155200
2020-08-20,43.73666763305664,44.02333450317383,43.349998474121094,43.52333450317383,40.903743743896484,26810700
2020-08-21,43.516666412353516,44.223331451416016,43.366668701171875,43.87666702270508,41.235809326171875,24864000
2020-08-24,44.08333206176758,44.15999984741211,43.44333267211914,43.776668548583984,41.14182662963867,19813800
2020-08-25,43.599998474121094,43.746665954589844,43.223331451416016,43.543331146240234,40.92252731323242,21722400
2020-08-26,43.4033317565918,43.62666702270508,43.233333587646484,43.56666564941406,40.94446563720703,18814800
2020-08-27,43.69333267211914,46.45000076293945,43.633331298828125,45.543331146240234,42.802162170410156,119018700
2020-08-28,47.0,47.02333450317383,45.9466667175293,46.766666412353516,43.95186996459961,64050900
2020-08-31,45.82666778564453,46.29666519165039,45.176666259765625,46.28333282470703,43.49761962890625,45236400
2020-09-01,47.06666564941406,49.86333465576172,46.68333435058594,49.1966667175293,46.23560333251953,106798200
2020-09-02,50.41666793823242,50.44333267211914,48.53666687011719,49.22666549682617,46.263797760009766,51666000
2020-09-03,48.900001525878906,49.866668701171875,47.27000045776367,48.18000030517578,45.28013610839844,48015000
2020-09-04,48.00666809082031,48.3466682434082,46.70000076293945,47.61000061035156,44.74443054199219,33982200
2020-09-08,47.13666534423828,47.29999923706055,46.086666107177734,46.150001525878906,43.372310638427734,33966900
2020-09-09,46.6966667175293,47.53666687011719,46.483333587646484,46.630001068115234,43.82342529296875,33669000
2020-09-10,46.686668395996094,46.8466682434082,45.529998779296875,45.60333251953125,42.858543395996094,33709200
2020-09-11,45.68333435058594,46.14666748046875,45.18333435058594,45.56666564941406,42.8240852355957,28879800
2020-09-14,45.380001068115234,47.03333282470703,45.293331146240234,45.77333450317383,43.01831817626953,45733800
2020-09-15,46.07666778564453,46.36000061035156,45.560001373291016,45.78666687011719,43.030853271484375,30427800
2020-09-16,46.13666534423828,46.22666549682617,45.349998474121094,45.41999816894531,42.686241149902344,27860400
2020-09-17,45.143333435058594,45.856666564941406,45.00666809082031,45.563331604003906,42.820960998535156,37245000
2020-09-18,45.47999954223633,45.84333419799805,44.91666793823242,45.0966682434082,42.38238525390625,54709200
2020-09-21,45.5,45.746665954589844,45.0966682434082,45.689998626708984,42.939998626708984,47275500
2020-09-22,45.689998626708984,46.33000183105469,45.52333450317383,46.10333251953125,43.328453063964844,33102000
2020-09-23,46.33333206176758,46.413333892822266,45.27333450317383,45.33000183105469,42.60166549682617,23133300
2020-09-24,45.24333190917969,45.93000030517578,45.02333450317383,45.56666564941406,42.8240852355957,29453100
2020-09-25,45.50666809082031,45.8466682434082,45.31999969482422,45.75666809082031,43.002655029296875,22618800
2020-09-28,45.720001220703125,46.016666412353516,45.573333740234375,45.75,42.99638748168945,21197100
2020-09-29,45.75,46.04666519165039,45.46333312988281,45.71333312988281,42.9619255065918,27702900
2020-09-30,45.79666519165039,47.246665954589844,45.733333587646484,46.63666534423828,43.829689025878906,34826400
2020-10-01,46.93333435058594,48.12666702270508,46.753334045410156,47.69333267211914,44.822750091552734,43290900
2020-10-02,47.4466667175293,47.70000076293945,46.709999084472656,46.83333206176758,44.01451873779297,24585000
2020-10-05,47.0966682434082,47.39666748046875,47.02333450317383,47.266666412353516,44.42176818847656,14259000
2020-10-06,47.290000915527344,47.64666748046875,46.75,46.87666702270508,44.055240631103516,21475500
2020-10-07,47.086666107177734,47.18333435058594,46.75,46.96333312988281,44.13669204711914,16949100
2020-10-08,47.16999816894531,47.36333465576172,47.040000915527344,47.119998931884766,44.28392028808594,14676900
2020-10-09,47.220001220703125,47.779998779296875,47.186668395996094,47.59333419799805,44.72877502441406,14494800
2020-10-12,47.67333221435547,48.46333312988281,47.67333221435547,48.08333206176758,45.18928146362305,18402300
2020-10-13,48.22666549682617,48.866668701171875,48.119998931884766,48.74333190917969,45.8095588684082,23800200
2020-10-14,48.79999923706055,48.84333419799805,47.91999816894531,47.97999954223633,45.0921745300293,19710900
2020-10-15,47.6966667175293,48.31999969482422,47.61333465576172,48.176666259765625,45.27699661254883,13692600
2020-10-16,48.46666717529297,48.71666717529297,48.15666580200195,48.23666763305664,45.33338165283203,16935000
2020-10-19,48.366668701171875,48.456668853759766,47.58333206176758,47.650001525878906,44.78202819824219,14643300
2020-10-20,48.03666687011719,48.5099983215332,47.87333297729492,47.96666717529297,45.07963943481445,14523000
2020-10-21,47.9466667175293,48.57666778564453,47.9466667175293,48.133331298828125,45.23626708984375,13114200
2020-10-22,48.063331604003906,48.186668395996094,47.563331604003906,47.849998474121094,44.96998596191406,13344000
2020-10-23,47.9900016784668,48.04666519165039,47.616668701171875,47.95000076293945,45.0639762878418,10540500
2020-10-26,47.61333465576172,47.706668853759766,46.97999954223633,47.38666534423828,44.534549713134766,16111800
2020-10-27,47.349998474121094,47.900001525878906,47.323333740234375,47.62333297729492,44.75696563720703,11831100
2020-10-28,46.98666763305664,47.37666702270508,46.62666702270508,46.68000030517578,43.87041473388672,16849200
2020-10-29,46.66666793823242,47.03666687011719,46.233333587646484,46.63999938964844,43.83281707763672,15153900
2020-10-30,46.393333435058594,46.6966667175293,45.790000915527344,46.25,43.4662971496582,18601800
2020-11-02,46.86333465576172,46.936668395996094,46.34333419799805,46.79999923706055,43.98318862915039,16575600
2020-11-03,47.21666717529297,48.0533332824707,47.189998626708984,47.59333419799805,44.72877502441406,15413100
2020-11-04,47.189998626708984,48.130001068115234,47.11333465576172,47.31999969482422,44.47188949584961,17927400
2020-11-05,48.0,48.07666778564453,47.64666748046875,47.823333740234375,44.94493103027344,14202600
2020-11-06,48.119998931884766,48.7400016784668,47.849998474121094,48.59000015258789,45.66545486450195,16198500
2020-11-09,49.33333206176758,49.400001525878906,47.82666778564453,47.8466682434082,44.966861724853516,28198500
2020-11-10,47.91666793823242,48.813331604003906,47.84333419799805,48.52000045776367,45.59966278076172,18199200
2020-11-11,48.973331451416016,49.6533317565918,48.79999923706055,49.32666778564453,46.35777282714844,18805800
2020-11-12,49.49333190917969,49.56999969482422,49.03333282470703,49.40999984741211,46.43610382080078,12564300
2020-11-13,49.64666748046875,50.313331604003906,49.17333221435547,50.18000030517578,47.15974426269531,19738200
2020-11-16,50.176666259765625,51.133331298828125,49.7599983215332,50.813331604003906,47.75496292114258,34560300
2020-11-17,50.16666793823242,51.08000183105469,49.72666549682617,49.790000915527344,46.79322814941406,42711600
2020-11-18,49.95333480834961,50.55666732788086,49.68333435058594,49.6966667175293,46.70551300048828,24936900
2020-11-19,49.81999969482422,50.81666564941406,49.77333450317383,50.706668853759766,47.654720306396484,18590700
2020-11-20,50.38999938964844,50.91999816894531,49.936668395996094,50.08000183105469,47.06576919555664,21937200
2020-11-23,50.12333297729492,50.46666717529297,49.790000915527344,50.310001373291016,47.28194046020508,18557100
2020-11-24,50.58000183105469,50.65999984741211,50.09000015258789,50.45333480834961,47.4166374206543,17155200
2020-11-25,50.41666793823242,50.79666519165039,50.4033317565918,50.61000061035156,47.56387710571289,13833300
2020-11-27,50.71666717529297,50.90666580200195,50.366668701171875,50.53333282470703,47.491817474365234,10999500
2020-11-30,50.53333282470703,50.983333587646484,50.03333282470703,50.93000030517578,47.86461639404297,32695500
2020-12-01,51.20000076293945,51.220001220703125,50.5533332824707,50.880001068115234,47.81761932373047,22935300
2020-12-02,50.66666793823242,50.87333297729492,49.84333419799805,50.17333221435547,47.15349197387695,23547000
2020-12-03,50.09333419799805,50.09333419799805,49.46333312988281,49.766666412353516,46.771297454833984,25725900
2020-12-04,49.836666107177734,49.836666107177734,49.19333267211914,49.63666534423828,46.64910888671875,20889300
2020-12-07,49.48666763305664,49.663333892822266,49.0533332824707,49.369998931884766,46.39850997924805,18479100
2020-12-08,49.119998931884766,49.95000076293945,49.060001373291016,49.81666564941406,46.81829071044922,20716500
2020-12-09,50.0,50.0,49.29666519165039,49.42333221435547,46.448631286621094,20139600
2020-12-10,49.25,49.383331298828125,48.856666564941406,49.01333236694336,46.231685638427734,20652300
2020-12-11,48.973331451416016,49.16999816894531,48.64666748046875,49.0,46.21910858154297,16860900
2020-12-14,49.233333587646484,49.2400016784668,48.46666717529297,48.54999923706055,45.79464340209961,25088100
2020-12-15,48.50666809082031,48.78666687011719,48.28666687011719,48.526668548583984,45.77263641357422,31871400
2020-12-16,48.746665954589844,48.96333312988281,48.36000061035156,48.47666549682617,45.7254753112793,25650900
2020-12-17,48.686668395996094,48.813331604003906,48.383331298828125,48.70000076293945,45.93613815307617,30679500
2020-12-18,48.87333297729492,49.060001373291016,48.38666534423828,48.650001525878906,45.88896560668945,41384100
2020-12-21,48.5,48.88999938964844,48.35333251953125,48.65666580200195,45.895267486572266,25553100
2020-12-22,48.383331298828125,48.74333190917969,47.71333312988281,48.06666564941406,45.3387336730957,37599000
2020-12-23,47.8466682434082,48.073333740234375,47.43333435058594,47.7400016784668,45.03061294555664,20430600
2020-12-24,47.8466682434082,48.130001068115234,47.72666549682617,47.83333206176758,45.118656158447266,9054600
2020-12-28,48.01333236694336,48.43333435058594,47.776668548583984,48.40666580200195,45.65944290161133,19344900
2020-12-29,48.54666519165039,48.616668701171875,47.86333465576172,48.099998474121094,45.37019348144531,17938200
2020-12-30,48.293331146240234,48.383331298828125,47.97999954223633,48.060001373291016,45.332454681396484,18751200
2020-12-31,48.06666564941406,48.09000015258789,47.616668701171875,48.04999923706055,45.32301712036133,17814000
2021-01-04,48.099998474121094,48.96333312988281,48.09333419799805,48.84333419799805,46.07133102416992,32182200
2021-01-05,48.866668701171875,49.02333450317383,48.163333892822266,48.58333206176758,45.826087951660156,26498100
2021-01-06,48.36333465576172,49.366668701171875,48.336666107177734,48.88666534423828,46.11220169067383,21918900
2021-01-07,49.206668853759766,49.253334045410156,48.68000030517578,48.883331298828125,46.10906219482422,20538000
2021-01-08,48.959999084472656,49.0,48.60333251953125,48.87666702270508,46.10277557373047,24478200
2021-01-11,48.66666793823242,49.33000183105469,48.66666793823242,49.0966682434082,46.3102912902832,26264400
2021-01-12,49.66666793823242,49.97666549682617,49.439998626708984,49.65666580200195,46.83850860595703,23373300
2021-01-13,49.58333206176758,49.689998626708984,49.143333435058594,49.150001525878906,46.36058807373047,16069500
2021-01-14,49.27333450317383,49.33333206176758,48.68000030517578,48.9900016784668,46.20967102050781,23017200
2021-01-15,48.380001068115234,48.633331298828125,47.88999938964844,48.21333312988281,45.47708511352539,35920500
2021-01-19,48.21333312988281,48.356666564941406,47.55666732788086,47.79666519165039,45.08406066894531,24123600
2021-01-20,47.86333465576172,48.5533332824707,47.630001068115234,48.503334045410156,45.7506217956543,23775600
2021-01-21,48.45333480834961,48.57666778564453,48.06999969482422,48.28333282470703,45.54310607910156,14325900
2021-01-22,48.53333282470703,49.11333465576172,48.37333297729492,48.776668548583984,46.00844955444336,19219500
2021-01-25,48.45333480834961,48.75,48.09000015258789,48.733333587646484,45.96757888793945,19031100
2021-01-26,48.543331146240234,49.27000045776367,48.4900016784668,49.16999816894531,46.37945556640625,15031500
2021-01-27,48.98666763305664,49.28666687011719,47.849998474121094,47.9466667175293,45.225555419921875,29910300
2021-01-28,48.1533317565918,48.753334045410156,47.87666702270508,47.91666793823242,45.19725799560547,22301700
2021-01-29,47.72666549682617,47.91666793823242,46.78333282470703,46.83000183105469,44.172264099121094,32509200
2021-02-01,46.970001220703125,47.163333892822266,46.39666748046875,46.42333221435547,43.788673400878906,25945200
2021-02-02,46.586666107177734,47.383331298828125,46.47999954223633,46.92333221435547,44.26029586791992,27002400
2021-02-03,46.88666534423828,47.349998474121094,46.87666702270508,47.06666564941406,44.3954963684082,14966700
2021-02-04,47.26333236694336,47.72666549682617,47.086666107177734,47.5099983215332,44.813655853271484,17346300
2021-02-05,47.81999969482422,48.28333282470703,47.5099983215332,48.119998931884766,45.38905715942383,20451600
2021-02-08,48.27000045776367,48.526668548583984,48.1533317565918,48.34333419799805,45.599708557128906,15825300
2021-02-09,48.19333267211914,48.77333450317383,48.19333267211914,48.61000061035156,45.85123825073242,15906900
2021-02-10,48.61000061035156,48.633331298828125,47.8466682434082,48.043331146240234,45.31673812866211,18576900
2021-02-11,48.04666519165039,48.31666564941406,47.9033317565918,48.00666809082031,45.28215026855469,12791400
2021-02-12,48.0533332824707,48.20333480834961,47.88999938964844,48.15666580200195,45.42362594604492,13423500
2021-02-16,48.64666748046875,48.79666519165039,48.310001373291016,48.5533332824707,45.79778289794922,27891000
2021-02-17,48.21666717529297,49.16666793823242,48.16666793823242,49.06666564941406,46.28199005126953,25571100
2021-02-18,46.33333206176758,46.900001525878906,45.83333206176758,45.88666534423828,43.2824592590332,96927300
2021-02-19,45.93333435058594,46.473331451416016,45.88999938964844,46.11333465576172,43.49626922607422,36606000
2021-02-22,45.913333892822266,46.11333465576172,45.41666793823242,45.89666748046875,43.291900634765625,32106600
2021-02-23,45.70333480834961,45.79666519165039,45.02000045776367,45.15666580200195,42.59389114379883,31300200
2021-02-24,45.290000915527344,45.38666534423828,44.349998474121094,44.4033317565918,41.8833122253418,46565700
2021-02-25,44.366668701171875,44.66999816894531,43.82666778564453,43.983333587646484,41.48714828491211,33324600
2021-02-26,43.82666778564453,43.936668395996094,43.28666687011719,43.30666732788086,40.84889221191406,42470700
2021-03-01,43.86000061035156,44.189998626708984,43.709999084472656,43.790000915527344,41.304786682128906,34634400
2021-03-02,43.836666107177734,44.25,43.336666107177734,43.369998931884766,40.908626556396484,29230800
2021-03-03,43.16666793823242,43.310001373291016,42.516666412353516,42.529998779296875,40.11629867553711,41837400
2021-03-04,42.619998931884766,43.19333267211914,42.09333419799805,42.5099983215332,40.09743118286133,45348000
2021-03-05,42.276668548583984,43.25,42.25,43.040000915527344,40.59736251831055,34073700
2021-03-08,43.11000061035156,43.279998779296875,42.60333251953125,42.62666702270508,40.20747756958008,40988400
2021-03-09,42.93333435058594,43.293331146240234,42.77333450317383,42.96333312988281,40.52503967285156,31988700
2021-03-10,42.95333480834961,44.349998474121094,42.823333740234375,44.060001373291016,41.55947494506836,44929200
2021-03-11,44.45333480834961,44.496665954589844,43.84333419799805,44.043331146240234,41.543739318847656,35489700
2021-03-12,44.17333221435547,44.84000015258789,44.026668548583984,44.706668853759766,42.16943359375,28437600
2021-03-15,44.913333892822266,44.91666793823242,44.27333450317383,44.47666549682617,41.952484130859375,25071900
2021-03-16,44.27333450317383,44.7599983215332,44.27333450317383,44.46333312988281,41.939910888671875,19881000
2021-03-17,44.16666793823242,44.380001068115234,43.99333190917969,44.09333419799805,41.590904235839844,24156300
2021-03-18,43.720001220703125,43.983333587646484,43.310001373291016,43.336666107177734,41.047847747802734,29815500
2021-03-19,43.37666702270508,44.16666793823242,43.29999923706055,43.913333892822266,41.59406280517578,57703500
2021-03-22,43.66666793823242,44.150001525878906,43.663333892822266,44.12333297729492,41.79297637939453,24654000
2021-03-23,43.9033317565918,44.766666412353516,43.87666702270508,44.64666748046875,42.288665771484375,29154900
2021-03-24,44.810001373291016,44.810001373291016,44.349998474121094,44.369998931884766,42.026607513427734,23547300
2021-03-25,44.41999816894531,44.84333419799805,44.290000915527344,44.66999816894531,42.310768127441406,28125900
2021-03-26,44.66666793823242,45.06666564941406,44.473331451416016,45.043331146240234,42.66437530517578,28653600
2021-03-29,45.0,45.66999816894531,44.866668701171875,45.55666732788086,43.150611877441406,30146400
2021-03-30,45.44333267211914,45.86333465576172,45.15666580200195,45.246665954589844,42.85698699951172,27230100
2021-03-31,45.18333435058594,45.619998931884766,44.98666763305664,45.276668548583984,42.885398864746094,24546000
2021-04-01,45.313331604003906,45.630001068115234,45.11000061035156,45.206668853759766,42.819091796875,25595100
2021-04-05,45.573333740234375,46.720001220703125,45.400001525878906,46.47666549682617,44.02202224731445,40043100
2021-04-06,46.369998931884766,46.983333587646484,46.17333221435547,46.70000076293945,44.23355484008789,31044600
2021-04-07,46.766666412353516,46.91666793823242,46.54999923706055,46.599998474121094,44.13883590698242,20361600
2021-04-08,46.81666564941406,47.040000915527344,46.5533332824707,46.56999969482422,44.11042404174805,19095600
2021-04-09,46.543331146240234,46.6966667175293,46.23666763305664,46.59333419799805,44.13252258300781,20676600
2021-04-12,46.689998626708984,46.793331146240234,46.4466667175293,46.599998474121094,44.13883590698242,18723000
2021-04-13,46.599998474121094,46.66666793823242,46.290000915527344,46.456668853759766,44.003082275390625,17397900
2021-04-14,46.37333297729492,46.48666763305664,46.13999938964844,46.439998626708984,43.98728561401367,21924600
2021-04-15,46.46666717529297,46.823333740234375,46.400001525878906,46.720001220703125,44.25250244140625,21710400
2021-04-16,46.96333312988281,46.98666763305664,46.56999969482422,46.869998931884766,44.39457321166992,26488500
2021-04-19,46.76333236694336,46.856666564941406,46.53666687011719,46.56999969482422,44.11042404174805,19281000
2021-04-20,46.473331451416016,47.25666809082031,46.27333450317383,46.93000030517578,44.45140838623047,24452100
2021-04-21,46.92333221435547,47.233333587646484,46.84333419799805,47.06666564941406,44.58085632324219,17335200
2021-04-22,47.026668548583984,47.150001525878906,46.473331451416016,46.55666732788086,44.09779357910156,19705200
2021-04-23,46.366668701171875,46.779998779296875,46.34333419799805,46.633331298828125,44.17040252685547,22971000
2021-04-26,46.63666534423828,46.66666793823242,45.880001068115234,45.970001220703125,43.5421142578125,22846200
2021-04-27,46.0,46.31666564941406,45.849998474121094,46.12666702270508,43.69050598144531,16151400
2021-04-28,46.116668701171875,46.1966667175293,45.956668853759766,45.96333312988281,43.535804748535156,14286600
2021-04-29,45.96666717529297,46.66666793823242,45.96666717529297,46.543331146240234,44.08516311645508,19596000
2021-04-30,46.56999969482422,46.663333892822266,46.369998931884766,46.63666534423828,44.17356491088867,19680000
2021-05-03,46.560001373291016,47.58000183105469,46.560001373291016,47.37333297729492,44.87133026123047,27139500
2021-05-04,47.18000030517578,47.34333419799805,46.70000076293945,46.90666580200195,44.42930603027344,19084200
2021-05-05,46.9033317565918,47.06666564941406,46.75,46.866668701171875,44.39141845703125,18351000
2021-05-06,46.66666793823242,47.119998931884766,46.483333587646484,47.016666412353516,44.70838928222656,16302000
2021-05-07,47.209999084472656,47.2400016784668,46.439998626708984,46.733333587646484,44.438968658447266,23408400
2021-05-10,46.81666564941406,47.36000061035156,46.77000045776367,46.939998626708984,44.63547897338867,26307600
2021-05-11,46.956668853759766,46.956668853759766,46.106666564941406,46.516666412353516,44.23293685913086,26464200
2021-05-12,46.290000915527344,46.32666778564453,45.3033332824707,45.313331604003906,43.088680267333984,25998300
2021-05-13,45.40999984741211,46.32666778564453,45.253334045410156,46.08000183105469,43.81770706176758,21475200
2021-05-14,46.27000045776367,46.746665954589844,46.143333435058594,46.50666809082031,44.223426818847656,16091700
2021-05-17,46.66666793823242,46.79999923706055,46.25666809082031,46.29666519165039,44.023738861083984,19675800
2021-05-18,47.836666107177734,48.19333267211914,47.06999969482422,47.3033332824707,44.98097229003906,58183800
2021-05-19,46.9033317565918,47.90666580200195,46.83333206176758,47.30666732788086,44.98414993286133,34874700
2021-05-20,47.16666793823242,47.62333297729492,46.900001525878906,47.473331451416016,45.142635345458984,30540900
2021-05-21,47.50666809082031,47.69333267211914,47.20000076293945,47.25,44.930259704589844,22927500
2021-05-24,47.253334045410156,47.473331451416016,47.119998931884766,47.253334045410156,44.93343734741211,18945900
2021-05-25,47.266666412353516,47.54666519165039,47.02333450317383,47.4466667175293,45.11727523803711,21505200
2021-05-26,47.46333312988281,47.62666702270508,47.253334045410156,47.38999938964844,45.06338882446289,19294200
2021-05-27,47.78333282470703,47.893333435058594,47.22999954223633,47.22999954223633,44.91123962402344,56577000
2021-05-28,47.310001373291016,47.483333587646484,47.21333312988281,47.34333419799805,45.019012451171875,21186300
2021-06-01,47.4033317565918,47.599998474121094,47.09000015258789,47.220001220703125,44.90174102783203,20767500
2021-06-02,47.130001068115234,47.23666763305664,46.6966667175293,47.116668701171875,44.80347442626953,23298000
2021-06-03,47.130001068115234,47.28333282470703,46.91666793823242,47.20000076293945,44.882720947265625,18374400
2021-06-04,47.1533317565918,47.43000030517578,47.08333206176758,47.28333282470703,44.96195602416992,13635900
2021-06-07,47.28333282470703,47.323333740234375,46.79666519165039,46.96666717529297,44.66083526611328,16630800
2021-06-08,46.836666107177734,46.96666717529297,46.60333251953125,46.61000061035156,44.32168960571289,20120700
2021-06-09,46.4466667175293,46.66999816894531,46.34333419799805,46.36000061035156,44.08396530151367,17085300
2021-06-10,46.36000061035156,46.72999954223633,46.36000061035156,46.62666702270508,44.33753204345703,16378500
2021-06-11,46.74333190917969,46.95000076293945,46.619998931884766,46.91666793823242,44.61329650878906,25232400
2021-06-14,46.97666549682617,46.97666549682617,46.676666259765625,46.85333251953125,44.55306625366211,15140700
2021-06-15,46.9466667175293,46.970001220703125,46.5533332824707,46.66666793823242,44.375572204589844,19327200
2021-06-16,46.616668701171875,46.68000030517578,45.65666580200195,45.71666717529297,43.47220993041992,28794900
2021-06-17,45.66666793823242,46.116668701171875,45.56999969482422,45.90666580200195,43.65288162231445,19341900
2021-06-18,45.14666748046875,45.46333312988281,44.79999923706055,45.05666732788086,42.84461212158203,44812800
2021-06-21,45.220001220703125,45.58333206176758,45.116668701171875,45.46666717529297,43.2344856262207,20775000
2021-06-22,45.40999984741211,45.90666580200195,45.40999984741211,45.676666259765625,43.43417739868164,19107000
2021-06-23,45.5,45.663333892822266,45.310001373291016,45.31999969482422,43.09501647949219,19390500
2021-06-24,45.38999938964844,45.746665954589844,45.366668701171875,45.63666534423828,43.39613723754883,23444100
2021-06-25,45.709999084472656,46.28666687011719,45.63999938964844,46.176666259765625,43.90962600708008,28640700
2021-06-28,46.01333236694336,46.21333312988281,45.53333282470703,46.03333282470703,43.7733268737793,15549000
2021-06-29,45.96666717529297,46.15666580200195,45.74333190917969,45.766666412353516,43.51976013183594,35962500
2021-06-30,46.52000045776367,47.526668548583984,46.22999954223633,47.00666809082031,44.69887161254883,45511200
2021-07-01,46.8033332824707,47.08333206176758,46.336666107177734,46.439998626708984,44.1600341796875,26348700
2021-07-02,46.45000076293945,47.026668548583984,46.45000076293945,46.70333480834961,44.410438537597656,26280600
2021-07-06,46.633331298828125,46.91666793823242,46.503334045410156,46.64666748046875,44.356563568115234,18279300
2021-07-07,46.586666107177734,47.063331604003906,46.45333480834961,46.56999969482422,44.28365707397461,25607400
2021-07-08,46.11333465576172,46.883331298828125,46.073333740234375,46.529998779296875,44.24561309814453,21267000
2021-07-09,46.8033332824707,46.9466667175293,46.643333435058594,46.766666412353516,44.470664978027344,15185400
2021-07-12,46.89666748046875,46.93000030517578,46.44333267211914,46.68333435058594,44.39141845703125,19515000
2021-07-13,46.663333892822266,47.060001373291016,46.64666748046875,46.86000061035156,44.55941390991211,18947700
2021-07-14,46.9033317565918,47.266666412353516,46.61000061035156,47.18333435058594,44.86687088012695,18812100
2021-07-15,47.33333206176758,47.54666519165039,47.029998779296875,47.220001220703125,44.90174102783203,17974800
2021-07-16,47.233333587646484,47.37666702270508,46.983333587646484,47.186668395996094,44.87004089355469,18095400
2021-07-19,47.13666534423828,47.65999984741211,46.59000015258789,47.07666778564453,44.76544952392578,27383100
2021-07-20,46.9900016784668,47.4900016784668,46.926666259765625,47.290000915527344,44.96830368041992,19020300
2021-07-21,47.5,47.51333236694336,46.9033317565918,47.05666732788086,44.746421813964844,18591900
2021-07-22,47.043331146240234,47.37333297729492,46.93333435058594,47.09000015258789,44.77811813354492,13013400
2021-07-23,47.17333221435547,47.573333740234375,47.003334045410156,47.47666549682617,45.14580154418945,15947400
2021-07-26,47.45333480834961,47.95333480834961,47.1533317565918,47.543331146240234,45.20919418334961,18517200
2021-07-27,47.66666793823242,47.66666793823242,47.31999969482422,47.54666519165039,45.21236801147461,15395700
2021-07-28,47.49333190917969,47.75,47.220001220703125,47.35333251953125,45.02853012084961,14071500
2021-07-29,47.54666519165039,47.616668701171875,47.34000015258789,47.413333892822266,45.085575103759766,11063100
2021-07-30,47.06666564941406,47.6533317565918,47.06666564941406,47.516666412353516,45.183834075927734,16332300
2021-08-02,47.61000061035156,47.62333297729492,47.223331451416016,47.40666580200195,45.07923889160156,19958400
2021-08-03,47.47999954223633,47.96666717529297,47.45333480834961,47.939998626708984,45.58639144897461,18915300
2021-08-04,47.793331146240234,47.97999954223633,47.58000183105469,47.61333465576172,45.275753021240234,15301500
2021-08-05,48.07666778564453,48.51333236694336,47.996665954589844,48.496665954589844,46.11572265625,27005400
2021-08-06,48.73666763305664,48.823333740234375,48.31666564941406,48.40999984741211,46.0333137512207,19263600
2021-08-09,48.63666534423828,48.82666778564453,48.46666717529297,48.526668548583984,46.14425277709961,15811800
2021-08-10,48.9900016784668,49.650001525878906,48.75,49.560001373291016,47.126853942871094,38262000
2021-08-11,49.836666107177734,50.526668548583984,49.720001220703125,50.003334045410156,47.548423767089844,41455800
2021-08-12,49.66666793823242,50.06999969482422,49.60333251953125,49.686668395996094,47.421165466308594,18269100
2021-08-13,49.793331146240234,50.119998931884766,49.720001220703125,49.84333419799805,47.57069396972656,15981300
2021-08-16,49.893333435058594,50.57666778564453,49.68000030517578,50.25,47.95882034301758,47791500
2021-08-17,50.133331298828125,50.83333206176758,49.70000076293945,50.233333587646484,47.94291687011719,50950200
2021-08-18,50.18333435058594,50.856666564941406,49.67333221435547,49.70000076293945,47.433895111083984,28211700
2021-08-19,49.44333267211914,50.220001220703125,49.33333206176758,50.03666687011719,47.755210876464844,22630500
2021-08-20,50.15999984741211,50.573333740234375,49.91666793823242,50.483333587646484,48.1815071105957,19400400
2021-08-23,50.5099983215332,50.5966682434082,50.13666534423828,50.150001525878906,47.86336898803711,16166100
2021-08-24,50.16666793823242,50.16666793823242,49.56666564941406,49.633331298828125,47.37026596069336,18828900
2021-08-25,49.470001220703125,49.7599983215332,49.34333419799805,49.6533317565918,47.38936233520508,21921300
2021-08-26,49.15666580200195,49.42333221435547,48.88999938964844,49.116668701171875,46.877159118652344,23466900
2021-08-27,49.16999816894531,49.22999954223633,48.72666549682617,48.84000015258789,46.61311340332031,23088600
2021-08-30,48.80666732788086,49.33333206176758,48.67333221435547,49.233333587646484,46.98851013183594,16440600
2021-08-31,49.33000183105469,49.47999954223633,49.08000183105469,49.366668701171875,47.11575698852539,25078500
2021-09-01,49.186668395996094,49.310001373291016,48.856666564941406,49.2599983215332,47.013954162597656,19056600
2021-09-02,49.37333297729492,49.5966682434082,49.22999954223633,49.52000045776367,47.26210021972656,20018100
2021-09-03,49.400001525878906,49.883331298828125,49.29999923706055,49.75,47.48161315917969,17211900
2021-09-07,49.65666580200195,49.723331451416016,49.02000045776367,49.09000015258789,46.851707458496094,25345200
2021-09-08,48.983333587646484,49.439998626708984,48.90999984741211,49.1533317565918,46.91215896606445,19508400
2021-09-09,49.1533317565918,49.20333480834961,48.61333465576172,48.80666732788086,46.581298828125,22328700
2021-09-10,49.06666564941406,49.08000183105469,48.47666549682617,48.630001068115234,46.412681579589844,15775200
2021-09-13,48.84000015258789,49.04999923706055,48.21333312988281,48.35333251953125,46.14863204956055,19529400
2021-09-14,48.49333190917969,48.62666702270508,47.973331451416016,48.099998474121094,45.90685272216797,16533900
2021-09-15,48.02333450317383,48.25,47.93000030517578,48.18333435058594,45.98638153076172,14850000
2021-09-16,48.14666748046875,48.436668395996094,47.89666748046875,48.34333419799805,46.13908386230469,18428400
2021-09-17,48.04666519165039,48.720001220703125,48.00666809082031,48.24333190917969,46.043636322021484,73032600
2021-09-20,47.83333206176758,48.39666748046875,47.206668853759766,47.58000183105469,45.41055679321289,25054500
2021-09-21,47.56666564941406,48.19333267211914,47.55666732788086,47.67333221435547,45.4996337890625,17437500
2021-09-22,47.823333740234375,47.866668701171875,47.43000030517578,47.563331604003906,45.394657135009766,15044400
2021-09-23,47.7400016784668,47.87666702270508,47.483333587646484,47.59000015258789,45.420101165771484,15585300
2021-09-24,47.5,47.89666748046875,47.496665954589844,47.723331451416016,45.5473518371582,13360500
2021-09-27,47.62333297729492,47.849998474121094,47.279998779296875,47.41666793823242,45.254669189453125,21250800
2021-09-28,47.293331146240234,47.356666564941406,46.663333892822266,46.83333206176758,44.69792938232422,20580900
2021-09-29,46.883331298828125,47.276668548583984,46.77333450317383,46.813331604003906,44.67884063720703,21375600
2021-09-30,46.880001068115234,47.24333190917969,46.41666793823242,46.459999084472656,44.341617584228516,22457700
2021-10-01,46.41999816894531,46.543331146240234,45.30666732788086,45.68333435058594,43.600372314453125,30014400
2021-10-04,45.6966667175293,46.07666778564453,44.9033317565918,45.24333190917969,43.1804313659668,29970300
2021-10-05,45.31666564941406,45.9033317565918,45.29999923706055,45.540000915527344,43.46356964111328,20597400
2021-10-06,45.413333892822266,45.93000030517578,45.37666702270508,45.87333297729492,43.781707763671875,19376700
2021-10-07,46.2599983215332,46.900001525878906,46.253334045410156,46.413333892822266,44.29708480834961,21068100
2021-10-08,46.5533332824707,46.6966667175293,46.336666107177734,46.5533332824707,44.430694580078125,13847400
2021-10-11,46.50666809082031,46.926666259765625,46.47999954223633,46.5099983215332,44.38934326171875,13048200
2021-10-12,46.4466667175293,46.8033332824707,46.356666564941406,46.459999084472656,44.341617584228516,15789300
2021-10-13,46.5,46.66999816894531,46.043331146240234,46.12333297729492,44.020301818847656,17937900
2021-10-14,46.16666793823242,46.689998626708984,46.16666793823242,46.62333297729492,44.497501373291016,19783500
2021-10-15,46.87333297729492,47.03333282470703,46.6533317565918,46.849998474121094,44.71384048461914,20737200
2021-10-18,46.66666793823242,47.336666107177734,46.61000061035156,47.22666549682617,45.07332992553711,19887000
2021-10-19,48.209999084472656,48.53666687011719,47.88666534423828,48.22999954223633,46.030921936035156,33444300
2021-10-20,48.29666519165039,48.83000183105469,48.29666519165039,48.66666793823242,46.44768142700195,17453700
2021-10-21,48.86000061035156,48.973331451416016,48.60333251953125,48.936668395996094,46.70536422729492,13954500
2021-10-22,49.03333282470703,49.89666748046875,49.03333282470703,49.4466667175293,47.192108154296875,21195600
2021-10-25,49.59333419799805,50.17333221435547,49.336666107177734,50.02000045776367,47.73929977416992,19287900
2021-10-26,50.0,50.18333435058594,49.48666763305664,49.58333206176758,47.32254409790039,17418600
2021-10-27,49.6533317565918,49.67333221435547,49.130001068115234,49.176666259765625,46.934425354003906,14565600
2021-10-28,49.4466667175293,49.65999984741211,49.23666763305664,49.483333587646484,47.22711181640625,12598500
2021-10-29,49.3033332824707,50.03333282470703,49.186668395996094,49.80666732788086,47.535701751708984,22022700
2021-11-01,49.99333190917969,50.25,49.78333282470703,49.93000030517578,47.65340805053711,12549600
2021-11-02,49.9900016784668,50.060001373291016,49.7599983215332,49.90666580200195,47.63114547729492,13638900
2021-11-03,49.866668701171875,50.0966682434082,49.676666259765625,50.060001373291016,47.77748107910156,14209500
2021-11-04,50.060001373291016,50.616668701171875,49.94333267211914,50.426666259765625,48.12742614746094,15149100
2021-11-05,50.66666793823242,50.66666793823242,49.87333297729492,50.07666778564453,47.79338073730469,15081900
2021-11-08,50.073333740234375,50.16999816894531,49.57666778564453,49.75666809082031,47.487979888916016,15373200
2021-11-09,49.84000015258789,49.956668853759766,49.62333297729492,49.93000030517578,47.65340805053711,15001800
2021-11-10,49.57666778564453,49.87333297729492,49.32666778564453,49.47999954223633,47.22391891479492,16803600
2021-11-11,49.59000015258789,49.663333892822266,49.39666748046875,49.5,47.243011474609375,13603200
2021-11-12,49.66666793823242,49.746665954589844,49.18000030517578,49.253334045410156,47.00759506225586,18313800
2021-11-15,49.383331298828125,49.483333587646484,48.79999923706055,48.970001220703125,46.73717498779297,28896000
2021-11-16,48.366668701171875,48.893333435058594,47.43333435058594,47.723331451416016,45.5473518371582,73986600
2021-11-17,47.720001220703125,48.2400016784668,47.27333450317383,47.313331604003906,45.15604782104492,33116100
2021-11-18,47.380001068115234,47.76333236694336,46.95333480834961,47.720001220703125,45.54417419433594,24394200
2021-11-19,47.87333297729492,48.0,47.313331604003906,47.46333312988281,45.29920196533203,28119300
2021-11-22,47.5533332824707,48.45333480834961,47.33333206176758,48.2599983215332,46.05955505371094,29126400
2021-11-23,48.08333206176758,48.65999984741211,47.75,48.60333251953125,46.38722610473633,29907900
2021-11-24,48.57666778564453,49.02000045776367,48.54666519165039,48.8466682434082,46.61946487426758,18089400
2021-11-26,48.813331604003906,49.293331146240234,48.13999938964844,48.29999923706055,46.09772491455078,21039600
2021-11-29,48.33333206176758,48.41666793823242,47.40999984741211,47.543331146240234,45.37556838989258,33039600
2021-11-30,47.15999984741211,47.5,46.66999816894531,46.87666702270508,44.73929214477539,64818900
2021-12-01,46.836666107177734,46.90666580200195,45.68000030517578,45.71333312988281,43.62900924682617,36621300
2021-12-02,45.87666702270508,46.14666748046875,45.08000183105469,45.15666580200195,43.09771728515625,39805800
2021-12-03,45.28666687011719,45.959999084472656,45.0966682434082,45.836666107177734,43.746707916259766,44142600
2021-12-06,45.85333251953125,46.45333480834961,45.70000076293945,46.33333206176758,44.220733642578125,32589300
2021-12-07,46.53333282470703,46.61000061035156,46.029998779296875,46.18333435058594,44.077571868896484,37739100
2021-12-08,46.02000045776367,46.16666793823242,45.336666107177734,45.71666717529297,43.632179260253906,34496400
2021-12-09,45.543331146240234,46.189998626708984,45.23666763305664,46.16666793823242,44.239078521728516,32351700
2021-12-10,46.11333465576172,47.099998474121094,45.856666564941406,47.0099983215332,45.04719543457031,38575500
2021-12-13,46.746665954589844,47.91666793823242,46.66999816894531,47.856666564941406,45.8585090637207,54039300
2021-12-14,47.766666412353516,48.426666259765625,47.383331298828125,48.313331604003906,46.29610824584961,46721400
2021-12-15,48.4033317565918,48.823333740234375,47.79999923706055,48.59000015258789,46.56122970581055,33489900
2021-12-16,48.59000015258789,48.84333419799805,47.630001068115234,47.779998779296875,45.78504180908203,39069600
2021-12-17,47.58333206176758,47.983333587646484,46.130001068115234,46.25,44.31892776489258,78581100
2021-12-20,46.040000915527344,46.58333206176758,45.866668701171875,46.400001525878906,44.462669372558594,31017900
2021-12-21,46.29999923706055,46.619998931884766,46.003334045410156,46.540000915527344,44.5968132019043,24620400
2021-12-22,46.633331298828125,46.663333892822266,46.176666259765625,46.599998474121094,44.65431213378906,17028000
2021-12-23,46.599998474121094,46.720001220703125,46.28333282470703,46.496665954589844,44.555294036865234,17592600
2021-12-27,46.53333282470703,46.956668853759766,46.52333450317383,46.91999816894531,44.96095275878906,16040700
2021-12-28,46.866668701171875,47.65666580200195,46.866668701171875,47.59333419799805,45.606170654296875,15783000
2021-12-29,47.5533332824707,47.84333419799805,47.439998626708984,47.56999969482422,45.58381271362305,13045200
2021-12-30,47.753334045410156,47.900001525878906,47.49333190917969,47.723331451416016,45.73073959350586,14949000
2021-12-31,47.733333587646484,48.3466682434082,47.63999938964844,48.22999954223633,46.21625518798828,17947800
2022-01-03,48.0,48.26333236694336,47.66999816894531,48.21666717529297,46.2034797668457,20706600
2022-01-04,48.01333236694336,48.380001068115234,47.253334045410156,47.33333206176758,45.35702133178711,33930000
2022-01-05,47.616668701171875,48.650001525878906,47.58000183105469,47.973331451416016,45.970306396484375,35418000
2022-01-06,47.87333297729492,48.21333312988281,47.46666717529297,47.84000015258789,45.8425407409668,21828900
2022-01-07,47.83333206176758,48.45333480834961,47.6533317565918,48.29666519165039,46.2801399230957,19723500
2022-01-10,48.47999954223633,48.529998779296875,47.706668853759766,48.20333480834961,46.19070053100586,22731600
2022-01-11,48.06999969482422,48.206668853759766,47.72666549682617,48.06666564941406,46.05974578857422,21668700
2022-01-12,47.893333435058594,47.98666763305664,47.66666793823242,47.813331604003906,45.81698226928711,18946800
2022-01-13,47.810001373291016,48.560001373291016,47.70333480834961,48.4900016784668,46.46540451049805,24252600
2022-01-14,48.073333740234375,48.87666702270508,48.073333740234375,48.35333251953125,46.334442138671875,26867400
2022-01-18,48.13666534423828,48.233333587646484,47.37666702270508,47.50666809082031,45.52313232421875,21123900
2022-01-19,47.51333236694336,48.33000183105469,47.30666732788086,47.97999954223633,45.97669219970703,22674000
2022-01-20,47.45000076293945,48.1533317565918,47.02333450317383,47.073333740234375,45.10788345336914,22387200
2022-01-21,47.073333740234375,47.41999816894531,46.686668395996094,46.72999954223633,44.77888488769531,27508200
2022-01-24,46.356666564941406,46.84333419799805,45.77000045776367,46.733333587646484,44.78207778930664,28699200
2022-01-25,46.663333892822266,46.790000915527344,45.60333251953125,45.71666717529297,43.807861328125,29479500
2022-01-26,45.779998779296875,46.26333236694336,45.0533332824707,45.25,43.360679626464844,26185500
2022-01-27,45.63999938964844,46.36000061035156,45.12333297729492,45.279998779296875,43.38942337036133,27759000
2022-01-28,45.33333206176758,45.856666564941406,44.650001525878906,45.84000015258789,43.9260368347168,25131900
2022-01-31,45.6966667175293,46.68000030517578,45.56666564941406,46.60333251953125,44.657508850097656,20193600
2022-02-01,46.4033317565918,47.04999923706055,46.33000183105469,46.970001220703125,45.00886917114258,20323200
2022-02-02,47.0,47.21333312988281,46.71666717529297,46.95000076293945,44.98970413208008,18149700
2022-02-03,46.753334045410156,47.33000183105469,46.59000015258789,46.996665954589844,45.03441619873047,20741100
2022-02-04,46.96333312988281,47.0,46.116668701171875,46.44333267211914,44.50419235229492,22036500
2022-02-07,46.686668395996094,46.689998626708984,45.869998931884766,45.98666763305664,44.06658935546875,20010300
2022-02-08,46.106666564941406,46.413333892822266,45.836666107177734,45.996665954589844,44.076168060302734,19458900
2022-02-09,46.16666793823242,46.26333236694336,45.823333740234375,45.89666748046875,43.9803466796875,21473700
2022-02-10,45.516666412353516,45.66999816894531,45.1533317565918,45.36000061035156,43.466087341308594,27810600
2022-02-11,45.606666564941406,45.72666549682617,44.723331451416016,45.11000061035156,43.226524353027344,23733300
2022-02-14,45.11000061035156,45.31999969482422,44.23666763305664,44.650001525878906,42.785736083984375,29363400
2022-02-15,44.913333892822266,45.223331451416016,44.5966682434082,44.790000915527344,42.919891357421875,21824400
2022-02-16,44.776668548583984,44.959999084472656,44.233333587646484,44.5099983215332,42.65157699584961,28490700
2022-02-17,44.66666793823242,46.4900016784668,44.59333419799805,46.293331146240234,44.360450744628906,53831400
2022-02-18,46.03333282470703,46.529998779296875,45.720001220703125,45.996665954589844,44.076168060302734,31103400
2022-02-22,45.92333221435547,46.08000183105469,45.313331604003906,45.483333587646484,43.58427810668945,25380900
2022-02-23,45.619998931884766,45.72999954223633,44.9466667175293,45.016666412353516,43.1370964050293,21030900
2022-02-24,44.63666534423828,45.003334045410156,44.003334045410156,44.84333419799805,42.97099304199219,31717500
2022-02-25,44.936668395996094,45.59333419799805,44.6966667175293,45.459999084472656,43.561912536621094,24997800
2022-02-28,45.0,45.356666564941406,44.59000015258789,45.0533332824707,43.17222213745117,26286600
2022-03-01,45.290000915527344,45.96333312988281,45.00666809082031,45.33000183105469,43.43733596801758,24024900
2022-03-02,45.220001220703125,45.61000061035156,45.060001373291016,45.38666534423828,43.491634368896484,23863800
2022-03-03,45.76333236694336,46.823333740234375,45.516666412353516,46.43000030517578,44.49140930175781,29885100
2022-03-04,45.936668395996094,47.64666748046875,45.86333465576172,47.606666564941406,45.61894989013672,35576400
2022-03-07,47.099998474121094,47.87666702270508,46.81666564941406,47.223331451416016,45.25161361694336,45870000
2022-03-08,47.16666793823242,47.48666763305664,46.19333267211914,46.246665954589844,44.315738677978516,28305600
2022-03-09,46.66666793823242,46.746665954589844,46.04666519165039,46.48666763305664,44.54571533203125,22122900
2022-03-10,46.496665954589844,47.66666793823242,46.336666107177734,47.543331146240234,45.558258056640625,27512700
2022-03-11,47.43333435058594,48.016666412353516,47.293331146240234,47.356666564941406,45.3793830871582,19162200
2022-03-14,47.34000015258789,48.28333282470703,47.33000183105469,48.016666412353516,46.01183319091797,22646400
2022-03-15,48.176666259765625,48.71666717529297,47.95000076293945,48.59333419799805,46.56441879272461,22872600
2022-03-16,48.46333312988281,48.97999954223633,47.900001525878906,48.45000076293945,46.42707061767578,24615900
2022-03-17,48.150001525878906,48.43333435058594,47.54999923706055,48.336666107177734,46.497615814208984,19023000
2022-03-18,48.393333435058594,48.52333450317383,48.03666687011719,48.47999954223633,46.635498046875,31233300
2022-03-21,48.47666549682617,49.0966682434082,47.87333297729492,48.07666778564453,46.24750900268555,21350700
2022-03-22,48.20333480834961,48.323333740234375,47.65999984741211,47.93333435058594,46.10962677001953,20235000
2022-03-23,47.71333312988281,47.90999984741211,47.17333221435547,47.31666564941406,45.516422271728516,19625400
2022-03-24,47.46333312988281,47.970001220703125,47.293331146240234,47.61000061035156,45.79859161376953,13440900
2022-03-25,47.81666564941406,47.97666549682617,47.41999816894531,47.81666564941406,45.99740219116211,14085300
2022-03-28,47.83333206176758,48.686668395996094,47.766666412353516,48.66666793823242,46.815059661865234,20105700
2022-03-29,48.866668701171875,49.366668701171875,48.75,49.07666778564453,47.2094612121582,19934400
2022-03-30,49.043331146240234,50.060001373291016,49.01333236694336,49.956668853759766,48.05598068237305,24991500
2022-03-31,49.5966682434082,50.18000030517578,49.393333435058594,49.63999938964844,47.75135803222656,27163800
2022-04-01,49.88666534423828,50.42333221435547,49.61333465576172,50.336666107177734,48.42152404785156,20939700
2022-04-04,50.3033332824707,51.06666564941406,50.026668548583984,50.3466682434082,48.43114471435547,25332600
2022-04-05,50.293331146240234,51.11000061035156,50.293331146240234,50.4900016784668,48.56902313232422,18657900
2022-04-06,50.34000015258789,51.80666732788086,50.16666793823242,51.663333892822266,49.69770812988281,28018500
2022-04-07,51.70000076293945,52.51333236694336,51.47999954223633,52.18000030517578,50.194725036621094,27088200
2022-04-08,52.3033332824707,52.8033332824707,52.06999969482422,52.470001220703125,50.473690032958984,23294400
2022-04-11,52.323333740234375,52.746665954589844,51.209999084472656,51.43000030517578,49.47325897216797,24712800
2022-04-12,51.413333892822266,51.79999923706055,50.849998474121094,51.07666778564453,49.133365631103516,26761200
2022-04-13,51.150001525878906,52.5966682434082,51.116668701171875,52.40666580200195,50.41276168823242,29284500
2022-04-14,52.369998931884766,52.76333236694336,52.143333435058594,52.36000061035156,50.36787033081055,22360500
2022-04-18,52.25,52.65999984741211,51.73666763305664,51.959999084472656,49.98308563232422,14671800
2022-04-19,52.223331451416016,52.650001525878906,52.01333236694336,52.54999923706055,50.55064010620117,15855000
2022-04-20,52.78333282470703,53.45000076293945,52.76333236694336,53.209999084472656,51.18553161621094,19821600
2022-04-21,53.30666732788086,53.59000015258789,53.02333450317383,53.290000915527344,51.26249313354492,18168300
2022-04-22,53.41666793823242,53.45333480834961,52.220001220703125,52.28666687011719,50.29732894897461,21046200
2022-04-25,52.12333297729492,52.4900016784668,51.45000076293945,52.313331604003906,50.32297897338867,18057600
2022-04-26,52.12333297729492,52.709999084472656,51.733333587646484,51.766666412353516,49.79711151123047,19601100
2022-04-27,51.84333419799805,52.06666564941406,51.34000015258789,51.413333892822266,49.45722579956055,17496900
2022-04-28,51.74333190917969,52.32666778564453,51.366668701171875,52.06999969482422,50.08890914916992,14955900
2022-04-29,51.936668395996094,52.073333740234375,50.9033317565918,50.996665954589844,49.0564079284668,21088800
2022-05-02,51.6533317565918,51.663333892822266,50.106666564941406,50.65999984741211,48.73255157470703,20016000
2022-05-03,50.810001373291016,51.426666259765625,50.59333419799805,50.836666107177734,48.902496337890625,17950500
2022-05-04,50.676666259765625,51.606666564941406,50.503334045410156,51.540000915527344,49.579078674316406,20022600
2022-05-05,51.21333312988281,51.276668548583984,50.46666717529297,50.913333892822266,49.15427017211914,23234400
2022-05-06,50.56999969482422,51.31666564941406,49.42333221435547,49.85333251953125,48.13090133666992,34258200
2022-05-09,49.4900016784668,51.03333282470703,49.39666748046875,50.436668395996094,48.69407653808594,28207200
2022-05-10,50.47666549682617,50.76333236694336,49.52000045776367,49.72666549682617,48.008609771728516,24861300
2022-05-11,49.79999923706055,50.25,48.970001220703125,49.206668853759766,47.50657653808594,27878700
2022-05-12,49.28666687011719,50.04999923706055,48.84000015258789,49.15999984741211,47.46152114868164,25244400
2022-05-13,49.23666763305664,49.459999084472656,48.71333312988281,49.349998474121094,47.64495086669922,19962300
2022-05-16,49.793331146240234,49.90999984741211,48.81999969482422,49.4033317565918,47.69644546508789,21449100
2022-05-17,45.47666549682617,45.813331604003906,43.54666519165039,43.78333282470703,42.2706184387207,132940200
2022-05-18,42.676666259765625,42.75666809082031,40.5099983215332,40.810001373291016,39.40000915527344,104253000
2022-05-19,40.290000915527344,40.5966682434082,39.53333282470703,39.689998626708984,38.318702697753906,71008500
2022-05-20,39.880001068115234,40.279998779296875,39.09000015258789,39.733333587646484,38.36054229736328,49356000
2022-05-23,39.973331451416016,41.25666809082031,39.95333480834961,40.866668701171875,39.4547233581543,43680900
2022-05-24,40.4033317565918,41.516666412353516,40.36000061035156,41.37666702270508,39.94709396362305,34584900
2022-05-25,41.33333206176758,41.55666732788086,40.866668701171875,41.12333297729492,39.702518463134766,27121800
2022-05-26,41.766666412353516,42.133331298828125,41.46666717529297,42.0,40.54888916015625,28197600
2022-05-27,41.83000183105469,42.87333297729492,41.77000045776367,42.82666778564453,41.34700393676758,25299900
2022-05-31,42.48666763305664,43.29999923706055,42.473331451416016,42.87666702270508,41.39527130126953,36912300
2022-06-01,42.83333206176758,42.973331451416016,41.560001373291016,41.81666564941406,40.37189865112305,28534800
2022-06-02,41.856666564941406,42.5099983215332,41.44333267211914,42.503334045410156,41.03483963012695,23214300
2022-06-03,42.223331451416016,42.473331451416016,41.6966667175293,41.77333450317383,40.33006286621094,18302700
2022-06-06,41.939998626708984,42.099998474121094,41.529998779296875,41.62333297729492,40.18524169921875,19855500
2022-06-07,40.413333892822266,41.163333892822266,40.293331146240234,41.12333297729492,39.702518463134766,47707800
2022-06-08,40.78333282470703,41.3033332824707,40.650001525878906,40.766666412353516,39.35818099975586,22522800
2022-06-09,40.66666793823242,41.45000076293945,40.33000183105469,40.34000015258789,38.946250915527344,19880100
2022-06-10,39.91666793823242,40.913333892822266,39.779998779296875,40.56666564941406,39.16508483886719,25238100
2022-06-13,39.913333892822266,40.413333892822266,39.6966667175293,39.8033332824707,38.428123474121094,24897900
2022-06-14,39.709999084472656,40.0,39.38999938964844,39.81999969482422,38.444217681884766,21544200
2022-06-15,39.9900016784668,40.13666534423828,39.29999923706055,39.793331146240234,38.4184684753418,25914000
2022-06-16,39.45000076293945,40.586666107177734,39.40999984741211,40.206668853759766,38.81752395629883,30706800
2022-06-17,40.00666809082031,40.293331146240234,39.323333740234375,39.43000030517578,38.067691802978516,36838800
2022-06-21,39.43333435058594,40.926666259765625,39.40666580200195,40.723331451416016,39.316341400146484,23916600
2022-06-22,40.70000076293945,41.08333206176758,40.1966667175293,40.22999954223633,38.840049743652344,20235000
2022-06-23,40.58333206176758,41.31999969482422,40.400001525878906,41.206668853759766,39.78297424316406,18040800
2022-06-24,41.36333465576172,41.77000045776367,41.0533332824707,41.2400016784668,39.81515884399414,31845900
2022-06-27,41.2599983215332,41.58000183105469,40.93000030517578,41.37333297729492,39.94388198852539,19889100
2022-06-28,41.5533332824707,41.856666564941406,40.76333236694336,40.790000915527344,39.380706787109375,15399000
2022-06-29,40.96333312988281,41.116668701171875,40.323333740234375,40.63999938964844,39.23588943481445,19111500
2022-06-30,40.293331146240234,40.686668395996094,39.96333312988281,40.526668548583984,39.1264762878418,19166100
2022-07-01,40.64666748046875,40.973331451416016,40.38666534423828,40.87666702270508,39.46437454223633,17460900
2022-07-05,40.73666763305664,41.503334045410156,40.53666687011719,41.41666793823242,39.9857177734375,18218100
2022-07-06,41.49333190917969,42.09333419799805,41.43333435058594,41.709999084472656,40.268917083740234,21300000
2022-07-07,41.72999954223633,41.84333419799805,41.37333297729492,41.77333450317383,40.33006286621094,17487300
2022-07-08,41.939998626708984,42.20333480834961,41.71666717529297,41.79999923706055,40.35580062866211,14751000
2022-07-11,41.67333221435547,42.11000061035156,41.540000915527344,41.81666564941406,40.37189865112305,11532900
2022-07-12,41.70333480834961,42.37666702270508,41.573333740234375,41.689998626708984,40.24960708618164,13732200
2022-07-13,41.47999954223633,42.1533317565918,41.3033332824707,41.790000915527344,40.346160888671875,12689100
2022-07-14,41.38666534423828,42.77333450317383,41.380001068115234,42.606666564941406,41.134605407714844,20905500
2022-07-15,42.93333435058594,43.42333221435547,42.68333435058594,43.02333450317383,41.53687286376953,21184200
2022-07-18,42.883331298828125,43.43333435058594,42.753334045410156,42.92333221435547,41.440338134765625,14243700
2022-07-19,43.130001068115234,43.31999969482422,42.866668701171875,43.186668395996094,41.69456481933594,16995300
2022-07-20,43.503334045410156,43.77000045776367,43.16666793823242,43.54666519165039,42.0421257019043,18564900
2022-07-21,43.560001373291016,44.186668395996094,43.5,44.18333435058594,42.656795501708984,18764700
2022-07-22,44.18000030517578,44.46333312988281,43.74333190917969,44.06999969482422,42.54738235473633,13616400
2022-07-25,44.130001068115234,44.233333587646484,43.81999969482422,44.00666809082031,42.48624038696289,20535300
2022-07-26,40.37666702270508,40.89666748046875,40.02000045776367,40.65999984741211,39.255191802978516,95391600
2022-07-27,40.413333892822266,42.25666809082031,40.34333419799805,42.1966667175293,40.73876953125,42159600
2022-07-28,42.09000015258789,43.503334045410156,42.09000015258789,43.25,41.755706787109375,33262200
2022-07-29,42.77333450317383,44.086666107177734,42.66999816894531,44.016666412353516,42.49588394165039,30141900
2022-08-01,43.686668395996094,44.74333190917969,43.66666793823242,44.18000030517578,42.65357971191406,24996300
2022-08-02,44.383331298828125,44.56999969482422,43.79999923706055,44.22666549682617,42.69863510131836,19695000
2022-08-03,44.0533332824707,44.313331604003906,43.28666687011719,43.5,41.9970703125,32003100
2022-08-04,43.55666732788086,43.599998474121094,41.776668548583984,41.856666564941406,40.410518646240234,53106000
2022-08-05,41.836666107177734,42.27000045776367,41.706668853759766,42.19333267211914,40.73554992675781,32007000
2022-08-08,42.21666717529297,42.73666763305664,42.20333480834961,42.53666687011719,41.06702423095703,18175200
2022-08-09,42.630001068115234,42.9900016784668,42.4033317565918,42.956668853759766,41.47251510620117,19325100
2022-08-10,43.33333206176758,43.383331298828125,42.79666519165039,43.04666519165039,41.55939865112305,25251000
2022-08-11,43.233333587646484,43.456668853759766,42.866668701171875,43.27333450317383,41.96019744873047,23854500
2022-08-12,43.33333206176758,44.279998779296875,43.27333450317383,44.073333740234375,42.73591613769531,26625000
2022-08-15,43.87666702270508,44.52333450317383,43.78666687011719,44.20000076293945,42.858734130859375,26516100
2022-08-16,46.29999923706055,46.97666549682617,46.063331604003906,46.456668853759766,45.04692077636719,91773300
2022-08-17,46.189998626708984,47.573333740234375,46.133331298828125,46.50666809082031,45.09540557861328,41792100
2022-08-18,46.5099983215332,46.80666732788086,46.16666793823242,46.356666564941406,44.94995880126953,19197600
2022-08-19,46.30666732788086,46.356666564941406,45.63666534423828,45.67333221435547,44.287357330322266,22918800
2022-08-22,45.400001525878906,45.573333740234375,44.813331604003906,44.856666564941406,43.49547576904297,18667200
2022-08-23,44.869998931884766,44.98666763305664,44.4033317565918,44.66666793823242,43.31124496459961,16955100
2022-08-24,44.78333282470703,45.0966682434082,44.53333282470703,44.9900016784668,43.6247673034668,15766500
2022-08-25,45.09333419799805,45.33000183105469,45.0099983215332,45.290000915527344,43.9156608581543,19414500
2022-08-26,45.369998931884766,45.61000061035156,43.836666107177734,43.866668701171875,42.5355224609375,21331800
2022-08-29,43.61000061035156,44.62333297729492,43.529998779296875,44.293331146240234,42.949241638183594,17381700
2022-08-30,44.4466667175293,44.54999923706055,43.913333892822266,44.15999984741211,42.8199577331543,14468100
2022-08-31,44.2599983215332,44.5966682434082,43.97666549682617,44.18333435058594,42.84258270263672,22460700
2022-09-01,44.18000030517578,45.04666519165039,44.133331298828125,44.82666778564453,43.466392517089844,21741900
2022-09-02,44.95000076293945,45.223331451416016,44.14666748046875,44.33333206176758,42.98802185058594,17234400
2022-09-06,44.349998474121094,44.540000915527344,43.573333740234375,44.11333465576172,42.77470397949219,21899700
2022-09-07,44.35333251953125,45.323333740234375,44.246665954589844,45.246665954589844,43.87364196777344,17058900
2022-09-08,45.133331298828125,45.62333297729492,44.959999084472656,45.47666549682617,44.09666442871094,16956000
2022-09-09,45.43333435058594,45.83333206176758,45.37666702270508,45.61333465576172,44.229183197021484,16140600
2022-09-12,45.69333267211914,46.08333206176758,45.65666580200195,46.02333450317383,44.626739501953125,14284500
2022-09-13,45.619998931884766,45.983333587646484,44.936668395996094,45.073333740234375,43.70556640625,17687400
2022-09-14,45.209999084472656,45.5099983215332,44.70000076293945,44.973331451416016,43.608604431152344,19934700
2022-09-15,45.016666412353516,45.04999923706055,44.323333740234375,44.4900016784668,43.13993835449219,20189400
2022-09-16,44.0,44.849998474121094,43.7599983215332,44.39666748046875,43.049442291259766,41874300
2022-09-19,44.27333450317383,44.91999816894531,44.15666580200195,44.776668548583984,43.41790771484375,16853100
2022-09-20,44.49333190917969,44.62666702270508,44.18000030517578,44.516666412353516,43.16579818725586,13963500
2022-09-21,45.14666748046875,45.81666564941406,44.87333297729492,44.92333221435547,43.56011962890625,24903600
2022-09-22,44.856666564941406,44.90666580200195,44.279998779296875,44.46333312988281,43.114078521728516,16744500
2022-09-23,44.290000915527344,44.393333435058594,42.92333221435547,43.35333251953125,42.03776550292969,27195300
2022-09-26,42.91666793823242,44.04666519165039,42.75666809082031,43.77000045776367,42.44179153442383,23011200
2022-09-27,44.07666778564453,44.47666549682617,43.43333435058594,43.650001525878906,42.32543182373047,17171700
2022-09-28,43.8033332824707,44.54999923706055,43.2400016784668,44.369998931884766,43.02357864379883,16838400
2022-09-29,44.5,44.706668853759766,43.87666702270508,44.08333206176758,42.74561309814453,15241500
2022-09-30,44.08000183105469,44.119998931884766,43.233333587646484,43.233333587646484,41.92140579223633,19602300
2022-10-03,43.413333892822266,44.26333236694336,43.336666107177734,44.176666259765625,42.83610916137695,17574900
2022-10-04,44.619998931884766,45.06666564941406,44.456668853759766,44.75,43.39204788208008,16134300
2022-10-05,44.586666107177734,44.87333297729492,44.16999816894531,44.30666732788086,42.9621696472168,14553900
2022-10-06,44.36000061035156,44.82666778564453,43.86000061035156,43.893333435058594,42.561370849609375,14200500
2022-10-07,43.77000045776367,43.883331298828125,42.689998626708984,42.85333251953125,41.55293273925781,17080500
2022-10-10,43.176666259765625,43.310001373291016,42.7599983215332,43.106666564941406,41.798583984375,11411700
2022-10-11,43.16999816894531,44.599998474121094,43.1533317565918,44.223331451416016,42.88136672973633,21276000
2022-10-12,44.336666107177734,44.92333221435547,43.65666580200195,43.723331451416016,42.39653778076172,16947600
2022-10-13,43.09333419799805,44.313331604003906,42.790000915527344,44.09333419799805,42.75531005859375,20545500
2022-10-14,44.14666748046875,44.40666580200195,43.349998474121094,43.47666549682617,42.15735626220703,16641000
2022-10-17,43.6533317565918,44.276668548583984,43.529998779296875,43.790000915527344,42.461177825927734,17812500
2022-10-18,44.47666549682617,45.03333282470703,44.44333267211914,44.71333312988281,43.35649108886719,16842300
2022-10-19,44.776668548583984,44.90999984741211,44.323333740234375,44.586666107177734,43.23366928100586,11339400
2022-10-20,44.65999984741211,45.133331298828125,44.54999923706055,44.6966667175293,43.340335845947266,12754800
2022-10-21,44.936668395996094,45.8033332824707,44.66666793823242,45.599998474121094,44.216251373291016,18134700
2022-10-24,45.81666564941406,46.82666778564453,45.709999084472656,46.470001220703125,45.05985641479492,18806700
2022-10-25,46.36333465576172,46.813331604003906,46.106666564941406,46.689998626708984,45.27317810058594,15051300
2022-10-26,46.78666687011719,47.3466682434082,46.606666564941406,47.04666519165039,45.6190185546875,20754300
2022-10-27,47.003334045410156,47.366668701171875,46.76333236694336,46.90999984741211,45.48650360107422,16602900
2022-10-28,46.68333435058594,47.633331298828125,46.68000030517578,47.503334045410156,46.06183624267578,13648200
2022-10-31,47.4466667175293,47.689998626708984,47.25666809082031,47.44333267211914,46.0036506652832,22572000
2022-11-01,47.65666580200195,47.849998474121094,47.16666793823242,47.22999954223633,45.796791076660156,14814300
2022-11-02,47.0533332824707,47.856666564941406,46.900001525878906,46.91666793823242,45.49296951293945,15522000
2022-11-03,46.503334045410156,47.23666763305664,46.36000061035156,46.90666580200195,45.4832649230957,10976400
2022-11-04,47.34333419799805,47.4033317565918,46.26333236694336,46.9900016784668,45.56407928466797,14669400
2022-11-07,47.086666107177734,47.65666580200195,47.086666107177734,47.483333587646484,46.04244613647461,11364000
2022-11-08,47.526668548583984,48.02333450317383,47.16999816894531,47.5966682434082,46.1523323059082,15068400
2022-11-09,47.586666107177734,47.720001220703125,46.4033317565918,46.4900016784668,45.07925033569336,15932100
2022-11-10,47.503334045410156,47.563331604003906,46.83333206176758,47.45333480834961,46.01334762573242,20310600
2022-11-11,47.55666732788086,47.706668853759766,46.663333892822266,47.526668548583984,46.08445358276367,19270800
2022-11-14,47.21333312988281,47.77333450317383,46.09000015258789,46.130001068115234,44.73017501831055,37525800
2022-11-15,48.53666687011719,50.09000015258789,48.18333435058594,49.14666748046875,47.65530014038086,76548600
2022-11-16,49.293331146240234,50.06666564941406,49.040000915527344,49.5,47.99790573120117,32593200
2022-11-17,49.003334045410156,49.57666778564453,48.9033317565918,49.33333206176758,47.8363037109375,24791400
2022-11-18,49.88999938964844,50.08000183105469,49.59000015258789,50.07666778564453,48.55707931518555,18987000
2022-11-21,50.20333480834961,50.71333312988281,50.063331604003906,50.383331298828125,48.85443115234375,21157200
2022-11-22,50.66666793823242,50.81666564941406,50.37333297729492,50.563331604003906,49.02897262573242,16898400
2022-11-23,50.69333267211914,51.12333297729492,50.62666702270508,50.80666732788086,49.264923095703125,16920600
2022-11-25,50.706668853759766,51.029998779296875,50.619998931884766,51.02333450317383,49.475013732910156,8777400
2022-11-28,50.90666580200195,51.54666519165039,50.90666580200195,51.16999816894531,49.61723327636719,17674800
2022-11-29,51.0099983215332,51.23666763305664,50.849998474121094,50.9900016784668,49.442691802978516,13841700
2022-11-30,50.869998931884766,50.92333221435547,50.400001525878906,50.80666732788086,49.264923095703125,31338000
2022-12-01,50.68333435058594,51.20333480834961,50.24333190917969,51.12333297729492,49.57197952270508,22732200
2022-12-02,50.49333190917969,51.08000183105469,50.49333190917969,51.073333740234375,49.52350616455078,20733000
2022-12-05,50.91666793823242,51.0,50.16999816894531,50.54999923706055,49.016048431396484,23608200
2022-12-06,50.400001525878906,50.63666534423828,49.73666763305664,49.96333312988281,48.44718551635742,20625600
2022-12-07,50.16666793823242,50.4033317565918,49.606666564941406,49.70333480834961,48.19507598876953,17550300
2022-12-08,49.720001220703125,49.7599983215332,49.380001068115234,49.59333419799805,48.269691467285156,13512600
2022-12-09,49.15666580200195,49.2400016784668,48.40666580200195,48.436668395996094,47.143898010253906,27929400
2022-12-12,48.633331298828125,49.366668701171875,48.52000045776367,49.34000015258789,48.02312088012695,19432200
2022-12-13,50.0,50.06666564941406,48.913333892822266,49.163333892822266,47.85116958618164,23408100
2022-12-14,49.029998779296875,49.5099983215332,48.6533317565918,48.88999938964844,47.58512496948242,20334600
2022-12-15,48.526668548583984,48.80666732788086,47.87666702270508,48.45333480834961,47.160118103027344,17514000
2022-12-16,48.15999984741211,48.2400016784668,47.52333450317383,47.58333206176758,46.31333923339844,40343100
2022-12-19,47.66999816894531,47.85333251953125,47.24333190917969,47.599998474121094,46.329559326171875,15067500
2022-12-20,47.63999938964844,48.21333312988281,47.41666793823242,48.016666412353516,46.735107421875,17009400
2022-12-21,48.106666564941406,48.64666748046875,48.086666107177734,48.393333435058594,47.101715087890625,13726500
2022-12-22,48.25666809082031,48.32666778564453,47.310001373291016,47.82666778564453,46.5501823425293,13082400
2022-12-23,47.68333435058594,47.93333435058594,47.426666259765625,47.92333221435547,46.64426040649414,9547500
2022-12-27,48.01333236694336,48.150001525878906,47.72999954223633,47.936668395996094,46.657249450683594,10044600
2022-12-28,47.823333740234375,47.88999938964844,46.970001220703125,47.0966682434082,45.83966064453125,15246300
2022-12-29,47.380001068115234,47.67333221435547,47.25,47.383331298828125,46.11867141723633,9171900
2022-12-30,47.186668395996094,47.33000183105469,46.936668395996094,47.26333236694336,46.00188064575195,11505900
2023-01-03,47.516666412353516,47.9033317565918,47.36333465576172,47.866668701171875,46.589115142822266,17249700
2023-01-04,47.80666732788086,48.016666412353516,47.356666564941406,47.91999816894531,46.641021728515625,13338300
2023-01-05,47.81999969482422,48.043331146240234,47.54999923706055,47.75666809082031,46.482051849365234,13274400
2023-01-06,48.20000076293945,49.18333435058594,48.08000183105469,48.926666259765625,47.620819091796875,21231900
2023-01-09,48.77333450317383,49.28666687011719,48.266666412353516,48.31666564941406,47.027103424072266,17756700
2023-01-10,48.313331604003906,48.483333587646484,47.90999984741211,48.28666687011719,46.997901916503906,11970600
2023-01-11,48.58000183105469,48.72666549682617,48.24333190917969,48.709999084472656,47.40993118286133,14834700
2023-01-12,48.8033332824707,48.80666732788086,48.130001068115234,48.27000045776367,46.98168182373047,12472800
2023-01-13,48.5099983215332,48.606666564941406,47.95333480834961,48.43000030517578,47.13740539550781,13699800
2023-01-17,48.43000030517578,48.56999969482422,48.06666564941406,48.13666534423828,46.85190200805664,15122400
2023-01-18,48.06666564941406,48.08333206176758,46.82666778564453,46.9466667175293,45.693668365478516,22674300
2023-01-19,47.130001068115234,47.176666259765625,46.26333236694336,46.276668548583984,45.04154968261719,17342100
2023-01-20,46.46666717529297,46.926666259765625,46.05666732788086,46.8466682434082,45.596336364746094,29543100
2023-01-23,46.81999969482422,47.66999816894531,46.733333587646484,47.54666519165039,46.277652740478516,13149900
2023-01-24,48.849998474121094,48.849998474121094,47.0,47.67333221435547,46.400936126708984,13669200
2023-01-25,47.413333892822266,47.61333465576172,46.79666519165039,47.4466667175293,46.18032455444336,12491700
2023-01-26,47.676666259765625,47.91666793823242,47.253334045410156,47.4033317565918,46.138145446777344,15819000
2023-01-27,47.53333282470703,48.15666580200195,47.25,47.766666412353516,46.49177551269531,18412800
2023-01-30,47.37333297729492,47.483333587646484,47.09000015258789,47.383331298828125,46.11867141723633,15897600
2023-01-31,47.439998626708984,47.959999084472656,47.220001220703125,47.956668853759766,46.67670822143555,14103600
2023-02-01,47.88666534423828,48.53666687011719,47.56666564941406,48.223331451416016,46.936256408691406,12849300
2023-02-02,48.13666534423828,48.28666687011719,47.64666748046875,47.87333297729492,46.59560012817383,17806800
2023-02-03,47.78666687011719,47.98666763305664,46.95333480834961,47.23666763305664,45.97592544555664,17155500
2023-02-06,47.27333450317383,47.366668701171875,46.676666259765625,46.893333435058594,45.641754150390625,17454000
2023-02-07,46.59000015258789,47.099998474121094,46.22999954223633,46.99333190917969,45.73908615112305,16341300
2023-02-08,46.776668548583984,47.03333282470703,46.663333892822266,46.7400016784668,45.49251174926758,11691300
2023-02-09,46.956668853759766,47.313331604003906,46.856666564941406,47.17333221435547,45.914276123046875,13064400
2023-02-10,47.6966667175293,47.97999954223633,47.38999938964844,47.90666580200195,46.6280403137207,15002700
2023-02-13,48.23666763305664,48.706668853759766,48.16999816894531,48.63666534423828,47.33856201171875,16015800
2023-02-14,48.57666778564453,49.043331146240234,48.186668395996094,48.496665954589844,47.202293395996094,13831200
2023-02-15,48.31999969482422,48.866668701171875,48.186668395996094,48.856666564941406,47.55268478393555,14674200
2023-02-16,48.49333190917969,48.663333892822266,48.060001373291016,48.09000015258789,46.806488037109375,16312200
2023-02-17,48.369998931884766,48.89666748046875,48.189998626708984,48.813331604003906,47.51050567626953,24770700
2023-02-21,47.62666702270508,49.4466667175293,47.383331298828125,49.11000061035156,47.799259185791016,54393900
2023-02-22,48.92333221435547,49.189998626708984,47.586666107177734,48.08000183105469,46.7967529296875,29844000
2023-02-23,48.12333297729492,48.12333297729492,46.9033317565918,47.36333465576172,46.099212646484375,22021200
2023-02-24,46.9466667175293,47.58000183105469,46.5099983215332,47.4900016784668,46.22249984741211,20623500
2023-02-27,47.56999969482422,47.6966667175293,46.88666534423828,47.14666748046875,45.88833236694336,16647300
2023-02-28,47.0,47.54999923706055,46.983333587646484,47.37666702270508,46.11219024658203,18054000
2023-03-01,47.02000045776367,47.09333419799805,46.456668853759766,46.71666717529297,45.46980285644531,14180100
2023-03-02,46.61333465576172,46.913333892822266,46.5,46.83333206176758,45.58335876464844,14785500
2023-03-03,47.01333236694336,47.063331604003906,46.59000015258789,46.88999938964844,45.638511657714844,16888800
2023-03-06,46.83333206176758,46.99333190917969,46.67333221435547,46.883331298828125,45.632022857666016,16720800
2023-03-07,47.060001373291016,47.22666549682617,46.26333236694336,46.41666793823242,45.17781066894531,17387400
2023-03-08,46.186668395996094,46.30666732788086,45.7599983215332,46.03333282470703,44.80470657348633,19090800
2023-03-09,46.276668548583984,46.32666778564453,45.63999938964844,45.723331451416016,44.50298309326172,15415800
2023-03-10,45.67333221435547,46.09333419799805,45.36333465576172,45.65666580200195,44.43809509277344,20065200
2023-03-13,45.560001373291016,46.16666793823242,45.526668548583984,45.790000915527344,44.56787109375,28142100
2023-03-14,45.89666748046875,46.09000015258789,45.66666793823242,46.03333282470703,44.80470657348633,25542600
2023-03-15,45.630001068115234,46.60333251953125,45.56999969482422,46.54666519165039,45.30434036254883,33133500
2023-03-16,46.47666549682617,46.54999923706055,45.959999084472656,46.09333419799805,45.04698181152344,28905600
2023-03-17,46.063331604003906,46.496665954589844,45.86333465576172,46.46666717529297,45.41183853149414,43081200
2023-03-20,46.70000076293945,47.30666732788086,46.60333251953125,46.96666717529297,45.90049362182617,33928500
2023-03-21,47.130001068115234,47.130001068115234,46.5099983215332,46.80666732788086,45.7441291809082,19013400
2023-03-22,46.880001068115234,47.073333740234375,46.48666763305664,46.50666809082031,45.4509391784668,18548400
2023-03-23,46.733333587646484,47.20333480834961,46.496665954589844,46.883331298828125,45.819053649902344,22044300
2023-03-24,47.003334045410156,47.4900016784668,46.866668701171875,47.266666412353516,46.193687438964844,22752300
2023-03-27,47.5966682434082,48.32666778564453,47.59333419799805,48.05666732788086,46.96574783325195,26775600
2023-03-28,47.883331298828125,48.13666534423828,47.68333435058594,47.869998931884766,46.78331756591797,21282900
2023-03-29,48.12333297729492,48.31999969482422,47.81666564941406,48.07666778564453,46.985294342041016,24216900
2023-03-30,48.5,48.866668701171875,48.34000015258789,48.55666732788086,47.454402923583984,21879000
2023-03-31,48.86000061035156,49.47999954223633,48.823333740234375,49.150001525878906,48.03426742553711,20868000
2023-04-03,49.24333190917969,49.650001525878906,49.16666793823242,49.563331604003906,48.43821334838867,19766700
2023-04-04,49.5099983215332,49.5966682434082,49.00666809082031,49.07666778564453,47.96259689331055,18113700
2023-04-05,49.05666732788086,49.959999084472656,49.04666519165039,49.88999938964844,48.75746154785156,26540700
2023-04-06,49.599998474121094,50.3466682434082,49.50666809082031,50.266666412353516,49.12557601928711,17891700
2023-04-10,50.119998931884766,50.37333297729492,49.92333221435547,50.16999816894531,49.03110885620117,14519100
2023-04-11,50.33333206176758,50.33333206176758,49.87333297729492,50.02333450317383,48.88776779174805,18370500
2023-04-12,49.93000030517578,50.323333740234375,49.723331451416016,49.779998779296875,48.649959564208984,11209800
2023-04-13,49.883331298828125,50.0,49.400001525878906,49.83000183105469,48.69882583618164,13272600
2023-04-14,49.676666259765625,49.96333312988281,49.383331298828125,49.49333190917969,48.36980056762695,10464900
2023-04-17,49.54666519165039,49.88999938964844,49.5,49.84000015258789,48.70859909057617,16166700
2023-04-18,49.926666259765625,50.11333465576172,49.813331604003906,49.95000076293945,48.816104888916016,13482300
2023-04-19,50.279998779296875,50.470001220703125,49.92333221435547,50.003334045410156,48.86822509765625,12433500
2023-04-20,50.06999969482422,50.46333312988281,49.866668701171875,50.323333740234375,49.18095779418945,13641600
2023-04-21,50.6533317565918,50.766666412353516,50.393333435058594,50.57666778564453,49.42854690551758,25335000
2023-04-24,50.56999969482422,50.983333587646484,50.56999969482422,50.91999816894531,49.76408004760742,13579500
2023-04-25,51.0966682434082,51.25,50.44333267211914,50.52333450317383,49.376426696777344,17246700
2023-04-26,50.32666778564453,50.470001220703125,50.073333740234375,50.3033332824707,49.161415100097656,12910200
2023-04-27,50.2599983215332,50.64666748046875,50.2599983215332,50.459999084472656,49.314517974853516,12861000
2023-04-28,50.43000030517578,50.723331451416016,50.060001373291016,50.323333740234375,49.18095779418945,14088600
2023-05-01,50.3466682434082,50.8466682434082,50.310001373291016,50.529998779296875,49.382938385009766,11409600
2023-05-02,50.4900016784668,50.496665954589844,49.81999969482422,50.393333435058594,49.24937057495117,11329500
2023-05-03,50.52000045776367,50.70000076293945,50.09000015258789,50.206668853759766,49.06694793701172,12334500
2023-05-04,50.18333435058594,50.33000183105469,49.83000183105469,50.15666580200195,49.204288482666016,14011200
2023-05-05,50.099998474121094,50.66999816894531,49.94333267211914,50.59000015258789,49.629390716552734,14556000
2023-05-08,50.42333221435547,50.983333587646484,50.35333251953125,50.90666580200195,49.94004440307617,14926200
2023-05-09,50.90666580200195,51.060001373291016,50.779998779296875,50.99333190917969,50.025062561035156,15209700
2023-05-10,51.22999954223633,51.45000076293945,50.40999984741211,50.849998474121094,49.88444900512695,15827700
2023-05-11,50.849998474121094,51.09000015258789,50.66666793823242,51.040000915527344,50.07084655761719,11926800
2023-05-12,51.20000076293945,51.356666564941406,50.9033317565918,51.02333450317383,50.05449676513672,16119300
2023-05-15,51.16666793823242,51.28333282470703,50.459999084472656,50.62666702270508,49.66536331176758,16113900
2023-05-16,50.28333282470703,50.5099983215332,49.856666564941406,49.926666259765625,48.97865676879883,15512100
2023-05-17,50.380001068115234,50.383331298828125,49.56999969482422,49.84333419799805,48.89690017700195,26985900
2023-05-18,50.599998474121094,51.43000030517578,49.983333587646484,50.4900016784668,49.531288146972656,46768500
2023-05-19,50.46666717529297,50.48666763305664,49.70333480834961,49.970001220703125,49.02116394042969,27594000
2023-05-22,49.900001525878906,50.026668548583984,49.43000030517578,49.529998779296875,48.589515686035156,16117800
2023-05-23,49.336666107177734,49.619998931884766,49.026668548583984,49.436668395996094,48.497962951660156,16302300
2023-05-24,49.503334045410156,49.51333236694336,48.766666412353516,49.209999084472656,48.275596618652344,20515200
2023-05-25,48.959999084472656,49.14666748046875,48.36333465576172,48.720001220703125,47.79489517211914,21299100
2023-05-26,48.56666564941406,48.939998626708984,48.4900016784668,48.80666732788086,47.87991714477539,15720900
2023-05-30,48.766666412353516,49.0966682434082,48.53333282470703,48.686668395996094,47.76219940185547,15742500
2023-05-31,48.473331451416016,49.10333251953125,48.336666107177734,48.956668853759766,48.02706527709961,30130800
2023-06-01,48.73666763305664,49.29999923706055,48.64666748046875,49.13666534423828,48.203651428222656,20239200
2023-06-02,49.073333740234375,49.66999816894531,49.03333282470703,49.606666564941406,48.664730072021484,19178100
2023-06-05,49.790000915527344,50.41666793823242,49.790000915527344,49.93333435058594,48.985191345214844,15553200
2023-06-06,49.900001525878906,50.063331604003906,49.503334045410156,49.926666259765625,48.97865676879883,15015600
2023-06-07,49.75,50.119998931884766,49.68000030517578,50.0,49.05059051513672,24256500
2023-06-08,50.130001068115234,50.810001373291016,49.93000030517578,50.723331451416016,49.76019287109375,18873000
2023-06-09,50.720001220703125,51.2400016784668,50.53333282470703,51.029998779296875,50.06103515625,15603900
2023-06-12,51.143333435058594,51.43333435058594,51.05666732788086,51.366668701171875,50.39130783081055,14713500
2023-06-13,51.50666809082031,51.836666107177734,51.356666564941406,51.766666412353516,50.783714294433594,15738900
2023-06-14,51.970001220703125,52.44333267211914,51.869998931884766,52.290000915527344,51.297115325927734,21103200
2023-06-15,52.33333206176758,52.74333190917969,52.32666778564453,52.57666778564453,51.57833480834961,18160500
2023-06-16,52.69333267211914,52.71666717529297,51.7599983215332,51.84333419799805,50.858924865722656,34675800
2023-06-20,51.56666564941406,51.81666564941406,51.293331146240234,51.38666534423828,50.41093063354492,19994400
2023-06-21,51.4033317565918,51.779998779296875,51.119998931884766,51.48666763305664,50.509033203125,19251000
2023-06-22,51.65999984741211,52.026668548583984,51.49333190917969,51.91666793823242,50.93086624145508,13307400
2023-06-23,51.959999084472656,52.0966682434082,51.67333221435547,51.81999969482422,50.836029052734375,18975000
2023-06-26,51.883331298828125,51.926666259765625,51.439998626708984,51.68333435058594,50.701961517333984,14106300
2023-06-27,51.383331298828125,51.95000076293945,51.35333251953125,51.496665954589844,50.51884078979492,12093600
2023-06-28,51.57666778564453,51.893333435058594,51.54666519165039,51.776668548583984,50.79352569580078,18889800
2023-06-29,51.503334045410156,51.58333206176758,51.04666519165039,51.426666259765625,50.450172424316406,21530400
2023-06-30,51.65666580200195,52.5099983215332,51.59333419799805,52.393333435058594,51.39847946166992,19073100
2023-07-03,52.27000045776367,52.813331604003906,52.11000061035156,52.733333587646484,51.73202133178711,8647500
2023-07-05,52.720001220703125,53.040000915527344,52.4466667175293,52.70333480834961,51.702598571777344,17585400
2023-07-06,52.643333435058594,52.72666549682617,52.290000915527344,52.369998931884766,51.37559509277344,14427000
2023-07-07,51.936668395996094,52.0966682434082,51.150001525878906,51.163333892822266,50.191837310791016,19774800
2023-07-10,51.52000045776367,51.83333206176758,51.439998626708984,51.62666702270508,50.64636993408203,12967800
2023-07-11,51.59000015258789,51.836666107177734,51.28666687011719,51.54999923706055,50.57115936279297,11460900
2023-07-12,51.77000045776367,51.96333312988281,51.606666564941406,51.68000030517578,50.698692321777344,16509900
2023-07-13,51.810001373291016,51.866668701171875,51.22999954223633,51.37666702270508,50.401119232177734,11859600
2023-07-14,51.37333297729492,51.55666732788086,51.19333267211914,51.5533332824707,50.574432373046875,10427400
2023-07-17,51.46666717529297,51.65999984741211,51.27333450317383,51.616668701171875,50.63656234741211,10135200
2023-07-18,51.55666732788086,51.88666534423828,51.28666687011719,51.52333450317383,50.545005798339844,13437300
2023-07-19,51.599998474121094,51.733333587646484,51.25,51.540000915527344,50.56135177612305,12372900
2023-07-20,51.643333435058594,52.516666412353516,51.633331298828125,52.49333190917969,51.496578216552734,14987700
2023-07-21,52.633331298828125,52.926666259765625,52.47999954223633,52.790000915527344,51.78761672973633,16960500
2023-07-24,52.81666564941406,53.15999984741211,52.52000045776367,53.099998474121094,52.091732025146484,12529800
2023-07-25,53.48666763305664,53.503334045410156,52.7599983215332,53.05666732788086,52.049224853515625,15553800
2023-07-26,53.08000183105469,53.563331604003906,52.97999954223633,53.246665954589844,52.23561096191406,15094200
2023-07-27,53.36000061035156,53.54666519165039,53.043331146240234,53.0533332824707,52.04595184326172,13400400
2023-07-28,53.0966682434082,53.64666748046875,53.0966682434082,53.3033332824707,52.29119873046875,11020200
2023-07-31,53.31999969482422,53.54666519165039,52.970001220703125,53.28666687011719,52.27485275268555,13033200
2023-08-01,53.31666564941406,53.483333587646484,52.98666763305664,53.03666687011719,52.029598236083984,11782500
2023-08-02,52.84333419799805,53.47666549682617,52.84333419799805,53.073333740234375,52.06556701660156,12660000
2023-08-03,53.00666809082031,53.16666793823242,52.836666107177734,53.086666107177734,52.078651428222656,13202700
2023-08-04,53.253334045410156,53.41666793823242,52.6533317565918,52.779998779296875,51.77780532836914,14262000
2023-08-07,53.16666793823242,53.73666763305664,53.03666687011719,53.496665954589844,52.480857849121094,14268900
2023-08-08,53.663333892822266,53.87333297729492,53.16999816894531,53.54999923706055,52.53318405151367,11017500
2023-08-09,53.63666534423828,54.03333282470703,53.56999969482422,53.63666534423828,52.618202209472656,13209600
2023-08-10,53.5966682434082,53.91666793823242,53.34333419799805,53.41999816894531,52.591949462890625,15169500
2023-08-11,53.516666412353516,53.94333267211914,53.366668701171875,53.733333587646484,52.900428771972656,14195100
2023-08-14,54.0,54.2599983215332,53.060001373291016,53.33333206176758,52.506629943847656,20813700
2023-08-15,53.18000030517578,53.5966682434082,52.973331451416016,53.060001373291016,52.2375373840332,14559300
2023-08-16,53.293331146240234,53.65666580200195,52.790000915527344,53.086666107177734,52.26378631591797,26980800
2023-08-17,53.633331298828125,53.71333312988281,51.67333221435547,51.89666748046875,51.09223175048828,53614200
2023-08-18,51.77000045776367,53.223331451416016,51.77000045776367,52.643333435058594,51.827327728271484,27954900
2023-08-21,52.543331146240234,52.9466667175293,52.3466682434082,52.503334045410156,51.68949508666992,15679200
2023-08-22,52.323333740234375,52.436668395996094,52.08000183105469,52.336666107177734,51.525413513183594,16670700
2023-08-23,52.20333480834961,52.79999923706055,52.16999816894531,52.70000076293945,51.883113861083984,14210400
2023-08-24,52.709999084472656,53.07666778564453,52.27333450317383,52.29666519165039,51.48603057861328,14033100
2023-08-25,52.393333435058594,52.68000030517578,52.18000030517578,52.606666564941406,51.791229248046875,12267000
2023-08-28,52.619998931884766,52.94333267211914,52.619998931884766,52.90666580200195,52.086578369140625,11871000
2023-08-29,53.0,53.40999984741211,52.95333480834961,53.349998474121094,52.523040771484375,12702300
2023-08-30,53.46666717529297,53.76333236694336,53.30666732788086,53.733333587646484,52.900428771972656,10967700
2023-08-31,53.706668853759766,54.33000183105469,53.6533317565918,54.20333480834961,53.3631477355957,19582800
2023-09-01,54.290000915527344,54.31999969482422,53.383331298828125,53.856666564941406,53.0218505859375,12553500
2023-09-05,53.95000076293945,54.266666412353516,53.393333435058594,53.42333221435547,52.595237731933594,15209400
2023-09-06,53.46666717529297,54.05666732788086,53.3033332824707,53.823333740234375,52.989036560058594,14594700
2023-09-07,54.0,54.49333190917969,53.83000183105469,54.4900016784668,53.64536666870117,19120800
2023-09-08,54.49333190917969,54.619998931884766,54.356666564941406,54.59000015258789,53.74382019042969,12667200
2023-09-11,54.66666793823242,54.82666778564453,54.5533332824707,54.779998779296875,53.93087387084961,11912100
2023-09-12,54.83333206176758,54.97666549682617,54.68000030517578,54.84000015258789,53.98994064331055,11757300
2023-09-13,54.97666549682617,55.28333282470703,54.790000915527344,54.85333251953125,54.00306701660156,14364300
2023-09-14,55.0,55.246665954589844,54.8033332824707,55.08333206176758,54.2295036315918,14923800
2023-09-15,55.06999969482422,55.220001220703125,54.59000015258789,54.880001068115234,54.029327392578125,63925200
2023-09-18,54.893333435058594,55.06666564941406,54.41666793823242,54.473331451416016,53.62895584106445,12997800
2023-09-19,54.459999084472656,54.59333419799805,54.116668701171875,54.459999084472656,53.61582946777344,14019600
2023-09-20,54.53333282470703,54.9033317565918,54.31999969482422,54.63666534423828,53.78976058959961,10120800
2023-09-21,54.753334045410156,54.83333206176758,53.93000030517578,53.973331451416016,53.13671112060547,18782400
2023-09-22,54.07666778564453,54.40999984741211,53.973331451416016,54.116668701171875,53.2778205871582,13215000
2023-09-25,54.12333297729492,54.369998931884766,53.956668853759766,54.356666564941406,53.51409912109375,10459500
2023-09-26,54.313331604003906,54.51333236694336,54.116668701171875,54.16666793823242,53.32704544067383,14435700
2023-09-27,54.0,54.07666778564453,53.43000030517578,53.90666580200195,53.071075439453125,15711000
2023-09-28,54.0,54.276668548583984,53.86333465576172,54.18000030517578,53.340171813964844,11617200
2023-09-29,54.34333419799805,54.37666702270508,53.063331604003906,53.310001373291016,52.48365783691406,18842400
2023-10-02,53.163333892822266,53.42333221435547,52.77000045776367,53.366668701171875,52.53944778442383,12992700
2023-10-03,53.22999954223633,53.58333206176758,52.893333435058594,53.029998779296875,52.20800018310547,11253300
2023-10-04,53.21666717529297,53.68333435058594,53.003334045410156,53.66666793823242,52.83479309082031,15755700
2023-10-05,53.483333587646484,53.6533317565918,53.0,53.026668548583984,52.204715728759766,14269500
2023-10-06,52.883331298828125,52.996665954589844,50.54999923706055,52.13666534423828,51.328514099121094,42616200
2023-10-09,51.69333267211914,51.95000076293945,51.086666107177734,51.9466667175293,51.141456604003906,21022500
2023-10-10,52.07666778564453,52.69333267211914,51.88666534423828,52.53333282470703,51.719032287597656,16014300
2023-10-11,52.753334045410156,53.163333892822266,52.3466682434082,52.74333190917969,51.925777435302734,12026100
2023-10-12,52.84333419799805,53.10333251953125,52.59000015258789,52.983333587646484,52.16205596923828,13514100
2023-10-13,53.086666107177734,53.48666763305664,52.96666717529297,53.276668548583984,52.450843811035156,13809000
2023-10-16,53.51333236694336,54.026668548583984,53.439998626708984,53.73666763305664,52.903709411621094,14348100
2023-10-17,53.58000183105469,53.9033317565918,53.46333312988281,53.80666732788086,52.97262954711914,10893000
2023-10-18,53.959999084472656,54.119998931884766,53.573333740234375,53.8466682434082,53.01200866699219,10559100
2023-10-19,53.810001373291016,53.939998626708984,53.40666580200195,53.59000015258789,52.75931930541992,11745900
2023-10-20,53.61000061035156,53.70000076293945,52.9033317565918,52.91999816894531,52.09970474243164,15056700
2023-10-23,52.90999984741211,53.78333282470703,52.67333221435547,53.66999816894531,52.838077545166016,17097000
2023-10-24,53.79999923706055,54.49333190917969,53.79666519165039,54.41666793823242,53.573177337646484,17535000
2023-10-25,54.38666534423828,54.776668548583984,54.15666580200195,54.253334045410156,53.41237258911133,16621800
2023-10-26,54.23666763305664,54.616668701171875,53.869998931884766,53.92333221435547,53.087486267089844,16220100
2023-10-27,53.82666778564453,53.9900016784668,53.516666412353516,53.723331451416016,52.89058303833008,13829700
2023-10-30,53.81999969482422,54.41999816894531,53.5966682434082,54.34000015258789,53.49768829345703,12653700
2023-10-31,54.33333206176758,54.540000915527344,53.983333587646484,54.470001220703125,53.62567901611328,14168400
2023-11-01,54.73666763305664,55.12666702270508,54.32666778564453,54.956668853759766,54.104801177978516,14899500
2023-11-02,54.793331146240234,55.39666748046875,54.543331146240234,55.17333221435547,54.31810760498047,15492300
2023-11-03,55.293331146240234,55.43333435058594,54.83333206176758,54.88666534423828,54.035884857177734,17240100
2023-11-06,54.83333206176758,55.209999084472656,54.689998626708984,54.959999084472656,54.10807800292969,14529000
2023-11-07,55.25666809082031,55.53666687011719,55.11000061035156,55.21666717529297,54.36077117919922,15023400
2023-11-08,55.279998779296875,55.426666259765625,54.526668548583984,54.766666412353516,53.91774368286133,15591900
2023-11-09,54.790000915527344,54.84000015258789,54.41666793823242,54.63999938964844,53.79304122924805,15080100
2023-11-10,54.849998474121094,55.47999954223633,54.633331298828125,55.39666748046875,54.5379753112793,14319900
2023-11-13,55.459999084472656,55.956668853759766,55.349998474121094,55.893333435058594,55.02695083618164,15408900
2023-11-14,56.05666732788086,56.383331298828125,55.75,55.883331298828125,55.0171012878418,19792500
2023-11-15,56.12666702270508,56.64666748046875,55.836666107177734,56.59333419799805,55.716102600097656,35769900
2023-11-16,52.91666793823242,53.150001525878906,51.83333206176758,52.01333236694336,51.207088470458984,97658700
2023-11-17,51.983333587646484,52.51333236694336,51.66999816894531,51.78333282470703,50.98065185546875,42487800
2023-11-20,51.8466682434082,52.003334045410156,51.66999816894531,51.766666412353516,50.96424865722656,26663100
2023-11-21,51.81999969482422,52.28333282470703,51.37666702270508,51.95333480834961,51.14801788330078,29382300
2023-11-22,51.90666580200195,52.016666412353516,51.459999084472656,51.55666732788086,50.757503509521484,26416500
2023-11-24,51.71666717529297,52.043331146240234,51.56666564941406,52.02000045776367,51.213661193847656,13975200
2023-11-27,51.983333587646484,52.45333480834961,51.983333587646484,52.25666809082031,51.446651458740234,23393700
2023-11-28,52.220001220703125,52.973331451416016,52.220001220703125,52.880001068115234,52.060325622558594,23535000
2023-11-29,52.92333221435547,52.92333221435547,51.869998931884766,52.026668548583984,51.22022247314453,29896500
2023-11-30,52.00666809082031,52.116668701171875,51.503334045410156,51.89666748046875,51.09223175048828,29925900
2023-12-01,51.793331146240234,51.869998931884766,50.87666702270508,51.4466667175293,50.649208068847656,39273600
2023-12-04,51.106666564941406,51.643333435058594,51.10333251953125,51.43333435058594,50.63608169555664,24883200
2023-12-05,51.483333587646484,51.95000076293945,51.246665954589844,51.90999984741211,51.1053581237793,21883800
2023-12-06,51.849998474121094,51.94333267211914,51.21666717529297,51.3466682434082,50.55075454711914,26447400
2023-12-07,51.45000076293945,51.51333236694336,50.74333190917969,50.81999969482422,50.21807861328125,25362600
2023-12-08,50.66666793823242,50.73666763305664,50.08000183105469,50.28666687011719,49.691062927246094,34069500
2023-12-11,50.380001068115234,50.483333587646484,49.8466682434082,50.413333892822266,49.81623077392578,31883400
2023-12-12,50.40666580200195,50.56666564941406,50.07666778564453,50.45333480834961,49.85575866699219,21381900
2023-12-13,50.516666412353516,51.349998474121094,50.21333312988281,51.349998474121094,50.74179458618164,35348700
2023-12-14,51.17333221435547,51.313331604003906,50.643333435058594,50.723331451416016,50.122554779052734,30891300
2023-12-15,50.59333419799805,51.1533317565918,50.51333236694336,50.913333892822266,50.310306549072266,70003500
2023-12-18,51.116668701171875,51.689998626708984,51.043331146240234,51.65666580200195,51.04483413696289,26316000
2023-12-19,51.61333465576172,51.89666748046875,51.36333465576172,51.84333419799805,51.22929382324219,24417000
2023-12-20,51.80666732788086,52.04666519165039,51.206668853759766,51.23666763305664,50.62981414794922,21967800
2023-12-21,51.33333206176758,51.686668395996094,51.3033332824707,51.599998474121094,50.98883819580078,20087700
2023-12-22,51.81666564941406,52.383331298828125,51.720001220703125,52.21666717529297,51.59820556640625,19405500
2023-12-26,52.21666717529297,52.33000183105469,52.03666687011719,52.13666534423828,51.51914978027344,11679900
2023-12-27,52.10333251953125,52.650001525878906,52.0533332824707,52.62666702270508,52.00334548950195,19896000
2023-12-28,52.59000015258789,52.776668548583984,52.5,52.52333450317383,51.90123748779297,16776000
2023-12-29,52.5099983215332,52.69333267211914,52.38666534423828,52.54999923706055,51.92758560180664,21948300
2024-01-02,52.41666793823242,53.18000030517578,52.39666748046875,53.0966682434082,52.46778106689453,23539800
2024-01-03,53.25666809082031,53.43333435058594,52.97666549682617,53.099998474121094,52.471073150634766,18756000
2024-01-04,53.06999969482422,53.18000030517578,52.496665954589844,52.586666107177734,51.96382141113281,19282500
2024-01-05,52.63999938964844,52.70000076293945,51.866668701171875,52.23666763305664,51.61796569824219,21709500
2024-01-08,52.233333587646484,52.76333236694336,52.22666549682617,52.75,52.12521743774414,20680800
2024-01-09,52.643333435058594,53.11333465576172,52.57666778564453,53.10333251953125,52.474365234375,23322300
2024-01-10,53.186668395996094,53.83333206176758,53.186668395996094,53.76333236694336,53.126548767089844,20121900
2024-01-11,53.78333282470703,53.96333312988281,53.38999938964844,53.70333480834961,53.067264556884766,14355300
2024-01-12,53.790000915527344,53.8466682434082,53.459999084472656,53.77333450317383,53.13643264770508,13629000
2024-01-16,53.813331604003906,54.133331298828125,53.74333190917969,53.94333267211914,53.30441665649414,17032500
2024-01-17,53.793331146240234,53.996665954589844,53.543331146240234,53.689998626708984,53.05408477783203,14827800
2024-01-18,53.720001220703125,54.46333312988281,53.560001373291016,54.413333892822266,53.76884841918945,18190500
2024-01-19,54.47666549682617,54.52333450317383,53.813331604003906,54.12666702270508,53.48558044433594,19175400
2024-01-22,54.26333236694336,54.31666564941406,53.83333206176758,54.130001068115234,53.48887252807617,13938300
2024-01-23,54.040000915527344,54.28333282470703,53.92333221435547,54.266666412353516,53.62392044067383,12066600
2024-01-24,54.29999923706055,54.356666564941406,53.439998626708984,53.5,52.8663330078125,22932900
2024-01-25,53.79999923706055,54.290000915527344,53.473331451416016,54.279998779296875,53.63709259033203,16369500
2024-01-26,54.349998474121094,54.793331146240234,54.220001220703125,54.75666809082031,54.108116149902344,15746400
2024-01-29,54.78333282470703,55.13666534423828,54.50666809082031,55.01333236694336,54.36174392700195,18240300
2024-01-30,54.900001525878906,55.27000045776367,54.540000915527344,55.1966667175293,54.54290771484375,15270000
2024-01-31,55.93333435058594,55.93333435058594,55.03666687011719,55.08333206176758,54.430912017822266,26134800
2024-02-01,55.233333587646484,56.116668701171875,55.060001373291016,56.10333251953125,55.43883514404297,20792700
2024-02-02,56.04999923706055,56.86000061035156,55.973331451416016,56.52333450317383,55.853858947753906,21670800
2024-02-05,56.66999816894531,56.66999816894531,56.02333450317383,56.220001220703125,55.55411911010742,19145100
2024-02-06,56.26333236694336,56.650001525878906,56.11333465576172,56.60333251953125,55.93291473388672,14181300
2024-02-07,56.75666809082031,56.88666534423828,56.400001525878906,56.459999084472656,55.79127502441406,17082600
2024-02-08,56.459999084472656,56.849998474121094,56.380001068115234,56.456668853759766,55.78797912597656,14427900
2024-02-09,56.46333312988281,56.57666778564453,56.30666732788086,56.426666259765625,55.758338928222656,14329800
2024-02-12,56.40999984741211,56.78666687011719,56.349998474121094,56.766666412353516,56.09431076049805,14795100
2024-02-13,56.87333297729492,57.02333450317383,56.09000015258789,56.380001068115234,55.71222686767578,18574200
2024-02-14,56.25,56.293331146240234,55.8466682434082,56.20000076293945,55.534358978271484,18484500
2024-02-15,56.599998474121094,56.616668701171875,55.9900016784668,56.43000030517578,55.76163101196289,16948800
2024-02-16,56.76333236694336,57.310001373291016,56.43000030517578,56.78666687011719,56.11407470703125,22373400
2024-02-20,59.49333190917969,60.45000076293945,58.40999984741211,58.619998931884766,57.925689697265625,71788500
2024-02-21,58.33333206176758,58.526668548583984,57.599998474121094,57.900001525878906,57.2142219543457,40551600
2024-02-22,57.959999084472656,58.4900016784668,57.77000045776367,58.470001220703125,57.777469635009766,29512800
2024-02-23,58.6966667175293,59.21666717529297,58.436668395996094,58.52000045776367,57.82687759399414,74365800
2024-02-26,59.119998931884766,59.84000015258789,58.18000030517578,59.599998474121094,58.89408493041992,32154800
2024-02-27,59.63999938964844,59.79999923706055,59.220001220703125,59.59000015258789,58.88420867919922,18012700
2024-02-28,59.54999923706055,59.7599983215332,59.310001373291016,59.619998931884766,58.913848876953125,14803300
2024-02-29,59.45000076293945,59.4900016784668,58.59000015258789,58.61000061035156,57.915809631347656,29245100
2024-03-01,58.79999923706055,58.849998474121094,58.20000076293945,58.7599983215332,58.064029693603516,19017700
2024-03-04,58.5,59.38999938964844,58.400001525878906,59.29999923706055,58.59763717651367,16033300
2024-03-05,59.869998931884766,60.34000015258789,59.58000183105469,60.040000915527344,59.32887649536133,19676900
2024-03-06,60.119998931884766,60.619998931884766,60.040000915527344,60.56999969482422,59.85260009765625,12698700
2024-03-07,61.0,61.06999969482422,60.349998474121094,60.36000061035156,59.645084381103516,16195300
2024-03-08,60.0,60.279998779296875,59.72999954223633,60.119998931884766,59.40792465209961,12132000
2024-03-11,60.099998474121094,60.709999084472656,59.869998931884766,60.65999984741211,59.9415283203125,14154000
2024-03-12,60.95000076293945,61.56999969482422,60.650001525878906,61.40999984741211,60.682647705078125,16613100
2024-03-13,61.2599983215332,61.459999084472656,60.880001068115234,61.279998779296875,60.55418395996094,15935200
2024-03-14,61.279998779296875,61.439998626708984,60.599998474121094,61.02000045776367,60.50262451171875,16584700
2024-03-15,60.68000030517578,61.150001525878906,60.459999084472656,60.68000030517578,60.16551208496094,50904600
2024-03-18,60.689998626708984,60.900001525878906,60.38999938964844,60.86000061035156,60.34398651123047,16801700
2024-03-19,60.970001220703125,61.06999969482422,60.599998474121094,60.869998931884766,60.35389709472656,12353600
2024-03-20,60.84000015258789,61.279998779296875,60.7400016784668,61.25,60.73067855834961,12007600
2024-03-21,61.279998779296875,61.65999984741211,61.04999923706055,61.45000076293945,60.92898178100586,14265900
2024-03-22,61.31999969482422,61.529998779296875,60.849998474121094,60.869998931884766,60.35389709472656,14025400
2024-03-25,60.869998931884766,60.9900016784668,60.36000061035156,60.56999969482422,60.05644607543945,14186600
2024-03-26,60.459999084472656,60.83000183105469,60.22999954223633,60.5099983215332,59.9969482421875,13738300
2024-03-27,60.869998931884766,61.04999923706055,60.380001068115234,60.720001220703125,60.20517349243164,14363400
2024-03-28,60.65999984741211,60.77000045776367,60.15999984741211,60.16999816894531,59.65983581542969,17535100
2024-04-01,60.310001373291016,60.7599983215332,59.93000030517578,60.0,59.491275787353516,13837600
2024-04-02,59.900001525878906,60.099998474121094,58.880001068115234,59.15999984741211,58.65839767456055,19510100
2024-04-03,59.380001068115234,59.5,58.939998626708984,59.43000030517578,58.926109313964844,14615100
2024-04-04,59.540000915527344,59.810001373291016,59.290000915527344,59.5,58.99551773071289,14436100
2024-04-05,59.54999923706055,60.040000915527344,59.4900016784668,59.849998474121094,59.34254837036133,10332300
2024-04-08,59.599998474121094,60.040000915527344,59.41999816894531,59.779998779296875,59.27313995361328,11070100
2024-04-09,59.869998931884766,59.970001220703125,59.29999923706055,59.790000915527344,59.283058166503906,10015900
2024-04-10,59.619998931884766,60.7599983215332,59.38999938964844,60.619998931884766,60.10601806640625,15097600
2024-04-11,60.75,60.88999938964844,60.06999969482422,60.09000015258789,59.58051300048828,10987600
2024-04-12,60.0,60.720001220703125,59.95000076293945,60.13999938964844,59.630088806152344,12278100
2024-04-15,60.5099983215332,60.70000076293945,59.90999984741211,59.93000030517578,59.421871185302734,10557200
2024-04-16,60.029998779296875,60.290000915527344,59.779998779296875,59.84000015258789,59.33263397216797,14726300
2024-04-17,60.150001525878906,60.43000030517578,59.56999969482422,59.650001525878906,59.14424514770508,15329700
2024-04-18,59.83000183105469,59.939998626708984,59.220001220703125,59.2599983215332,58.75755310058594,12061500
2024-04-19,59.45000076293945,59.66999816894531,58.970001220703125,59.529998779296875,59.02526092529297,14160200
2024-04-22,59.560001373291016,60.400001525878906,59.040000915527344,60.13999938964844,59.630088806152344,14910000
2024-04-23,60.25,60.349998474121094,58.560001373291016,59.09000015258789,58.588993072509766,17963900
2024-04-24,58.97999954223633,60.040000915527344,58.810001373291016,59.869998931884766,59.36237716674805,18529100
2024-04-25,60.04999923706055,60.529998779296875,59.83000183105469,60.209999084472656,59.69949722290039,19263000
2024-04-26,60.11000061035156,60.38999938964844,60.0,60.15999984741211,59.64991760253906,11045200
2024-04-29,60.18000030517578,60.38999938964844,59.939998626708984,60.2400016784668,59.729244232177734,9785100
2024-04-30,60.20000076293945,60.29999923706055,59.15999984741211,59.349998474121094,58.8467903137207,14209200
2024-05-01,59.310001373291016,59.40999984741211,58.720001220703125,58.849998474121094,58.35102081298828,15464300
2024-05-02,58.939998626708984,59.88999938964844,58.58000183105469,59.709999084472656,59.203731536865234,17574100
2024-05-03,59.619998931884766,59.97999954223633,59.13999938964844,59.81999969482422,59.312801361083984,14207400
2024-05-06,60.0,60.0,59.38999938964844,59.869998931884766,59.36237716674805,11119400
2024-05-07,60.16999816894531,60.79999923706055,60.04999923706055,60.619998931884766,60.10601806640625,14520200
2024-05-08,60.630001068115234,60.849998474121094,60.220001220703125,60.29999923706055,59.788734436035156,11015700
2024-05-09,60.20000076293945,60.58000183105469,59.95000076293945,60.439998626708984,60.134979248046875,14550500
2024-05-10,60.40999984741211,60.58000183105469,60.15999984741211,60.47999954223633,60.17477798461914,12356600
2024-05-13,60.619998931884766,61.349998474121094,60.290000915527344,60.40999984741211,60.10512924194336,19260500
2024-05-14,60.52000045776367,60.54999923706055,59.439998626708984,59.86000061035156,59.55790710449219,18780100
2024-05-15,59.83000183105469,59.939998626708984,59.470001220703125,59.83000183105469,59.52805709838867,22240600
2024-05-16,64.22000122070312,64.41999816894531,62.939998626708984,64.01000213623047,63.68696594238281,60545600
2024-05-17,64.23999786376953,64.87999725341797,63.630001068115234,64.6500015258789,64.32373046875,29330400
2024-05-20,64.41999816894531,64.76000213623047,63.869998931884766,64.18000030517578,63.856101989746094,15001400
2024-05-21,64.52999877929688,65.19000244140625,64.44999694824219,65.1500015258789,64.82121276855469,17131700
2024-05-22,64.9800033569336,65.69000244140625,64.7300033569336,65.25,64.92070007324219,14879400
2024-05-23,65.16999816894531,65.5199966430664,64.55999755859375,64.83999633789062,64.51277160644531,16222900
2024-05-24,65.12999725341797,65.69000244140625,65.01000213623047,65.37999725341797,65.05004119873047,11793800
2024-05-28,65.22000122070312,65.47000122070312,64.73999786376953,65.04000091552734,64.7117691040039,13349600
2024-05-29,64.75,65.20999908447266,64.6500015258789,64.91999816894531,64.59236145019531,11538600
2024-05-30,64.93000030517578,65.16999816894531,64.7699966430664,64.88999938964844,64.56251525878906,13053500
2024-05-31,64.66999816894531,65.9000015258789,64.16000366210938,65.76000213623047,65.42813110351562,27632200
2024-06-03,65.51000213623047,65.83999633789062,65.16000366210938,65.81999969482422,65.48782348632812,11578700
2024-06-04,65.98999786376953,66.63999938964844,65.83000183105469,66.5999984741211,66.26388549804688,14780800
2024-06-05,66.56999969482422,67.1500015258789,66.27999877929688,67.08999633789062,66.75141143798828,14982700
2024-06-06,67.05999755859375,67.44000244140625,66.7699966430664,67.1500015258789,66.81111145019531,13256000
2024-06-07,67.4000015258789,67.56999969482422,65.63999938964844,65.87999725341797,65.54752349853516,20213200
2024-06-10,67.19000244140625,67.33000183105469,66.2699966430664,66.95999908447266,66.6220703125,21667400
2024-06-11,66.94999694824219,66.95999908447266,66.3499984741211,66.7300033569336,66.39323425292969,13367500
2024-06-12,66.8499984741211,66.94000244140625,65.9000015258789,66.30999755859375,65.97534942626953,11704700
2024-06-13,66.30000305175781,66.76000213623047,65.94999694824219,66.69999694824219,66.3633804321289,11196600
2024-06-14,66.54000091552734,67.11000061035156,66.30000305175781,67.0199966430664,66.68177032470703,12590100
2024-06-17,66.91999816894531,67.44000244140625,66.41000366210938,67.41999816894531,67.07975006103516,12103000
2024-06-18,67.62999725341797,67.87000274658203,67.30000305175781,67.5999984741211,67.25884246826172,12093500
2024-06-20,67.3499984741211,68.12999725341797,67.30000305175781,68.01000213623047,67.66677856445312,13860800
2024-06-21,68.26000213623047,68.55000305175781,67.83000183105469,67.91000366210938,67.56727600097656,25891500
2024-06-24,68.05000305175781,69.04000091552734,67.9000015258789,68.9000015258789,68.55228424072266,12470400
2024-06-25,67.16999816894531,67.58999633789062,66.55000305175781,67.41999816894531,67.07975006103516,20904000
2024-06-26,67.4000015258789,68.5999984741211,67.20999908447266,68.29000091552734,67.94536590576172,14177500
2024-06-27,68.29000091552734,68.58000183105469,67.66999816894531,67.87999725341797,67.53742980957031,12899200
2024-06-28,67.87000274658203,68.0999984741211,67.31999969482422,67.70999908447266,67.3682861328125,18816700
2024-07-01,67.88999938964844,68.23999786376953,67.25,67.4800033569336,67.13945770263672,8666000
2024-07-02,67.44000244140625,68.08000183105469,67.26000213623047,68.06999969482422,67.72647094726562,9436500
2024-07-03,67.80999755859375,68.25,67.62000274658203,68.23999786376953,67.8956069946289,6287500
2024-07-05,68.16000366210938,70.1500015258789,68.0999984741211,70.04000091552734,69.68653106689453,21586100
2024-07-08,69.9000015258789,70.13999938964844,69.3499984741211,69.68000030517578,69.3283462524414,12077700
2024-07-09,69.9000015258789,70.25,69.66999816894531,69.9000015258789,69.54723358154297,9758400
2024-07-10,70.0999984741211,70.44000244140625,69.72000122070312,70.41000366210938,70.0546646118164,10803400
2024-07-11,70.18000030517578,70.44999694824219,69.26000213623047,69.80000305175781,69.44773864746094,15624800
2024-07-12,69.9000015258789,70.02999877929688,69.16999816894531,69.23999786376953,68.89056396484375,12145300
2024-07-15,69.30000305175781,69.97000122070312,69.30000305175781,69.61000061035156,69.25869750976562,10171100
2024-07-16,69.81999969482422,70.23999786376953,69.58000183105469,69.98999786376953,69.63677215576172,9836800
2024-07-17,70.18000030517578,71.0999984741211,69.94999694824219,71.02999877929688,70.6715316772461,13533800
2024-07-18,70.68000030517578,71.19000244140625,70.43000030517578,70.81999969482422,70.46259307861328,10682700
2024-07-19,71.19999694824219,71.33000183105469,70.6500015258789,70.75,70.3929443359375,11665500
2024-07-22,70.86000061035156,71.26000213623047,70.2300033569336,70.37999725341797,70.02481079101562,12666100
2024-07-23,70.47000122070312,70.69999694824219,70.11000061035156,70.6500015258789,70.29345703125,9263600
2024-07-24,70.5199966430664,70.83999633789062,70.33999633789062,70.5999984741211,70.24369812011719,22490800
2024-07-25,70.5999984741211,70.7699966430664,69.94999694824219,70.0199966430664,69.6666259765625,18821200
2024-07-26,70.2300033569336,70.23999786376953,68.83000183105469,69.77999877929688,69.42784118652344,16789300
2024-07-29,69.8499984741211,69.9000015258789,69.12999725341797,69.62000274658203,69.26864624023438,10315300
2024-07-30,69.55000305175781,69.8499984741211,68.9800033569336,69.19000244140625,68.8408203125,12522500
2024-07-31,69.18000030517578,69.25,68.29000091552734,68.63999938964844,68.29359436035156,22908800
